source_fidelity_first_pass	warmuphmc	inferred_translation_note	row_source_claim	source_fidelity_reason	source_fidelity_verdict	inferred_family_provenance	semantic_route	source_line	renderer_family_provenance	probe_id	probe_evidence_from_row	renderer_family_claim	family_discrepancy	log_density	formula_support	exact_evidence_kind	stan_data_sha256	family_support	dimension	failure_stage	failure_evidence	exact_probe_id	descriptor_mount_contract	inferred_translation_status	receipt_body_sha256	source	source_path	formula_claim_matches_return	row_key	bridgestan_instantiate	brmi_eval	dataset_claim	exact_current_brm_body	exact_capability_tier	warmuphmc_draws	dataset_support	dataset_receipt_statuses	brmi_parse	data_only_citation	stanc	source_fidelity_manual_reviewed	stan_transpile	stan_code_sha256	family_description_claim	name_claim	formula_return	gradient_finite	sbpmx_pattern_provenance	family_metadata_claim	receipt_retrieved_at	key	deployed	inferred_current_brm_body	descriptor	exact_translation_note	probe_evidence_kind	sbbrmi_lower	exact_translation_status	receipt_final_url	sbpmx_semantic_pattern	citation_authority_class	dataset_receipt_urls	historical_sha	formula_claim	source_correction_with_evidence	inferred_family	receipt_evidence_anchor	semantic_route_note	receipt_http_status	inferred_capability_tier	row_index	data_shape_assumptions
confirmed	not-run	explicit Normal likelihood; residual scale estimated on log scale	https://bambinos.github.io/bambi/notebooks/ESCS_multiple_regression.html	The retrieved official/primary source contains the normalized claimed formula text.	confirmed	inferred-from-description	ordinary_brm	17	CatalogServer_default_unsubstantiated	1de46a383b6fd66d	2	gaussian	renderer-default-unsubstantiated; inference happens to agree	-6.641951786101243	exact_text_present	not-probed	d5765f001f2fc70f3bc4494a7e148397f8c428784a2b77e6433a717d0bc238c4	explicit_token_present	6				authoritative brm_descriptor/brm_execute; experimental SbPMX semantic_app mount adapter	ready	39b640cdf7da4d26e676831930e1981e17c153ef1f450d2461f8b18345c28816	bambi	scripts/examples/bambi.jl	true	bambi:escs	pass	pass	escs		unresolved-family		name_or_key_present	reachable-data-or-description	pass	false	pass	false	pass	ff360b57fddd06f6dd9d434abbdd4296a11c7feb900f03251789572d554a1bf4	gaussian	Multiple Linear Regression	drugs ~ o + c + e + a + n	true	SbPMX origin/main@a8fd3c02e1e2305683a56c91384701bfeba6b528:design/{ASKS.md,SbPMX.jl,mock_runtime.jl},compat/check-semantic-model-pipeline.jl		2026-07-28T21:07:08.539495+00:00	escs	true	loc ~ o + c + e + a + n\nlog(sigma) ~ 1\ndrugs ~ Normal(loc, sigma)	pass	family is not explicit or defensibly inferred	direct	pass	unresolved-family	https://bambinos.github.io/bambi/notebooks/ESCS_multiple_regression.html	@options + option_domain/option_records + semantic_card under semantic_app	cited_project_author_publisher_surface	https://ndownloader.figshare.com/files/28870722	05c3f465e7987e8d7caa7e214fedddd90415a922	drugs ~ o + c + e + a + n		gaussian	text_offset=0; matched_terms=linear,multiple,regression; context_sha256=9e389253f340799c	direct population/likelihood route when the family and terms are supported	200	bridgestan-finite-density-gradient	1	synthetic n=12; positive continuous predictors; integer groups; family-valid outcome
confirmed	not-run	bs(...) arguments do not map mechanically to current s(...) semantics	https://bambinos.github.io/bambi/notebooks/splines_cherry_blossoms.html	The retrieved official/primary source contains the normalized claimed formula text.	confirmed	inferred-from-description	ordinary_brm	46	CatalogServer_default_unsubstantiated			gaussian	renderer-default-unsubstantiated; inference happens to agree		exact_text_present	not-probed		explicit_token_present					no executable descriptor until translation is resolved	unsupported	f30a483595ba2cabe13f7833db6bc6b71bcdc9d50b4576d208b03ab621f08390	bambi	scripts/examples/bambi.jl	true	bambi:cherry_blossoms_explicit	not-run	not-run	cherry_blossoms		unresolved-family		name_or_key_present	reachable-data-or-description	not-run	false	not-run	false	not-run		gaussian	Regression Splines — Explicit Intercept	doy ~ bs(year, knots=iknots, intercept=True)	not-run	SbPMX origin/main@a8fd3c02e1e2305683a56c91384701bfeba6b528:design/{ASKS.md,SbPMX.jl,mock_runtime.jl},compat/check-semantic-model-pipeline.jl		2026-07-28T21:07:08.612484+00:00	cherry_blossoms_explicit	true		not-run	family is not explicit or defensibly inferred	not-probed	not-run	unresolved-family	https://bambinos.github.io/bambi/notebooks/splines_cherry_blossoms.html	@options + option_domain/option_records + semantic_card under semantic_app	cited_project_author_publisher_surface	https://ndownloader.figshare.com/files/31072807	05c3f465e7987e8d7caa7e214fedddd90415a922	doy ~ bs(year, knots=iknots, intercept=True)		gaussian	text_offset=2874; matched_terms=cherry_blossoms,doy,year; context_sha256=2f1fa945820e4fd9	direct population/likelihood route when the family and terms are supported	200	unsupported	2	synthetic n=12; positive continuous predictors; integer groups; family-valid outcome
confirmed	not-run	bs(...) arguments do not map mechanically to current s(...) semantics	https://bambinos.github.io/bambi/notebooks/splines_cherry_blossoms.html	The retrieved official/primary source contains the normalized claimed formula text.	confirmed	inferred-from-description	ordinary_brm	63	CatalogServer_default_unsubstantiated			gaussian	renderer-default-unsubstantiated; inference happens to agree		exact_text_present	not-probed		explicit_token_present					no executable descriptor until translation is resolved	unsupported	f30a483595ba2cabe13f7833db6bc6b71bcdc9d50b4576d208b03ab621f08390	bambi	scripts/examples/bambi.jl	true	bambi:cherry_blossoms_absorbed	not-run	not-run	cherry_blossoms		unresolved-family		name_or_key_present	reachable-data-or-description	not-run	false	not-run	false	not-run		gaussian	Regression Splines — Absorbed Intercept	doy ~ bs(year, knots=iknots)	not-run	SbPMX origin/main@a8fd3c02e1e2305683a56c91384701bfeba6b528:design/{ASKS.md,SbPMX.jl,mock_runtime.jl},compat/check-semantic-model-pipeline.jl		2026-07-28T21:07:08.612484+00:00	cherry_blossoms_absorbed	true		not-run	family is not explicit or defensibly inferred	not-probed	not-run	unresolved-family	https://bambinos.github.io/bambi/notebooks/splines_cherry_blossoms.html	@options + option_domain/option_records + semantic_card under semantic_app	cited_project_author_publisher_surface	https://ndownloader.figshare.com/files/31072807	05c3f465e7987e8d7caa7e214fedddd90415a922	doy ~ bs(year, knots=iknots)		gaussian	text_offset=2874; matched_terms=cherry_blossoms,doy,year; context_sha256=2f1fa945820e4fd9	direct population/likelihood route when the family and terms are supported	200	unsupported	3	synthetic n=12; positive continuous predictors; integer groups; family-valid outcome
confirmed	not-run	explicit Normal likelihood; residual scale estimated on log scale	https://bambinos.github.io/bambi/notebooks/multi-level_regression.html	The retrieved official/primary source contains the normalized claimed formula text.	confirmed	inferred-from-description	ordinary_brm	92	CatalogServer_default_unsubstantiated	e633874c6aa03216	8	gaussian	renderer-default-unsubstantiated; inference happens to agree	-8.317384082920588	exact_text_present	not-probed	27e4a80934d5d43af7f04a3b599f2b919897ca4019f4f7b0359496c0561e0939	explicit_token_present	6				authoritative brm_descriptor/brm_execute; experimental SbPMX semantic_app mount adapter	ready	81282bd4c28db9192948ad5647f670e82caff32ec8bb2a484d444c6f20914364	bambi	scripts/examples/bambi.jl	true	bambi:dietox	pass	pass	dietox		unresolved-family		name_or_key_present	reachable-data-or-description	pass	false	pass	false	pass	f775e281d2707ac0d685e8a2d1b7d54ea7cda287b076d970a2f47664c986580f	gaussian	Hierarchical Linear Regression — Pig Growth	Weight ~ Time + (Time|Pig)	true	SbPMX origin/main@a8fd3c02e1e2305683a56c91384701bfeba6b528:design/{ASKS.md,SbPMX.jl,mock_runtime.jl},compat/check-semantic-model-pipeline.jl		2026-07-28T21:07:08.571485+00:00	dietox	true	loc ~ Time + (Time|Pig)\nlog(sigma) ~ 1\nWeight ~ Normal(loc, sigma)	pass	family is not explicit or defensibly inferred	direct	pass	unresolved-family	https://bambinos.github.io/bambi/notebooks/multi-level_regression.html	@options + option_domain/option_records + semantic_card under semantic_app	cited_project_author_publisher_surface	https://vincentarelbundock.github.io/Rdatasets/csv/geepack/dietox.csv	05c3f465e7987e8d7caa7e214fedddd90415a922	Weight ~ Time + (Time|Pig)		gaussian	text_offset=32; matched_terms=hierarchical,linear,pig,regression; context_sha256=5c63a9b5d81f61bc	direct population/likelihood route when the family and terms are supported	200	bridgestan-finite-density-gradient	4	synthetic n=12; positive continuous predictors; integer groups; family-valid outcome
confirmed	not-run	explicit Normal likelihood; residual scale estimated on log scale	https://bambinos.github.io/bambi/notebooks/sleepstudy.html	The retrieved official/primary source contains the normalized claimed formula text.	confirmed	inferred-from-description	ordinary_brm	121	CatalogServer_default_unsubstantiated	120c7abcf006cdf4	10	gaussian	renderer-default-unsubstantiated; inference happens to agree	-8.317384082920588	exact_text_present	not-probed	1edfbb7abc19fd827115bbadf4019793a276980bcd69189649d239fdef65dca1	explicit_token_present	7				authoritative brm_descriptor/brm_execute; experimental SbPMX semantic_app mount adapter	ready	ea98686a223bac28c7fca02e91b479047736565c0fa8e292204398d014a6af2d	bambi	scripts/examples/bambi.jl	true	bambi:sleepstudy	pass	pass	sleepstudy		unresolved-family		name_or_key_present	reachable-data-or-description	pass	false	pass	false	pass	c234a305f43ff86987704aca7d99883449aaa5d29c4008f6084cd8a7f971e096	gaussian	Hierarchical Linear Regression — Sleep Deprivation	Reaction ~ 1 + Days + (Days | Subject)	true	SbPMX origin/main@a8fd3c02e1e2305683a56c91384701bfeba6b528:design/{ASKS.md,SbPMX.jl,mock_runtime.jl},compat/check-semantic-model-pipeline.jl		2026-07-28T21:07:08.611857+00:00	sleepstudy	true	loc ~ 1 + Days + (Days | Subject)\nlog(sigma) ~ 1\nReaction ~ Normal(loc, sigma)	pass	family is not explicit or defensibly inferred	direct	pass	unresolved-family	https://bambinos.github.io/bambi/notebooks/sleepstudy.html	@options + option_domain/option_records + semantic_card under semantic_app	cited_project_author_publisher_surface	https://ndownloader.figshare.com/files/31181002	05c3f465e7987e8d7caa7e214fedddd90415a922	Reaction ~ 1 + Days + (Days | Subject)		gaussian	text_offset=32; matched_terms=hierarchical,linear,regression,sleep,sleepstudy; context_sha256=f743de055d0c0408	direct population/likelihood route when the family and terms are supported	200	bridgestan-finite-density-gradient	5	synthetic n=12; positive continuous predictors; integer groups; family-valid outcome
confirmed	not-run	explicit Normal likelihood; residual scale estimated on log scale	https://bambinos.github.io/bambi/notebooks/radon_example.html	The retrieved official/primary source contains the normalized claimed formula text.	confirmed	inferred-from-description	ordinary_brm	162	CatalogServer_default_unsubstantiated	e4fd4161c4711597	12	gaussian	renderer-default-unsubstantiated; inference happens to agree	-7.817384082920588	exact_text_present	not-probed	b4cfc1bb7bf164c423983db7d9c6e06c3cb16637504e3ccdb2272f878f01ec16	explicit_token_present	2				authoritative brm_descriptor/brm_execute; experimental SbPMX semantic_app mount adapter	ready	8ef807a88bd293b86636285eca82f476d175186bae5307ae2e30d30ebe6ff09f	bambi	scripts/examples/bambi.jl	true	bambi:radon_pooled	pass	pass	radon		unresolved-family		name_or_key_present	reachable-data-or-description	pass	false	pass	false	pass	4b52b2624b2d878fbaeec21e188814f8b4167035882458058ee22a3aa2c76e02	gaussian	Radon — Complete Pooling	log_radon ~ 0 + floor	true	SbPMX origin/main@a8fd3c02e1e2305683a56c91384701bfeba6b528:design/{ASKS.md,SbPMX.jl,mock_runtime.jl},compat/check-semantic-model-pipeline.jl		2026-07-28T21:07:08.610088+00:00	radon_pooled	true	loc ~ 0 + floor\nlog(sigma) ~ 1\nlog_radon ~ Normal(loc, sigma)	pass	family is not explicit or defensibly inferred	direct	pass	unresolved-family	https://bambinos.github.io/bambi/notebooks/radon_example.html	@options + option_domain/option_records + semantic_card under semantic_app	cited_project_author_publisher_surface	https://raw.githubusercontent.com/pymc-devs/pymc-examples/main/examples/data/srrs2.dat	05c3f465e7987e8d7caa7e214fedddd90415a922	log_radon ~ 0 + floor		gaussian	text_offset=32; matched_terms=radon; context_sha256=6772ed23bfaf627b	direct population/likelihood route when the family and terms are supported	200	bridgestan-finite-density-gradient	6	synthetic n=12; positive continuous predictors; integer groups; family-valid outcome
confirmed	not-run	explicit Normal likelihood; residual scale estimated on log scale	https://bambinos.github.io/bambi/notebooks/radon_example.html	The retrieved official/primary source contains the normalized claimed formula text.	confirmed	inferred-from-description	ordinary_brm	178	CatalogServer_default_unsubstantiated	f66156a0512117f2	14	gaussian	renderer-default-unsubstantiated; inference happens to agree	-3.8069883206128132	exact_text_present	not-probed	e8700a3971454ddc27dc5401bae43dd07efed661be6906bf15034826c8a1aade	explicit_token_present	2				authoritative brm_descriptor/brm_execute; experimental SbPMX semantic_app mount adapter	ready	8ef807a88bd293b86636285eca82f476d175186bae5307ae2e30d30ebe6ff09f	bambi	scripts/examples/bambi.jl	true	bambi:radon_nopooling	pass	pass	radon		unresolved-family		name_or_key_present	reachable-data-or-description	pass	false	pass	false	pass	8f2a37ee2fbc509c892f978aaeb523dae01ae78fa45585cff61a59d0aa8083e3	gaussian	Radon — No Pooling	log_radon ~ 0 + county:floor	true	SbPMX origin/main@a8fd3c02e1e2305683a56c91384701bfeba6b528:design/{ASKS.md,SbPMX.jl,mock_runtime.jl},compat/check-semantic-model-pipeline.jl		2026-07-28T21:07:08.610088+00:00	radon_nopooling	true	loc ~ 0 + county & floor\nlog(sigma) ~ 1\nlog_radon ~ Normal(loc, sigma)	pass	family is not explicit or defensibly inferred	direct	pass	unresolved-family	https://bambinos.github.io/bambi/notebooks/radon_example.html	@options + option_domain/option_records + semantic_card under semantic_app	cited_project_author_publisher_surface	https://raw.githubusercontent.com/pymc-devs/pymc-examples/main/examples/data/srrs2.dat	05c3f465e7987e8d7caa7e214fedddd90415a922	log_radon ~ 0 + county:floor		gaussian	text_offset=1902; matched_terms=county,pooling; context_sha256=be17a1919e3ed9e4	direct population/likelihood route when the family and terms are supported	200	bridgestan-finite-density-gradient	7	synthetic n=12; positive continuous predictors; integer groups; family-valid outcome
confirmed	not-run	explicit Normal likelihood; residual scale estimated on log scale	https://bambinos.github.io/bambi/notebooks/radon_example.html	The retrieved official/primary source contains the normalized claimed formula text.	confirmed	inferred-from-description	ordinary_brm	194	CatalogServer_default_unsubstantiated	028bfd95057ed5a1	16	gaussian	renderer-default-unsubstantiated; inference happens to agree	-8.47744637392999	exact_text_present	not-probed	9c7f9604748a5de7aab16c2849dab2949f58bf3350e0708aca7e26c546f8b58d	explicit_token_present	6				authoritative brm_descriptor/brm_execute; experimental SbPMX semantic_app mount adapter	ready	8ef807a88bd293b86636285eca82f476d175186bae5307ae2e30d30ebe6ff09f	bambi	scripts/examples/bambi.jl	true	bambi:radon_partial	pass	pass	radon		unresolved-family		name_or_key_present	reachable-data-or-description	pass	false	pass	false	pass	cdd785639a1743ba8874e60815beee900005ed1abd97bcfb4c5ac68109f53c45	gaussian	Radon — Partial Pooling (Intercept Only)	log_radon ~ 1 + (1|county)	true	SbPMX origin/main@a8fd3c02e1e2305683a56c91384701bfeba6b528:design/{ASKS.md,SbPMX.jl,mock_runtime.jl},compat/check-semantic-model-pipeline.jl		2026-07-28T21:07:08.610088+00:00	radon_partial	true	loc ~ 1 + (1|county)\nlog(sigma) ~ 1\nlog_radon ~ Normal(loc, sigma)	pass	family is not explicit or defensibly inferred	direct	pass	unresolved-family	https://bambinos.github.io/bambi/notebooks/radon_example.html	@options + option_domain/option_records + semantic_card under semantic_app	cited_project_author_publisher_surface	https://raw.githubusercontent.com/pymc-devs/pymc-examples/main/examples/data/srrs2.dat	05c3f465e7987e8d7caa7e214fedddd90415a922	log_radon ~ 1 + (1|county)		gaussian	text_offset=1902; matched_terms=county,intercept,partial,pooling; context_sha256=be17a1919e3ed9e4	direct population/likelihood route when the family and terms are supported	200	bridgestan-finite-density-gradient	8	synthetic n=12; positive continuous predictors; integer groups; family-valid outcome
adapted-but-defensible	not-run	explicit Normal likelihood; residual scale estimated on log scale	https://bambinos.github.io/bambi/notebooks/radon_example.html	The cited model uses cell-means coding (0 + floor) while the catalog uses intercept-plus-contrast coding (1 + floor); for binary floor these span the same fixed-effect column space.	adapted-but-defensible	inferred-from-description	ordinary_brm	209	CatalogServer_default_unsubstantiated	b56724233a9c414d	18	gaussian	renderer-default-unsubstantiated; inference happens to agree	-7.817384082920588	partial_semantic_terms:3/3	not-probed	6a3fb93de56743080df55bbaf2cf1642fb8e0b4b60d31e23b75f514054501aed	explicit_token_present	7				authoritative brm_descriptor/brm_execute; experimental SbPMX semantic_app mount adapter	ready	8ef807a88bd293b86636285eca82f476d175186bae5307ae2e30d30ebe6ff09f	bambi	scripts/examples/bambi.jl	true	bambi:radon_floor	pass	pass	radon		unresolved-family		name_or_key_present	reachable-data-or-description	pass	false	pass	true	pass	0c00e69534d1b1dd58cb916ff105e14b96410f43e992baa7d897beba2ca07037	gaussian	Radon — Partial Pooling with Floor	log_radon ~ 1 + floor + (1|county)	true	SbPMX origin/main@a8fd3c02e1e2305683a56c91384701bfeba6b528:design/{ASKS.md,SbPMX.jl,mock_runtime.jl},compat/check-semantic-model-pipeline.jl		2026-07-28T21:07:08.610088+00:00	radon_floor	true	loc ~ 1 + floor + (1|county)\nlog(sigma) ~ 1\nlog_radon ~ Normal(loc, sigma)	pass	family is not explicit or defensibly inferred	direct	pass	unresolved-family	https://bambinos.github.io/bambi/notebooks/radon_example.html	@options + option_domain/option_records + semantic_card under semantic_app	cited_project_author_publisher_surface	https://raw.githubusercontent.com/pymc-devs/pymc-examples/main/examples/data/srrs2.dat	05c3f465e7987e8d7caa7e214fedddd90415a922	log_radon ~ 1 + floor + (1|county)	If source-literal reproduction is required, use log_radon ~ 0 + floor + (1 | county).	gaussian	radon_example: source model block containing log_radon, 0 + floor, and county random intercept	direct population/likelihood route when the family and terms are supported	200	bridgestan-finite-density-gradient	9	synthetic n=12; positive continuous predictors; integer groups; family-valid outcome
adapted-but-defensible	not-run	explicit Normal likelihood; residual scale estimated on log scale	https://bambinos.github.io/bambi/notebooks/radon_example.html	The source uses floor cell means in both fixed and county-varying terms; the catalog uses intercept/slope coding. With a full correlated two-dimensional county effect this is an invertible reparameterization, although priors are not invariant.	adapted-but-defensible	inferred-from-description	ordinary_brm	224	CatalogServer_default_unsubstantiated	78f4dc75e92b683c	20	gaussian	renderer-default-unsubstantiated; inference happens to agree	-8.317384082920588	partial_semantic_terms:3/3	not-probed	d7f695d0ab8330e5d645a8f497e7c496fdb9c0bb4f31491d272a6f1be19d623f	explicit_token_present	6				authoritative brm_descriptor/brm_execute; experimental SbPMX semantic_app mount adapter	ready	8ef807a88bd293b86636285eca82f476d175186bae5307ae2e30d30ebe6ff09f	bambi	scripts/examples/bambi.jl	true	bambi:radon_slopes	pass	pass	radon		unresolved-family		name_or_key_present	reachable-data-or-description	pass	false	pass	true	pass	9cff9b063dd3f71b0e58587a853214b559815aeeac3d7787cb22445dbc3e071a	gaussian	Radon — Varying Slopes	log_radon ~ floor + (floor|county)	true	SbPMX origin/main@a8fd3c02e1e2305683a56c91384701bfeba6b528:design/{ASKS.md,SbPMX.jl,mock_runtime.jl},compat/check-semantic-model-pipeline.jl		2026-07-28T21:07:08.610088+00:00	radon_slopes	true	loc ~ floor + (floor|county)\nlog(sigma) ~ 1\nlog_radon ~ Normal(loc, sigma)	pass	family is not explicit or defensibly inferred	direct	pass	unresolved-family	https://bambinos.github.io/bambi/notebooks/radon_example.html	@options + option_domain/option_records + semantic_card under semantic_app	cited_project_author_publisher_surface	https://raw.githubusercontent.com/pymc-devs/pymc-examples/main/examples/data/srrs2.dat	05c3f465e7987e8d7caa7e214fedddd90415a922	log_radon ~ floor + (floor|county)	For literal provenance use log_radon ~ 0 + floor + (0 + floor | county).	gaussian	radon_example: varying-slopes model block with 0 + floor in fixed and county terms	direct population/likelihood route when the family and terms are supported	200	bridgestan-finite-density-gradient	10	synthetic n=12; positive continuous predictors; integer groups; family-valid outcome
adapted-but-defensible	not-run	explicit Normal likelihood; residual scale estimated on log scale	https://bambinos.github.io/bambi/notebooks/radon_example.html	The cited model retains county-specific floor effects together with log uranium; the catalog drops the county-varying floor component and keeps only a county intercept.	mismatch	inferred-from-description	ordinary_brm	239	CatalogServer_default_unsubstantiated	eb96fda1c41710fe	22	gaussian	renderer-default-unsubstantiated; inference happens to agree	-3.8069883206128132	partial_semantic_terms:4/4	not-probed	28c680f53e605ef263fa164d528e713e47523371a78bf5e330569a7c4bf688eb	explicit_token_present	7				authoritative brm_descriptor/brm_execute; experimental SbPMX semantic_app mount adapter	ready	8ef807a88bd293b86636285eca82f476d175186bae5307ae2e30d30ebe6ff09f	bambi	scripts/examples/bambi.jl	true	bambi:radon_county_pred	pass	pass	radon		unresolved-family		name_or_key_present	reachable-data-or-description	pass	false	pass	true	pass	5ca014d4696093f88712ff8490ee41f6161213fd84da15d6afd2999088c89824	gaussian	Radon — County-Level Uranium Predictor	log_radon ~ floor + log_u + (1|county)	true	SbPMX origin/main@a8fd3c02e1e2305683a56c91384701bfeba6b528:design/{ASKS.md,SbPMX.jl,mock_runtime.jl},compat/check-semantic-model-pipeline.jl		2026-07-28T21:07:08.610088+00:00	radon_county_pred	true	loc ~ floor + log_u + (1|county)\nlog(sigma) ~ 1\nlog_radon ~ Normal(loc, sigma)	pass	family is not explicit or defensibly inferred	direct	pass	unresolved-family	https://bambinos.github.io/bambi/notebooks/radon_example.html	@options + option_domain/option_records + semantic_card under semantic_app	cited_project_author_publisher_surface	https://raw.githubusercontent.com/pymc-devs/pymc-examples/main/examples/data/srrs2.dat	05c3f465e7987e8d7caa7e214fedddd90415a922	log_radon ~ floor + log_u + (1|county)	Use log_radon ~ 0 + floor + log_u + (0 + floor | county), or cite a separate random-intercept-only adaptation.	gaussian	radon_example: county-predictor model block containing log_u and 0 + floor | county	direct population/likelihood route when the family and terms are supported	200	bridgestan-finite-density-gradient	11	synthetic n=12; positive continuous predictors; integer groups; family-valid outcome
confirmed	not-run	explicit Normal likelihood; residual scale estimated on log scale	https://bambinos.github.io/bambi/notebooks/Strack_RRR_re_analysis.html	The retrieved official/primary source contains the normalized claimed formula text.	confirmed	inferred-from-description	ordinary_brm	272	CatalogServer_default_unsubstantiated	f300aae241e42e94	24	gaussian	renderer-default-unsubstantiated; inference happens to agree	-7.817384082920588	exact_text_present	not-probed	9fb4180ccbc6793e6530af494bc42ac9863b628ee28eaa3da4029b54caea14be	explicit_token_present	6				authoritative brm_descriptor/brm_execute; experimental SbPMX semantic_app mount adapter	ready	5f00a46661437bc2c863ee3f93eefa739def1e7b8b5bf91a145b7082b3aa61ed	bambi	scripts/examples/bambi.jl	true	bambi:strack_rrr_simple	pass	pass	strack_rrr		unresolved-family		name_or_key_present	reachable-data-or-description	pass	false	pass	false	pass	a9bb78235ba2acfdccd14b6865ee54299358736f62d7126b94d9af08ed153a12	gaussian	Strack RRR — Simple Random Effects	value ~ condition + (1|uid)	true	SbPMX origin/main@a8fd3c02e1e2305683a56c91384701bfeba6b528:design/{ASKS.md,SbPMX.jl,mock_runtime.jl},compat/check-semantic-model-pipeline.jl		2026-07-28T21:07:08.539671+00:00	strack_rrr_simple	true	loc ~ condition + (1|uid)\nlog(sigma) ~ 1\nvalue ~ Normal(loc, sigma)	pass	family is not explicit or defensibly inferred	direct	pass	unresolved-family	https://bambinos.github.io/bambi/notebooks/Strack_RRR_re_analysis.html	@options + option_domain/option_records + semantic_card under semantic_app	cited_project_author_publisher_surface	https://github.com/bambinos/bambi	05c3f465e7987e8d7caa7e214fedddd90415a922	value ~ condition + (1|uid)		gaussian	text_offset=19; matched_terms=effects,random,rrr,strack; context_sha256=50939f31cfe51883	direct population/likelihood route when the family and terms are supported	200	bridgestan-finite-density-gradient	12	synthetic n=12; positive continuous predictors; integer groups; family-valid outcome
confirmed	not-run	explicit Normal likelihood; residual scale estimated on log scale	https://bambinos.github.io/bambi/notebooks/Strack_RRR_re_analysis.html	The retrieved official/primary source contains the normalized claimed formula text.	confirmed	inferred-from-description	ordinary_brm	288	CatalogServer_default_unsubstantiated	49e10b0e231ac524	26	gaussian	renderer-default-unsubstantiated; inference happens to agree	-2.5583030664754682	exact_text_present	not-probed	825f5f0ff797fcf95022ab2df9f19c339ecaa0f37e83417e322812873d186043	explicit_token_present	16				authoritative brm_descriptor/brm_execute; experimental SbPMX semantic_app mount adapter	ready	5f00a46661437bc2c863ee3f93eefa739def1e7b8b5bf91a145b7082b3aa61ed	bambi	scripts/examples/bambi.jl	true	bambi:strack_rrr_full	pass	pass	strack_rrr		unresolved-family		name_or_key_present	reachable-data-or-description	pass	false	pass	false	pass	79c859151228b600220b2b7f10cc872ac060416ad414807b604416944045a195	gaussian	Strack RRR — Full Crossed Random Effects	value ~ condition + age + gender + (1|uid) + (condition|study) + (condition|stimulus)	true	SbPMX origin/main@a8fd3c02e1e2305683a56c91384701bfeba6b528:design/{ASKS.md,SbPMX.jl,mock_runtime.jl},compat/check-semantic-model-pipeline.jl		2026-07-28T21:07:08.539671+00:00	strack_rrr_full	true	loc ~ condition + age + gender + (1|uid) + (condition|study) + (condition|stimulus)\nlog(sigma) ~ 1\nvalue ~ Normal(loc, sigma)	pass	family is not explicit or defensibly inferred	direct	pass	unresolved-family	https://bambinos.github.io/bambi/notebooks/Strack_RRR_re_analysis.html	@options + option_domain/option_records + semantic_card under semantic_app	cited_project_author_publisher_surface	https://github.com/bambinos/bambi	05c3f465e7987e8d7caa7e214fedddd90415a922	value ~ condition + age + gender + (1|uid) + (condition|study) + (condition|stimulus)		gaussian	text_offset=382; matched_terms=effects,random,rrr,strack,study; context_sha256=d386e40b775e9b1f	direct population/likelihood route when the family and terms are supported	200	bridgestan-finite-density-gradient	13	synthetic n=12; positive continuous predictors; integer groups; family-valid outcome
confirmed	not-run	three-way/chained `*` expansion cannot be represented by current binary raw-column `&`	https://bambinos.github.io/bambi/notebooks/shooter_crossed_random_ANOVA.html	The retrieved official/primary source contains the normalized claimed formula text.	confirmed	inferred-from-description	ordinary_brm	321	CatalogServer_default_unsubstantiated			gaussian	renderer-default-unsubstantiated; inference happens to agree		exact_text_present	not-probed		explicit_token_present					no executable descriptor until translation is resolved	unsupported	446a4d28141a9e801d04dd212140c443fa160e5f80c19d2a51ee3f48b77c3252	bambi	scripts/examples/bambi.jl	true	bambi:shooter_rate_simple	not-run	not-run	shooter		unresolved-family		name_or_key_present	reachable-data-or-description	not-run	false	not-run	false	not-run		gaussian	Shooter Task — Rate (No Target Effect)	rate ~ S(race) * S(object) + (S(race) * S(object) | subject)	not-run	SbPMX origin/main@a8fd3c02e1e2305683a56c91384701bfeba6b528:design/{ASKS.md,SbPMX.jl,mock_runtime.jl},compat/check-semantic-model-pipeline.jl		2026-07-28T21:07:08.610539+00:00	shooter_rate_simple	true		not-run	family is not explicit or defensibly inferred	not-probed	not-run	unresolved-family	https://bambinos.github.io/bambi/notebooks/shooter_crossed_random_ANOVA.html	@options + option_domain/option_records + semantic_card under semantic_app	cited_project_author_publisher_surface	https://raw.githubusercontent.com/bambinos/bambi/main/docs/notebooks/data/shooter.csv	05c3f465e7987e8d7caa7e214fedddd90415a922	rate ~ S(race) * S(object) + (S(race) * S(object) | subject)		gaussian	text_offset=2232; matched_terms=object,rate,shooter,subject,target,task; context_sha256=86af394f5bbb0f20	direct population/likelihood route when the family and terms are supported	200	unsupported	14	synthetic n=12; positive continuous predictors; integer groups; family-valid outcome
confirmed	not-run	three-way/chained `*` expansion cannot be represented by current binary raw-column `&`	https://bambinos.github.io/bambi/notebooks/shooter_crossed_random_ANOVA.html	The retrieved official/primary source contains the normalized claimed formula text.	confirmed	inferred-from-description	ordinary_brm	337	CatalogServer_default_unsubstantiated			gaussian	renderer-default-unsubstantiated; inference happens to agree		exact_text_present	not-probed		explicit_token_present					no executable descriptor until translation is resolved	unsupported	446a4d28141a9e801d04dd212140c443fa160e5f80c19d2a51ee3f48b77c3252	bambi	scripts/examples/bambi.jl	true	bambi:shooter_rate_target	not-run	not-run	shooter		unresolved-family		name_or_key_present	reachable-data-or-description	not-run	false	not-run	false	not-run		gaussian	Shooter Task — Rate (With Target Effect)	rate ~ S(race) * S(object) + (S(race) * S(object) | subject) + (S(object) | target)	not-run	SbPMX origin/main@a8fd3c02e1e2305683a56c91384701bfeba6b528:design/{ASKS.md,SbPMX.jl,mock_runtime.jl},compat/check-semantic-model-pipeline.jl		2026-07-28T21:07:08.610539+00:00	shooter_rate_target	true		not-run	family is not explicit or defensibly inferred	not-probed	not-run	unresolved-family	https://bambinos.github.io/bambi/notebooks/shooter_crossed_random_ANOVA.html	@options + option_domain/option_records + semantic_card under semantic_app	cited_project_author_publisher_surface	https://raw.githubusercontent.com/bambinos/bambi/main/docs/notebooks/data/shooter.csv	05c3f465e7987e8d7caa7e214fedddd90415a922	rate ~ S(race) * S(object) + (S(race) * S(object) | subject) + (S(object) | target)		gaussian	text_offset=2232; matched_terms=object,rate,shooter,subject,target,task; context_sha256=86af394f5bbb0f20	direct population/likelihood route when the family and terms are supported	200	unsupported	15	synthetic n=12; positive continuous predictors; integer groups; family-valid outcome
confirmed	not-run	three-way/chained `*` expansion cannot be represented by current binary raw-column `&`	https://bambinos.github.io/bambi/notebooks/shooter_crossed_random_ANOVA.html	The retrieved official/primary source contains the normalized claimed formula text.	confirmed	inferred-from-description	ordinary_brm	353	CatalogServer_default_unsubstantiated			gaussian	renderer-default-contradicts semantic inference		exact_text_present	not-probed		explicit_token_present					no executable descriptor until translation is resolved	unsupported	446a4d28141a9e801d04dd212140c443fa160e5f80c19d2a51ee3f48b77c3252	bambi	scripts/examples/bambi.jl	true	bambi:shooter_binary	not-run	not-run	shooter		unresolved-family		name_or_key_present	reachable-data-or-description	not-run	false	not-run	false	not-run		bernoulli	Shooter Task — Binary Shoot Decision	shoot_or_not[shoot] ~ S(race)*S(object) + (S(race)*S(object) | subject) + (S(object) | target)	not-run	SbPMX origin/main@a8fd3c02e1e2305683a56c91384701bfeba6b528:design/{ASKS.md,SbPMX.jl,mock_runtime.jl},compat/check-semantic-model-pipeline.jl		2026-07-28T21:07:08.610539+00:00	shooter_binary	true		not-run	family is not explicit or defensibly inferred	not-probed	not-run	unresolved-family	https://bambinos.github.io/bambi/notebooks/shooter_crossed_random_ANOVA.html	@options + option_domain/option_records + semantic_card under semantic_app	cited_project_author_publisher_surface	https://raw.githubusercontent.com/bambinos/bambi/main/docs/notebooks/data/shooter.csv	05c3f465e7987e8d7caa7e214fedddd90415a922	shoot_or_not[shoot] ~ S(race)*S(object) + (S(race)*S(object) | subject) + (S(object) | target)		bernoulli	text_offset=2232; matched_terms=object,shoot,shooter,subject,target,task; context_sha256=8202f0c340178976	direct population/likelihood route when the family and terms are supported	200	unsupported	16	synthetic n=12; positive continuous predictors; integer groups; family-valid outcome
unverifiable	not-run	explicit Bernoulli-logit likelihood	https://bambinos.github.io/bambi/notebooks/fixed_random.html	Retrieved source does not expose enough formula-specific evidence to confirm or refute the catalog claim conservatively.	unverifiable	inferred-from-description	ordinary_brm	390	CatalogServer_default_unsubstantiated	94080b000d8beca3	34	gaussian	renderer-default-contradicts semantic inference	-8.317766166719343	insufficient_terms:0/0	not-probed	08d1619285d63cadc966690f7f7b90728f1bb9fe775aa52eeee6b2d759d8b329	explicit_token_present	2				authoritative brm_descriptor/brm_execute; experimental SbPMX semantic_app mount adapter	ready	d4bce0eae68bcb51665e67733fcd6b6842aa9790cbae90236b42613b2ee4e49e	bambi	scripts/examples/bambi.jl	true	bambi:fixed_random_naive	pass	pass	fixed_random		unresolved-family		name_or_key_present	synthetic-no-external-receipt	pass	false	pass	false	pass	796f6253cff10172da33f605c950e641d3b4cf3fda07044106acb7d8383714ce	bernoulli	Fixed/Random Effects — Naive Model	y ~ x + z	true	SbPMX origin/main@a8fd3c02e1e2305683a56c91384701bfeba6b528:design/{ASKS.md,SbPMX.jl,mock_runtime.jl},compat/check-semantic-model-pipeline.jl		2026-07-28T21:07:08.553523+00:00	fixed_random_naive	true	log_odds ~ x + z\ny ~ BernoulliLogit(log_odds)	pass	family is not explicit or defensibly inferred	direct	pass	unresolved-family	https://bambinos.github.io/bambi/notebooks/fixed_random.html	@options + option_domain/option_records + semantic_card under semantic_app	cited_project_author_publisher_surface	synthetic	05c3f465e7987e8d7caa7e214fedddd90415a922	y ~ x + z		bernoulli	text_offset=0; matched_terms=effects,fixed,model,random; context_sha256=3ee34c860228943a	direct population/likelihood route when the family and terms are supported	200	bridgestan-finite-density-gradient	17	synthetic n=12; positive continuous predictors; integer groups; family-valid outcome
confirmed	not-run	explicit Bernoulli-logit likelihood	https://bambinos.github.io/bambi/notebooks/fixed_random.html	The retrieved official/primary source contains the normalized claimed formula text.	confirmed	inferred-from-description	ordinary_brm	405	CatalogServer_default_unsubstantiated	845d72471ba99ef7	36	gaussian	renderer-default-contradicts semantic inference	-8.317766166719343	exact_text_present	not-probed	c82590ed1dfcf6a3fd987ba0eb7bd4721e3ae2e68854faca0bc0b07b8556e7a8	explicit_token_present	4				authoritative brm_descriptor/brm_execute; experimental SbPMX semantic_app mount adapter	ready	d4bce0eae68bcb51665e67733fcd6b6842aa9790cbae90236b42613b2ee4e49e	bambi	scripts/examples/bambi.jl	true	bambi:fixed_random_fe	pass	pass	fixed_random		unresolved-family		name_or_key_present	synthetic-no-external-receipt	pass	false	pass	false	pass	45602a63779662937bdcbbe62edff9de140ae90b6bceae8ac0875b3d385e1231	bernoulli	Fixed/Random Effects — Fixed Effects Model	y ~ 0 + C(group) + x + z	true	SbPMX origin/main@a8fd3c02e1e2305683a56c91384701bfeba6b528:design/{ASKS.md,SbPMX.jl,mock_runtime.jl},compat/check-semantic-model-pipeline.jl		2026-07-28T21:07:08.553523+00:00	fixed_random_fe	true	log_odds ~ 0 + group + x + z\ny ~ BernoulliLogit(log_odds)	pass	family is not explicit or defensibly inferred	direct	pass	unresolved-family	https://bambinos.github.io/bambi/notebooks/fixed_random.html	@options + option_domain/option_records + semantic_card under semantic_app	cited_project_author_publisher_surface	synthetic	05c3f465e7987e8d7caa7e214fedddd90415a922	y ~ 0 + C(group) + x + z		bernoulli	text_offset=617; matched_terms=effects,fixed,group,model,random; context_sha256=487827b296c417c8	direct population/likelihood route when the family and terms are supported	200	bridgestan-finite-density-gradient	18	synthetic n=12; positive continuous predictors; integer groups; family-valid outcome
confirmed	not-run	explicit Bernoulli-logit likelihood	https://bambinos.github.io/bambi/notebooks/fixed_random.html	The retrieved official/primary source contains the normalized claimed formula text.	confirmed	inferred-from-description	ordinary_brm	420	CatalogServer_default_unsubstantiated	126e85a74fc6645b	38	gaussian	renderer-default-contradicts semantic inference	-8.317766166719343	exact_text_present	not-probed	50fde2b851ade1187a3b1105c2359cf22443fff37f1f294e21419438bff12d82	explicit_token_present	6				authoritative brm_descriptor/brm_execute; experimental SbPMX semantic_app mount adapter	ready	d4bce0eae68bcb51665e67733fcd6b6842aa9790cbae90236b42613b2ee4e49e	bambi	scripts/examples/bambi.jl	true	bambi:fixed_random_re	pass	pass	fixed_random		unresolved-family		name_or_key_present	synthetic-no-external-receipt	pass	false	pass	false	pass	993b9b4885dddfd45ef6af8b3abb9856e7ef64f0ac30ac04892661b0f10aa164	bernoulli	Fixed/Random Effects — Random Effects Model	y ~ x + z + (1|group)	true	SbPMX origin/main@a8fd3c02e1e2305683a56c91384701bfeba6b528:design/{ASKS.md,SbPMX.jl,mock_runtime.jl},compat/check-semantic-model-pipeline.jl		2026-07-28T21:07:08.553523+00:00	fixed_random_re	true	log_odds ~ x + z + (1|group)\ny ~ BernoulliLogit(log_odds)	pass	family is not explicit or defensibly inferred	direct	pass	unresolved-family	https://bambinos.github.io/bambi/notebooks/fixed_random.html	@options + option_domain/option_records + semantic_card under semantic_app	cited_project_author_publisher_surface	synthetic	05c3f465e7987e8d7caa7e214fedddd90415a922	y ~ x + z + (1|group)		bernoulli	text_offset=617; matched_terms=effects,fixed,group,model,random; context_sha256=487827b296c417c8	direct population/likelihood route when the family and terms are supported	200	bridgestan-finite-density-gradient	19	synthetic n=12; positive continuous predictors; integer groups; family-valid outcome
confirmed	not-run	explicit Bernoulli-logit likelihood	https://bambinos.github.io/bambi/notebooks/fixed_random.html	The retrieved official/primary source contains the normalized claimed formula text.	confirmed	inferred-from-description	ordinary_brm	435	CatalogServer_default_unsubstantiated	62d1aebc981f4219	40	gaussian	renderer-default-contradicts semantic inference	-8.317766166719343	exact_text_present	not-probed	a6e2fad6e2fc6afc50041652816562f5a45d099dfa213d25729430137c55903f	explicit_token_present	7				authoritative brm_descriptor/brm_execute; experimental SbPMX semantic_app mount adapter	ready	d4bce0eae68bcb51665e67733fcd6b6842aa9790cbae90236b42613b2ee4e49e	bambi	scripts/examples/bambi.jl	true	bambi:fixed_random_mundlak	pass	pass	fixed_random		unresolved-family		name_or_key_present	synthetic-no-external-receipt	pass	false	pass	false	pass	544297fc465c12ca5954d1d817d5ff6ec1d102ad5e4efd47c9b808dc70add3b5	bernoulli	Fixed/Random Effects — Mundlak Machine	y ~ x + z + xbar + (1|group)	true	SbPMX origin/main@a8fd3c02e1e2305683a56c91384701bfeba6b528:design/{ASKS.md,SbPMX.jl,mock_runtime.jl},compat/check-semantic-model-pipeline.jl		2026-07-28T21:07:08.553523+00:00	fixed_random_mundlak	true	log_odds ~ x + z + xbar + (1|group)\ny ~ BernoulliLogit(log_odds)	pass	family is not explicit or defensibly inferred	direct	pass	unresolved-family	https://bambinos.github.io/bambi/notebooks/fixed_random.html	@options + option_domain/option_records + semantic_card under semantic_app	cited_project_author_publisher_surface	synthetic	05c3f465e7987e8d7caa7e214fedddd90415a922	y ~ x + z + xbar + (1|group)		bernoulli	text_offset=617; matched_terms=effects,fixed,group,mundlak,random; context_sha256=487827b296c417c8	direct population/likelihood route when the family and terms are supported	200	bridgestan-finite-density-gradient	20	synthetic n=12; positive continuous predictors; integer groups; family-valid outcome
unverifiable	not-run	explicit Normal likelihood; residual scale estimated on log scale	https://bambinos.github.io/bambi/notebooks/t_regression.html	Retrieved source does not expose enough formula-specific evidence to confirm or refute the catalog claim conservatively.	unverifiable	inferred-from-description	ordinary_brm	467	CatalogServer_default_unsubstantiated	a458f12f272bf78b	42	gaussian	renderer-default-unsubstantiated; inference happens to agree	-7.817384082920588	insufficient_terms:0/0	not-probed	28d5c8d51b2b49c4c2a58cd6c4a4a15574427da8e534c122c6b752d742c27e19	explicit_token_present	2				authoritative brm_descriptor/brm_execute; experimental SbPMX semantic_app mount adapter	ready	c314d1505674bdaa1c461cf48d0c3d38237511b38efee0442992e21c6203afa0	bambi	scripts/examples/bambi.jl	true	bambi:t_regression_gaussian	pass	pass	t_regression		unresolved-family		name_or_key_present	synthetic-no-external-receipt	pass	false	pass	false	pass	bd16d2c179883196a07e5ee5e7a599683a0864a3a90ee56902e8c65676bffac3	gaussian	Robust Regression — Gaussian Family	y ~ x	true	SbPMX origin/main@a8fd3c02e1e2305683a56c91384701bfeba6b528:design/{ASKS.md,SbPMX.jl,mock_runtime.jl},compat/check-semantic-model-pipeline.jl		2026-07-28T21:07:08.615046+00:00	t_regression_gaussian	true	loc ~ x\nlog(sigma) ~ 1\ny ~ Normal(loc, sigma)	pass	family is not explicit or defensibly inferred	direct	pass	unresolved-family	https://bambinos.github.io/bambi/notebooks/t_regression.html	@options + option_domain/option_records + semantic_card under semantic_app	cited_project_author_publisher_surface	synthetic	05c3f465e7987e8d7caa7e214fedddd90415a922	y ~ x		gaussian	text_offset=0; matched_terms=regression,robust; context_sha256=9d343ef506cff257	direct population/likelihood route when the family and terms are supported	200	bridgestan-finite-density-gradient	21	synthetic n=12; positive continuous predictors; integer groups; family-valid outcome
unverifiable	not-run	likelihood family `t` has no semantics-preserving current translation	https://bambinos.github.io/bambi/notebooks/t_regression.html	Retrieved source does not expose enough formula-specific evidence to confirm or refute the catalog claim conservatively.	unverifiable	inferred-from-description	ordinary_brm	482	CatalogServer_default_unsubstantiated			gaussian	renderer-default-contradicts semantic inference		insufficient_terms:0/0	not-probed		not_observed					no executable descriptor until translation is resolved	unsupported	c314d1505674bdaa1c461cf48d0c3d38237511b38efee0442992e21c6203afa0	bambi	scripts/examples/bambi.jl	true	bambi:t_regression_t	not-run	not-run	t_regression		unresolved-family		name_or_key_present	synthetic-no-external-receipt	not-run	false	not-run	false	not-run		t	Robust Regression — Student's t Family	y ~ x	not-run	SbPMX origin/main@a8fd3c02e1e2305683a56c91384701bfeba6b528:design/{ASKS.md,SbPMX.jl,mock_runtime.jl},compat/check-semantic-model-pipeline.jl		2026-07-28T21:07:08.615046+00:00	t_regression_t	true		not-run	family is not explicit or defensibly inferred	not-probed	not-run	unresolved-family	https://bambinos.github.io/bambi/notebooks/t_regression.html	@options + option_domain/option_records + semantic_card under semantic_app	cited_project_author_publisher_surface	synthetic	05c3f465e7987e8d7caa7e214fedddd90415a922	y ~ x		t	text_offset=0; matched_terms=regression,robust; context_sha256=9d343ef506cff257	direct population/likelihood route when the family and terms are supported	200	unsupported	22	synthetic n=12; positive continuous predictors; integer groups; family-valid outcome
confirmed	not-run	explicit Normal likelihood; residual scale estimated on log scale	https://bambinos.github.io/bambi/notebooks/predict_new_groups.html	The retrieved official/primary source contains the normalized claimed formula text.	confirmed	inferred-from-description	ordinary_brm	519	CatalogServer_default_unsubstantiated	181998d886e20088	46	gaussian	renderer-default-unsubstantiated; inference happens to agree	-4.306988320612813	exact_text_present	not-probed	034f9eb90448fbfb2330ca36eef3e17ed3d11647bb0124f956e8ec1c9536ce4e	explicit_token_present	7				authoritative brm_descriptor/brm_execute; experimental SbPMX semantic_app mount adapter	ready	6627763b6c73d1d67ff1ff2e0d1cbe219195cefaf149d03f039644b093c7245f	bambi	scripts/examples/bambi.jl	true	bambi:predict_new_groups	pass	pass	predict_new_groups		unresolved-family		name_or_key_present	reachable-data-or-description	pass	false	pass	false	pass	43adbcab8fa98d91c10269a62057bacc40395d12a6351505a598fc31f5bf0642	gaussian	Predict New Groups	fvc ~ 0 + weeks + smoking_status + (0 + weeks | patient)	true	SbPMX origin/main@a8fd3c02e1e2305683a56c91384701bfeba6b528:design/{ASKS.md,SbPMX.jl,mock_runtime.jl},compat/check-semantic-model-pipeline.jl		2026-07-28T21:07:08.609232+00:00	predict_new_groups	true	loc ~ 0 + weeks + smoking_status + (0 + weeks | patient)\nlog(sigma) ~ 1\nfvc ~ Normal(loc, sigma)	pass	family is not explicit or defensibly inferred	direct	pass	unresolved-family	https://bambinos.github.io/bambi/notebooks/predict_new_groups.html	@options + option_domain/option_records + semantic_card under semantic_app	cited_project_author_publisher_surface	https://gist.githubusercontent.com/ucals/2cf9d101992cb1b78c2cdd6e3bac6a4b/raw/43034c39052dcf97d4b894d2ec1bc3f90f3623d9/osic_pulmonary_fibrosis.csv	05c3f465e7987e8d7caa7e214fedddd90415a922	fvc ~ 0 + weeks + smoking_status + (0 + weeks | patient)		gaussian	text_offset=6432; matched_terms=fvc,smoking_status,weeks; context_sha256=a21d2400efbf8a43	direct population/likelihood route when the family and terms are supported	200	bridgestan-finite-density-gradient	23	synthetic n=12; positive continuous predictors; integer groups; family-valid outcome
unverifiable	not-run	explicit Normal likelihood; residual scale estimated on log scale	https://bambinos.github.io/bambi/notebooks/polynomial_regression.html	Retrieved source does not expose enough formula-specific evidence to confirm or refute the catalog claim conservatively.	unverifiable	inferred-from-description	ordinary_brm	590	CatalogServer_default_unsubstantiated	a3d635d38339cc8f	48	gaussian	renderer-default-unsubstantiated; inference happens to agree	-7.817384082920588	insufficient_terms:0/0	not-probed	f650edcea3bf39b53f421271bcb8b450f8ce898af40628f5e0828ccfdc5f9f6c	explicit_token_present	3				authoritative brm_descriptor/brm_execute; experimental SbPMX semantic_app mount adapter	ready	59daf510ec50cbdcfafd6ce16b7f88c8854dd27b3b572930d1ff6202f033b438	bambi	scripts/examples/bambi.jl	true	bambi:poly_falling_explicit	pass	pass	poly_falling		unresolved-family		name_or_key_present	synthetic-no-external-receipt	pass	false	pass	false	pass	132a97d24b1ebacf641b83da2d1d4d91e5b321f8cad36d712ced9236a08fb53a	gaussian	Polynomial Regression — Falling Ball (Explicit)	x ~ I(t**2) + 1	true	SbPMX origin/main@a8fd3c02e1e2305683a56c91384701bfeba6b528:design/{ASKS.md,SbPMX.jl,mock_runtime.jl},compat/check-semantic-model-pipeline.jl		2026-07-28T21:07:08.608650+00:00	poly_falling_explicit	true	loc ~ protect(t^2) + 1\nlog(sigma) ~ 1\nx ~ Normal(loc, sigma)	pass	family is not explicit or defensibly inferred	direct	pass	unresolved-family	https://bambinos.github.io/bambi/notebooks/polynomial_regression.html	@options + option_domain/option_records + semantic_card under semantic_app	cited_project_author_publisher_surface	synthetic	05c3f465e7987e8d7caa7e214fedddd90415a922	x ~ I(t**2) + 1		gaussian	text_offset=0; matched_terms=polynomial,regression; context_sha256=19512a2ece7abe5b	direct population/likelihood route when the family and terms are supported	200	bridgestan-finite-density-gradient	24	synthetic n=12; positive continuous predictors; integer groups; family-valid outcome
unverifiable	not-run	explicit Normal likelihood; residual scale estimated on log scale	https://bambinos.github.io/bambi/notebooks/polynomial_regression.html	Retrieved source does not expose enough formula-specific evidence to confirm or refute the catalog claim conservatively.	unverifiable	inferred-from-description	ordinary_brm	606	CatalogServer_default_unsubstantiated	a3d635d38339cc8f	48	gaussian	renderer-default-unsubstantiated; inference happens to agree	-7.817384082920588	insufficient_terms:0/0	not-probed	f650edcea3bf39b53f421271bcb8b450f8ce898af40628f5e0828ccfdc5f9f6c	explicit_token_present	3				authoritative brm_descriptor/brm_execute; experimental SbPMX semantic_app mount adapter	ready	59daf510ec50cbdcfafd6ce16b7f88c8854dd27b3b572930d1ff6202f033b438	bambi	scripts/examples/bambi.jl	true	bambi:poly_falling_alt	pass	pass	poly_falling		unresolved-family		name_or_key_present	synthetic-no-external-receipt	pass	false	pass	false	pass	132a97d24b1ebacf641b83da2d1d4d91e5b321f8cad36d712ced9236a08fb53a	gaussian	Polynomial Regression — Falling Ball (Curly-Brace Syntax)	x ~ {t**2} + 1	true	SbPMX origin/main@a8fd3c02e1e2305683a56c91384701bfeba6b528:design/{ASKS.md,SbPMX.jl,mock_runtime.jl},compat/check-semantic-model-pipeline.jl		2026-07-28T21:07:08.608650+00:00	poly_falling_alt	true	loc ~ protect(t^2) + 1\nlog(sigma) ~ 1\nx ~ Normal(loc, sigma)	pass	family is not explicit or defensibly inferred	inherited-identical-probe	pass	unresolved-family	https://bambinos.github.io/bambi/notebooks/polynomial_regression.html	@options + option_domain/option_records + semantic_card under semantic_app	cited_project_author_publisher_surface	synthetic	05c3f465e7987e8d7caa7e214fedddd90415a922	x ~ {t**2} + 1		gaussian	text_offset=0; matched_terms=polynomial,regression; context_sha256=19512a2ece7abe5b	direct population/likelihood route when the family and terms are supported	200	bridgestan-finite-density-gradient	25	synthetic n=12; positive continuous predictors; integer groups; family-valid outcome
confirmed	not-run	explicit Normal likelihood; residual scale estimated on log scale	https://bambinos.github.io/bambi/notebooks/polynomial_regression.html	The retrieved official/primary source contains the normalized claimed formula text.	confirmed	inferred-from-description	ordinary_brm	622	CatalogServer_default_unsubstantiated	c5af9e9b5a1eae86	52	gaussian	renderer-default-unsubstantiated; inference happens to agree	-7.817384082920588	exact_text_present	not-probed	e68a29c95706e70af1af6f359ff57cf4d2239683652d105116350a19f62ce114	explicit_token_present	3				authoritative brm_descriptor/brm_execute; experimental SbPMX semantic_app mount adapter	ready	59daf510ec50cbdcfafd6ce16b7f88c8854dd27b3b572930d1ff6202f033b438	bambi	scripts/examples/bambi.jl	true	bambi:poly_falling_precomp	pass	pass	poly_falling		unresolved-family		name_or_key_present	synthetic-no-external-receipt	pass	false	pass	false	pass	15ef5cb4e72e690c62f461e05aa457b46b3d223330cb5f113e22cd4235d60463	gaussian	Polynomial Regression — Falling Ball (Pre-Computed Column)	x ~ tsquared + 1	true	SbPMX origin/main@a8fd3c02e1e2305683a56c91384701bfeba6b528:design/{ASKS.md,SbPMX.jl,mock_runtime.jl},compat/check-semantic-model-pipeline.jl		2026-07-28T21:07:08.608650+00:00	poly_falling_precomp	true	loc ~ tsquared + 1\nlog(sigma) ~ 1\nx ~ Normal(loc, sigma)	pass	family is not explicit or defensibly inferred	direct	pass	unresolved-family	https://bambinos.github.io/bambi/notebooks/polynomial_regression.html	@options + option_domain/option_records + semantic_card under semantic_app	cited_project_author_publisher_surface	synthetic	05c3f465e7987e8d7caa7e214fedddd90415a922	x ~ tsquared + 1		gaussian	text_offset=5355; matched_terms=column,tsquared; context_sha256=c8b5109512c81c87	direct population/likelihood route when the family and terms are supported	200	bridgestan-finite-density-gradient	26	synthetic n=12; positive continuous predictors; integer groups; family-valid outcome
unverifiable	not-run	explicit Normal likelihood; residual scale estimated on log scale	https://bambinos.github.io/bambi/notebooks/polynomial_regression.html	Retrieved source does not expose enough formula-specific evidence to confirm or refute the catalog claim conservatively.	unverifiable	inferred-from-description	ordinary_brm	638	CatalogServer_default_unsubstantiated	b4e43a7ca2279f5f	54	gaussian	renderer-default-unsubstantiated; inference happens to agree	-7.817384082920588	insufficient_terms:0/0	not-probed	41b3eb9e7c42c58abdce031a736dd0183066fdb7e65190cb29395b898b7dc584	explicit_token_present	4				authoritative brm_descriptor/brm_execute; experimental SbPMX semantic_app mount adapter	ready	59daf510ec50cbdcfafd6ce16b7f88c8854dd27b3b572930d1ff6202f033b438	bambi	scripts/examples/bambi.jl	true	bambi:poly_projectile_power	pass	pass	poly_projectile		unresolved-family		name_or_key_present	synthetic-no-external-receipt	pass	false	pass	false	pass	a1f0101acb96ae6d11ea15d531969e01be7c88173623b78ff6065154cc861784	gaussian	Polynomial Regression — Projectile (Power Basis)	x ~ I(t**2) + t + 1	true	SbPMX origin/main@a8fd3c02e1e2305683a56c91384701bfeba6b528:design/{ASKS.md,SbPMX.jl,mock_runtime.jl},compat/check-semantic-model-pipeline.jl		2026-07-28T21:07:08.608650+00:00	poly_projectile_power	true	loc ~ protect(t^2) + t + 1\nlog(sigma) ~ 1\nx ~ Normal(loc, sigma)	pass	family is not explicit or defensibly inferred	direct	pass	unresolved-family	https://bambinos.github.io/bambi/notebooks/polynomial_regression.html	@options + option_domain/option_records + semantic_card under semantic_app	cited_project_author_publisher_surface	synthetic	05c3f465e7987e8d7caa7e214fedddd90415a922	x ~ I(t**2) + t + 1		gaussian	text_offset=0; matched_terms=polynomial,regression; context_sha256=19512a2ece7abe5b	direct population/likelihood route when the family and terms are supported	200	bridgestan-finite-density-gradient	27	synthetic n=12; positive continuous predictors; integer groups; family-valid outcome
confirmed	not-run	term has no semantics-preserving mechanical alias	https://bambinos.github.io/bambi/notebooks/polynomial_regression.html	The retrieved official/primary source contains the normalized claimed formula text.	confirmed	inferred-from-description	ordinary_brm	654	CatalogServer_default_unsubstantiated			gaussian	renderer-default-unsubstantiated; inference happens to agree		exact_text_present	not-probed		explicit_token_present					no executable descriptor until translation is resolved	unsupported	59daf510ec50cbdcfafd6ce16b7f88c8854dd27b3b572930d1ff6202f033b438	bambi	scripts/examples/bambi.jl	true	bambi:poly_projectile_poly	not-run	not-run	poly_projectile		unresolved-family		name_or_key_present	synthetic-no-external-receipt	not-run	false	not-run	false	not-run		gaussian	Polynomial Regression — Projectile (poly() Syntax)	x ~ poly(t, 2, raw=True)	not-run	SbPMX origin/main@a8fd3c02e1e2305683a56c91384701bfeba6b528:design/{ASKS.md,SbPMX.jl,mock_runtime.jl},compat/check-semantic-model-pipeline.jl		2026-07-28T21:07:08.608650+00:00	poly_projectile_poly	true		not-run	family is not explicit or defensibly inferred	not-probed	not-run	unresolved-family	https://bambinos.github.io/bambi/notebooks/polynomial_regression.html	@options + option_domain/option_records + semantic_card under semantic_app	cited_project_author_publisher_surface	synthetic	05c3f465e7987e8d7caa7e214fedddd90415a922	x ~ poly(t, 2, raw=True)		gaussian	text_offset=4828; matched_terms=raw,syntax; context_sha256=ed1f8f53d496f70d	direct population/likelihood route when the family and terms are supported	200	unsupported	28	synthetic n=12; positive continuous predictors; integer groups; family-valid outcome
confirmed	not-run	source `:` interaction has a transformed/non-atomic operand; current `&` accepts raw columns only	https://bambinos.github.io/bambi/notebooks/polynomial_regression.html	The retrieved official/primary source contains the normalized claimed formula text.	confirmed	inferred-from-description	ordinary_brm	670	CatalogServer_default_unsubstantiated			gaussian	renderer-default-unsubstantiated; inference happens to agree		exact_text_present	not-probed		explicit_token_present					no executable descriptor until translation is resolved	unsupported	59daf510ec50cbdcfafd6ce16b7f88c8854dd27b3b572930d1ff6202f033b438	bambi	scripts/examples/bambi.jl	true	bambi:poly_planets	not-run	not-run	poly_planets		unresolved-family		name_or_key_present	synthetic-no-external-receipt	not-run	false	not-run	false	not-run		gaussian	Polynomial Regression — Multi-Planet	Height ~ I(Time**2):Planet + Time + 0	not-run	SbPMX origin/main@a8fd3c02e1e2305683a56c91384701bfeba6b528:design/{ASKS.md,SbPMX.jl,mock_runtime.jl},compat/check-semantic-model-pipeline.jl		2026-07-28T21:07:08.608650+00:00	poly_planets	true		not-run	family is not explicit or defensibly inferred	not-probed	not-run	unresolved-family	https://bambinos.github.io/bambi/notebooks/polynomial_regression.html	@options + option_domain/option_records + semantic_card under semantic_app	cited_project_author_publisher_surface	synthetic	05c3f465e7987e8d7caa7e214fedddd90415a922	Height ~ I(Time**2):Planet + Time + 0		gaussian	text_offset=1297; matched_terms=planet,time; context_sha256=613b03594a8d7387	direct population/likelihood route when the family and terms are supported	200	unsupported	29	synthetic n=12; positive continuous predictors; integer groups; family-valid outcome
confirmed	not-run	response expression needs an explicit data-derivation step	https://bambinos.github.io/bambi/notebooks/logistic_regression.html	The retrieved official/primary source contains the normalized claimed formula text.	confirmed	inferred-from-description	ordinary_brm	701	CatalogServer_default_unsubstantiated			gaussian	renderer-default-contradicts semantic inference		exact_text_present	not-probed		explicit_token_present					no executable descriptor until translation is resolved	unsupported	2a382b45531c2e5392c7262c8c7644c7d7db7d19977420b9095f6cbeb61179be	bambi	scripts/examples/bambi.jl	true	bambi:logistic_anes	not-run	not-run	logistic_anes		unresolved-family		name_or_key_present	reachable-data-or-description	not-run	false	not-run	false	not-run		bernoulli	Logistic Regression — Vote Intention	vote['clinton'] ~ party_id + party_id:age	not-run	SbPMX origin/main@a8fd3c02e1e2305683a56c91384701bfeba6b528:design/{ASKS.md,SbPMX.jl,mock_runtime.jl},compat/check-semantic-model-pipeline.jl		2026-07-28T21:07:08.565065+00:00	logistic_anes	true		not-run	family is not explicit or defensibly inferred	not-probed	not-run	unresolved-family	https://bambinos.github.io/bambi/notebooks/logistic_regression.html	@options + option_domain/option_records + semantic_card under semantic_app	cited_project_author_publisher_surface	https://ndownloader.figshare.com/files/28870740	05c3f465e7987e8d7caa7e214fedddd90415a922	vote['clinton'] ~ party_id + party_id:age		bernoulli	text_offset=21; matched_terms=intention,logistic,regression,vote; context_sha256=fff96ffd6135f775	direct population/likelihood route when the family and terms are supported	200	unsupported	30	synthetic n=12; positive continuous predictors; integer groups; family-valid outcome
confirmed	not-run	response expression needs an explicit data-derivation step	https://bambinos.github.io/bambi/notebooks/model_comparison.html	The retrieved official/primary source contains the normalized claimed formula text.	confirmed	inferred-from-description	ordinary_brm	734	CatalogServer_default_unsubstantiated			gaussian	renderer-default-contradicts semantic inference		exact_text_present	not-probed		explicit_token_present					no executable descriptor until translation is resolved	unsupported	811f3df2ca426eda2e619b1ef27c8183d040b92ada5535df2a4ec174661956a7	bambi	scripts/examples/bambi.jl	true	bambi:model_comparison_linear	not-run	not-run	model_comparison		unresolved-family		name_or_key_present	reachable-data-or-description	not-run	false	not-run	false	not-run		bernoulli	Model Comparison — Linear	income['>50K'] ~ sex + race + scale(age) + scale(hs_week)	not-run	SbPMX origin/main@a8fd3c02e1e2305683a56c91384701bfeba6b528:design/{ASKS.md,SbPMX.jl,mock_runtime.jl},compat/check-semantic-model-pipeline.jl		2026-07-28T21:07:08.569578+00:00	model_comparison_linear	true		not-run	family is not explicit or defensibly inferred	not-probed	not-run	unresolved-family	https://bambinos.github.io/bambi/notebooks/model_comparison.html	@options + option_domain/option_records + semantic_card under semantic_app	cited_project_author_publisher_surface	https://ndownloader.figshare.com/files/28870743	05c3f465e7987e8d7caa7e214fedddd90415a922	income['>50K'] ~ sex + race + scale(age) + scale(hs_week)		bernoulli	text_offset=2890; matched_terms=hs_week,income,race,sex; context_sha256=6f402e9a5e8074fa	direct population/likelihood route when the family and terms are supported	200	unsupported	31	synthetic n=12; positive continuous predictors; integer groups; family-valid outcome
confirmed	not-run	response expression needs an explicit data-derivation step	https://bambinos.github.io/bambi/notebooks/model_comparison.html	The retrieved official/primary source contains the normalized claimed formula text.	confirmed	inferred-from-description	ordinary_brm	750	CatalogServer_default_unsubstantiated			gaussian	renderer-default-contradicts semantic inference		exact_text_present	not-probed		explicit_token_present					no executable descriptor until translation is resolved	unsupported	811f3df2ca426eda2e619b1ef27c8183d040b92ada5535df2a4ec174661956a7	bambi	scripts/examples/bambi.jl	true	bambi:model_comparison_quad	not-run	not-run	model_comparison		unresolved-family		name_or_key_present	reachable-data-or-description	not-run	false	not-run	false	not-run		bernoulli	Model Comparison — Quadratic	income['>50K'] ~ sex + race + scale(age) + I(scale(age)**2) + scale(hs_week) + I(scale(hs_week)**2)	not-run	SbPMX origin/main@a8fd3c02e1e2305683a56c91384701bfeba6b528:design/{ASKS.md,SbPMX.jl,mock_runtime.jl},compat/check-semantic-model-pipeline.jl		2026-07-28T21:07:08.569578+00:00	model_comparison_quad	true		not-run	family is not explicit or defensibly inferred	not-probed	not-run	unresolved-family	https://bambinos.github.io/bambi/notebooks/model_comparison.html	@options + option_domain/option_records + semantic_card under semantic_app	cited_project_author_publisher_surface	https://ndownloader.figshare.com/files/28870743	05c3f465e7987e8d7caa7e214fedddd90415a922	income['>50K'] ~ sex + race + scale(age) + I(scale(age)**2) + scale(hs_week) + I(scale(hs_week)**2)		bernoulli	text_offset=2890; matched_terms=hs_week,income,race,sex; context_sha256=6f402e9a5e8074fa	direct population/likelihood route when the family and terms are supported	200	unsupported	32	synthetic n=12; positive continuous predictors; integer groups; family-valid outcome
adapted-but-defensible	not-run	response expression needs an explicit data-derivation step	https://bambinos.github.io/bambi/notebooks/model_comparison.html	The page programmatically constructs the adult Bernoulli model from cubic age, hs_week, sex, and race; the catalog is the explicit expansion of that generated formula.	confirmed	inferred-from-description	ordinary_brm	765	CatalogServer_default_unsubstantiated			gaussian	renderer-default-contradicts semantic inference		partial_semantic_terms:6/6	not-probed		explicit_token_present					no executable descriptor until translation is resolved	unsupported	811f3df2ca426eda2e619b1ef27c8183d040b92ada5535df2a4ec174661956a7	bambi	scripts/examples/bambi.jl	true	bambi:model_comparison_cubic	not-run	not-run	model_comparison		unresolved-family		name_or_key_present	reachable-data-or-description	not-run	false	not-run	true	not-run		bernoulli	Model Comparison — Cubic	income['>50K'] ~ sex + race + scale(age) + I(scale(age)**2) + I(scale(age)**3) + scale(hs_week) + I(scale(hs_week)**2) + I(scale(hs_week)**3)	not-run	SbPMX origin/main@a8fd3c02e1e2305683a56c91384701bfeba6b528:design/{ASKS.md,SbPMX.jl,mock_runtime.jl},compat/check-semantic-model-pipeline.jl		2026-07-28T21:07:08.569578+00:00	model_comparison_cubic	true		not-run	family is not explicit or defensibly inferred	not-probed	not-run	unresolved-family	https://bambinos.github.io/bambi/notebooks/model_comparison.html	@options + option_domain/option_records + semantic_card under semantic_app	cited_project_author_publisher_surface	https://ndownloader.figshare.com/files/28870743	05c3f465e7987e8d7caa7e214fedddd90415a922	income['>50K'] ~ sex + race + scale(age) + I(scale(age)**2) + I(scale(age)**3) + scale(hs_week) + I(scale(hs_week)**2) + I(scale(hs_week)**3)		bernoulli	model_comparison: adult-model formula construction and Bernoulli model block	direct population/likelihood route when the family and terms are supported	200	unsupported	33	synthetic n=12; positive continuous predictors; integer groups; family-valid outcome
confirmed	not-run	trials/cbind response lowered to explicit BinomialLogit	https://bambinos.github.io/bambi/notebooks/hierarchical_binomial_bambi.html	The retrieved official/primary source contains the normalized claimed formula text.	confirmed	inferred-from-description	ordinary_brm	799	CatalogServer_default_unsubstantiated	ecbdaff7608cdc65	68	gaussian	renderer-default-contradicts semantic inference	-66.54212933375474	exact_text_present	not-probed	7b286d62d91adac6cbc87098e583506bb95f4b09428eaee402236e482cf8bfaf	explicit_token_present	1				authoritative brm_descriptor/brm_execute; experimental SbPMX semantic_app mount adapter	ready	ebedd5c19370a62d47542c2b1ae28116cbd97fc7fc22b25d3e6b004891436864	bambi	scripts/examples/bambi.jl	true	bambi:hierarchical_binomial_nopooling	pass	pass	hierarchical_binomial		unresolved-family		name_or_key_present	reachable-data-or-description	pass	false	pass	false	pass	33b2c5a420030258852e2a428c2853478d367a75261cb19d8340fe4060d6f3a2	binomial	Hierarchical Binomial — No Pooling	p(H, AB) ~ 0 + playerID	true	SbPMX origin/main@a8fd3c02e1e2305683a56c91384701bfeba6b528:design/{ASKS.md,SbPMX.jl,mock_runtime.jl},compat/check-semantic-model-pipeline.jl		2026-07-28T21:07:08.555170+00:00	hierarchical_binomial_nopooling	true	log_odds ~ 0 + playerID\nH ~ BinomialLogit(AB, log_odds)	pass	family is not explicit or defensibly inferred	direct	pass	unresolved-family	https://bambinos.github.io/bambi/notebooks/hierarchical_binomial_bambi.html	@options + option_domain/option_records + semantic_card under semantic_app	cited_project_author_publisher_surface	https://ndownloader.figshare.com/files/29749140	05c3f465e7987e8d7caa7e214fedddd90415a922	p(H, AB) ~ 0 + playerID		binomial	text_offset=3517; matched_terms=playerid; context_sha256=eb8671f9eeb2dbad	direct population/likelihood route when the family and terms are supported	200	bridgestan-finite-density-gradient	34	synthetic n=12; positive continuous predictors; integer groups; family-valid outcome
confirmed	not-run	trials/cbind response lowered to explicit BinomialLogit	https://bambinos.github.io/bambi/notebooks/hierarchical_binomial_bambi.html	The retrieved official/primary source contains the normalized claimed formula text.	confirmed	inferred-from-description	ordinary_brm	814	CatalogServer_default_unsubstantiated	0ace46915d77415f	70	gaussian	renderer-default-contradicts semantic inference	-66.54212933375474	exact_text_present	not-probed	54710fc8d13aecf2f2b9fd11218657ff52b2c4ce9399cb4e909c4b32e1cc8984	explicit_token_present	5				authoritative brm_descriptor/brm_execute; experimental SbPMX semantic_app mount adapter	ready	ebedd5c19370a62d47542c2b1ae28116cbd97fc7fc22b25d3e6b004891436864	bambi	scripts/examples/bambi.jl	true	bambi:hierarchical_binomial_partial	pass	pass	hierarchical_binomial		unresolved-family		name_or_key_present	reachable-data-or-description	pass	false	pass	false	pass	128155bba619e64c51d69ae5a54e958f5847221ab340dee7a982a761715d2263	binomial	Hierarchical Binomial — Partial Pooling	p(H, AB) ~ 1 + (1|playerID)	true	SbPMX origin/main@a8fd3c02e1e2305683a56c91384701bfeba6b528:design/{ASKS.md,SbPMX.jl,mock_runtime.jl},compat/check-semantic-model-pipeline.jl		2026-07-28T21:07:08.555170+00:00	hierarchical_binomial_partial	true	log_odds ~ 1 + (1|playerID)\nH ~ BinomialLogit(AB, log_odds)	pass	family is not explicit or defensibly inferred	direct	pass	unresolved-family	https://bambinos.github.io/bambi/notebooks/hierarchical_binomial_bambi.html	@options + option_domain/option_records + semantic_card under semantic_app	cited_project_author_publisher_surface	https://ndownloader.figshare.com/files/29749140	05c3f465e7987e8d7caa7e214fedddd90415a922	p(H, AB) ~ 1 + (1|playerID)		binomial	text_offset=3517; matched_terms=playerid; context_sha256=eb8671f9eeb2dbad	direct population/likelihood route when the family and terms are supported	200	bridgestan-finite-density-gradient	35	synthetic n=12; positive continuous predictors; integer groups; family-valid outcome
unverifiable	not-run	trials/cbind response lowered to explicit BinomialLogit	https://bambinos.github.io/bambi/notebooks/alternative_links_binary.html	Retrieved source does not expose enough formula-specific evidence to confirm or refute the catalog claim conservatively.	unverifiable	inferred-from-description	ordinary_brm	845	CatalogServer_default_unsubstantiated	87ee880b79582a60	72	gaussian	renderer-default-contradicts semantic inference	-66.54212933375474	insufficient_terms:0/0	not-probed	12e44e4781fdc23b4ba7bdaf89e4fa5dbefa52d67af8548271af33351c0e7864	explicit_token_present	1				authoritative brm_descriptor/brm_execute; experimental SbPMX semantic_app mount adapter	ready	7250c7b9eab2a0f090bded1e82b2b8f89af686d50899430657196a2f5ed0290a	bambi	scripts/examples/bambi.jl	true	bambi:alternative_links_logit	pass	pass	alternative_links		unresolved-family		name_or_key_present	synthetic-no-external-receipt	pass	false	pass	false	pass	866f749e6ce1d1cee62aa13d21eb991c687c5054dc596dd5e45ddef10c184542	binomial	Alternative Links — Logit	p(y, n) ~ x	true	SbPMX origin/main@a8fd3c02e1e2305683a56c91384701bfeba6b528:design/{ASKS.md,SbPMX.jl,mock_runtime.jl},compat/check-semantic-model-pipeline.jl		2026-07-28T21:07:08.539819+00:00	alternative_links_logit	true	log_odds ~ x\ny ~ BinomialLogit(n, log_odds)	pass	family is not explicit or defensibly inferred	direct	pass	unresolved-family	https://bambinos.github.io/bambi/notebooks/alternative_links_binary.html	@options + option_domain/option_records + semantic_card under semantic_app	cited_project_author_publisher_surface	synthetic	05c3f465e7987e8d7caa7e214fedddd90415a922	p(y, n) ~ x		binomial	text_offset=33; matched_terms=alternative; context_sha256=7f1261d4379aa0f4	direct population/likelihood route when the family and terms are supported	200	bridgestan-finite-density-gradient	36	synthetic n=12; positive continuous predictors; integer groups; family-valid outcome
unverifiable	not-run	trials/cbind response lowered to explicit BinomialLogit	https://bambinos.github.io/bambi/notebooks/alternative_links_binary.html	Retrieved source does not expose enough formula-specific evidence to confirm or refute the catalog claim conservatively.	unverifiable	inferred-from-description	ordinary_brm	860	CatalogServer_default_unsubstantiated	87ee880b79582a60	72	gaussian	renderer-default-contradicts semantic inference	-66.54212933375474	insufficient_terms:0/0	not-probed	12e44e4781fdc23b4ba7bdaf89e4fa5dbefa52d67af8548271af33351c0e7864	explicit_token_present	1				authoritative brm_descriptor/brm_execute; experimental SbPMX semantic_app mount adapter	ready	7250c7b9eab2a0f090bded1e82b2b8f89af686d50899430657196a2f5ed0290a	bambi	scripts/examples/bambi.jl	true	bambi:alternative_links_probit	pass	pass	alternative_links		unresolved-family		name_or_key_present	synthetic-no-external-receipt	pass	false	pass	false	pass	866f749e6ce1d1cee62aa13d21eb991c687c5054dc596dd5e45ddef10c184542	binomial	Alternative Links — Probit	p(y, n) ~ x	true	SbPMX origin/main@a8fd3c02e1e2305683a56c91384701bfeba6b528:design/{ASKS.md,SbPMX.jl,mock_runtime.jl},compat/check-semantic-model-pipeline.jl		2026-07-28T21:07:08.539819+00:00	alternative_links_probit	true	log_odds ~ x\ny ~ BinomialLogit(n, log_odds)	pass	family is not explicit or defensibly inferred	inherited-identical-probe	pass	unresolved-family	https://bambinos.github.io/bambi/notebooks/alternative_links_binary.html	@options + option_domain/option_records + semantic_card under semantic_app	cited_project_author_publisher_surface	synthetic	05c3f465e7987e8d7caa7e214fedddd90415a922	p(y, n) ~ x		binomial	text_offset=33; matched_terms=alternative; context_sha256=7f1261d4379aa0f4	direct population/likelihood route when the family and terms are supported	200	bridgestan-finite-density-gradient	37	synthetic n=12; positive continuous predictors; integer groups; family-valid outcome
unverifiable	not-run	trials/cbind response lowered to explicit BinomialLogit	https://bambinos.github.io/bambi/notebooks/alternative_links_binary.html	Retrieved source does not expose enough formula-specific evidence to confirm or refute the catalog claim conservatively.	unverifiable	inferred-from-description	ordinary_brm	875	CatalogServer_default_unsubstantiated	87ee880b79582a60	72	gaussian	renderer-default-contradicts semantic inference	-66.54212933375474	insufficient_terms:0/0	not-probed	12e44e4781fdc23b4ba7bdaf89e4fa5dbefa52d67af8548271af33351c0e7864	explicit_token_present	1				authoritative brm_descriptor/brm_execute; experimental SbPMX semantic_app mount adapter	ready	7250c7b9eab2a0f090bded1e82b2b8f89af686d50899430657196a2f5ed0290a	bambi	scripts/examples/bambi.jl	true	bambi:alternative_links_cloglog	pass	pass	alternative_links		unresolved-family		name_or_key_present	synthetic-no-external-receipt	pass	false	pass	false	pass	866f749e6ce1d1cee62aa13d21eb991c687c5054dc596dd5e45ddef10c184542	binomial	Alternative Links — Complementary Log-Log	p(y, n) ~ x	true	SbPMX origin/main@a8fd3c02e1e2305683a56c91384701bfeba6b528:design/{ASKS.md,SbPMX.jl,mock_runtime.jl},compat/check-semantic-model-pipeline.jl		2026-07-28T21:07:08.539819+00:00	alternative_links_cloglog	true	log_odds ~ x\ny ~ BinomialLogit(n, log_odds)	pass	family is not explicit or defensibly inferred	inherited-identical-probe	pass	unresolved-family	https://bambinos.github.io/bambi/notebooks/alternative_links_binary.html	@options + option_domain/option_records + semantic_card under semantic_app	cited_project_author_publisher_surface	synthetic	05c3f465e7987e8d7caa7e214fedddd90415a922	p(y, n) ~ x		binomial	text_offset=33; matched_terms=alternative; context_sha256=7f1261d4379aa0f4	direct population/likelihood route when the family and terms are supported	200	bridgestan-finite-density-gradient	38	synthetic n=12; positive continuous predictors; integer groups; family-valid outcome
confirmed	not-run	likelihood family `wald` has no semantics-preserving current translation	https://bambinos.github.io/bambi/notebooks/wald_gamma_glm.html	The retrieved official/primary source contains the normalized claimed formula text.	confirmed	inferred-from-description	ordinary_brm	905	CatalogServer_default_unsubstantiated			gaussian	renderer-default-contradicts semantic inference		exact_text_present	not-probed		explicit_token_present					no executable descriptor until translation is resolved	unsupported	e4c4a3febd510eb94a41a200420a2fd29d8fe00559b6bfca2cb4269c85998ebb	bambi	scripts/examples/bambi.jl	true	bambi:wald_gamma_wald	not-run	not-run	wald_gamma		unresolved-family		name_or_key_present	reachable-data-or-description	not-run	false	not-run	false	not-run		wald	Wald Regression — Insurance Claims (Wald Family)	claimcst0 ~ C(agecat) + gender + area	not-run	SbPMX origin/main@a8fd3c02e1e2305683a56c91384701bfeba6b528:design/{ASKS.md,SbPMX.jl,mock_runtime.jl},compat/check-semantic-model-pipeline.jl		2026-07-28T21:07:08.616255+00:00	wald_gamma_wald	true		not-run	family is not explicit or defensibly inferred	not-probed	not-run	unresolved-family	https://bambinos.github.io/bambi/notebooks/wald_gamma_glm.html	@options + option_domain/option_records + semantic_card under semantic_app	cited_project_author_publisher_surface	https://ndownloader.figshare.com/files/28870713	05c3f465e7987e8d7caa7e214fedddd90415a922	claimcst0 ~ C(agecat) + gender + area		wald	text_offset=2500; matched_terms=agecat,area,claimcst0,gender; context_sha256=5ddf198e5697fb74	direct population/likelihood route when the family and terms are supported	200	unsupported	39	synthetic n=12; positive continuous predictors; integer groups; family-valid outcome
confirmed	not-run	mean/shape gamma model converted to Distributions shape/rate	https://bambinos.github.io/bambi/notebooks/wald_gamma_glm.html	The retrieved official/primary source contains the normalized claimed formula text.	confirmed	inferred-from-description	ordinary_brm	921	CatalogServer_default_unsubstantiated	faaf50b115ae466a	80	gaussian	renderer-default-contradicts semantic inference	-7.603557068658984	exact_text_present	not-probed	25f38c15f122a3a7f740e23095edfc4139f9dfdf5450f67ca04fc1fa65cd00d2	explicit_token_present	4				authoritative brm_descriptor/brm_execute; experimental SbPMX semantic_app mount adapter	ready	e4c4a3febd510eb94a41a200420a2fd29d8fe00559b6bfca2cb4269c85998ebb	bambi	scripts/examples/bambi.jl	true	bambi:wald_gamma_gamma	pass	pass	wald_gamma		unresolved-family		name_or_key_present	reachable-data-or-description	pass	false	pass	false	pass	f0799731a99ebde93052316576eb68056558495e6d81e017bb088c4f6672f7b5	gamma	Gamma Regression — Insurance Claims (Gamma Family)	claimcst0 ~ agecat + gender + area	true	SbPMX origin/main@a8fd3c02e1e2305683a56c91384701bfeba6b528:design/{ASKS.md,SbPMX.jl,mock_runtime.jl},compat/check-semantic-model-pipeline.jl		2026-07-28T21:07:08.616255+00:00	wald_gamma_gamma	true	log(mu) ~ agecat + gender + area\nlog(shape) ~ 1\nrate = shape / mu\nclaimcst0 ~ Gamma(shape, rate)	pass	family is not explicit or defensibly inferred	direct	pass	unresolved-family	https://bambinos.github.io/bambi/notebooks/wald_gamma_glm.html	@options + option_domain/option_records + semantic_card under semantic_app	cited_project_author_publisher_surface	https://ndownloader.figshare.com/files/28870713	05c3f465e7987e8d7caa7e214fedddd90415a922	claimcst0 ~ agecat + gender + area		gamma	text_offset=2500; matched_terms=agecat,area,claimcst0,gender; context_sha256=5ddf198e5697fb74	direct population/likelihood route when the family and terms are supported	200	bridgestan-finite-density-gradient	40	synthetic n=12; positive continuous predictors; integer groups; family-valid outcome
confirmed	not-run	current NegativeBinomial Julia/Stan parameterizations are documented as non-identical	https://bambinos.github.io/bambi/notebooks/negative_binomial.html	The retrieved official/primary source contains the normalized claimed formula text.	confirmed	inferred-from-description	ordinary_brm	956	CatalogServer_default_unsubstantiated			gaussian	renderer-default-contradicts semantic inference		exact_text_present	not-probed		explicit_token_present					no executable descriptor until translation is resolved	unsupported	debca1ede81f7beec4e26cb248077890a7f197c1a3fbdc11fbe3277caba2243f	bambi	scripts/examples/bambi.jl	true	bambi:negative_binomial_main	not-run	not-run	negative_binomial		unresolved-family		name_or_key_present	reachable-data-or-description	not-run	false	not-run	false	not-run		negativebinomial	Negative Binomial — Main Effects	daysabs ~ 0 + prog + scale(math)	not-run	SbPMX origin/main@a8fd3c02e1e2305683a56c91384701bfeba6b528:design/{ASKS.md,SbPMX.jl,mock_runtime.jl},compat/check-semantic-model-pipeline.jl		2026-07-28T21:07:08.578204+00:00	negative_binomial_main	true		not-run	family is not explicit or defensibly inferred	not-probed	not-run	unresolved-family	https://bambinos.github.io/bambi/notebooks/negative_binomial.html	@options + option_domain/option_records + semantic_card under semantic_app	cited_project_author_publisher_surface	https://stats.idre.ucla.edu/stat/stata/dae/nb_data.dta	05c3f465e7987e8d7caa7e214fedddd90415a922	daysabs ~ 0 + prog + scale(math)		negativebinomial	text_offset=6876; matched_terms=daysabs,math,prog; context_sha256=def4faf4c2f65f3e	direct population/likelihood route when the family and terms are supported	200	unsupported	41	synthetic n=12; positive continuous predictors; integer groups; family-valid outcome
confirmed	not-run	current NegativeBinomial Julia/Stan parameterizations are documented as non-identical	https://bambinos.github.io/bambi/notebooks/negative_binomial.html	The retrieved official/primary source contains the normalized claimed formula text.	confirmed	inferred-from-description	ordinary_brm	972	CatalogServer_default_unsubstantiated			gaussian	renderer-default-contradicts semantic inference		exact_text_present	not-probed		explicit_token_present					no executable descriptor until translation is resolved	unsupported	debca1ede81f7beec4e26cb248077890a7f197c1a3fbdc11fbe3277caba2243f	bambi	scripts/examples/bambi.jl	true	bambi:negative_binomial_interaction	not-run	not-run	negative_binomial		unresolved-family		name_or_key_present	reachable-data-or-description	not-run	false	not-run	false	not-run		negativebinomial	Negative Binomial — Interaction	daysabs ~ 0 + prog + scale(math) + prog:scale(math)	not-run	SbPMX origin/main@a8fd3c02e1e2305683a56c91384701bfeba6b528:design/{ASKS.md,SbPMX.jl,mock_runtime.jl},compat/check-semantic-model-pipeline.jl		2026-07-28T21:07:08.578204+00:00	negative_binomial_interaction	true		not-run	family is not explicit or defensibly inferred	not-probed	not-run	unresolved-family	https://bambinos.github.io/bambi/notebooks/negative_binomial.html	@options + option_domain/option_records + semantic_card under semantic_app	cited_project_author_publisher_surface	https://stats.idre.ucla.edu/stat/stata/dae/nb_data.dta	05c3f465e7987e8d7caa7e214fedddd90415a922	daysabs ~ 0 + prog + scale(math) + prog:scale(math)		negativebinomial	text_offset=6876; matched_terms=daysabs,math,prog; context_sha256=def4faf4c2f65f3e	direct population/likelihood route when the family and terms are supported	200	unsupported	42	synthetic n=12; positive continuous predictors; integer groups; family-valid outcome
confirmed	not-run	explicit log-link Poisson likelihood; offset(...) becomes ordinary log exposure	https://bambinos.github.io/bambi/notebooks/count_roaches.html	The retrieved official/primary source contains the normalized claimed formula text.	confirmed	inferred-from-description	ordinary_brm	1004	CatalogServer_default_unsubstantiated	a3d48c3db122f2d3	86	gaussian	renderer-default-contradicts semantic inference	-12.0	exact_text_present	not-probed	99c386d39bfd5b98d08c3101bcf636841b70d1f092a9d7e81f17cb50850036d7	explicit_token_present	4				authoritative brm_descriptor/brm_execute; experimental SbPMX semantic_app mount adapter	ready	a989a12065ab61d6c63377de0a884d9cc3dd53a6965c6cdbf0081f861c2e0a87	bambi	scripts/examples/bambi.jl	true	bambi:count_roaches_poisson	pass	pass	count_roaches		unresolved-family		name_or_key_present	reachable-data-or-description	pass	false	pass	false	pass	c89b56aaec2be486b0f2702cca5867fa2af78f38c60ab2406138a968f7c3c42b	poisson	Count Regression with Offset — Poisson	y ~ roach1 + treatment + senior + offset(log(exposure2))	true	SbPMX origin/main@a8fd3c02e1e2305683a56c91384701bfeba6b528:design/{ASKS.md,SbPMX.jl,mock_runtime.jl},compat/check-semantic-model-pipeline.jl		2026-07-28T21:07:08.550996+00:00	count_roaches_poisson	true	log_rate ~ roach1 + treatment + senior + log(exposure2)\ny ~ Poisson(exp(log_rate))	pass	family is not explicit or defensibly inferred	direct	pass	unresolved-family	https://bambinos.github.io/bambi/notebooks/count_roaches.html	@options + option_domain/option_records + semantic_card under semantic_app	cited_project_author_publisher_surface	https://raw.githubusercontent.com/bambinos/bambi/main/docs/notebooks/data/roaches.csv	05c3f465e7987e8d7caa7e214fedddd90415a922	y ~ roach1 + treatment + senior + offset(log(exposure2))		poisson	text_offset=2445; matched_terms=exposure2,roach1,senior,treatment; context_sha256=90d658005d3e94fa	direct population/likelihood route when the family and terms are supported	200	bridgestan-finite-density-gradient	43	synthetic n=12; positive continuous predictors; integer groups; family-valid outcome
confirmed	not-run	current NegativeBinomial Julia/Stan parameterizations are documented as non-identical	https://bambinos.github.io/bambi/notebooks/count_roaches.html	The retrieved official/primary source contains the normalized claimed formula text.	confirmed	inferred-from-description	ordinary_brm	1020	CatalogServer_default_unsubstantiated			gaussian	renderer-default-contradicts semantic inference		exact_text_present	not-probed		explicit_token_present					no executable descriptor until translation is resolved	unsupported	a989a12065ab61d6c63377de0a884d9cc3dd53a6965c6cdbf0081f861c2e0a87	bambi	scripts/examples/bambi.jl	true	bambi:count_roaches_nb	not-run	not-run	count_roaches		unresolved-family		name_or_key_present	reachable-data-or-description	not-run	false	not-run	false	not-run		negativebinomial	Count Regression with Offset — Negative Binomial	y ~ roach1 + treatment + senior + offset(log(exposure2))	not-run	SbPMX origin/main@a8fd3c02e1e2305683a56c91384701bfeba6b528:design/{ASKS.md,SbPMX.jl,mock_runtime.jl},compat/check-semantic-model-pipeline.jl		2026-07-28T21:07:08.550996+00:00	count_roaches_nb	true		not-run	family is not explicit or defensibly inferred	not-probed	not-run	unresolved-family	https://bambinos.github.io/bambi/notebooks/count_roaches.html	@options + option_domain/option_records + semantic_card under semantic_app	cited_project_author_publisher_surface	https://raw.githubusercontent.com/bambinos/bambi/main/docs/notebooks/data/roaches.csv	05c3f465e7987e8d7caa7e214fedddd90415a922	y ~ roach1 + treatment + senior + offset(log(exposure2))		negativebinomial	text_offset=2445; matched_terms=exposure2,roach1,senior,treatment; context_sha256=90d658005d3e94fa	direct population/likelihood route when the family and terms are supported	200	unsupported	44	synthetic n=12; positive continuous predictors; integer groups; family-valid outcome
confirmed	not-run	mean/precision beta parameterization written explicitly with inline shape expressions	https://bambinos.github.io/bambi/notebooks/beta_regression.html	The retrieved official/primary source contains the normalized claimed formula text.	confirmed	inferred-from-description	ordinary_brm	1098	CatalogServer_default_unsubstantiated	3593b54707d8db08	90	gaussian	renderer-default-contradicts semantic inference	-3.342077309841285	exact_text_present	not-probed	3ea12d3272d366600885d80324a91e90a82dbcb147b0ce9248b3afd3b2fcbdcb	explicit_token_present	2				authoritative brm_descriptor/brm_execute; experimental SbPMX semantic_app mount adapter	ready	c7aed1a5a8da36e25009dc4e85774bc7a447be70df2a5925be1e2d8a01a4972a	bambi	scripts/examples/bambi.jl	true	bambi:beta_probs_intercept	pass	pass	beta_probs		unresolved-family		name_or_key_present	synthetic-no-external-receipt	pass	false	pass	false	pass	912a33768d202ae70c1c229ef8449cce45877441593cec5ee83ab30d819d4250	beta	Beta Regression — Intercept Only (Probabilities)	probabilities ~ 1	true	SbPMX origin/main@a8fd3c02e1e2305683a56c91384701bfeba6b528:design/{ASKS.md,SbPMX.jl,mock_runtime.jl},compat/check-semantic-model-pipeline.jl		2026-07-28T21:07:08.540611+00:00	beta_probs_intercept	true	logit(mu) ~ 1\nlog(phi) ~ 1\nprobabilities ~ Beta(mu * phi, (1 - mu) * phi)	pass	family is not explicit or defensibly inferred	direct	pass	unresolved-family	https://bambinos.github.io/bambi/notebooks/beta_regression.html	@options + option_domain/option_records + semantic_card under semantic_app	cited_project_author_publisher_surface	synthetic	05c3f465e7987e8d7caa7e214fedddd90415a922	probabilities ~ 1		beta	text_offset=2281; matched_terms=probabilities; context_sha256=a0e50e4d1e09a066	direct population/likelihood route when the family and terms are supported	200	bridgestan-finite-density-gradient	45	synthetic n=12; positive continuous predictors; integer groups; family-valid outcome
confirmed	not-run	mean/precision beta parameterization written explicitly with inline shape expressions	https://bambinos.github.io/bambi/notebooks/beta_regression.html	The retrieved official/primary source contains the normalized claimed formula text.	confirmed	inferred-from-description	ordinary_brm	1113	CatalogServer_default_unsubstantiated	9d7e206f1be52225	92	gaussian	renderer-default-contradicts semantic inference	-3.342077309841285	exact_text_present	not-probed	b959e4ad8acf88ba232bcd35f9008aed9714e1a504548360aa37496b7c0d90a5	explicit_token_present	2				authoritative brm_descriptor/brm_execute; experimental SbPMX semantic_app mount adapter	ready	c7aed1a5a8da36e25009dc4e85774bc7a447be70df2a5925be1e2d8a01a4972a	bambi	scripts/examples/bambi.jl	true	bambi:beta_coin	pass	pass	beta_coin		unresolved-family		name_or_key_present	synthetic-no-external-receipt	pass	false	pass	false	pass	cff73644473e6c807dc8ca8134b70a37df4faa40fe07b2804ffa5cbc538faeb3	beta	Beta Regression — Coin Dirt	p ~ delta_d	true	SbPMX origin/main@a8fd3c02e1e2305683a56c91384701bfeba6b528:design/{ASKS.md,SbPMX.jl,mock_runtime.jl},compat/check-semantic-model-pipeline.jl		2026-07-28T21:07:08.540611+00:00	beta_coin	true	logit(mu) ~ delta_d\nlog(phi) ~ 1\np ~ Beta(mu * phi, (1 - mu) * phi)	pass	family is not explicit or defensibly inferred	direct	pass	unresolved-family	https://bambinos.github.io/bambi/notebooks/beta_regression.html	@options + option_domain/option_records + semantic_card under semantic_app	cited_project_author_publisher_surface	synthetic	05c3f465e7987e8d7caa7e214fedddd90415a922	p ~ delta_d		beta	text_offset=9652; matched_terms=delta_d; context_sha256=b20280001bd37644	direct population/likelihood route when the family and terms are supported	200	bridgestan-finite-density-gradient	46	synthetic n=12; positive continuous predictors; integer groups; family-valid outcome
confirmed	not-run	mean/precision beta parameterization written explicitly with inline shape expressions	https://bambinos.github.io/bambi/notebooks/beta_regression.html	The retrieved official/primary source contains the normalized claimed formula text.	confirmed	inferred-from-description	ordinary_brm	1128	CatalogServer_default_unsubstantiated	9ff55a833eafc31a	94	gaussian	renderer-default-contradicts semantic inference	-3.342077309841285	exact_text_present	not-probed	681da8b6194d397f5464741e949b3193c1667b11d635c0a9500c2619e98af517	explicit_token_present	2				authoritative brm_descriptor/brm_execute; experimental SbPMX semantic_app mount adapter	ready	c7aed1a5a8da36e25009dc4e85774bc7a447be70df2a5925be1e2d8a01a4972a	bambi	scripts/examples/bambi.jl	true	bambi:beta_batting_intercept	pass	pass	beta_batting		unresolved-family		name_or_key_present	reachable-data-or-description	pass	false	pass	false	pass	7e39d1fa87531dc1aa23e9ca5dd544d3cdc455800aa7161ef6c7b6ed8778e2fd	beta	Beta Regression — Batting Average Intercept Only	batting_avg ~ 1	true	SbPMX origin/main@a8fd3c02e1e2305683a56c91384701bfeba6b528:design/{ASKS.md,SbPMX.jl,mock_runtime.jl},compat/check-semantic-model-pipeline.jl		2026-07-28T21:07:08.540611+00:00	beta_batting_intercept	true	logit(mu) ~ 1\nlog(phi) ~ 1\nbatting_avg ~ Beta(mu * phi, (1 - mu) * phi)	pass	family is not explicit or defensibly inferred	direct	pass	unresolved-family	https://bambinos.github.io/bambi/notebooks/beta_regression.html	@options + option_domain/option_records + semantic_card under semantic_app	cited_project_author_publisher_surface	https://ndownloader.figshare.com/files/29749140	05c3f465e7987e8d7caa7e214fedddd90415a922	batting_avg ~ 1		beta	text_offset=12464; matched_terms=average,batting,batting_avg; context_sha256=dcbb021a88ae54f6	direct population/likelihood route when the family and terms are supported	200	bridgestan-finite-density-gradient	47	synthetic n=12; positive continuous predictors; integer groups; family-valid outcome
confirmed	not-run	mean/precision beta parameterization written explicitly with inline shape expressions	https://bambinos.github.io/bambi/notebooks/beta_regression.html	The retrieved official/primary source contains the normalized claimed formula text.	confirmed	inferred-from-description	ordinary_brm	1143	CatalogServer_default_unsubstantiated	0ed402108b95669b	96	gaussian	renderer-default-contradicts semantic inference	-3.342077309841285	exact_text_present	not-probed	708e14505fd89df2346f53bc011b8a4d53cbc8f09384c5159cb292a7f81ac1c6	explicit_token_present	2				authoritative brm_descriptor/brm_execute; experimental SbPMX semantic_app mount adapter	ready	c7aed1a5a8da36e25009dc4e85774bc7a447be70df2a5925be1e2d8a01a4972a	bambi	scripts/examples/bambi.jl	true	bambi:beta_batting_shift	pass	pass	beta_batting		unresolved-family		name_or_key_present	reachable-data-or-description	pass	false	pass	false	pass	fe1b0bf85d9dbecbfdb1ac41d614acaa5c94ac4743076de126040dbc63ec5a65	beta	Beta Regression — Batting Average with Shift Predictor	batting_avg ~ batting_avg_shift	true	SbPMX origin/main@a8fd3c02e1e2305683a56c91384701bfeba6b528:design/{ASKS.md,SbPMX.jl,mock_runtime.jl},compat/check-semantic-model-pipeline.jl		2026-07-28T21:07:08.540611+00:00	beta_batting_shift	true	logit(mu) ~ batting_avg_shift\nlog(phi) ~ 1\nbatting_avg ~ Beta(mu * phi, (1 - mu) * phi)	pass	family is not explicit or defensibly inferred	direct	pass	unresolved-family	https://bambinos.github.io/bambi/notebooks/beta_regression.html	@options + option_domain/option_records + semantic_card under semantic_app	cited_project_author_publisher_surface	https://ndownloader.figshare.com/files/29749140	05c3f465e7987e8d7caa7e214fedddd90415a922	batting_avg ~ batting_avg_shift		beta	text_offset=12464; matched_terms=average,batting,batting_avg; context_sha256=dcbb021a88ae54f6	direct population/likelihood route when the family and terms are supported	200	bridgestan-finite-density-gradient	48	synthetic n=12; positive continuous predictors; integer groups; family-valid outcome
unverifiable	not-run	likelihood family `categorical` has no semantics-preserving current translation	https://bambinos.github.io/bambi/notebooks/categorical_regression.html	Retrieved source does not expose enough formula-specific evidence to confirm or refute the catalog claim conservatively.	unverifiable	inferred-from-description	ordinary_brm	1222	CatalogServer_default_unsubstantiated			gaussian	renderer-default-contradicts semantic inference		insufficient_terms:0/0	not-probed		explicit_token_present					no executable descriptor until translation is resolved	unsupported	d3af4c8cfb9ed02527b12d34dfae6ae98cae021389b6c89484a4571d58b47ed6	bambi	scripts/examples/bambi.jl	true	bambi:categorical_toy	not-run	not-run	categorical_toy		unresolved-family		name_or_key_present	synthetic-no-external-receipt	not-run	false	not-run	false	not-run		categorical	Categorical Regression — Toy Dataset	y ~ x	not-run	SbPMX origin/main@a8fd3c02e1e2305683a56c91384701bfeba6b528:design/{ASKS.md,SbPMX.jl,mock_runtime.jl},compat/check-semantic-model-pipeline.jl		2026-07-28T21:07:08.545087+00:00	categorical_toy	true		not-run	family is not explicit or defensibly inferred	not-probed	not-run	unresolved-family	https://bambinos.github.io/bambi/notebooks/categorical_regression.html	@options + option_domain/option_records + semantic_card under semantic_app	cited_project_author_publisher_surface	synthetic	05c3f465e7987e8d7caa7e214fedddd90415a922	y ~ x		categorical	text_offset=0; matched_terms=categorical,dataset,regression; context_sha256=4b2331b914119f59	direct population/likelihood route when the family and terms are supported	200	unsupported	49	synthetic n=12; positive continuous predictors; integer groups; family-valid outcome
confirmed	not-run	likelihood family `categorical` has no semantics-preserving current translation	https://bambinos.github.io/bambi/notebooks/categorical_regression.html	The retrieved official/primary source contains the normalized claimed formula text.	confirmed	inferred-from-description	ordinary_brm	1237	CatalogServer_default_unsubstantiated			gaussian	renderer-default-contradicts semantic inference		exact_text_present	not-probed		explicit_token_present					no executable descriptor until translation is resolved	unsupported	d3af4c8cfb9ed02527b12d34dfae6ae98cae021389b6c89484a4571d58b47ed6	bambi	scripts/examples/bambi.jl	true	bambi:categorical_iris	not-run	not-run	categorical_regression		unresolved-family		name_or_key_present	reachable-data-or-description	not-run	false	not-run	false	not-run		categorical	Categorical Regression — Iris Species	species ~ sepal_length + sepal_width + petal_length + petal_width	not-run	SbPMX origin/main@a8fd3c02e1e2305683a56c91384701bfeba6b528:design/{ASKS.md,SbPMX.jl,mock_runtime.jl},compat/check-semantic-model-pipeline.jl		2026-07-28T21:07:08.545087+00:00	categorical_iris	true		not-run	family is not explicit or defensibly inferred	not-probed	not-run	unresolved-family	https://bambinos.github.io/bambi/notebooks/categorical_regression.html	@options + option_domain/option_records + semantic_card under semantic_app	cited_project_author_publisher_surface	https://vincentarelbundock.github.io/Rdatasets/csv/datasets/iris.csv	05c3f465e7987e8d7caa7e214fedddd90415a922	species ~ sepal_length + sepal_width + petal_length + petal_width		categorical	text_offset=4700; matched_terms=petal_length,petal_width,sepal_length,sepal_width,species; context_sha256=ab27749f451acefe	direct population/likelihood route when the family and terms are supported	200	unsupported	50	synthetic n=12; positive continuous predictors; integer groups; family-valid outcome
confirmed	not-run	likelihood family `categorical` has no semantics-preserving current translation	https://bambinos.github.io/bambi/notebooks/categorical_regression.html	The retrieved official/primary source contains the normalized claimed formula text.	confirmed	inferred-from-description	ordinary_brm	1256	CatalogServer_default_unsubstantiated			gaussian	renderer-default-contradicts semantic inference		exact_text_present	not-probed		explicit_token_present					no executable descriptor until translation is resolved	unsupported	d3af4c8cfb9ed02527b12d34dfae6ae98cae021389b6c89484a4571d58b47ed6	bambi	scripts/examples/bambi.jl	true	bambi:categorical_alligator	not-run	not-run	categorical_alligator		unresolved-family		name_or_key_present	synthetic-no-external-receipt	not-run	false	not-run	false	not-run		categorical	Categorical Regression — Alligator Food Choice	choice ~ length + sex	not-run	SbPMX origin/main@a8fd3c02e1e2305683a56c91384701bfeba6b528:design/{ASKS.md,SbPMX.jl,mock_runtime.jl},compat/check-semantic-model-pipeline.jl		2026-07-28T21:07:08.545087+00:00	categorical_alligator	true		not-run	family is not explicit or defensibly inferred	not-probed	not-run	unresolved-family	https://bambinos.github.io/bambi/notebooks/categorical_regression.html	@options + option_domain/option_records + semantic_card under semantic_app	cited_project_author_publisher_surface	synthetic	05c3f465e7987e8d7caa7e214fedddd90415a922	choice ~ length + sex		categorical	text_offset=7484; matched_terms=alligator,choice,food,sex; context_sha256=991c32098c88e3f8	direct population/likelihood route when the family and terms are supported	200	unsupported	51	synthetic n=12; positive continuous predictors; integer groups; family-valid outcome
confirmed	not-run	likelihood family `vonmises` has no semantics-preserving current translation	https://bambinos.github.io/bambi/notebooks/circular_regression.html	The retrieved official/primary source contains the normalized claimed formula text.	confirmed	inferred-from-description	ordinary_brm	1288	CatalogServer_default_unsubstantiated			gaussian	renderer-default-contradicts semantic inference		exact_text_present	not-probed		explicit_token_present					no executable descriptor until translation is resolved	unsupported	55699db4a48e4b67d2127310598349787cede90de9214c3abf15748140f8de9c	bambi	scripts/examples/bambi.jl	true	bambi:circular_vonmises	not-run	not-run	circular_regression		unresolved-family		name_or_key_present	reachable-data-or-description	not-run	false	not-run	false	not-run		vonmises	Circular Regression — Von Mises Family	direction ~ distance	not-run	SbPMX origin/main@a8fd3c02e1e2305683a56c91384701bfeba6b528:design/{ASKS.md,SbPMX.jl,mock_runtime.jl},compat/check-semantic-model-pipeline.jl		2026-07-28T21:07:08.548265+00:00	circular_vonmises	true		not-run	family is not explicit or defensibly inferred	not-probed	not-run	unresolved-family	https://bambinos.github.io/bambi/notebooks/circular_regression.html	@options + option_domain/option_records + semantic_card under semantic_app	cited_project_author_publisher_surface	https://ndownloader.figshare.com/files/34446077	05c3f465e7987e8d7caa7e214fedddd90415a922	direction ~ distance		vonmises	text_offset=0; matched_terms=circular,regression; context_sha256=ca82a03e9f7ce9bf	direct population/likelihood route when the family and terms are supported	200	unsupported	52	synthetic n=12; positive continuous predictors; integer groups; family-valid outcome
confirmed	not-run	explicit Normal likelihood; residual scale estimated on log scale	https://bambinos.github.io/bambi/notebooks/circular_regression.html	The retrieved official/primary source contains the normalized claimed formula text.	confirmed	inferred-from-description	ordinary_brm	1304	CatalogServer_default_unsubstantiated	059698c311f11ec5	106	gaussian	renderer-default-unsubstantiated; inference happens to agree	-7.817384082920588	exact_text_present	not-probed	3ee6b766ae16f1dd5d2f3ebd64264765eabcc2a2e4fd058a924ac84eea8fd2c4	explicit_token_present	2				authoritative brm_descriptor/brm_execute; experimental SbPMX semantic_app mount adapter	ready	55699db4a48e4b67d2127310598349787cede90de9214c3abf15748140f8de9c	bambi	scripts/examples/bambi.jl	true	bambi:circular_gaussian	pass	pass	circular_regression		unresolved-family		name_or_key_present	reachable-data-or-description	pass	false	pass	false	pass	ced2aadce7b1ea5d83e632ab90e0d563d465edccdd5c777a692c696a12ffb7ea	gaussian	Circular Regression — Gaussian Comparison	direction ~ distance	true	SbPMX origin/main@a8fd3c02e1e2305683a56c91384701bfeba6b528:design/{ASKS.md,SbPMX.jl,mock_runtime.jl},compat/check-semantic-model-pipeline.jl		2026-07-28T21:07:08.548265+00:00	circular_gaussian	true	loc ~ distance\nlog(sigma) ~ 1\ndirection ~ Normal(loc, sigma)	pass	family is not explicit or defensibly inferred	direct	pass	unresolved-family	https://bambinos.github.io/bambi/notebooks/circular_regression.html	@options + option_domain/option_records + semantic_card under semantic_app	cited_project_author_publisher_surface	https://ndownloader.figshare.com/files/34446077	05c3f465e7987e8d7caa7e214fedddd90415a922	direction ~ distance		gaussian	text_offset=9; matched_terms=circular,comparison,regression; context_sha256=9ba25b40e2187b4b	direct population/likelihood route when the family and terms are supported	200	bridgestan-finite-density-gradient	53	synthetic n=12; positive continuous predictors; integer groups; family-valid outcome
confirmed	not-run	bs(...) arguments do not map mechanically to current s(...) semantics	https://bambinos.github.io/bambi/notebooks/quantile_regression.html	The retrieved official/primary source contains the normalized claimed formula text.	confirmed	inferred-from-description	ordinary_brm	1332	CatalogServer_default_unsubstantiated			gaussian	renderer-default-contradicts semantic inference		exact_text_present	not-probed		explicit_token_present					no executable descriptor until translation is resolved	unsupported	505a4d8639de329e318e736aeddf4bb83790ab37a5fe482cd46f3b300d5c5496	bambi	scripts/examples/bambi.jl	true	bambi:quantile_p10	not-run	not-run	quantile_regression		unresolved-family		name_or_key_present	reachable-data-or-description	not-run	false	not-run	false	not-run		asymmetriclaplace	Quantile Regression — p10 (Asymmetric Laplace)	bmi ~ bs(age, knots=knots)	not-run	SbPMX origin/main@a8fd3c02e1e2305683a56c91384701bfeba6b528:design/{ASKS.md,SbPMX.jl,mock_runtime.jl},compat/check-semantic-model-pipeline.jl		2026-07-28T21:07:08.609709+00:00	quantile_p10	true		not-run	family is not explicit or defensibly inferred	not-probed	not-run	unresolved-family	https://bambinos.github.io/bambi/notebooks/quantile_regression.html	@options + option_domain/option_records + semantic_card under semantic_app	cited_project_author_publisher_surface	https://raw.githubusercontent.com/bambinos/bambi/main/docs/notebooks/data/bmi.csv	05c3f465e7987e8d7caa7e214fedddd90415a922	bmi ~ bs(age, knots=knots)		asymmetriclaplace	text_offset=1653; matched_terms=age,asymmetric,laplace; context_sha256=6eb28875a17f13e4	direct population/likelihood route when the family and terms are supported	200	unsupported	54	synthetic n=12; positive continuous predictors; integer groups; family-valid outcome
confirmed	not-run	bs(...) arguments do not map mechanically to current s(...) semantics	https://bambinos.github.io/bambi/notebooks/quantile_regression.html	The retrieved official/primary source contains the normalized claimed formula text.	confirmed	inferred-from-description	ordinary_brm	1347	CatalogServer_default_unsubstantiated			gaussian	renderer-default-contradicts semantic inference		exact_text_present	not-probed		explicit_token_present					no executable descriptor until translation is resolved	unsupported	505a4d8639de329e318e736aeddf4bb83790ab37a5fe482cd46f3b300d5c5496	bambi	scripts/examples/bambi.jl	true	bambi:quantile_p50	not-run	not-run	quantile_regression		unresolved-family		name_or_key_present	reachable-data-or-description	not-run	false	not-run	false	not-run		asymmetriclaplace	Quantile Regression — p50 (Asymmetric Laplace)	bmi ~ bs(age, knots=knots)	not-run	SbPMX origin/main@a8fd3c02e1e2305683a56c91384701bfeba6b528:design/{ASKS.md,SbPMX.jl,mock_runtime.jl},compat/check-semantic-model-pipeline.jl		2026-07-28T21:07:08.609709+00:00	quantile_p50	true		not-run	family is not explicit or defensibly inferred	not-probed	not-run	unresolved-family	https://bambinos.github.io/bambi/notebooks/quantile_regression.html	@options + option_domain/option_records + semantic_card under semantic_app	cited_project_author_publisher_surface	https://raw.githubusercontent.com/bambinos/bambi/main/docs/notebooks/data/bmi.csv	05c3f465e7987e8d7caa7e214fedddd90415a922	bmi ~ bs(age, knots=knots)		asymmetriclaplace	text_offset=1653; matched_terms=age,asymmetric,laplace; context_sha256=6eb28875a17f13e4	direct population/likelihood route when the family and terms are supported	200	unsupported	55	synthetic n=12; positive continuous predictors; integer groups; family-valid outcome
confirmed	not-run	bs(...) arguments do not map mechanically to current s(...) semantics	https://bambinos.github.io/bambi/notebooks/quantile_regression.html	The retrieved official/primary source contains the normalized claimed formula text.	confirmed	inferred-from-description	ordinary_brm	1363	CatalogServer_default_unsubstantiated			gaussian	renderer-default-contradicts semantic inference		exact_text_present	not-probed		explicit_token_present					no executable descriptor until translation is resolved	unsupported	505a4d8639de329e318e736aeddf4bb83790ab37a5fe482cd46f3b300d5c5496	bambi	scripts/examples/bambi.jl	true	bambi:quantile_p90	not-run	not-run	quantile_regression		unresolved-family		name_or_key_present	reachable-data-or-description	not-run	false	not-run	false	not-run		asymmetriclaplace	Quantile Regression — p90 (Asymmetric Laplace)	bmi ~ bs(age, knots=knots)	not-run	SbPMX origin/main@a8fd3c02e1e2305683a56c91384701bfeba6b528:design/{ASKS.md,SbPMX.jl,mock_runtime.jl},compat/check-semantic-model-pipeline.jl		2026-07-28T21:07:08.609709+00:00	quantile_p90	true		not-run	family is not explicit or defensibly inferred	not-probed	not-run	unresolved-family	https://bambinos.github.io/bambi/notebooks/quantile_regression.html	@options + option_domain/option_records + semantic_card under semantic_app	cited_project_author_publisher_surface	https://raw.githubusercontent.com/bambinos/bambi/main/docs/notebooks/data/bmi.csv	05c3f465e7987e8d7caa7e214fedddd90415a922	bmi ~ bs(age, knots=knots)		asymmetriclaplace	text_offset=1653; matched_terms=age,asymmetric,laplace; context_sha256=6eb28875a17f13e4	direct population/likelihood route when the family and terms are supported	200	unsupported	56	synthetic n=12; positive continuous predictors; integer groups; family-valid outcome
confirmed	not-run	bs(...) arguments do not map mechanically to current s(...) semantics	https://bambinos.github.io/bambi/notebooks/quantile_regression.html	The retrieved official/primary source contains the normalized claimed formula text.	confirmed	inferred-from-description	ordinary_brm	1378	CatalogServer_default_unsubstantiated			gaussian	renderer-default-unsubstantiated; inference happens to agree		exact_text_present	not-probed		explicit_token_present					no executable descriptor until translation is resolved	unsupported	505a4d8639de329e318e736aeddf4bb83790ab37a5fe482cd46f3b300d5c5496	bambi	scripts/examples/bambi.jl	true	bambi:quantile_gaussian	not-run	not-run	quantile_regression		unresolved-family		name_or_key_present	reachable-data-or-description	not-run	false	not-run	false	not-run		gaussian	Quantile Regression — Gaussian Comparison	bmi ~ bs(age, knots=knots)	not-run	SbPMX origin/main@a8fd3c02e1e2305683a56c91384701bfeba6b528:design/{ASKS.md,SbPMX.jl,mock_runtime.jl},compat/check-semantic-model-pipeline.jl		2026-07-28T21:07:08.609709+00:00	quantile_gaussian	true		not-run	family is not explicit or defensibly inferred	not-probed	not-run	unresolved-family	https://bambinos.github.io/bambi/notebooks/quantile_regression.html	@options + option_domain/option_records + semantic_card under semantic_app	cited_project_author_publisher_surface	https://raw.githubusercontent.com/bambinos/bambi/main/docs/notebooks/data/bmi.csv	05c3f465e7987e8d7caa7e214fedddd90415a922	bmi ~ bs(age, knots=knots)		gaussian	text_offset=9; matched_terms=comparison,quantile,regression; context_sha256=56dc6fe916551122	direct population/likelihood route when the family and terms are supported	200	unsupported	57	synthetic n=12; positive continuous predictors; integer groups; family-valid outcome
confirmed	not-run	nested/composite grouping factors require an explicit derived group id or reviewed gr(...; by=...) design	https://bambinos.github.io/bambi/notebooks/mister_p.html	The retrieved official/primary source contains the normalized claimed formula text.	confirmed	inferred-from-description	ordinary_brm	1412	CatalogServer_default_unsubstantiated			gaussian	renderer-default-contradicts semantic inference		exact_text_present	not-probed		explicit_token_present					no executable descriptor until translation is resolved	unsupported	b800c72ba2e9afe07aaf0e29cd799123a14a7450e1ef73817e5da2bd18a0c897	bambi	scripts/examples/bambi.jl	true	bambi:mister_p	not-run	not-run	mister_p		unresolved-family		name_or_key_present	reachable-data-or-description	not-run	false	not-run	false	not-run		binomial	MrP — Multilevel Regression and Post-Stratification	p(abortion, n) ~ male + repvote + (1|state) + (1|eth) + (1|edu) + (1|male:eth) + (1|edu:age) + (1|edu:eth)	not-run	SbPMX origin/main@a8fd3c02e1e2305683a56c91384701bfeba6b528:design/{ASKS.md,SbPMX.jl,mock_runtime.jl},compat/check-semantic-model-pipeline.jl		2026-07-28T21:07:08.565784+00:00	mister_p	true		not-run	family is not explicit or defensibly inferred	not-probed	not-run	unresolved-family	https://bambinos.github.io/bambi/notebooks/mister_p.html	@options + option_domain/option_records + semantic_card under semantic_app	cited_project_author_publisher_surface	https://dataverse.harvard.edu/	05c3f465e7987e8d7caa7e214fedddd90415a922	p(abortion, n) ~ male + repvote + (1|state) + (1|eth) + (1|edu) + (1|male:eth) + (1|edu:age) + (1|edu:eth)		binomial	text_offset=0; matched_terms=and,multilevel,post,regression,stratification; context_sha256=81581b0f77b20a2c	direct population/likelihood route when the family and terms are supported	200	unsupported	58	synthetic n=12; positive continuous predictors; integer groups; family-valid outcome
confirmed	not-run	row does not authoritatively pair the mean and zero-inflation submodels	https://bambinos.github.io/bambi/notebooks/zero_inflated_regression.html	The retrieved official/primary source contains the normalized claimed formula text.	confirmed	inferred-from-description	ordinary_brm	1443	CatalogServer_default_unsubstantiated			gaussian	renderer-default-contradicts semantic inference		exact_text_present	not-probed		explicit_token_present					no executable descriptor until translation is resolved	unsupported	33ca671e76ad52b873ffbb752c2d4fa94f142238d38ea4b2f5a3f43d30ef877d	bambi	scripts/examples/bambi.jl	true	bambi:zip_mu	not-run	not-run	zero_inflated		unresolved-family		name_or_key_present	reachable-data-or-description	not-run	false	not-run	false	not-run		zero_inflated_poisson	Zero Inflated Poisson — Mu Component	count ~ livebait + camper + persons + child	not-run	SbPMX origin/main@a8fd3c02e1e2305683a56c91384701bfeba6b528:design/{ASKS.md,SbPMX.jl,mock_runtime.jl},compat/check-semantic-model-pipeline.jl		2026-07-28T21:07:08.636314+00:00	zip_mu	true		not-run	family is not explicit or defensibly inferred	not-probed	not-run	unresolved-family	https://bambinos.github.io/bambi/notebooks/zero_inflated_regression.html	@options + option_domain/option_records + semantic_card under semantic_app	cited_project_author_publisher_surface	https://stats.idre.ucla.edu/stat/data/fish.csv	05c3f465e7987e8d7caa7e214fedddd90415a922	count ~ livebait + camper + persons + child		zero_inflated_poisson	text_offset=6908; matched_terms=camper,child,livebait,persons; context_sha256=9b0bf006f7585db3	direct population/likelihood route when the family and terms are supported	200	unsupported	59	synthetic n=12; positive continuous predictors; integer groups; family-valid outcome
confirmed	not-run	row does not authoritatively pair the mean and zero-inflation submodels	https://bambinos.github.io/bambi/notebooks/zero_inflated_regression.html	The retrieved official/primary source contains the normalized claimed formula text.	confirmed	inferred-from-description	ordinary_brm	1458	CatalogServer_default_unsubstantiated			gaussian	renderer-default-contradicts semantic inference		exact_text_present	not-probed		explicit_token_present					no executable descriptor until translation is resolved	unsupported	33ca671e76ad52b873ffbb752c2d4fa94f142238d38ea4b2f5a3f43d30ef877d	bambi	scripts/examples/bambi.jl	true	bambi:zip_psi	not-run	not-run	zero_inflated		unresolved-family		name_or_key_present	reachable-data-or-description	not-run	false	not-run	false	not-run		zero_inflated_poisson	Zero Inflated Poisson — Psi Component	psi ~ livebait + camper + persons + child	not-run	SbPMX origin/main@a8fd3c02e1e2305683a56c91384701bfeba6b528:design/{ASKS.md,SbPMX.jl,mock_runtime.jl},compat/check-semantic-model-pipeline.jl		2026-07-28T21:07:08.636314+00:00	zip_psi	true		not-run	family is not explicit or defensibly inferred	not-probed	not-run	unresolved-family	https://bambinos.github.io/bambi/notebooks/zero_inflated_regression.html	@options + option_domain/option_records + semantic_card under semantic_app	cited_project_author_publisher_surface	https://stats.idre.ucla.edu/stat/data/fish.csv	05c3f465e7987e8d7caa7e214fedddd90415a922	psi ~ livebait + camper + persons + child		zero_inflated_poisson	text_offset=6908; matched_terms=camper,child,livebait,persons; context_sha256=9b0bf006f7585db3	direct population/likelihood route when the family and terms are supported	200	unsupported	60	synthetic n=12; positive continuous predictors; integer groups; family-valid outcome
confirmed	not-run	likelihood family `hurdle_poisson` has no semantics-preserving current translation	https://bambinos.github.io/bambi/notebooks/zero_inflated_regression.html	The retrieved official/primary source contains the normalized claimed formula text.	confirmed	inferred-from-description	ordinary_brm	1473	CatalogServer_default_unsubstantiated			gaussian	renderer-default-contradicts semantic inference		exact_text_present	not-probed		explicit_token_present					no executable descriptor until translation is resolved	unsupported	33ca671e76ad52b873ffbb752c2d4fa94f142238d38ea4b2f5a3f43d30ef877d	bambi	scripts/examples/bambi.jl	true	bambi:hurdle_mu	not-run	not-run	zero_inflated		unresolved-family		name_or_key_present	reachable-data-or-description	not-run	false	not-run	false	not-run		hurdle_poisson	Hurdle Poisson — Mu Component	count ~ livebait + camper + persons + child	not-run	SbPMX origin/main@a8fd3c02e1e2305683a56c91384701bfeba6b528:design/{ASKS.md,SbPMX.jl,mock_runtime.jl},compat/check-semantic-model-pipeline.jl		2026-07-28T21:07:08.636314+00:00	hurdle_mu	true		not-run	family is not explicit or defensibly inferred	not-probed	not-run	unresolved-family	https://bambinos.github.io/bambi/notebooks/zero_inflated_regression.html	@options + option_domain/option_records + semantic_card under semantic_app	cited_project_author_publisher_surface	https://stats.idre.ucla.edu/stat/data/fish.csv	05c3f465e7987e8d7caa7e214fedddd90415a922	count ~ livebait + camper + persons + child		hurdle_poisson	text_offset=6908; matched_terms=camper,child,livebait,persons; context_sha256=9b0bf006f7585db3	direct population/likelihood route when the family and terms are supported	200	unsupported	61	synthetic n=12; positive continuous predictors; integer groups; family-valid outcome
confirmed	not-run	likelihood family `hurdle_poisson` has no semantics-preserving current translation	https://bambinos.github.io/bambi/notebooks/zero_inflated_regression.html	The retrieved official/primary source contains the normalized claimed formula text.	confirmed	inferred-from-description	ordinary_brm	1488	CatalogServer_default_unsubstantiated			gaussian	renderer-default-contradicts semantic inference		exact_text_present	not-probed		explicit_token_present					no executable descriptor until translation is resolved	unsupported	33ca671e76ad52b873ffbb752c2d4fa94f142238d38ea4b2f5a3f43d30ef877d	bambi	scripts/examples/bambi.jl	true	bambi:hurdle_psi	not-run	not-run	zero_inflated		unresolved-family		name_or_key_present	reachable-data-or-description	not-run	false	not-run	false	not-run		hurdle_poisson	Hurdle Poisson — Psi Component	psi ~ livebait + camper + persons + child	not-run	SbPMX origin/main@a8fd3c02e1e2305683a56c91384701bfeba6b528:design/{ASKS.md,SbPMX.jl,mock_runtime.jl},compat/check-semantic-model-pipeline.jl		2026-07-28T21:07:08.636314+00:00	hurdle_psi	true		not-run	family is not explicit or defensibly inferred	not-probed	not-run	unresolved-family	https://bambinos.github.io/bambi/notebooks/zero_inflated_regression.html	@options + option_domain/option_records + semantic_card under semantic_app	cited_project_author_publisher_surface	https://stats.idre.ucla.edu/stat/data/fish.csv	05c3f465e7987e8d7caa7e214fedddd90415a922	psi ~ livebait + camper + persons + child		hurdle_poisson	text_offset=6908; matched_terms=camper,child,livebait,persons; context_sha256=9b0bf006f7585db3	direct population/likelihood route when the family and terms are supported	200	unsupported	62	synthetic n=12; positive continuous predictors; integer groups; family-valid outcome
confirmed	not-run	likelihood family `cumulative` has no semantics-preserving current translation	https://bambinos.github.io/bambi/notebooks/ordinal_regression.html	The retrieved official/primary source contains the normalized claimed formula text.	confirmed	inferred-from-description	ordinary_brm	1536	CatalogServer_default_unsubstantiated			gaussian	renderer-default-contradicts semantic inference		exact_text_present	not-probed		explicit_token_present					no executable descriptor until translation is resolved	unsupported	9e01c47abcf9189d305e12bab6b552fa9c834e855ef5f0e87cd99b15eeeaa130	bambi	scripts/examples/bambi.jl	true	bambi:ordinal_trolley_intercept	not-run	not-run	ordinal_regression		unresolved-family		name_or_key_present	reachable-data-or-description	not-run	false	not-run	false	not-run		cumulative	Ordinal Regression — Trolley Intercept Only	response ~ 0	not-run	SbPMX origin/main@a8fd3c02e1e2305683a56c91384701bfeba6b528:design/{ASKS.md,SbPMX.jl,mock_runtime.jl},compat/check-semantic-model-pipeline.jl		2026-07-28T21:07:08.579350+00:00	ordinal_trolley_intercept	true		not-run	family is not explicit or defensibly inferred	not-probed	not-run	unresolved-family	https://bambinos.github.io/bambi/notebooks/ordinal_regression.html	@options + option_domain/option_records + semantic_card under semantic_app	cited_project_author_publisher_surface	https://raw.githubusercontent.com/rmcelreath/rethinking/master/data/Trolley.csv	05c3f465e7987e8d7caa7e214fedddd90415a922	response ~ 0		cumulative	text_offset=0; matched_terms=ordinal,regression; context_sha256=0fc766a8a8edf409	direct population/likelihood route when the family and terms are supported	200	unsupported	63	synthetic n=12; positive continuous predictors; integer groups; family-valid outcome
confirmed	not-run	likelihood family `cumulative` has no semantics-preserving current translation	https://bambinos.github.io/bambi/notebooks/ordinal_regression.html	The retrieved official/primary source contains the normalized claimed formula text.	confirmed	inferred-from-description	ordinary_brm	1552	CatalogServer_default_unsubstantiated			gaussian	renderer-default-contradicts semantic inference		exact_text_present	not-probed		explicit_token_present					no executable descriptor until translation is resolved	unsupported	9e01c47abcf9189d305e12bab6b552fa9c834e855ef5f0e87cd99b15eeeaa130	bambi	scripts/examples/bambi.jl	true	bambi:ordinal_trolley_effects	not-run	not-run	ordinal_regression		unresolved-family		name_or_key_present	reachable-data-or-description	not-run	false	not-run	false	not-run		cumulative	Ordinal Regression — Trolley Action/Intention/Contact	response ~ 0 + action + intention + contact + action:intention + contact:intention	not-run	SbPMX origin/main@a8fd3c02e1e2305683a56c91384701bfeba6b528:design/{ASKS.md,SbPMX.jl,mock_runtime.jl},compat/check-semantic-model-pipeline.jl		2026-07-28T21:07:08.579350+00:00	ordinal_trolley_effects	true		not-run	family is not explicit or defensibly inferred	not-probed	not-run	unresolved-family	https://bambinos.github.io/bambi/notebooks/ordinal_regression.html	@options + option_domain/option_records + semantic_card under semantic_app	cited_project_author_publisher_surface	https://raw.githubusercontent.com/rmcelreath/rethinking/master/data/Trolley.csv	05c3f465e7987e8d7caa7e214fedddd90415a922	response ~ 0 + action + intention + contact + action:intention + contact:intention		cumulative	text_offset=651; matched_terms=intention,ordinal,regression,response; context_sha256=38bb6fa9fd533544	direct population/likelihood route when the family and terms are supported	200	unsupported	64	synthetic n=12; positive continuous predictors; integer groups; family-valid outcome
confirmed	not-run	likelihood family `sratio` has no semantics-preserving current translation	https://bambinos.github.io/bambi/notebooks/ordinal_regression.html	The retrieved official/primary source contains the normalized claimed formula text.	confirmed	inferred-from-description	ordinary_brm	1568	CatalogServer_default_unsubstantiated			gaussian	renderer-default-contradicts semantic inference		exact_text_present	not-probed		explicit_token_present					no executable descriptor until translation is resolved	unsupported	9e01c47abcf9189d305e12bab6b552fa9c834e855ef5f0e87cd99b15eeeaa130	bambi	scripts/examples/bambi.jl	true	bambi:ordinal_hr_years	not-run	not-run	hr_attrition		unresolved-family		name_or_key_present	reachable-data-or-description	not-run	false	not-run	false	not-run		sratio	Ordinal Regression — HR Years at Company	YearsAtCompany ~ 0 + TotalWorkingYears	not-run	SbPMX origin/main@a8fd3c02e1e2305683a56c91384701bfeba6b528:design/{ASKS.md,SbPMX.jl,mock_runtime.jl},compat/check-semantic-model-pipeline.jl		2026-07-28T21:07:08.579350+00:00	ordinal_hr_years	true		not-run	family is not explicit or defensibly inferred	not-probed	not-run	unresolved-family	https://bambinos.github.io/bambi/notebooks/ordinal_regression.html	@options + option_domain/option_records + semantic_card under semantic_app	cited_project_author_publisher_surface	https://raw.githubusercontent.com/bambinos/bambi/main/docs/notebooks/data/hr_employee_attrition.tsv.txt	05c3f465e7987e8d7caa7e214fedddd90415a922	YearsAtCompany ~ 0 + TotalWorkingYears		sratio	text_offset=23187; matched_terms=company,years,yearsatcompany; context_sha256=785da7d4f2aefe8c	direct population/likelihood route when the family and terms are supported	200	unsupported	65	synthetic n=12; positive continuous predictors; integer groups; family-valid outcome
unverifiable	not-run	mean/shape gamma model converted to Distributions shape/rate	https://bambinos.github.io/bambi/notebooks/distributional_models.html	Retrieved source does not expose enough formula-specific evidence to confirm or refute the catalog claim conservatively.	unverifiable	inferred-from-description	ordinary_brm	1614	CatalogServer_default_unsubstantiated	f5d2232b77de538f	132	gaussian	renderer-default-contradicts semantic inference	-10.37931844461955	insufficient_terms:0/0	not-probed	e5dd46ca399dc61d38a5e97d7f061d4b396a19c142ec620e85ee7b60aacfbacb	explicit_token_present	2				authoritative brm_descriptor/brm_execute; experimental SbPMX semantic_app mount adapter	ready	f1569469b846c24ed4db169275feb8607d57cf0f65b059cb86259f5309e40a89	bambi	scripts/examples/bambi.jl	true	bambi:distributional_const_alpha	pass	pass	distributional_synth		unresolved-family		name_or_key_present	synthetic-no-external-receipt	pass	false	pass	false	pass	41940bffdbea299a63cdb4e978ee3a1e960acfa8991b9024b1b7b99fdbb28671	gamma	Distributional Models — Constant Alpha	y ~ x	true	SbPMX origin/main@a8fd3c02e1e2305683a56c91384701bfeba6b528:design/{ASKS.md,SbPMX.jl,mock_runtime.jl},compat/check-semantic-model-pipeline.jl		2026-07-28T21:07:08.551176+00:00	distributional_const_alpha	true	log(mu) ~ x\nlog(shape) ~ 1\nrate = shape / mu\ny ~ Gamma(shape, rate)	pass	family is not explicit or defensibly inferred	direct	pass	unresolved-family	https://bambinos.github.io/bambi/notebooks/distributional_models.html	@options + option_domain/option_records + semantic_card under semantic_app	cited_project_author_publisher_surface	synthetic	05c3f465e7987e8d7caa7e214fedddd90415a922	y ~ x		gamma	text_offset=0; matched_terms=distributional,models; context_sha256=42702691e45b2eec	direct population/likelihood route when the family and terms are supported	200	bridgestan-finite-density-gradient	66	synthetic n=12; positive continuous predictors; integer groups; family-valid outcome
confirmed	not-run	formula is not one top-level response formula	https://bambinos.github.io/bambi/notebooks/distributional_models.html	The retrieved official/primary source contains the normalized claimed formula text.	confirmed	inferred-from-description	ordinary_brm	1629	CatalogServer_default_unsubstantiated			gaussian	renderer-default-contradicts semantic inference		exact_text_present	not-probed		explicit_token_present					no executable descriptor until translation is resolved	unsupported	f1569469b846c24ed4db169275feb8607d57cf0f65b059cb86259f5309e40a89	bambi	scripts/examples/bambi.jl	true	bambi:distributional_var_alpha	not-run	not-run	distributional_synth		unresolved-family		name_or_key_present	synthetic-no-external-receipt	not-run	false	not-run	false	not-run		gamma	Distributional Models — Varying Alpha	y ~ x  +  alpha ~ x	not-run	SbPMX origin/main@a8fd3c02e1e2305683a56c91384701bfeba6b528:design/{ASKS.md,SbPMX.jl,mock_runtime.jl},compat/check-semantic-model-pipeline.jl		2026-07-28T21:07:08.551176+00:00	distributional_var_alpha	true		not-run	family is not explicit or defensibly inferred	not-probed	not-run	unresolved-family	https://bambinos.github.io/bambi/notebooks/distributional_models.html	@options + option_domain/option_records + semantic_card under semantic_app	cited_project_author_publisher_surface	synthetic	05c3f465e7987e8d7caa7e214fedddd90415a922	y ~ x  +  alpha ~ x		gamma	text_offset=0; matched_terms=distributional,models; context_sha256=42702691e45b2eec	direct population/likelihood route when the family and terms are supported	200	unsupported	67	synthetic n=12; positive continuous predictors; integer groups; family-valid outcome
confirmed	not-run	formula is not one top-level response formula	https://bambinos.github.io/bambi/notebooks/distributional_models.html	The retrieved official/primary source contains the normalized claimed formula text.	confirmed	inferred-from-description	ordinary_brm	1645	CatalogServer_default_unsubstantiated			gaussian	renderer-default-contradicts semantic inference		exact_text_present	not-probed		explicit_token_present					no executable descriptor until translation is resolved	unsupported	f1569469b846c24ed4db169275feb8607d57cf0f65b059cb86259f5309e40a89	bambi	scripts/examples/bambi.jl	true	bambi:distributional_bikes	not-run	not-run	distributional_models		unresolved-family		name_or_key_present	reachable-data-or-description	not-run	false	not-run	false	not-run		gamma	Distributional Models — Bikes Spline	count ~ 0 + bs(hour, 8, intercept=True)  +  alpha ~ 0 + bs(hour, 8, intercept=True)	not-run	SbPMX origin/main@a8fd3c02e1e2305683a56c91384701bfeba6b528:design/{ASKS.md,SbPMX.jl,mock_runtime.jl},compat/check-semantic-model-pipeline.jl		2026-07-28T21:07:08.551176+00:00	distributional_bikes	true		not-run	family is not explicit or defensibly inferred	not-probed	not-run	unresolved-family	https://bambinos.github.io/bambi/notebooks/distributional_models.html	@options + option_domain/option_records + semantic_card under semantic_app	cited_project_author_publisher_surface	https://ndownloader.figshare.com/files/38737026	05c3f465e7987e8d7caa7e214fedddd90415a922	count ~ 0 + bs(hour, 8, intercept=True)  +  alpha ~ 0 + bs(hour, 8, intercept=True)		gamma	text_offset=9599; matched_terms=bikes,hour; context_sha256=462c1ed30f151e54	direct population/likelihood route when the family and terms are supported	200	unsupported	68	synthetic n=12; positive continuous predictors; integer groups; family-valid outcome
confirmed	not-run	multi-axis/multi-argument hsgp does not map to current one-input gp(...)	https://bambinos.github.io/bambi/notebooks/hsgp_1d.html	The retrieved official/primary source contains the normalized claimed formula text.	confirmed	inferred-from-description	ordinary_brm	1693	CatalogServer_default_unsubstantiated			gaussian	renderer-default-unsubstantiated; inference happens to agree		exact_text_present	not-probed		explicit_token_present					no executable descriptor until translation is resolved	unsupported	d0b05a1a6a43cefbcf8ab0e1dfb2ab38ab30768a1d56b0d88a3e9252e631f53a	bambi	scripts/examples/bambi.jl	true	bambi:hsgp_1d_basic	not-run	not-run	hsgp_1d		unresolved-family		name_or_key_present	synthetic-no-external-receipt	not-run	false	not-run	false	not-run		gaussian	HSGP 1D — Basic	y ~ 0 + hsgp(x, m=10, c=2)	not-run	SbPMX origin/main@a8fd3c02e1e2305683a56c91384701bfeba6b528:design/{ASKS.md,SbPMX.jl,mock_runtime.jl},compat/check-semantic-model-pipeline.jl		2026-07-28T21:07:08.555326+00:00	hsgp_1d_basic	true		not-run	family is not explicit or defensibly inferred	not-probed	not-run	unresolved-family	https://bambinos.github.io/bambi/notebooks/hsgp_1d.html	@options + option_domain/option_records + semantic_card under semantic_app	cited_project_author_publisher_surface	synthetic	05c3f465e7987e8d7caa7e214fedddd90415a922	y ~ 0 + hsgp(x, m=10, c=2)		gaussian	text_offset=1652; matched_terms=basic; context_sha256=5c87a6e073bd6f2d	direct population/likelihood route when the family and terms are supported	200	unsupported	69	synthetic n=12; positive continuous predictors; integer groups; family-valid outcome
confirmed	not-run	multi-axis/multi-argument hsgp does not map to current one-input gp(...)	https://bambinos.github.io/bambi/notebooks/hsgp_1d.html	The retrieved official/primary source contains the normalized claimed formula text.	confirmed	inferred-from-description	ordinary_brm	1708	CatalogServer_default_unsubstantiated			gaussian	renderer-default-unsubstantiated; inference happens to agree		exact_text_present	not-probed		explicit_token_present					no executable descriptor until translation is resolved	unsupported	d0b05a1a6a43cefbcf8ab0e1dfb2ab38ab30768a1d56b0d88a3e9252e631f53a	bambi	scripts/examples/bambi.jl	true	bambi:hsgp_1d_centered	not-run	not-run	hsgp_1d		unresolved-family		name_or_key_present	synthetic-no-external-receipt	not-run	false	not-run	false	not-run		gaussian	HSGP 1D — Centered Parameterization	y ~ 0 + hsgp(x, m=10, c=2, centered=True)	not-run	SbPMX origin/main@a8fd3c02e1e2305683a56c91384701bfeba6b528:design/{ASKS.md,SbPMX.jl,mock_runtime.jl},compat/check-semantic-model-pipeline.jl		2026-07-28T21:07:08.555326+00:00	hsgp_1d_centered	true		not-run	family is not explicit or defensibly inferred	not-probed	not-run	unresolved-family	https://bambinos.github.io/bambi/notebooks/hsgp_1d.html	@options + option_domain/option_records + semantic_card under semantic_app	cited_project_author_publisher_surface	synthetic	05c3f465e7987e8d7caa7e214fedddd90415a922	y ~ 0 + hsgp(x, m=10, c=2, centered=True)		gaussian	text_offset=7409; matched_terms=centered; context_sha256=7f1f09d7aea59e8f	direct population/likelihood route when the family and terms are supported	200	unsupported	70	synthetic n=12; positive continuous predictors; integer groups; family-valid outcome
confirmed	not-run	multi-axis/multi-argument hsgp does not map to current one-input gp(...)	https://bambinos.github.io/bambi/notebooks/hsgp_1d.html	The retrieved official/primary source contains the normalized claimed formula text.	confirmed	inferred-from-description	ordinary_brm	1723	CatalogServer_default_unsubstantiated			gaussian	renderer-default-unsubstantiated; inference happens to agree		exact_text_present	not-probed		explicit_token_present					no executable descriptor until translation is resolved	unsupported	d0b05a1a6a43cefbcf8ab0e1dfb2ab38ab30768a1d56b0d88a3e9252e631f53a	bambi	scripts/examples/bambi.jl	true	bambi:hsgp_1d_by_group	not-run	not-run	gam_data		unresolved-family		name_or_key_present	reachable-data-or-description	not-run	false	not-run	false	not-run		gaussian	HSGP 1D — By Group (Shared Covariance)	y ~ 0 + hsgp(x2, by=fac, m=12, c=1.5)	not-run	SbPMX origin/main@a8fd3c02e1e2305683a56c91384701bfeba6b528:design/{ASKS.md,SbPMX.jl,mock_runtime.jl},compat/check-semantic-model-pipeline.jl		2026-07-28T21:07:08.555326+00:00	hsgp_1d_by_group	true		not-run	family is not explicit or defensibly inferred	not-probed	not-run	unresolved-family	https://bambinos.github.io/bambi/notebooks/hsgp_1d.html	@options + option_domain/option_records + semantic_card under semantic_app	cited_project_author_publisher_surface	https://raw.githubusercontent.com/bambinos/bambi/main/docs/notebooks/data/gam_data.csv	05c3f465e7987e8d7caa7e214fedddd90415a922	y ~ 0 + hsgp(x2, by=fac, m=12, c=1.5)		gaussian	text_offset=10826; matched_terms=fac,shared; context_sha256=4788300cf05a696e	direct population/likelihood route when the family and terms are supported	200	unsupported	71	synthetic n=12; positive continuous predictors; integer groups; family-valid outcome
confirmed	not-run	multi-axis/multi-argument hsgp does not map to current one-input gp(...)	https://bambinos.github.io/bambi/notebooks/hsgp_1d.html	The retrieved official/primary source contains the normalized claimed formula text.	confirmed	inferred-from-description	ordinary_brm	1739	CatalogServer_default_unsubstantiated			gaussian	renderer-default-unsubstantiated; inference happens to agree		exact_text_present	not-probed		explicit_token_present					no executable descriptor until translation is resolved	unsupported	d0b05a1a6a43cefbcf8ab0e1dfb2ab38ab30768a1d56b0d88a3e9252e631f53a	bambi	scripts/examples/bambi.jl	true	bambi:hsgp_1d_nocov	not-run	not-run	gam_data		unresolved-family		name_or_key_present	reachable-data-or-description	not-run	false	not-run	false	not-run		gaussian	HSGP 1D — By Group (No Shared Covariance)	y ~ 0 + hsgp(x2, by=fac, m=12, c=1.5, share_cov=False)	not-run	SbPMX origin/main@a8fd3c02e1e2305683a56c91384701bfeba6b528:design/{ASKS.md,SbPMX.jl,mock_runtime.jl},compat/check-semantic-model-pipeline.jl		2026-07-28T21:07:08.555326+00:00	hsgp_1d_nocov	true		not-run	family is not explicit or defensibly inferred	not-probed	not-run	unresolved-family	https://bambinos.github.io/bambi/notebooks/hsgp_1d.html	@options + option_domain/option_records + semantic_card under semantic_app	cited_project_author_publisher_surface	https://raw.githubusercontent.com/bambinos/bambi/main/docs/notebooks/data/gam_data.csv	05c3f465e7987e8d7caa7e214fedddd90415a922	y ~ 0 + hsgp(x2, by=fac, m=12, c=1.5, share_cov=False)		gaussian	text_offset=10826; matched_terms=fac,share_cov,shared; context_sha256=4788300cf05a696e	direct population/likelihood route when the family and terms are supported	200	unsupported	72	synthetic n=12; positive continuous predictors; integer groups; family-valid outcome
confirmed	not-run	multi-axis/multi-argument hsgp does not map to current one-input gp(...)	https://bambinos.github.io/bambi/notebooks/hsgp_2d.html	The retrieved official/primary source contains the normalized claimed formula text.	confirmed	inferred-from-description	ordinary_brm	1789	CatalogServer_default_unsubstantiated			gaussian	renderer-default-unsubstantiated; inference happens to agree		exact_text_present	not-probed		explicit_token_present					no executable descriptor until translation is resolved	unsupported	00bd5200788fcf21d9d133c15ed1228fe6f2e516a155d04c3e3b025e0ad3487b	bambi	scripts/examples/bambi.jl	true	bambi:hsgp_2d_iso	not-run	not-run	hsgp_2d		unresolved-family		name_or_key_present	synthetic-no-external-receipt	not-run	false	not-run	false	not-run		gaussian	HSGP 2D — Isotropic	outcome ~ 0 + hsgp(x, y, c=1.5, m=10)	not-run	SbPMX origin/main@a8fd3c02e1e2305683a56c91384701bfeba6b528:design/{ASKS.md,SbPMX.jl,mock_runtime.jl},compat/check-semantic-model-pipeline.jl		2026-07-28T21:07:08.560226+00:00	hsgp_2d_iso	true		not-run	family is not explicit or defensibly inferred	not-probed	not-run	unresolved-family	https://bambinos.github.io/bambi/notebooks/hsgp_2d.html	@options + option_domain/option_records + semantic_card under semantic_app	cited_project_author_publisher_surface	synthetic	05c3f465e7987e8d7caa7e214fedddd90415a922	outcome ~ 0 + hsgp(x, y, c=1.5, m=10)		gaussian	text_offset=4527; matched_terms=outcome; context_sha256=519d90bc59e48fd0	direct population/likelihood route when the family and terms are supported	200	unsupported	73	synthetic n=12; positive continuous predictors; integer groups; family-valid outcome
confirmed	not-run	multi-axis/multi-argument hsgp does not map to current one-input gp(...)	https://bambinos.github.io/bambi/notebooks/hsgp_2d.html	The retrieved official/primary source contains the normalized claimed formula text.	confirmed	inferred-from-description	ordinary_brm	1804	CatalogServer_default_unsubstantiated			gaussian	renderer-default-unsubstantiated; inference happens to agree		exact_text_present	not-probed		explicit_token_present					no executable descriptor until translation is resolved	unsupported	00bd5200788fcf21d9d133c15ed1228fe6f2e516a155d04c3e3b025e0ad3487b	bambi	scripts/examples/bambi.jl	true	bambi:hsgp_2d_by_group	not-run	not-run	hsgp_2d		unresolved-family		name_or_key_present	synthetic-no-external-receipt	not-run	false	not-run	false	not-run		gaussian	HSGP 2D — By Group (Shared Covariance)	outcome ~ 0 + hsgp(x, y, by=group, c=1.5, m=10)	not-run	SbPMX origin/main@a8fd3c02e1e2305683a56c91384701bfeba6b528:design/{ASKS.md,SbPMX.jl,mock_runtime.jl},compat/check-semantic-model-pipeline.jl		2026-07-28T21:07:08.560226+00:00	hsgp_2d_by_group	true		not-run	family is not explicit or defensibly inferred	not-probed	not-run	unresolved-family	https://bambinos.github.io/bambi/notebooks/hsgp_2d.html	@options + option_domain/option_records + semantic_card under semantic_app	cited_project_author_publisher_surface	synthetic	05c3f465e7987e8d7caa7e214fedddd90415a922	outcome ~ 0 + hsgp(x, y, by=group, c=1.5, m=10)		gaussian	text_offset=577; matched_terms=group; context_sha256=487827b296c417c8	direct population/likelihood route when the family and terms are supported	200	unsupported	74	synthetic n=12; positive continuous predictors; integer groups; family-valid outcome
confirmed	not-run	multi-axis/multi-argument hsgp does not map to current one-input gp(...)	https://bambinos.github.io/bambi/notebooks/hsgp_2d.html	The retrieved official/primary source contains the normalized claimed formula text.	confirmed	inferred-from-description	ordinary_brm	1819	CatalogServer_default_unsubstantiated			gaussian	renderer-default-unsubstantiated; inference happens to agree		exact_text_present	not-probed		explicit_token_present					no executable descriptor until translation is resolved	unsupported	00bd5200788fcf21d9d133c15ed1228fe6f2e516a155d04c3e3b025e0ad3487b	bambi	scripts/examples/bambi.jl	true	bambi:hsgp_2d_nocov	not-run	not-run	hsgp_2d		unresolved-family		name_or_key_present	synthetic-no-external-receipt	not-run	false	not-run	false	not-run		gaussian	HSGP 2D — By Group (No Shared Covariance)	outcome ~ 0 + hsgp(x, y, by=group, c=1.5, m=10, share_cov=False)	not-run	SbPMX origin/main@a8fd3c02e1e2305683a56c91384701bfeba6b528:design/{ASKS.md,SbPMX.jl,mock_runtime.jl},compat/check-semantic-model-pipeline.jl		2026-07-28T21:07:08.560226+00:00	hsgp_2d_nocov	true		not-run	family is not explicit or defensibly inferred	not-probed	not-run	unresolved-family	https://bambinos.github.io/bambi/notebooks/hsgp_2d.html	@options + option_domain/option_records + semantic_card under semantic_app	cited_project_author_publisher_surface	synthetic	05c3f465e7987e8d7caa7e214fedddd90415a922	outcome ~ 0 + hsgp(x, y, by=group, c=1.5, m=10, share_cov=False)		gaussian	text_offset=577; matched_terms=group; context_sha256=487827b296c417c8	direct population/likelihood route when the family and terms are supported	200	unsupported	75	synthetic n=12; positive continuous predictors; integer groups; family-valid outcome
confirmed	not-run	multi-axis/multi-argument hsgp does not map to current one-input gp(...)	https://bambinos.github.io/bambi/notebooks/hsgp_2d.html	The retrieved official/primary source contains the normalized claimed formula text.	confirmed	inferred-from-description	ordinary_brm	1835	CatalogServer_default_unsubstantiated			gaussian	renderer-default-unsubstantiated; inference happens to agree		exact_text_present	not-probed		explicit_token_present					no executable descriptor until translation is resolved	unsupported	00bd5200788fcf21d9d133c15ed1228fe6f2e516a155d04c3e3b025e0ad3487b	bambi	scripts/examples/bambi.jl	true	bambi:hsgp_2d_aniso	not-run	not-run	hsgp_2d		unresolved-family		name_or_key_present	synthetic-no-external-receipt	not-run	false	not-run	false	not-run		gaussian	HSGP 2D — Anisotropic	outcome ~ 0 + hsgp(x, y, c=1.5, m=10, iso=False)	not-run	SbPMX origin/main@a8fd3c02e1e2305683a56c91384701bfeba6b528:design/{ASKS.md,SbPMX.jl,mock_runtime.jl},compat/check-semantic-model-pipeline.jl		2026-07-28T21:07:08.560226+00:00	hsgp_2d_aniso	true		not-run	family is not explicit or defensibly inferred	not-probed	not-run	unresolved-family	https://bambinos.github.io/bambi/notebooks/hsgp_2d.html	@options + option_domain/option_records + semantic_card under semantic_app	cited_project_author_publisher_surface	synthetic	05c3f465e7987e8d7caa7e214fedddd90415a922	outcome ~ 0 + hsgp(x, y, c=1.5, m=10, iso=False)		gaussian	text_offset=4527; matched_terms=outcome; context_sha256=519d90bc59e48fd0	direct population/likelihood route when the family and terms are supported	200	unsupported	76	synthetic n=12; positive continuous predictors; integer groups; family-valid outcome
confirmed	not-run	multi-axis/multi-argument hsgp does not map to current one-input gp(...)	https://bambinos.github.io/bambi/notebooks/hsgp_2d.html	The retrieved official/primary source contains the normalized claimed formula text.	confirmed	inferred-from-description	ordinary_brm	1850	CatalogServer_default_unsubstantiated			gaussian	renderer-default-contradicts semantic inference		exact_text_present	not-probed		explicit_token_present					no executable descriptor until translation is resolved	unsupported	00bd5200788fcf21d9d133c15ed1228fe6f2e516a155d04c3e3b025e0ad3487b	bambi	scripts/examples/bambi.jl	true	bambi:hsgp_2d_poisson	not-run	not-run	poisson_data		unresolved-family		name_or_key_present	reachable-data-or-description	not-run	false	not-run	false	not-run		poisson	HSGP 2D — Spatial Poisson Count Data	Count ~ 0 + Year + X1:Year + (1|Site) + hsgp(Lon, Lat, by=Year, m=5, c=1.5)	not-run	SbPMX origin/main@a8fd3c02e1e2305683a56c91384701bfeba6b528:design/{ASKS.md,SbPMX.jl,mock_runtime.jl},compat/check-semantic-model-pipeline.jl		2026-07-28T21:07:08.560226+00:00	hsgp_2d_poisson	true		not-run	family is not explicit or defensibly inferred	not-probed	not-run	unresolved-family	https://bambinos.github.io/bambi/notebooks/hsgp_2d.html	@options + option_domain/option_records + semantic_card under semantic_app	cited_project_author_publisher_surface	https://raw.githubusercontent.com/bambinos/bambi/main/docs/notebooks/data/poisson_data.csv	05c3f465e7987e8d7caa7e214fedddd90415a922	Count ~ 0 + Year + X1:Year + (1|Site) + hsgp(Lon, Lat, by=Year, m=5, c=1.5)		poisson	text_offset=982; matched_terms=count,lat; context_sha256=4edf77b00ec2251f	direct population/likelihood route when the family and terms are supported	200	unsupported	77	synthetic n=12; positive continuous predictors; integer groups; family-valid outcome
confirmed	not-run	censored/truncated response	https://bambinos.github.io/bambi/notebooks/survival_model.html	The retrieved official/primary source contains the normalized claimed formula text.	confirmed	inferred-from-description	ordinary_brm	1884	CatalogServer_default_unsubstantiated			gaussian	renderer-default-contradicts semantic inference		exact_text_present	not-probed		explicit_token_present					no executable descriptor until translation is resolved	unsupported	f3c4ee91f4c1c4531310f75d4845f10712c777d82c5e192b4ca9add6d7cbec97	bambi	scripts/examples/bambi.jl	true	bambi:survival_intercept	not-run	not-run	survival_model		unresolved-family		name_or_key_present	reachable-data-or-description	not-run	false	not-run	false	not-run		exponential	Survival Model — Intercept Only	censored(days_to_event / 31, adopt) ~ 1	not-run	SbPMX origin/main@a8fd3c02e1e2305683a56c91384701bfeba6b528:design/{ASKS.md,SbPMX.jl,mock_runtime.jl},compat/check-semantic-model-pipeline.jl		2026-07-28T21:07:08.614043+00:00	survival_intercept	true		not-run	family is not explicit or defensibly inferred	not-probed	not-run	unresolved-family	https://bambinos.github.io/bambi/notebooks/survival_model.html	@options + option_domain/option_records + semantic_card under semantic_app	cited_project_author_publisher_surface	https://raw.githubusercontent.com/rmcelreath/rethinking/master/data/AustinCats.csv	05c3f465e7987e8d7caa7e214fedddd90415a922	censored(days_to_event / 31, adopt) ~ 1		exponential	text_offset=1769; matched_terms=adopt,censored; context_sha256=3489f2cd887b9a62	direct population/likelihood route when the family and terms are supported	200	unsupported	78	synthetic n=12; positive continuous predictors; integer groups; family-valid outcome
confirmed	not-run	censored/truncated response	https://bambinos.github.io/bambi/notebooks/survival_model.html	The retrieved official/primary source contains the normalized claimed formula text.	confirmed	inferred-from-description	ordinary_brm	1900	CatalogServer_default_unsubstantiated			gaussian	renderer-default-contradicts semantic inference		exact_text_present	not-probed		explicit_token_present					no executable descriptor until translation is resolved	unsupported	f3c4ee91f4c1c4531310f75d4845f10712c777d82c5e192b4ca9add6d7cbec97	bambi	scripts/examples/bambi.jl	true	bambi:survival_color	not-run	not-run	survival_model		unresolved-family		name_or_key_present	reachable-data-or-description	not-run	false	not-run	false	not-run		exponential	Survival Model — Color Effect	censored(days_to_event / 31, adopt) ~ 0 + color_id	not-run	SbPMX origin/main@a8fd3c02e1e2305683a56c91384701bfeba6b528:design/{ASKS.md,SbPMX.jl,mock_runtime.jl},compat/check-semantic-model-pipeline.jl		2026-07-28T21:07:08.614043+00:00	survival_color	true		not-run	family is not explicit or defensibly inferred	not-probed	not-run	unresolved-family	https://bambinos.github.io/bambi/notebooks/survival_model.html	@options + option_domain/option_records + semantic_card under semantic_app	cited_project_author_publisher_surface	https://raw.githubusercontent.com/rmcelreath/rethinking/master/data/AustinCats.csv	05c3f465e7987e8d7caa7e214fedddd90415a922	censored(days_to_event / 31, adopt) ~ 0 + color_id		exponential	text_offset=1769; matched_terms=adopt,censored,color; context_sha256=3489f2cd887b9a62	direct population/likelihood route when the family and terms are supported	200	unsupported	79	synthetic n=12; positive continuous predictors; integer groups; family-valid outcome
confirmed	not-run	explicit Bernoulli-logit likelihood	https://bambinos.github.io/bambi/notebooks/survival_discrete_time_notebook.html	The retrieved official/primary source contains the normalized claimed formula text.	confirmed	inferred-from-description	ordinary_brm	1948	CatalogServer_default_unsubstantiated	20e89bddf9084727	160	gaussian	renderer-default-contradicts semantic inference	-8.317766166719343	exact_text_present	not-probed	a78e6c94a0f1151370973d7519f4d6fcd03a1ea3c35bcd60cbda427a5391457f	explicit_token_present	3				authoritative brm_descriptor/brm_execute; experimental SbPMX semantic_app mount adapter	ready	e58a6aa3998e564c96b29412f6a541b96c67dcb25c338c77f4100815ccb2e1a5	bambi	scripts/examples/bambi.jl	true	bambi:survival_disc_sim	pass	pass	survival_discrete_time		unresolved-family		name_or_key_present	synthetic-no-external-receipt	pass	false	pass	false	pass	765764bf40236e38f1bedaf85f1fc425415b7a83baf539d6291889e7ca8d2ddb	bernoulli	Discrete Time Survival — Simulated Data	event ~ treatment + age + time	true	SbPMX origin/main@a8fd3c02e1e2305683a56c91384701bfeba6b528:design/{ASKS.md,SbPMX.jl,mock_runtime.jl},compat/check-semantic-model-pipeline.jl		2026-07-28T21:07:08.613134+00:00	survival_disc_sim	true	log_odds ~ treatment + age + time\nevent ~ BernoulliLogit(log_odds)	pass	family is not explicit or defensibly inferred	direct	pass	unresolved-family	https://bambinos.github.io/bambi/notebooks/survival_discrete_time_notebook.html	@options + option_domain/option_records + semantic_card under semantic_app	cited_project_author_publisher_surface	synthetic	05c3f465e7987e8d7caa7e214fedddd90415a922	event ~ treatment + age + time		bernoulli	text_offset=9; matched_terms=data,discrete,survival,time; context_sha256=8ba4d102b114acc2	direct population/likelihood route when the family and terms are supported	200	bridgestan-finite-density-gradient	80	synthetic n=12; positive continuous predictors; integer groups; family-valid outcome
confirmed	not-run	trials/cbind response lowered to explicit BinomialLogit	https://bambinos.github.io/bambi/notebooks/survival_discrete_time_notebook.html	The retrieved official/primary source contains the normalized claimed formula text.	confirmed	inferred-from-description	ordinary_brm	1964	CatalogServer_default_unsubstantiated	72cc32f5335700df	162	gaussian	renderer-default-contradicts semantic inference	-66.54212933375474	exact_text_present	not-probed	4e9c48bdca1164cc1bb4813f95d1d1128dde85de7122035e085b408b68fc4455	explicit_token_present	4				authoritative brm_descriptor/brm_execute; experimental SbPMX semantic_app mount adapter	ready	e58a6aa3998e564c96b29412f6a541b96c67dcb25c338c77f4100815ccb2e1a5	bambi	scripts/examples/bambi.jl	true	bambi:survival_disc_binomial	pass	pass	child_mortality		unresolved-family		name_or_key_present	reachable-data-or-description	pass	false	pass	false	pass	ff28aad58064615ee18eb133d6df42ffd916e8e4c19f7e7783827bff95b044e2	binomial	Discrete Time Survival — Binomial Child Mortality	p(events, at_risk) ~ sex + socBranch + period + scale(birth_decade)	true	SbPMX origin/main@a8fd3c02e1e2305683a56c91384701bfeba6b528:design/{ASKS.md,SbPMX.jl,mock_runtime.jl},compat/check-semantic-model-pipeline.jl		2026-07-28T21:07:08.613134+00:00	survival_disc_binomial	true	log_odds ~ sex + socBranch + period + zscale(birth_decade)\nevents ~ BinomialLogit(at_risk, log_odds)	pass	family is not explicit or defensibly inferred	direct	pass	unresolved-family	https://bambinos.github.io/bambi/notebooks/survival_discrete_time_notebook.html	@options + option_domain/option_records + semantic_card under semantic_app	cited_project_author_publisher_surface	https://raw.githubusercontent.com/bambinos/bambi/main/docs/notebooks/data/child.csv	05c3f465e7987e8d7caa7e214fedddd90415a922	p(events, at_risk) ~ sex + socBranch + period + scale(birth_decade)		binomial	text_offset=2230; matched_terms=child,mortality,period,sex; context_sha256=c0d987b5bf5ea18b	direct population/likelihood route when the family and terms are supported	200	bridgestan-finite-density-gradient	81	synthetic n=12; positive continuous predictors; integer groups; family-valid outcome
confirmed	not-run	bs(...) arguments do not map mechanically to current s(...) semantics	https://bambinos.github.io/bambi/notebooks/survival_discrete_time_notebook.html	The retrieved official/primary source contains the normalized claimed formula text.	confirmed	inferred-from-description	ordinary_brm	1980	CatalogServer_default_unsubstantiated			gaussian	renderer-default-contradicts semantic inference		exact_text_present	not-probed		explicit_token_present					no executable descriptor until translation is resolved	unsupported	e58a6aa3998e564c96b29412f6a541b96c67dcb25c338c77f4100815ccb2e1a5	bambi	scripts/examples/bambi.jl	true	bambi:survival_disc_spline	not-run	not-run	child_mortality		unresolved-family		name_or_key_present	reachable-data-or-description	not-run	false	not-run	false	not-run		binomial	Discrete Time Survival — Spline Baseline Hazard	p(events, at_risk) ~ sex + socBranch + bs(period, df=4) + scale(birth_decade)	not-run	SbPMX origin/main@a8fd3c02e1e2305683a56c91384701bfeba6b528:design/{ASKS.md,SbPMX.jl,mock_runtime.jl},compat/check-semantic-model-pipeline.jl		2026-07-28T21:07:08.613134+00:00	survival_disc_spline	true		not-run	family is not explicit or defensibly inferred	not-probed	not-run	unresolved-family	https://bambinos.github.io/bambi/notebooks/survival_discrete_time_notebook.html	@options + option_domain/option_records + semantic_card under semantic_app	cited_project_author_publisher_surface	https://raw.githubusercontent.com/bambinos/bambi/main/docs/notebooks/data/child.csv	05c3f465e7987e8d7caa7e214fedddd90415a922	p(events, at_risk) ~ sex + socBranch + bs(period, df=4) + scale(birth_decade)		binomial	text_offset=0; matched_terms=discrete,hazard,spline,survival,time; context_sha256=4b41f07b7f13d8b8	direct population/likelihood route when the family and terms are supported	200	unsupported	82	synthetic n=12; positive continuous predictors; integer groups; family-valid outcome
confirmed	not-run	explicit log-link Poisson likelihood; offset(...) becomes ordinary log exposure	https://bambinos.github.io/bambi/notebooks/survival_discrete_time_notebook.html	The retrieved official/primary source contains the normalized claimed formula text.	confirmed	inferred-from-description	ordinary_brm	1995	CatalogServer_default_unsubstantiated	e468a91e3933e460	166	gaussian	renderer-default-contradicts semantic inference	-12.0	exact_text_present	not-probed	5d21dc742365cf4be9f7ef8dcc383fdce617a583858ae7450764b335dc5092a8	explicit_token_present	5				authoritative brm_descriptor/brm_execute; experimental SbPMX semantic_app mount adapter	ready	e58a6aa3998e564c96b29412f6a541b96c67dcb25c338c77f4100815ccb2e1a5	bambi	scripts/examples/bambi.jl	true	bambi:survival_disc_poisson	pass	pass	child_mortality		unresolved-family		name_or_key_present	reachable-data-or-description	pass	false	pass	false	pass	c719f8f900a8c4cae4352f2e683382cce9df170f5e8e2d97c8a1d90f86d6045d	poisson	Discrete Time Survival — Poisson Alternative	events ~ sex + socBranch + period + scale(birth_decade) + offset(log(at_risk))	true	SbPMX origin/main@a8fd3c02e1e2305683a56c91384701bfeba6b528:design/{ASKS.md,SbPMX.jl,mock_runtime.jl},compat/check-semantic-model-pipeline.jl		2026-07-28T21:07:08.613134+00:00	survival_disc_poisson	true	log_rate ~ sex + socBranch + period + zscale(birth_decade) + log(at_risk)\nevents ~ Poisson(exp(log_rate))	pass	family is not explicit or defensibly inferred	direct	pass	unresolved-family	https://bambinos.github.io/bambi/notebooks/survival_discrete_time_notebook.html	@options + option_domain/option_records + semantic_card under semantic_app	cited_project_author_publisher_surface	https://raw.githubusercontent.com/bambinos/bambi/main/docs/notebooks/data/child.csv	05c3f465e7987e8d7caa7e214fedddd90415a922	events ~ sex + socBranch + period + scale(birth_decade) + offset(log(at_risk))		poisson	text_offset=0; matched_terms=discrete,survival,time; context_sha256=4b41f07b7f13d8b8	direct population/likelihood route when the family and terms are supported	200	bridgestan-finite-density-gradient	83	synthetic n=12; positive continuous predictors; integer groups; family-valid outcome
confirmed	not-run	censored/truncated response	https://bambinos.github.io/bambi/notebooks/survival_continuous_time_notebook.html	The retrieved official/primary source contains the normalized claimed formula text.	confirmed	inferred-from-description	ordinary_brm	2045	CatalogServer_default_unsubstantiated			gaussian	renderer-default-contradicts semantic inference		exact_text_present	not-probed		explicit_token_present					no executable descriptor until translation is resolved	unsupported	d4fa259213a97f9ef27b2d48434b8f792ecc668ca926af51d7fbf0fb30b2916d	bambi	scripts/examples/bambi.jl	true	bambi:survival_cont_weibull	not-run	not-run	survival_continuous_time		unresolved-family		name_or_key_present	synthetic-no-external-receipt	not-run	false	not-run	false	not-run		weibull	Continuous Time Survival — Weibull	censored(time, censoring) ~ treatment + age	not-run	SbPMX origin/main@a8fd3c02e1e2305683a56c91384701bfeba6b528:design/{ASKS.md,SbPMX.jl,mock_runtime.jl},compat/check-semantic-model-pipeline.jl		2026-07-28T21:07:08.612896+00:00	survival_cont_weibull	true		not-run	family is not explicit or defensibly inferred	not-probed	not-run	unresolved-family	https://bambinos.github.io/bambi/notebooks/survival_continuous_time_notebook.html	@options + option_domain/option_records + semantic_card under semantic_app	cited_project_author_publisher_surface	synthetic	05c3f465e7987e8d7caa7e214fedddd90415a922	censored(time, censoring) ~ treatment + age		weibull	text_offset=11; matched_terms=continuous,survival,time; context_sha256=1f28fa95cccb75ec	direct population/likelihood route when the family and terms are supported	200	unsupported	84	synthetic n=12; positive continuous predictors; integer groups; family-valid outcome
confirmed	not-run	censored/truncated response	https://bambinos.github.io/bambi/notebooks/survival_continuous_time_notebook.html	The retrieved official/primary source contains the normalized claimed formula text.	confirmed	inferred-from-description	ordinary_brm	2061	CatalogServer_default_unsubstantiated			gaussian	renderer-default-contradicts semantic inference		exact_text_present	not-probed		explicit_token_present					no executable descriptor until translation is resolved	unsupported	d4fa259213a97f9ef27b2d48434b8f792ecc668ca926af51d7fbf0fb30b2916d	bambi	scripts/examples/bambi.jl	true	bambi:survival_cont_retention_fe	not-run	not-run	retention		unresolved-family		name_or_key_present	reachable-data-or-description	not-run	false	not-run	false	not-run		weibull	Continuous Time Survival — Retention Fixed Effects	censored(month, censoring) ~ C(gender) + C(level) + C(field) + sentiment + intention	not-run	SbPMX origin/main@a8fd3c02e1e2305683a56c91384701bfeba6b528:design/{ASKS.md,SbPMX.jl,mock_runtime.jl},compat/check-semantic-model-pipeline.jl		2026-07-28T21:07:08.612896+00:00	survival_cont_retention_fe	true		not-run	family is not explicit or defensibly inferred	not-probed	not-run	unresolved-family	https://bambinos.github.io/bambi/notebooks/survival_continuous_time_notebook.html	@options + option_domain/option_records + semantic_card under semantic_app	cited_project_author_publisher_surface	https://raw.githubusercontent.com/bambinos/bambi/main/docs/notebooks/data/retention.csv	05c3f465e7987e8d7caa7e214fedddd90415a922	censored(month, censoring) ~ C(gender) + C(level) + C(field) + sentiment + intention		weibull	text_offset=700; matched_terms=continuous,effects,fixed,intention,level,survival,time; context_sha256=38bb6fa9fd533544	direct population/likelihood route when the family and terms are supported	200	unsupported	85	synthetic n=12; positive continuous predictors; integer groups; family-valid outcome
confirmed	not-run	censored/truncated response	https://bambinos.github.io/bambi/notebooks/survival_continuous_time_notebook.html	The retrieved official/primary source contains the normalized claimed formula text.	confirmed	inferred-from-description	ordinary_brm	2077	CatalogServer_default_unsubstantiated			gaussian	renderer-default-contradicts semantic inference		exact_text_present	not-probed		explicit_token_present					no executable descriptor until translation is resolved	unsupported	d4fa259213a97f9ef27b2d48434b8f792ecc668ca926af51d7fbf0fb30b2916d	bambi	scripts/examples/bambi.jl	true	bambi:survival_cont_retention_re	not-run	not-run	retention		unresolved-family		name_or_key_present	reachable-data-or-description	not-run	false	not-run	false	not-run		weibull	Continuous Time Survival — Retention Random Effects	censored(month, censoring) ~ C(gender) + C(level) + sentiment + intention + (1|field)	not-run	SbPMX origin/main@a8fd3c02e1e2305683a56c91384701bfeba6b528:design/{ASKS.md,SbPMX.jl,mock_runtime.jl},compat/check-semantic-model-pipeline.jl		2026-07-28T21:07:08.612896+00:00	survival_cont_retention_re	true		not-run	family is not explicit or defensibly inferred	not-probed	not-run	unresolved-family	https://bambinos.github.io/bambi/notebooks/survival_continuous_time_notebook.html	@options + option_domain/option_records + semantic_card under semantic_app	cited_project_author_publisher_surface	https://raw.githubusercontent.com/bambinos/bambi/main/docs/notebooks/data/retention.csv	05c3f465e7987e8d7caa7e214fedddd90415a922	censored(month, censoring) ~ C(gender) + C(level) + sentiment + intention + (1|field)		weibull	text_offset=700; matched_terms=continuous,effects,intention,level,random,survival,time; context_sha256=38bb6fa9fd533544	direct population/likelihood route when the family and terms are supported	200	unsupported	86	synthetic n=12; positive continuous predictors; integer groups; family-valid outcome
unverifiable	not-run	explicit Normal likelihood; residual scale estimated on log scale	https://bambinos.github.io/bambi/notebooks/orthogonal_polynomial_reg.html	Retrieved source does not expose enough formula-specific evidence to confirm or refute the catalog claim conservatively.	unverifiable	inferred-from-description	ordinary_brm	2121	CatalogServer_default_unsubstantiated	b4e43a7ca2279f5f	54	gaussian	renderer-default-unsubstantiated; inference happens to agree	-7.817384082920588	insufficient_terms:0/0	not-probed	41b3eb9e7c42c58abdce031a736dd0183066fdb7e65190cb29395b898b7dc584	explicit_token_present	4				authoritative brm_descriptor/brm_execute; experimental SbPMX semantic_app mount adapter	ready	d78ffb6abe92e25cf2bca2715982301ec1461ca1c9269214ea8d27ecadceb5f5	bambi	scripts/examples/bambi.jl	true	bambi:orthopoly_explicit	pass	pass	orthopoly_projectile		unresolved-family		name_or_key_present	synthetic-no-external-receipt	pass	false	pass	false	pass	a1f0101acb96ae6d11ea15d531969e01be7c88173623b78ff6065154cc861784	gaussian	Orthogonal Polynomial — Explicit Quadratic	x ~ I(t**2) + t + 1	true	SbPMX origin/main@a8fd3c02e1e2305683a56c91384701bfeba6b528:design/{ASKS.md,SbPMX.jl,mock_runtime.jl},compat/check-semantic-model-pipeline.jl		2026-07-28T21:07:08.579484+00:00	orthopoly_explicit	true	loc ~ protect(t^2) + t + 1\nlog(sigma) ~ 1\nx ~ Normal(loc, sigma)	pass	family is not explicit or defensibly inferred	inherited-identical-probe	pass	unresolved-family	https://bambinos.github.io/bambi/notebooks/orthogonal_polynomial_reg.html	@options + option_domain/option_records + semantic_card under semantic_app	cited_project_author_publisher_surface	synthetic	05c3f465e7987e8d7caa7e214fedddd90415a922	x ~ I(t**2) + t + 1		gaussian	text_offset=0; matched_terms=orthogonal,polynomial; context_sha256=44c7d3f2a97b1a75	direct population/likelihood route when the family and terms are supported	200	bridgestan-finite-density-gradient	87	synthetic n=12; positive continuous predictors; integer groups; family-valid outcome
confirmed	not-run	term has no semantics-preserving mechanical alias	https://bambinos.github.io/bambi/notebooks/orthogonal_polynomial_reg.html	The retrieved official/primary source contains the normalized claimed formula text.	confirmed	inferred-from-description	ordinary_brm	2136	CatalogServer_default_unsubstantiated			gaussian	renderer-default-unsubstantiated; inference happens to agree		exact_text_present	not-probed		explicit_token_present					no executable descriptor until translation is resolved	unsupported	d78ffb6abe92e25cf2bca2715982301ec1461ca1c9269214ea8d27ecadceb5f5	bambi	scripts/examples/bambi.jl	true	bambi:orthopoly_poly	not-run	not-run	orthopoly_projectile		unresolved-family		name_or_key_present	synthetic-no-external-receipt	not-run	false	not-run	false	not-run		gaussian	Orthogonal Polynomial — poly() Degree 2	x ~ poly(t, 2) + 1	not-run	SbPMX origin/main@a8fd3c02e1e2305683a56c91384701bfeba6b528:design/{ASKS.md,SbPMX.jl,mock_runtime.jl},compat/check-semantic-model-pipeline.jl		2026-07-28T21:07:08.579484+00:00	orthopoly_poly	true		not-run	family is not explicit or defensibly inferred	not-probed	not-run	unresolved-family	https://bambinos.github.io/bambi/notebooks/orthogonal_polynomial_reg.html	@options + option_domain/option_records + semantic_card under semantic_app	cited_project_author_publisher_surface	synthetic	05c3f465e7987e8d7caa7e214fedddd90415a922	x ~ poly(t, 2) + 1		gaussian	text_offset=0; matched_terms=orthogonal,polynomial; context_sha256=44c7d3f2a97b1a75	direct population/likelihood route when the family and terms are supported	200	unsupported	88	synthetic n=12; positive continuous predictors; integer groups; family-valid outcome
confirmed	not-run	explicit Normal likelihood; residual scale estimated on log scale	https://bambinos.github.io/bambi/notebooks/orthogonal_polynomial_reg.html	The retrieved official/primary source contains the normalized claimed formula text.	confirmed	inferred-from-description	ordinary_brm	2151	CatalogServer_default_unsubstantiated	775959795892889a	178	gaussian	renderer-default-unsubstantiated; inference happens to agree	-7.817384082920588	exact_text_present	not-probed	5a442e3cf95feb29bb999412bce1ba427534dc0f33cd54fdd38b5734fd0b9aa9	explicit_token_present	2				authoritative brm_descriptor/brm_execute; experimental SbPMX semantic_app mount adapter	ready	d78ffb6abe92e25cf2bca2715982301ec1461ca1c9269214ea8d27ecadceb5f5	bambi	scripts/examples/bambi.jl	true	bambi:orthopoly_linear	pass	pass	orthogonal_polynomial		unresolved-family		name_or_key_present	reachable-data-or-description	pass	false	pass	false	pass	b46f6c01b396315f998d7da77c25846d008cb2f7b055eaee4b5a856ca4865101	gaussian	Orthogonal Polynomial — MPG Linear	mpg ~ horsepower	true	SbPMX origin/main@a8fd3c02e1e2305683a56c91384701bfeba6b528:design/{ASKS.md,SbPMX.jl,mock_runtime.jl},compat/check-semantic-model-pipeline.jl		2026-07-28T21:07:08.579484+00:00	orthopoly_linear	true	loc ~ horsepower\nlog(sigma) ~ 1\nmpg ~ Normal(loc, sigma)	pass	family is not explicit or defensibly inferred	direct	pass	unresolved-family	https://bambinos.github.io/bambi/notebooks/orthogonal_polynomial_reg.html	@options + option_domain/option_records + semantic_card under semantic_app	cited_project_author_publisher_surface	https://raw.githubusercontent.com/mwaskom/seaborn-data/master/mpg.csv	05c3f465e7987e8d7caa7e214fedddd90415a922	mpg ~ horsepower		gaussian	text_offset=23064; matched_terms=horsepower,mpg; context_sha256=175adbbd0837f515	direct population/likelihood route when the family and terms are supported	200	bridgestan-finite-density-gradient	89	synthetic n=12; positive continuous predictors; integer groups; family-valid outcome
confirmed	not-run	term has no semantics-preserving mechanical alias	https://bambinos.github.io/bambi/notebooks/orthogonal_polynomial_reg.html	The retrieved official/primary source contains the normalized claimed formula text.	confirmed	inferred-from-description	ordinary_brm	2166	CatalogServer_default_unsubstantiated			gaussian	renderer-default-unsubstantiated; inference happens to agree		exact_text_present	not-probed		explicit_token_present					no executable descriptor until translation is resolved	unsupported	d78ffb6abe92e25cf2bca2715982301ec1461ca1c9269214ea8d27ecadceb5f5	bambi	scripts/examples/bambi.jl	true	bambi:orthopoly_quad	not-run	not-run	orthogonal_polynomial		unresolved-family		name_or_key_present	reachable-data-or-description	not-run	false	not-run	false	not-run		gaussian	Orthogonal Polynomial — MPG Quadratic	mpg ~ poly(horsepower, 2)	not-run	SbPMX origin/main@a8fd3c02e1e2305683a56c91384701bfeba6b528:design/{ASKS.md,SbPMX.jl,mock_runtime.jl},compat/check-semantic-model-pipeline.jl		2026-07-28T21:07:08.579484+00:00	orthopoly_quad	true		not-run	family is not explicit or defensibly inferred	not-probed	not-run	unresolved-family	https://bambinos.github.io/bambi/notebooks/orthogonal_polynomial_reg.html	@options + option_domain/option_records + semantic_card under semantic_app	cited_project_author_publisher_surface	https://raw.githubusercontent.com/mwaskom/seaborn-data/master/mpg.csv	05c3f465e7987e8d7caa7e214fedddd90415a922	mpg ~ poly(horsepower, 2)		gaussian	text_offset=23064; matched_terms=horsepower,mpg; context_sha256=175adbbd0837f515	direct population/likelihood route when the family and terms are supported	200	unsupported	90	synthetic n=12; positive continuous predictors; integer groups; family-valid outcome
confirmed	not-run	term has no semantics-preserving mechanical alias	https://bambinos.github.io/bambi/notebooks/orthogonal_polynomial_reg.html	The retrieved official/primary source contains the normalized claimed formula text.	confirmed	inferred-from-description	ordinary_brm	2181	CatalogServer_default_unsubstantiated			gaussian	renderer-default-unsubstantiated; inference happens to agree		exact_text_present	not-probed		explicit_token_present					no executable descriptor until translation is resolved	unsupported	d78ffb6abe92e25cf2bca2715982301ec1461ca1c9269214ea8d27ecadceb5f5	bambi	scripts/examples/bambi.jl	true	bambi:orthopoly_compare	not-run	not-run	orthogonal_polynomial		unresolved-family		name_or_key_present	reachable-data-or-description	not-run	false	not-run	false	not-run		gaussian	Orthogonal Polynomial — MPG Degree Comparison	mpg ~ poly(horsepower, degree)	not-run	SbPMX origin/main@a8fd3c02e1e2305683a56c91384701bfeba6b528:design/{ASKS.md,SbPMX.jl,mock_runtime.jl},compat/check-semantic-model-pipeline.jl		2026-07-28T21:07:08.579484+00:00	orthopoly_compare	true		not-run	family is not explicit or defensibly inferred	not-probed	not-run	unresolved-family	https://bambinos.github.io/bambi/notebooks/orthogonal_polynomial_reg.html	@options + option_domain/option_records + semantic_card under semantic_app	cited_project_author_publisher_surface	https://raw.githubusercontent.com/mwaskom/seaborn-data/master/mpg.csv	05c3f465e7987e8d7caa7e214fedddd90415a922	mpg ~ poly(horsepower, degree)		gaussian	text_offset=23064; matched_terms=horsepower,mpg; context_sha256=175adbbd0837f515	direct population/likelihood route when the family and terms are supported	200	unsupported	91	synthetic n=12; positive continuous predictors; integer groups; family-valid outcome
confirmed	not-run	explicit Normal likelihood; residual scale estimated on log scale	https://bambinos.github.io/bambi/notebooks/plot_predictions.html	The retrieved official/primary source contains the normalized claimed formula text.	confirmed	inferred-from-description	ordinary_brm	2227	CatalogServer_default_unsubstantiated	6d3510485f8bd377	184	gaussian	renderer-default-unsubstantiated; inference happens to agree	-5.690109601815348	exact_text_present	not-probed	cab193db25e2364150efb58bb0168a16a97dadd31af18920498dc30639d9afd6	explicit_token_present	6				authoritative brm_descriptor/brm_execute; experimental SbPMX semantic_app mount adapter	ready	6b68089a312b80350b36da48667d8ea84c395e817f4789b2541cbf13d9f44b3a	bambi	scripts/examples/bambi.jl	true	bambi:plot_pred_linear	pass	pass	plot_predictions		unresolved-family		name_or_key_present	reachable-data-or-description	pass	false	pass	false	pass	b9a1543abf6556595aca10f135dcae9f3ce118cfafb227e1b1eb4da26bdf1abb	gaussian	Plot Predictions — Linear Regression (mtcars)	mpg ~ 0 + hp * wt + cyl + gear	true	SbPMX origin/main@a8fd3c02e1e2305683a56c91384701bfeba6b528:design/{ASKS.md,SbPMX.jl,mock_runtime.jl},compat/check-semantic-model-pipeline.jl		2026-07-28T21:07:08.592202+00:00	plot_pred_linear	true	loc ~ 0 + hp + wt + (hp & wt) + cyl + gear\nlog(sigma) ~ 1\nmpg ~ Normal(loc, sigma)	pass	family is not explicit or defensibly inferred	direct	pass	unresolved-family	https://bambinos.github.io/bambi/notebooks/plot_predictions.html	@options + option_domain/option_records + semantic_card under semantic_app	cited_project_author_publisher_surface	https://ndownloader.figshare.com/files/40208785	05c3f465e7987e8d7caa7e214fedddd90415a922	mpg ~ 0 + hp * wt + cyl + gear		gaussian	text_offset=8273; matched_terms=cyl,gear,mpg,mtcars; context_sha256=8858e609c36ef089	direct population/likelihood route when the family and terms are supported	200	bridgestan-finite-density-gradient	92	synthetic n=12; positive continuous predictors; integer groups; family-valid outcome
confirmed	not-run	current NegativeBinomial Julia/Stan parameterizations are documented as non-identical	https://bambinos.github.io/bambi/notebooks/plot_predictions.html	The retrieved official/primary source contains the normalized claimed formula text.	confirmed	inferred-from-description	ordinary_brm	2246	CatalogServer_default_unsubstantiated			gaussian	renderer-default-contradicts semantic inference		exact_text_present	not-probed		explicit_token_present					no executable descriptor until translation is resolved	unsupported	6b68089a312b80350b36da48667d8ea84c395e817f4789b2541cbf13d9f44b3a	bambi	scripts/examples/bambi.jl	true	bambi:plot_pred_nb	not-run	not-run	negative_binomial		unresolved-family		name_or_key_present	reachable-data-or-description	not-run	false	not-run	false	not-run		negativebinomial	Plot Predictions — Negative Binomial (Student Absences)	daysabs ~ 0 + prog + scale(math) + prog:scale(math)	not-run	SbPMX origin/main@a8fd3c02e1e2305683a56c91384701bfeba6b528:design/{ASKS.md,SbPMX.jl,mock_runtime.jl},compat/check-semantic-model-pipeline.jl		2026-07-28T21:07:08.592202+00:00	plot_pred_nb	true		not-run	family is not explicit or defensibly inferred	not-probed	not-run	unresolved-family	https://bambinos.github.io/bambi/notebooks/plot_predictions.html	@options + option_domain/option_records + semantic_card under semantic_app	cited_project_author_publisher_surface	https://stats.idre.ucla.edu/stat/stata/dae/nb_data.dta	05c3f465e7987e8d7caa7e214fedddd90415a922	daysabs ~ 0 + prog + scale(math) + prog:scale(math)		negativebinomial	text_offset=20456; matched_terms=absences,daysabs,prog; context_sha256=00bf11f570d55b21	direct population/likelihood route when the family and terms are supported	200	unsupported	93	synthetic n=12; positive continuous predictors; integer groups; family-valid outcome
confirmed	not-run	current `&` interactions require raw columns; transformed/non-atomic `*` operands need a data-derivation step	https://bambinos.github.io/bambi/notebooks/plot_predictions.html	The retrieved official/primary source contains the normalized claimed formula text.	confirmed	inferred-from-description	ordinary_brm	2261	CatalogServer_default_unsubstantiated			gaussian	renderer-default-contradicts semantic inference		exact_text_present	not-probed		explicit_token_present					no executable descriptor until translation is resolved	unsupported	6b68089a312b80350b36da48667d8ea84c395e817f4789b2541cbf13d9f44b3a	bambi	scripts/examples/bambi.jl	true	bambi:plot_pred_logistic	not-run	not-run	plot_pred_movies		unresolved-family		name_or_key_present	reachable-data-or-description	not-run	false	not-run	false	not-run		bernoulli	Plot Predictions — Logistic Regression (Movies)	certified_fresh ~ 0 + scale(length) * style	not-run	SbPMX origin/main@a8fd3c02e1e2305683a56c91384701bfeba6b528:design/{ASKS.md,SbPMX.jl,mock_runtime.jl},compat/check-semantic-model-pipeline.jl		2026-07-28T21:07:08.592202+00:00	plot_pred_logistic	true		not-run	family is not explicit or defensibly inferred	not-probed	not-run	unresolved-family	https://bambinos.github.io/bambi/notebooks/plot_predictions.html	@options + option_domain/option_records + semantic_card under semantic_app	cited_project_author_publisher_surface	https://vincentarelbundock.github.io/Rdatasets/csv/ggplot2movies/movies.csv	05c3f465e7987e8d7caa7e214fedddd90415a922	certified_fresh ~ 0 + scale(length) * style		bernoulli	text_offset=0; matched_terms=logistic,plot,predictions,regression; context_sha256=a0ef9dea4803ea5f	direct population/likelihood route when the family and terms are supported	200	unsupported	94	synthetic n=12; positive continuous predictors; integer groups; family-valid outcome
confirmed	not-run	formula is not one top-level response formula	https://bambinos.github.io/bambi/notebooks/plot_predictions.html	The retrieved official/primary source contains the normalized claimed formula text.	confirmed	inferred-from-description	ordinary_brm	2277	CatalogServer_default_unsubstantiated			gaussian	renderer-default-contradicts semantic inference		exact_text_present	not-probed		explicit_token_present					no executable descriptor until translation is resolved	unsupported	6b68089a312b80350b36da48667d8ea84c395e817f4789b2541cbf13d9f44b3a	bambi	scripts/examples/bambi.jl	true	bambi:plot_pred_distr	not-run	not-run	distributional_synth		unresolved-family		name_or_key_present	synthetic-no-external-receipt	not-run	false	not-run	false	not-run		gamma	Plot Predictions — Distributional Gamma	y ~ x  +  alpha ~ x	not-run	SbPMX origin/main@a8fd3c02e1e2305683a56c91384701bfeba6b528:design/{ASKS.md,SbPMX.jl,mock_runtime.jl},compat/check-semantic-model-pipeline.jl		2026-07-28T21:07:08.592202+00:00	plot_pred_distr	true		not-run	family is not explicit or defensibly inferred	not-probed	not-run	unresolved-family	https://bambinos.github.io/bambi/notebooks/plot_predictions.html	@options + option_domain/option_records + semantic_card under semantic_app	cited_project_author_publisher_surface	synthetic	05c3f465e7987e8d7caa7e214fedddd90415a922	y ~ x  +  alpha ~ x		gamma	text_offset=0; matched_terms=plot,predictions; context_sha256=a0ef9dea4803ea5f	direct population/likelihood route when the family and terms are supported	200	unsupported	95	synthetic n=12; positive continuous predictors; integer groups; family-valid outcome
confirmed	not-run	row does not authoritatively pair the mean and zero-inflation submodels	https://bambinos.github.io/bambi/notebooks/plot_comparisons.html	The retrieved official/primary source contains the normalized claimed formula text.	confirmed	inferred-from-description	ordinary_brm	2320	CatalogServer_default_unsubstantiated			gaussian	renderer-default-contradicts semantic inference		exact_text_present	not-probed		explicit_token_present					no executable descriptor until translation is resolved	unsupported	07d4e5a60f376398cecd92dc232f42d2a2299bc96cfa83d426784a55a6425a9b	bambi	scripts/examples/bambi.jl	true	bambi:plot_comp_zip	not-run	not-run	plot_comparisons		unresolved-family		name_or_key_present	reachable-data-or-description	not-run	false	not-run	false	not-run		zero_inflated_poisson	Plot Comparisons — ZIP Fish Count	count ~ livebait + camper + persons + child	not-run	SbPMX origin/main@a8fd3c02e1e2305683a56c91384701bfeba6b528:design/{ASKS.md,SbPMX.jl,mock_runtime.jl},compat/check-semantic-model-pipeline.jl		2026-07-28T21:07:08.584793+00:00	plot_comp_zip	true		not-run	family is not explicit or defensibly inferred	not-probed	not-run	unresolved-family	https://bambinos.github.io/bambi/notebooks/plot_comparisons.html	@options + option_domain/option_records + semantic_card under semantic_app	cited_project_author_publisher_surface	https://stats.idre.ucla.edu/stat/data/fish.csv	05c3f465e7987e8d7caa7e214fedddd90415a922	count ~ livebait + camper + persons + child		zero_inflated_poisson	text_offset=7532; matched_terms=camper,child,fish,livebait,persons; context_sha256=515f94543c072c11	direct population/likelihood route when the family and terms are supported	200	unsupported	96	synthetic n=12; positive continuous predictors; integer groups; family-valid outcome
confirmed	not-run	three-way/chained `*` expansion cannot be represented by current binary raw-column `&`	https://bambinos.github.io/bambi/notebooks/plot_comparisons.html	The retrieved official/primary source contains the normalized claimed formula text.	confirmed	inferred-from-description	ordinary_brm	2335	CatalogServer_default_unsubstantiated			gaussian	renderer-default-contradicts semantic inference		exact_text_present	not-probed		explicit_token_present					no executable descriptor until translation is resolved	unsupported	07d4e5a60f376398cecd92dc232f42d2a2299bc96cfa83d426784a55a6425a9b	bambi	scripts/examples/bambi.jl	true	bambi:plot_comp_logistic	not-run	not-run	titanic		unresolved-family		name_or_key_present	reachable-data-or-description	not-run	false	not-run	false	not-run		bernoulli	Plot Comparisons — Logistic Titanic Survival	Survived ~ PClass * SexCode * Age	not-run	SbPMX origin/main@a8fd3c02e1e2305683a56c91384701bfeba6b528:design/{ASKS.md,SbPMX.jl,mock_runtime.jl},compat/check-semantic-model-pipeline.jl		2026-07-28T21:07:08.584793+00:00	plot_comp_logistic	true		not-run	family is not explicit or defensibly inferred	not-probed	not-run	unresolved-family	https://bambinos.github.io/bambi/notebooks/plot_comparisons.html	@options + option_domain/option_records + semantic_card under semantic_app	cited_project_author_publisher_surface	https://vincentarelbundock.github.io/Rdatasets/csv/Stat2Data/Titanic.csv	05c3f465e7987e8d7caa7e214fedddd90415a922	Survived ~ PClass * SexCode * Age		bernoulli	text_offset=25375; matched_terms=pclass,sexcode,survived,titanic; context_sha256=5f9e0f9d56bda82f	direct population/likelihood route when the family and terms are supported	200	unsupported	97	synthetic n=12; positive continuous predictors; integer groups; family-valid outcome
confirmed	not-run	explicit Bernoulli-logit likelihood	https://bambinos.github.io/bambi/notebooks/plot_slopes.html	The retrieved official/primary source contains the normalized claimed formula text.	confirmed	inferred-from-description	ordinary_brm	2369	CatalogServer_default_unsubstantiated	26221c4ef3b81a0c	196	gaussian	renderer-default-contradicts semantic inference	-8.317766166719343	exact_text_present	not-probed	71d865f83b1318e96c36eda26d8cd2945c4ceff442e961e10719f37c26c8d81e	explicit_token_present	3				authoritative brm_descriptor/brm_execute; experimental SbPMX semantic_app mount adapter	ready	98c5f2c6e86d94f1206621e95113d3188f857cff0ea255943217d24308beed33	bambi	scripts/examples/bambi.jl	true	bambi:plot_slopes_main	pass	pass	plot_slopes		unresolved-family		name_or_key_present	reachable-data-or-description	pass	false	pass	false	pass	1e550813ccc486483d0a0ed61fb35e9c6ce055114e425cc7b1b740117d89a875	bernoulli	Plot Slopes — Main Effects	switch ~ dist100 + arsenic + educ4	true	SbPMX origin/main@a8fd3c02e1e2305683a56c91384701bfeba6b528:design/{ASKS.md,SbPMX.jl,mock_runtime.jl},compat/check-semantic-model-pipeline.jl		2026-07-28T21:07:08.602190+00:00	plot_slopes_main	true	log_odds ~ dist100 + arsenic + educ4\nswitch ~ BernoulliLogit(log_odds)	pass	family is not explicit or defensibly inferred	direct	pass	unresolved-family	https://bambinos.github.io/bambi/notebooks/plot_slopes.html	@options + option_domain/option_records + semantic_card under semantic_app	cited_project_author_publisher_surface	https://vincentarelbundock.github.io/Rdatasets/csv/carData/Wells.csv	05c3f465e7987e8d7caa7e214fedddd90415a922	switch ~ dist100 + arsenic + educ4		bernoulli	text_offset=0; matched_terms=effects,plot,slopes; context_sha256=755eaf7dbddfdc3e	direct population/likelihood route when the family and terms are supported	200	bridgestan-finite-density-gradient	98	synthetic n=12; positive continuous predictors; integer groups; family-valid outcome
confirmed	not-run	explicit Bernoulli-logit likelihood	https://bambinos.github.io/bambi/notebooks/plot_slopes.html	The retrieved official/primary source contains the normalized claimed formula text.	confirmed	inferred-from-description	ordinary_brm	2385	CatalogServer_default_unsubstantiated	dbb03538237c488a	198	gaussian	renderer-default-contradicts semantic inference	-8.317766166719343	exact_text_present	not-probed	19a7a3a3975a1ce161452ff210f7d23f180959c3b2debe9bee06d5dd088d2b78	explicit_token_present	5				authoritative brm_descriptor/brm_execute; experimental SbPMX semantic_app mount adapter	ready	98c5f2c6e86d94f1206621e95113d3188f857cff0ea255943217d24308beed33	bambi	scripts/examples/bambi.jl	true	bambi:plot_slopes_interaction	pass	pass	plot_slopes		unresolved-family		name_or_key_present	reachable-data-or-description	pass	false	pass	false	pass	63fa5ee63d62bc98bb640d2df9c4d36781255e64b47e9748a3d75deda595318d	bernoulli	Plot Slopes — With Interactions	switch ~ dist100 + arsenic + educ4 + dist100:educ4 + arsenic:educ4	true	SbPMX origin/main@a8fd3c02e1e2305683a56c91384701bfeba6b528:design/{ASKS.md,SbPMX.jl,mock_runtime.jl},compat/check-semantic-model-pipeline.jl		2026-07-28T21:07:08.602190+00:00	plot_slopes_interaction	true	log_odds ~ dist100 + arsenic + educ4 + dist100 & educ4 + arsenic & educ4\nswitch ~ BernoulliLogit(log_odds)	pass	family is not explicit or defensibly inferred	direct	pass	unresolved-family	https://bambinos.github.io/bambi/notebooks/plot_slopes.html	@options + option_domain/option_records + semantic_card under semantic_app	cited_project_author_publisher_surface	https://vincentarelbundock.github.io/Rdatasets/csv/carData/Wells.csv	05c3f465e7987e8d7caa7e214fedddd90415a922	switch ~ dist100 + arsenic + educ4 + dist100:educ4 + arsenic:educ4		bernoulli	text_offset=0; matched_terms=plot,slopes,with; context_sha256=755eaf7dbddfdc3e	direct population/likelihood route when the family and terms are supported	200	bridgestan-finite-density-gradient	99	synthetic n=12; positive continuous predictors; integer groups; family-valid outcome
unverifiable	not-run	explicit Normal likelihood; residual scale estimated on log scale	https://bambinos.github.io/bambi/notebooks/alternative_samplers.html	Retrieved source does not expose enough formula-specific evidence to confirm or refute the catalog claim conservatively.	unverifiable	inferred-from-description	ordinary_brm	2416	CatalogServer_default_unsubstantiated	a458f12f272bf78b	42	gaussian	renderer-default-unsubstantiated; inference happens to agree	-7.817384082920588	insufficient_terms:0/0	not-probed	28d5c8d51b2b49c4c2a58cd6c4a4a15574427da8e534c122c6b752d742c27e19	explicit_token_present	2				authoritative brm_descriptor/brm_execute; experimental SbPMX semantic_app mount adapter	ready	6feb082cb5c26e22247346b4bd42f5643751bb15baf7b8f2ab087f39020d256d	bambi	scripts/examples/bambi.jl	true	bambi:alternative_samplers	pass	pass	alternative_samplers		unresolved-family		name_or_key_present	synthetic-no-external-receipt	pass	false	pass	false	pass	bd16d2c179883196a07e5ee5e7a599683a0864a3a90ee56902e8c65676bffac3	gaussian	Using Other Samplers — JAX-Based Samplers	y ~ x	true	SbPMX origin/main@a8fd3c02e1e2305683a56c91384701bfeba6b528:design/{ASKS.md,SbPMX.jl,mock_runtime.jl},compat/check-semantic-model-pipeline.jl		2026-07-28T21:07:08.540278+00:00	alternative_samplers	true	loc ~ x\nlog(sigma) ~ 1\ny ~ Normal(loc, sigma)	pass	family is not explicit or defensibly inferred	inherited-identical-probe	pass	unresolved-family	https://bambinos.github.io/bambi/notebooks/alternative_samplers.html	@options + option_domain/option_records + semantic_card under semantic_app	cited_project_author_publisher_surface	synthetic	05c3f465e7987e8d7caa7e214fedddd90415a922	y ~ x		gaussian	text_offset=2335; matched_terms=jax,samplers; context_sha256=6422cae3c84d7fee	direct population/likelihood route when the family and terms are supported	200	bridgestan-finite-density-gradient	100	synthetic n=12; positive continuous predictors; integer groups; family-valid outcome
confirmed	not-run	trials/cbind response lowered to explicit BinomialLogit	https://paulbuerkner.com/brms/articles/brms_customfamilies.html	The retrieved official/primary source contains the normalized claimed formula text.	confirmed	inferred-from-response-syntax	ordinary_brm	16	CatalogServer_default_unsubstantiated	de618aa28ac60164	202	gaussian	renderer-default-contradicts semantic inference	-66.54212933375474	exact_text_present	not-probed	bb9bc4724bfab2cae230ff2b8e6788dd8216a36fbec392d8dd3b7bc3285d8689	not_claimed	5				authoritative brm_descriptor/brm_execute; experimental SbPMX semantic_app mount adapter	ready	f249e80402f17f831b5c152855b3ae4ddfa734e30f55f935ac82ddb4c1415579	brms	scripts/examples/brms.jl	true	brms:cbpp_binomial	pass	pass	cbpp		unresolved-family		name_or_key_present	reachable-data-or-description	pass	false	pass	false	pass	70cb5a10af42f9a29010277053d1f9cdc3e8726ed302d37b1441bac98dc04dcd		Custom Families — Standard Binomial GLMM	incidence | trials(size) ~ period + (1|herd)	true	SbPMX origin/main@a8fd3c02e1e2305683a56c91384701bfeba6b528:design/{ASKS.md,SbPMX.jl,mock_runtime.jl},compat/check-semantic-model-pipeline.jl		2026-07-28T21:07:09.937281+00:00	cbpp_binomial	true	log_odds ~ period + (1|herd)\nincidence ~ BinomialLogit(size, log_odds)	pass	family is not explicit or defensibly inferred	direct	pass	unresolved-family	https://paulbuerkner.com/brms/articles/brms_customfamilies.html	@options + option_domain/option_records + semantic_card under semantic_app	cited_project_author_publisher_surface	https://vincentarelbundock.github.io/Rdatasets/csv/lme4/cbpp.csv	05c3f465e7987e8d7caa7e214fedddd90415a922	incidence | trials(size) ~ period + (1|herd)		binomial	text_offset=1363; matched_terms=cbpp,herd,incidence,period,size,trials; context_sha256=87cbaf3b3e4e6995	direct population/likelihood route when the family and terms are supported	200	bridgestan-finite-density-gradient	101	synthetic n=12; positive continuous predictors; integer groups; family-valid outcome
confirmed	not-run	family is not explicit or defensibly inferred	https://paulbuerkner.com/brms/articles/brms_customfamilies.html	The retrieved official/primary source contains the normalized claimed formula text.	confirmed	unresolved	ordinary_brm	32	CatalogServer_default_unsubstantiated			gaussian	renderer-default-unsubstantiated; semantic family unresolved		exact_text_present	not-probed		not_claimed					no executable descriptor until translation is resolved	unresolved-family	f249e80402f17f831b5c152855b3ae4ddfa734e30f55f935ac82ddb4c1415579	brms	scripts/examples/brms.jl	true	brms:cbpp_beta_binomial	not-run	not-run	cbpp		unresolved-family		name_or_key_present	reachable-data-or-description	not-run	false	not-run	false	not-run			Custom Families — Beta-Binomial GLMM	incidence | vint(size) ~ period + (1|herd)	not-run	SbPMX origin/main@a8fd3c02e1e2305683a56c91384701bfeba6b528:design/{ASKS.md,SbPMX.jl,mock_runtime.jl},compat/check-semantic-model-pipeline.jl		2026-07-28T21:07:09.937281+00:00	cbpp_beta_binomial	true		not-run	family is not explicit or defensibly inferred	not-probed	not-run	unresolved-family	https://paulbuerkner.com/brms/articles/brms_customfamilies.html	@options + option_domain/option_records + semantic_card under semantic_app	cited_project_author_publisher_surface	https://vincentarelbundock.github.io/Rdatasets/csv/lme4/cbpp.csv	05c3f465e7987e8d7caa7e214fedddd90415a922	incidence | vint(size) ~ period + (1|herd)			text_offset=1363; matched_terms=cbpp,herd,incidence,period,size; context_sha256=87cbaf3b3e4e6995	direct population/likelihood route when the family and terms are supported	200	unresolved-family	102	synthetic n=12; positive continuous predictors; integer groups; family-valid outcome
confirmed	not-run	family is not explicit or defensibly inferred	https://paulbuerkner.com/brms/articles/brms_distreg.html	The retrieved official/primary source contains the normalized claimed formula text.	confirmed	unresolved	ordinary_brm	102	CatalogServer_default_unsubstantiated			gaussian	renderer-default-unsubstantiated; semantic family unresolved		exact_text_present	not-probed		not_claimed					no executable descriptor until translation is resolved	unresolved-family	47179d08c36f3ab1bb5679d78acaf48f9ce8815c5e7e5469d7a7deb0d47a00ce	brms	scripts/examples/brms.jl	true	brms:distreg_normal	not-run	not-run	distreg_dat1		unresolved-family		name_or_key_present	synthetic-no-external-receipt	not-run	false	not-run	false	not-run			Distributional Regression — Location-Scale Normal	bf(symptom_post ~ group, sigma ~ group)	not-run	SbPMX origin/main@a8fd3c02e1e2305683a56c91384701bfeba6b528:design/{ASKS.md,SbPMX.jl,mock_runtime.jl},compat/check-semantic-model-pipeline.jl		2026-07-28T21:07:09.939583+00:00	distreg_normal	true		not-run	family is not explicit or defensibly inferred	not-probed	not-run	unresolved-family	https://paulbuerkner.com/brms/articles/brms_distreg.html	@options + option_domain/option_records + semantic_card under semantic_app	cited_project_author_publisher_surface	synthetic	05c3f465e7987e8d7caa7e214fedddd90415a922	bf(symptom_post ~ group, sigma ~ group)			text_offset=425; matched_terms=distributional,location,regression,scale; context_sha256=9da75331fa7ca5b3	direct population/likelihood route when the family and terms are supported	200	unresolved-family	103	synthetic n=12; positive continuous predictors; integer groups; family-valid outcome
confirmed	not-run	current NegativeBinomial Julia/Stan parameterizations are documented as non-identical	https://paulbuerkner.com/brms/articles/brms_distreg.html	The retrieved official/primary source contains the normalized claimed formula text.	confirmed	inferred-from-name	ordinary_brm	118	CatalogServer_default_unsubstantiated			gaussian	renderer-default-contradicts semantic inference		exact_text_present	not-probed		not_claimed					no executable descriptor until translation is resolved	unsupported	47179d08c36f3ab1bb5679d78acaf48f9ce8815c5e7e5469d7a7deb0d47a00ce	brms	scripts/examples/brms.jl	true	brms:distreg_nb	not-run	not-run	distreg_fish		unresolved-family		name_or_key_present	reachable-data-or-description	not-run	false	not-run	false	not-run			Distributional Regression — Negative Binomial Counts	count ~ persons + child + camper	not-run	SbPMX origin/main@a8fd3c02e1e2305683a56c91384701bfeba6b528:design/{ASKS.md,SbPMX.jl,mock_runtime.jl},compat/check-semantic-model-pipeline.jl		2026-07-28T21:07:09.939583+00:00	distreg_nb	true		not-run	family is not explicit or defensibly inferred	not-probed	not-run	unresolved-family	https://paulbuerkner.com/brms/articles/brms_distreg.html	@options + option_domain/option_records + semantic_card under semantic_app	cited_project_author_publisher_surface	http://paulbuerkner.com/data/fish.csv	05c3f465e7987e8d7caa7e214fedddd90415a922	count ~ persons + child + camper		negativebinomial	text_offset=7193; matched_terms=camper,child,count,persons; context_sha256=bc03350948706b21	direct population/likelihood route when the family and terms are supported	200	unsupported	104	synthetic n=12; positive continuous predictors; integer groups; family-valid outcome
confirmed	not-run	multi-formula/nonlinear brms declaration	https://paulbuerkner.com/brms/articles/brms_distreg.html	The retrieved official/primary source contains the normalized claimed formula text.	confirmed	inferred-from-name	ordinary_brm	133	CatalogServer_default_unsubstantiated			gaussian	renderer-default-contradicts semantic inference		exact_text_present	not-probed		not_claimed					no executable descriptor until translation is resolved	unsupported	47179d08c36f3ab1bb5679d78acaf48f9ce8815c5e7e5469d7a7deb0d47a00ce	brms	scripts/examples/brms.jl	true	brms:distreg_zip	not-run	not-run	distreg_fish		unresolved-family		name_or_key_present	reachable-data-or-description	not-run	false	not-run	false	not-run			Distributional Regression — Zero-Inflated Poisson	bf(count ~ persons + child + camper, zi ~ child)	not-run	SbPMX origin/main@a8fd3c02e1e2305683a56c91384701bfeba6b528:design/{ASKS.md,SbPMX.jl,mock_runtime.jl},compat/check-semantic-model-pipeline.jl		2026-07-28T21:07:09.939583+00:00	distreg_zip	true		not-run	family is not explicit or defensibly inferred	not-probed	not-run	unresolved-family	https://paulbuerkner.com/brms/articles/brms_distreg.html	@options + option_domain/option_records + semantic_card under semantic_app	cited_project_author_publisher_surface	http://paulbuerkner.com/data/fish.csv	05c3f465e7987e8d7caa7e214fedddd90415a922	bf(count ~ persons + child + camper, zi ~ child)		poisson	text_offset=7193; matched_terms=camper,child,count,persons; context_sha256=bc03350948706b21	direct population/likelihood route when the family and terms are supported	200	unsupported	105	synthetic n=12; positive continuous predictors; integer groups; family-valid outcome
confirmed	not-run	family is not explicit or defensibly inferred	https://paulbuerkner.com/brms/articles/brms_distreg.html	The retrieved official/primary source contains the normalized claimed formula text.	confirmed	unresolved	ordinary_brm	148	CatalogServer_default_unsubstantiated			gaussian	renderer-default-unsubstantiated; semantic family unresolved		exact_text_present	not-probed		not_claimed					no executable descriptor until translation is resolved	unresolved-family	47179d08c36f3ab1bb5679d78acaf48f9ce8815c5e7e5469d7a7deb0d47a00ce	brms	scripts/examples/brms.jl	true	brms:distreg_gam	not-run	not-run	distreg_gam		unresolved-family		name_or_key_present	synthetic-no-external-receipt	not-run	false	not-run	false	not-run			Distributional Regression — Smooth GAM	bf(y ~ s(x1) + s(x2) + (1|fac), sigma ~ s(x0) + (1|fac))	not-run	SbPMX origin/main@a8fd3c02e1e2305683a56c91384701bfeba6b528:design/{ASKS.md,SbPMX.jl,mock_runtime.jl},compat/check-semantic-model-pipeline.jl		2026-07-28T21:07:09.939583+00:00	distreg_gam	true		not-run	family is not explicit or defensibly inferred	not-probed	not-run	unresolved-family	https://paulbuerkner.com/brms/articles/brms_distreg.html	@options + option_domain/option_records + semantic_card under semantic_app	cited_project_author_publisher_surface	synthetic	05c3f465e7987e8d7caa7e214fedddd90415a922	bf(y ~ s(x1) + s(x2) + (1|fac), sigma ~ s(x0) + (1|fac))			text_offset=11; matched_terms=distributional,regression; context_sha256=1d21d8235c8f46eb	direct population/likelihood route when the family and terms are supported	200	unresolved-family	106	synthetic n=12; positive continuous predictors; integer groups; family-valid outcome
confirmed	not-run	family is not explicit or defensibly inferred	https://paulbuerkner.com/brms/articles/brms_missings.html	The retrieved official/primary source contains the normalized claimed formula text.	confirmed	unresolved	ordinary_brm	176	CatalogServer_default_unsubstantiated			gaussian	renderer-default-unsubstantiated; semantic family unresolved		exact_text_present	not-probed		not_claimed					no executable descriptor until translation is resolved	unresolved-family	89df3726b04404037f14d895c50a5dd59bebaf18a98625e24a5254e124467259	brms	scripts/examples/brms.jl	true	brms:nhanes_imputed	not-run	not-run	nhanes		unresolved-family		name_or_key_present	dead-source	not-run	false	not-run	false	not-run			Handle Missing Values — Multiple Imputation	bmi ~ age * chl	not-run	SbPMX origin/main@a8fd3c02e1e2305683a56c91384701bfeba6b528:design/{ASKS.md,SbPMX.jl,mock_runtime.jl},compat/check-semantic-model-pipeline.jl		2026-07-28T21:07:09.942004+00:00	nhanes_imputed	true		not-run	family is not explicit or defensibly inferred	not-probed	not-run	unresolved-family	https://paulbuerkner.com/brms/articles/brms_missings.html	@options + option_domain/option_records + semantic_card under semantic_app	cited_project_author_publisher_surface	https://vincentarelbundock.github.io/Rdatasets/csv/mice/nhanes.csv	05c3f465e7987e8d7caa7e214fedddd90415a922	bmi ~ age * chl			text_offset=1075; matched_terms=bmi,chl,imputation,multiple,nhanes; context_sha256=c2d6b14cff60be16	direct population/likelihood route when the family and terms are supported	200	unresolved-family	107	synthetic n=12; positive continuous predictors; integer groups; family-valid outcome
confirmed	not-run	family is not explicit or defensibly inferred	https://paulbuerkner.com/brms/articles/brms_missings.html	The retrieved official/primary source contains the normalized claimed formula text.	confirmed	unresolved	ordinary_brm	192	CatalogServer_default_unsubstantiated			gaussian	renderer-default-unsubstantiated; semantic family unresolved		exact_text_present	not-probed		not_claimed					no executable descriptor until translation is resolved	unresolved-family	89df3726b04404037f14d895c50a5dd59bebaf18a98625e24a5254e124467259	brms	scripts/examples/brms.jl	true	brms:nhanes_joint	not-run	not-run	nhanes		unresolved-family		name_or_key_present	dead-source	not-run	false	not-run	false	not-run			Handle Missing Values — Joint Imputation Model	bf(bmi | mi() ~ age * mi(chl)) + bf(chl | mi() ~ age) + set_rescor(FALSE)	not-run	SbPMX origin/main@a8fd3c02e1e2305683a56c91384701bfeba6b528:design/{ASKS.md,SbPMX.jl,mock_runtime.jl},compat/check-semantic-model-pipeline.jl		2026-07-28T21:07:09.942004+00:00	nhanes_joint	true		not-run	family is not explicit or defensibly inferred	not-probed	not-run	unresolved-family	https://paulbuerkner.com/brms/articles/brms_missings.html	@options + option_domain/option_records + semantic_card under semantic_app	cited_project_author_publisher_surface	https://vincentarelbundock.github.io/Rdatasets/csv/mice/nhanes.csv	05c3f465e7987e8d7caa7e214fedddd90415a922	bf(bmi | mi() ~ age * mi(chl)) + bf(chl | mi() ~ age) + set_rescor(FALSE)			text_offset=1075; matched_terms=bmi,chl,imputation,model,nhanes; context_sha256=c2d6b14cff60be16	direct population/likelihood route when the family and terms are supported	200	unresolved-family	108	synthetic n=12; positive continuous predictors; integer groups; family-valid outcome
adapted-but-defensible	not-run	family is not explicit or defensibly inferred	https://paulbuerkner.com/brms/articles/brms_missings.html	The source creates nhanes$se and uses mi(se); the catalog names se_chl, but the historical loader exposes the untouched NHANES CSV and never creates that column.	mismatch	unresolved	ordinary_brm	208	CatalogServer_default_unsubstantiated			gaussian	renderer-default-unsubstantiated; semantic family unresolved		partial_semantic_terms:4/5	not-probed		not_claimed					no executable descriptor until translation is resolved	unresolved-family	89df3726b04404037f14d895c50a5dd59bebaf18a98625e24a5254e124467259	brms	scripts/examples/brms.jl	true	brms:nhanes_error	not-run	not-run	nhanes		unresolved-family		name_or_key_present	dead-source	not-run	false	not-run	true	not-run			Handle Missing Values — Measurement Error Variant	bf(bmi | mi() ~ age * mi(chl)) + bf(chl | mi(se = se_chl) ~ age) + set_rescor(FALSE)	not-run	SbPMX origin/main@a8fd3c02e1e2305683a56c91384701bfeba6b528:design/{ASKS.md,SbPMX.jl,mock_runtime.jl},compat/check-semantic-model-pipeline.jl		2026-07-28T21:07:09.942004+00:00	nhanes_error	true		not-run	family is not explicit or defensibly inferred	not-probed	not-run	unresolved-family	https://paulbuerkner.com/brms/articles/brms_missings.html	@options + option_domain/option_records + semantic_card under semantic_app	cited_project_author_publisher_surface	https://vincentarelbundock.github.io/Rdatasets/csv/mice/nhanes.csv	05c3f465e7987e8d7caa7e214fedddd90415a922	bf(bmi | mi() ~ age * mi(chl)) + bf(chl | mi(se = se_chl) ~ age) + set_rescor(FALSE)	Create an se column as in the vignette and use mi(se), or explicitly create se_chl in the adapter before fitting.		brms_missings: measurement-error block defining nhanes$se and bf(chl | mi(se) ~ age)	direct population/likelihood route when the family and terms are supported	200	unresolved-family	109	synthetic n=12; positive continuous predictors; integer groups; family-valid outcome
confirmed	not-run	family is not explicit or defensibly inferred	https://paulbuerkner.com/brms/articles/brms_monotonic.html	The retrieved official/primary source contains the normalized claimed formula text.	confirmed	unresolved	ordinary_brm	252	CatalogServer_default_unsubstantiated			gaussian	renderer-default-unsubstantiated; semantic family unresolved		exact_text_present	not-probed		not_claimed					no executable descriptor until translation is resolved	unresolved-family	a70d1695d23774eec151d7163ea5b78d4ab4648d048e11565cb133e757b3c025	brms	scripts/examples/brms.jl	true	brms:income_mo	not-run	not-run	income		unresolved-family		name_or_key_present	synthetic-no-external-receipt	not-run	false	not-run	false	not-run			Monotonic Effects — Main Effect	ls ~ mo(income)	not-run	SbPMX origin/main@a8fd3c02e1e2305683a56c91384701bfeba6b528:design/{ASKS.md,SbPMX.jl,mock_runtime.jl},compat/check-semantic-model-pipeline.jl		2026-07-28T21:07:09.945438+00:00	income_mo	true		not-run	family is not explicit or defensibly inferred	not-probed	not-run	unresolved-family	https://paulbuerkner.com/brms/articles/brms_monotonic.html	@options + option_domain/option_records + semantic_card under semantic_app	cited_project_author_publisher_surface	synthetic	05c3f465e7987e8d7caa7e214fedddd90415a922	ls ~ mo(income)			text_offset=2515; matched_terms=income,main; context_sha256=628901b5e2010317	direct population/likelihood route when the family and terms are supported	200	unresolved-family	110	synthetic n=12; positive continuous predictors; integer groups; family-valid outcome
confirmed	not-run	family is not explicit or defensibly inferred	https://paulbuerkner.com/brms/articles/brms_monotonic.html	The retrieved official/primary source contains the normalized claimed formula text.	confirmed	unresolved	ordinary_brm	268	CatalogServer_default_unsubstantiated			gaussian	renderer-default-unsubstantiated; semantic family unresolved		exact_text_present	not-probed		not_claimed					no executable descriptor until translation is resolved	unresolved-family	a70d1695d23774eec151d7163ea5b78d4ab4648d048e11565cb133e757b3c025	brms	scripts/examples/brms.jl	true	brms:income_num	not-run	not-run	income		unresolved-family		name_or_key_present	synthetic-no-external-receipt	not-run	false	not-run	false	not-run			Monotonic Effects — Numeric Comparison	ls ~ income_num	not-run	SbPMX origin/main@a8fd3c02e1e2305683a56c91384701bfeba6b528:design/{ASKS.md,SbPMX.jl,mock_runtime.jl},compat/check-semantic-model-pipeline.jl		2026-07-28T21:07:09.945438+00:00	income_num	true		not-run	family is not explicit or defensibly inferred	not-probed	not-run	unresolved-family	https://paulbuerkner.com/brms/articles/brms_monotonic.html	@options + option_domain/option_records + semantic_card under semantic_app	cited_project_author_publisher_surface	synthetic	05c3f465e7987e8d7caa7e214fedddd90415a922	ls ~ income_num			text_offset=4716; matched_terms=income_num,numeric; context_sha256=b67e6b58b9effc46	direct population/likelihood route when the family and terms are supported	200	unresolved-family	111	synthetic n=12; positive continuous predictors; integer groups; family-valid outcome
confirmed	not-run	family is not explicit or defensibly inferred	https://paulbuerkner.com/brms/articles/brms_monotonic.html	The retrieved official/primary source contains the normalized claimed formula text.	confirmed	unresolved	ordinary_brm	283	CatalogServer_default_unsubstantiated			gaussian	renderer-default-unsubstantiated; semantic family unresolved		exact_text_present	not-probed		not_claimed					no executable descriptor until translation is resolved	unresolved-family	a70d1695d23774eec151d7163ea5b78d4ab4648d048e11565cb133e757b3c025	brms	scripts/examples/brms.jl	true	brms:income_nominal	not-run	not-run	income		unresolved-family		name_or_key_present	synthetic-no-external-receipt	not-run	false	not-run	false	not-run			Monotonic Effects — Nominal Factor Comparison	ls ~ income	not-run	SbPMX origin/main@a8fd3c02e1e2305683a56c91384701bfeba6b528:design/{ASKS.md,SbPMX.jl,mock_runtime.jl},compat/check-semantic-model-pipeline.jl		2026-07-28T21:07:09.945438+00:00	income_nominal	true		not-run	family is not explicit or defensibly inferred	not-probed	not-run	unresolved-family	https://paulbuerkner.com/brms/articles/brms_monotonic.html	@options + option_domain/option_records + semantic_card under semantic_app	cited_project_author_publisher_surface	synthetic	05c3f465e7987e8d7caa7e214fedddd90415a922	ls ~ income			text_offset=11; matched_terms=effects,factor,monotonic; context_sha256=8be9cd8c844f1f4a	direct population/likelihood route when the family and terms are supported	200	unresolved-family	112	synthetic n=12; positive continuous predictors; integer groups; family-valid outcome
confirmed	not-run	family is not explicit or defensibly inferred	https://paulbuerkner.com/brms/articles/brms_monotonic.html	The retrieved official/primary source contains the normalized claimed formula text.	confirmed	unresolved	ordinary_brm	298	CatalogServer_default_unsubstantiated			gaussian	renderer-default-unsubstantiated; semantic family unresolved		exact_text_present	not-probed		not_claimed					no executable descriptor until translation is resolved	unresolved-family	a70d1695d23774eec151d7163ea5b78d4ab4648d048e11565cb133e757b3c025	brms	scripts/examples/brms.jl	true	brms:income_mo_age	not-run	not-run	income		unresolved-family		name_or_key_present	synthetic-no-external-receipt	not-run	false	not-run	false	not-run			Monotonic Effects — Interaction with Age	ls ~ mo(income) * age	not-run	SbPMX origin/main@a8fd3c02e1e2305683a56c91384701bfeba6b528:design/{ASKS.md,SbPMX.jl,mock_runtime.jl},compat/check-semantic-model-pipeline.jl		2026-07-28T21:07:09.945438+00:00	income_mo_age	true		not-run	family is not explicit or defensibly inferred	not-probed	not-run	unresolved-family	https://paulbuerkner.com/brms/articles/brms_monotonic.html	@options + option_domain/option_records + semantic_card under semantic_app	cited_project_author_publisher_surface	synthetic	05c3f465e7987e8d7caa7e214fedddd90415a922	ls ~ mo(income) * age			text_offset=115; matched_terms=age,effects,monotonic,with; context_sha256=db150f66b58caa1f	direct population/likelihood route when the family and terms are supported	200	unresolved-family	113	synthetic n=12; positive continuous predictors; integer groups; family-valid outcome
confirmed	not-run	family is not explicit or defensibly inferred	https://paulbuerkner.com/brms/articles/brms_monotonic.html	The retrieved official/primary source contains the normalized claimed formula text.	confirmed	unresolved	ordinary_brm	313	CatalogServer_default_unsubstantiated			gaussian	renderer-default-unsubstantiated; semantic family unresolved		exact_text_present	not-probed		not_claimed					no executable descriptor until translation is resolved	unresolved-family	a70d1695d23774eec151d7163ea5b78d4ab4648d048e11565cb133e757b3c025	brms	scripts/examples/brms.jl	true	brms:income_mo_city	not-run	not-run	income		unresolved-family		name_or_key_present	synthetic-no-external-receipt	not-run	false	not-run	false	not-run			Monotonic Effects — City-Level Random Slopes	ls ~ mo(income) * age + (mo(income) | city)	not-run	SbPMX origin/main@a8fd3c02e1e2305683a56c91384701bfeba6b528:design/{ASKS.md,SbPMX.jl,mock_runtime.jl},compat/check-semantic-model-pipeline.jl		2026-07-28T21:07:09.945438+00:00	income_mo_city	true		not-run	family is not explicit or defensibly inferred	not-probed	not-run	unresolved-family	https://paulbuerkner.com/brms/articles/brms_monotonic.html	@options + option_domain/option_records + semantic_card under semantic_app	cited_project_author_publisher_surface	synthetic	05c3f465e7987e8d7caa7e214fedddd90415a922	ls ~ mo(income) * age + (mo(income) | city)			text_offset=2515; matched_terms=income,level; context_sha256=628901b5e2010317	direct population/likelihood route when the family and terms are supported	200	unresolved-family	114	synthetic n=12; positive continuous predictors; integer groups; family-valid outcome
confirmed	not-run	family is not explicit or defensibly inferred	https://paulbuerkner.com/brms/articles/brms_multivariate.html	The retrieved official/primary source contains the normalized claimed formula text.	confirmed	unresolved	ordinary_brm	341	CatalogServer_default_unsubstantiated			gaussian	renderer-default-unsubstantiated; semantic family unresolved		exact_text_present	not-probed		not_claimed					no executable descriptor until translation is resolved	unresolved-family	af83dd53217f1f1ec37d468b66e0ed351a28f64005629f88970a8e446280dbd5	brms	scripts/examples/brms.jl	true	brms:btdata_compact	not-run	not-run	btdata		unresolved-family		name_or_key_present	dead-source	not-run	false	not-run	false	not-run			Multivariate Models — Compact mvbind Syntax	bf(mvbind(tarsus, back) ~ sex + hatchdate + (1|p|fosternest) + (1|q|dam)) + set_rescor(TRUE)	not-run	SbPMX origin/main@a8fd3c02e1e2305683a56c91384701bfeba6b528:design/{ASKS.md,SbPMX.jl,mock_runtime.jl},compat/check-semantic-model-pipeline.jl		2026-07-28T21:07:09.960455+00:00	btdata_compact	true		not-run	family is not explicit or defensibly inferred	not-probed	not-run	unresolved-family	https://paulbuerkner.com/brms/articles/brms_multivariate.html	@options + option_domain/option_records + semantic_card under semantic_app	cited_project_author_publisher_surface	https://vincentarelbundock.github.io/Rdatasets/csv/MCMCglmm/BTdata.csv	05c3f465e7987e8d7caa7e214fedddd90415a922	bf(mvbind(tarsus, back) ~ sex + hatchdate + (1|p|fosternest) + (1|q|dam)) + set_rescor(TRUE)			text_offset=1140; matched_terms=back,btdata,dam,fosternest,hatchdate,mvbind,set_rescor,sex,tarsus; context_sha256=e368ec1230fe725a	direct population/likelihood route when the family and terms are supported	200	unresolved-family	115	synthetic n=12; positive continuous predictors; integer groups; family-valid outcome
adapted-but-defensible	not-run	family is not explicit or defensibly inferred	https://paulbuerkner.com/brms/articles/brms_multivariate.html	The two response-specific formulas are the semantic expansion of the source compact mvbind model with the same shared predictors and correlated residuals.	adapted-but-defensible	unresolved	ordinary_brm	357	CatalogServer_default_unsubstantiated			gaussian	renderer-default-unsubstantiated; semantic family unresolved		partial_semantic_terms:7/7	not-probed		not_claimed					no executable descriptor until translation is resolved	unresolved-family	af83dd53217f1f1ec37d468b66e0ed351a28f64005629f88970a8e446280dbd5	brms	scripts/examples/brms.jl	true	brms:btdata_explicit	not-run	not-run	btdata		unresolved-family		name_or_key_present	dead-source	not-run	false	not-run	true	not-run			Multivariate Models — Explicit Separate Formulas	bf(tarsus ~ sex + hatchdate + (1|p|fosternest) + (1|q|dam)) + bf(back ~ sex + hatchdate + (1|p|fosternest) + (1|q|dam)) + set_rescor(TRUE)	not-run	SbPMX origin/main@a8fd3c02e1e2305683a56c91384701bfeba6b528:design/{ASKS.md,SbPMX.jl,mock_runtime.jl},compat/check-semantic-model-pipeline.jl		2026-07-28T21:07:09.960455+00:00	btdata_explicit	true		not-run	family is not explicit or defensibly inferred	not-probed	not-run	unresolved-family	https://paulbuerkner.com/brms/articles/brms_multivariate.html	@options + option_domain/option_records + semantic_card under semantic_app	cited_project_author_publisher_surface	https://vincentarelbundock.github.io/Rdatasets/csv/MCMCglmm/BTdata.csv	05c3f465e7987e8d7caa7e214fedddd90415a922	bf(tarsus ~ sex + hatchdate + (1|p|fosternest) + (1|q|dam)) + bf(back ~ sex + hatchdate + (1|p|fosternest) + (1|q|dam)) + set_rescor(TRUE)	For source-literal syntax use the compact mvbind(tarsus, back) formula shown in the vignette.		brms_multivariate: compact mvbind model preceding separate-response examples	direct population/likelihood route when the family and terms are supported	200	unresolved-family	116	synthetic n=12; positive continuous predictors; integer groups; family-valid outcome
adapted-but-defensible	not-run	family is not explicit or defensibly inferred	https://paulbuerkner.com/brms/articles/brms_multivariate.html	The source spline model assigns sex to tarsus, s(hatchdate) to back, uses skew-normal only for tarsus, and disables residual correlation. The catalog puts both predictors in both responses and enables residual correlation.	mismatch	unresolved	ordinary_brm	373	CatalogServer_default_unsubstantiated			gaussian	renderer-default-unsubstantiated; semantic family unresolved		partial_semantic_terms:8/8	not-probed		not_claimed					no executable descriptor until translation is resolved	unresolved-family	af83dd53217f1f1ec37d468b66e0ed351a28f64005629f88970a8e446280dbd5	brms	scripts/examples/brms.jl	true	brms:btdata_spline	not-run	not-run	btdata		unresolved-family		name_or_key_present	dead-source	not-run	false	not-run	true	not-run			Multivariate Models — Skew-Normal with Splines	bf(tarsus ~ sex + s(hatchdate, k=5) + (1|p|fosternest) + (1|q|dam), family = skew_normal()) + bf(back ~ sex + s(hatchdate, k=5) + (1|p|fosternest) + (1|q|dam)) + set_rescor(TRUE)	not-run	SbPMX origin/main@a8fd3c02e1e2305683a56c91384701bfeba6b528:design/{ASKS.md,SbPMX.jl,mock_runtime.jl},compat/check-semantic-model-pipeline.jl		2026-07-28T21:07:09.960455+00:00	btdata_spline	true		not-run	family is not explicit or defensibly inferred	not-probed	not-run	unresolved-family	https://paulbuerkner.com/brms/articles/brms_multivariate.html	@options + option_domain/option_records + semantic_card under semantic_app	cited_project_author_publisher_surface	https://vincentarelbundock.github.io/Rdatasets/csv/MCMCglmm/BTdata.csv	05c3f465e7987e8d7caa7e214fedddd90415a922	bf(tarsus ~ sex + s(hatchdate, k=5) + (1|p|fosternest) + (1|q|dam), family = skew_normal()) + bf(back ~ sex + s(hatchdate, k=5) + (1|p|fosternest) + (1|q|dam)) + set_rescor(TRUE)	Use the source response-specific fit3 formulas and set_rescor(FALSE).		brms_multivariate: fit3 response-specific formulas and set_rescor(FALSE)	direct population/likelihood route when the family and terms are supported	200	unresolved-family	117	synthetic n=12; positive continuous predictors; integer groups; family-valid outcome
confirmed	not-run	family is not explicit or defensibly inferred	https://paulbuerkner.com/brms/articles/brms_nonlinear.html	The retrieved official/primary source contains the normalized claimed formula text.	confirmed	unresolved	ordinary_brm	434	CatalogServer_default_unsubstantiated			gaussian	renderer-default-unsubstantiated; semantic family unresolved		exact_text_present	not-probed		not_claimed					no executable descriptor until translation is resolved	unresolved-family	54687a3fcb71e843c9dd84227eab8b668fa0ae4a03929623ad27ce31bcb8d86c	brms	scripts/examples/brms.jl	true	brms:nonlinear_exp	not-run	not-run	nonlinear_dat		unresolved-family		name_or_key_present	synthetic-no-external-receipt	not-run	false	not-run	false	not-run			Nonlinear Models — Exponential Decay	bf(y ~ b1 * exp(b2 * x), b1 + b2 ~ 1, nl = TRUE)	not-run	SbPMX origin/main@a8fd3c02e1e2305683a56c91384701bfeba6b528:design/{ASKS.md,SbPMX.jl,mock_runtime.jl},compat/check-semantic-model-pipeline.jl		2026-07-28T21:07:09.960755+00:00	nonlinear_exp	true		not-run	family is not explicit or defensibly inferred	not-probed	not-run	unresolved-family	https://paulbuerkner.com/brms/articles/brms_nonlinear.html	@options + option_domain/option_records + semantic_card under semantic_app	cited_project_author_publisher_surface	synthetic	05c3f465e7987e8d7caa7e214fedddd90415a922	bf(y ~ b1 * exp(b2 * x), b1 + b2 ~ 1, nl = TRUE)			text_offset=22; matched_terms=models; context_sha256=6ce79f36bda8b02d	direct population/likelihood route when the family and terms are supported	200	unresolved-family	118	synthetic n=12; positive continuous predictors; integer groups; family-valid outcome
unverifiable	not-run	family is not explicit or defensibly inferred	https://paulbuerkner.com/brms/articles/brms_nonlinear.html	Retrieved source does not expose enough formula-specific evidence to confirm or refute the catalog claim conservatively.	unverifiable	unresolved	ordinary_brm	450	CatalogServer_default_unsubstantiated			gaussian	renderer-default-unsubstantiated; semantic family unresolved		insufficient_terms:0/0	not-probed		not_claimed					no executable descriptor until translation is resolved	unresolved-family	54687a3fcb71e843c9dd84227eab8b668fa0ae4a03929623ad27ce31bcb8d86c	brms	scripts/examples/brms.jl	true	brms:nonlinear_linear	not-run	not-run	nonlinear_dat		unresolved-family		name_or_key_present	synthetic-no-external-receipt	not-run	false	not-run	false	not-run			Nonlinear Models — Linear Comparison	y ~ x	not-run	SbPMX origin/main@a8fd3c02e1e2305683a56c91384701bfeba6b528:design/{ASKS.md,SbPMX.jl,mock_runtime.jl},compat/check-semantic-model-pipeline.jl		2026-07-28T21:07:09.960755+00:00	nonlinear_linear	true		not-run	family is not explicit or defensibly inferred	not-probed	not-run	unresolved-family	https://paulbuerkner.com/brms/articles/brms_nonlinear.html	@options + option_domain/option_records + semantic_card under semantic_app	cited_project_author_publisher_surface	synthetic	05c3f465e7987e8d7caa7e214fedddd90415a922	y ~ x			text_offset=22; matched_terms=linear,models; context_sha256=6ce79f36bda8b02d	direct population/likelihood route when the family and terms are supported	200	unresolved-family	119	synthetic n=12; positive continuous predictors; integer groups; family-valid outcome
confirmed	not-run	multi-formula/nonlinear brms declaration	https://paulbuerkner.com/brms/articles/brms_nonlinear.html	The retrieved official/primary source contains the normalized claimed formula text.	confirmed	inferred-from-name	ordinary_brm	465	CatalogServer_default_unsubstantiated			gaussian	renderer-default-contradicts semantic inference		exact_text_present	not-probed		not_claimed					no executable descriptor until translation is resolved	unsupported	54687a3fcb71e843c9dd84227eab8b668fa0ae4a03929623ad27ce31bcb8d86c	brms	scripts/examples/brms.jl	true	brms:nonlinear_loss	not-run	not-run	loss		unresolved-family		name_or_key_present	synthetic-no-external-receipt	not-run	false	not-run	false	not-run			Nonlinear Models — Weibull Loss Development	bf(cum ~ ult * (1 - exp(-(dev/theta)^omega)), ult ~ 1 + (1|AY), omega ~ 1, theta ~ 1, nl = TRUE)	not-run	SbPMX origin/main@a8fd3c02e1e2305683a56c91384701bfeba6b528:design/{ASKS.md,SbPMX.jl,mock_runtime.jl},compat/check-semantic-model-pipeline.jl		2026-07-28T21:07:09.960755+00:00	nonlinear_loss	true		not-run	family is not explicit or defensibly inferred	not-probed	not-run	unresolved-family	https://paulbuerkner.com/brms/articles/brms_nonlinear.html	@options + option_domain/option_records + semantic_card under semantic_app	cited_project_author_publisher_surface	synthetic	05c3f465e7987e8d7caa7e214fedddd90415a922	bf(cum ~ ult * (1 - exp(-(dev/theta)^omega)), ult ~ 1 + (1|AY), omega ~ 1, theta ~ 1, nl = TRUE)		weibull	text_offset=7751; matched_terms=cum,dev,loss,omega,theta; context_sha256=b78704a47b736ff1	direct population/likelihood route when the family and terms are supported	200	unsupported	120	synthetic n=12; positive continuous predictors; integer groups; family-valid outcome
confirmed	not-run	family is not explicit or defensibly inferred	https://paulbuerkner.com/brms/articles/brms_phylogenetics.html	The retrieved official/primary source contains the normalized claimed formula text.	confirmed	unresolved	stanblocks_plate	532	CatalogServer_default_unsubstantiated			gaussian	renderer-default-unsubstantiated; semantic family unresolved		exact_text_present	not-probed		not_claimed					StanBlocks plate substrate; no authoritative BRM descriptor for this row; experimental semantic_app adapter required	unresolved-family	516b583db69a478b0990fb1cc14b7f4efac5c2246b184ad12601ede456f8c2a6	brms	scripts/examples/brms.jl	true	brms:phylo_simple_re	not-run	not-run	phylo_simple		unresolved-family		name_or_key_present	reachable-data-or-description	not-run	false	not-run	false	not-run			Phylogenetic Models — Simple Random Effect	phen ~ cofactor + (1|gr(phylo, cov = A))	not-run	SbPMX origin/main@a8fd3c02e1e2305683a56c91384701bfeba6b528:design/{ASKS.md,SbPMX.jl,mock_runtime.jl},compat/check-semantic-model-pipeline.jl		2026-07-28T21:07:09.960974+00:00	phylo_simple_re	true		not-run	family is not explicit or defensibly inferred	not-probed	not-run	unresolved-family	https://paulbuerkner.com/brms/articles/brms_phylogenetics.html	@options + option_domain/option_records + semantic_card under semantic_app	cited_project_author_publisher_surface	http://paulbuerkner.com/data/data_simple.txt	05c3f465e7987e8d7caa7e214fedddd90415a922	phen ~ cofactor + (1|gr(phylo, cov = A))			text_offset=1314; matched_terms=cofactor,cov,phen,simple; context_sha256=a64b3ceeee029bf9	faithful-candidate: structured covariance is not an ordinary IID group effect	200	unresolved-family	121	synthetic n=12; positive continuous predictors; integer groups; family-valid outcome
adapted-but-defensible	not-run	family is not explicit or defensibly inferred	https://paulbuerkner.com/brms/articles/brms_phylogenetics.html	The simple source model has only the phylogenetic covariance effect. The ordinary species intercept appears only in the repeated-observation model, so combining both here is not source-supported.	mismatch	unresolved	stanblocks_plate	547	CatalogServer_default_unsubstantiated			gaussian	renderer-default-unsubstantiated; semantic family unresolved		partial_semantic_terms:4/4	not-probed		not_claimed					StanBlocks plate substrate; no authoritative BRM descriptor for this row; experimental semantic_app adapter required	unresolved-family	516b583db69a478b0990fb1cc14b7f4efac5c2246b184ad12601ede456f8c2a6	brms	scripts/examples/brms.jl	true	brms:phylo_simple_resid	not-run	not-run	phylo_simple		unresolved-family		name_or_key_present	reachable-data-or-description	not-run	false	not-run	true	not-run			Phylogenetic Models — Additional Residual Effect	phen ~ cofactor + (1|gr(phylo, cov = A)) + (1|phylo)	not-run	SbPMX origin/main@a8fd3c02e1e2305683a56c91384701bfeba6b528:design/{ASKS.md,SbPMX.jl,mock_runtime.jl},compat/check-semantic-model-pipeline.jl		2026-07-28T21:07:09.960974+00:00	phylo_simple_resid	true		not-run	family is not explicit or defensibly inferred	not-probed	not-run	unresolved-family	https://paulbuerkner.com/brms/articles/brms_phylogenetics.html	@options + option_domain/option_records + semantic_card under semantic_app	cited_project_author_publisher_surface	http://paulbuerkner.com/data/data_simple.txt	05c3f465e7987e8d7caa7e214fedddd90415a922	phen ~ cofactor + (1|gr(phylo, cov = A)) + (1|phylo)	Use phen ~ cofactor + (1 | gr(phylo, cov = A)) for the simple model.		brms_phylogenetics: simple phylogenetic model block versus later repeated-measures block	faithful-candidate: structured covariance is not an ordinary IID group effect	200	unresolved-family	122	synthetic n=12; positive continuous predictors; integer groups; family-valid outcome
adapted-but-defensible	not-run	family is not explicit or defensibly inferred	https://paulbuerkner.com/brms/articles/brms_phylogenetics.html	The repeated-observation source model uses the species-level mean covariate spec_mean_cf; the catalog substitutes raw cofactor, changing the estimand.	mismatch	unresolved	stanblocks_plate	563	CatalogServer_default_unsubstantiated			gaussian	renderer-default-unsubstantiated; semantic family unresolved		partial_semantic_terms:5/5	not-probed		not_claimed					StanBlocks plate substrate; no authoritative BRM descriptor for this row; experimental semantic_app adapter required	unresolved-family	516b583db69a478b0990fb1cc14b7f4efac5c2246b184ad12601ede456f8c2a6	brms	scripts/examples/brms.jl	true	brms:phylo_repeat_re	not-run	not-run	phylo_repeat		unresolved-family		name_or_key_present	reachable-data-or-description	not-run	false	not-run	true	not-run			Phylogenetic Models — Repeated Observations	phen ~ cofactor + (1|gr(phylo, cov = A)) + (1|species)	not-run	SbPMX origin/main@a8fd3c02e1e2305683a56c91384701bfeba6b528:design/{ASKS.md,SbPMX.jl,mock_runtime.jl},compat/check-semantic-model-pipeline.jl		2026-07-28T21:07:09.960974+00:00	phylo_repeat_re	true		not-run	family is not explicit or defensibly inferred	not-probed	not-run	unresolved-family	https://paulbuerkner.com/brms/articles/brms_phylogenetics.html	@options + option_domain/option_records + semantic_card under semantic_app	cited_project_author_publisher_surface	http://paulbuerkner.com/data/data_repeat.txt	05c3f465e7987e8d7caa7e214fedddd90415a922	phen ~ cofactor + (1|gr(phylo, cov = A)) + (1|species)	Use phen ~ spec_mean_cf + (1 | gr(phylo, cov = A)) + (1 | species).		brms_phylogenetics: repeated-measures formula containing spec_mean_cf	faithful-candidate: structured covariance is not an ordinary IID group effect	200	unresolved-family	123	synthetic n=12; positive continuous predictors; integer groups; family-valid outcome
confirmed	not-run	family is not explicit or defensibly inferred	https://paulbuerkner.com/brms/articles/brms_phylogenetics.html	The retrieved official/primary source contains the normalized claimed formula text.	confirmed	unresolved	stanblocks_plate	579	CatalogServer_default_unsubstantiated			gaussian	renderer-default-unsubstantiated; semantic family unresolved		exact_text_present	not-probed		not_claimed					StanBlocks plate substrate; no authoritative BRM descriptor for this row; experimental semantic_app adapter required	unresolved-family	516b583db69a478b0990fb1cc14b7f4efac5c2246b184ad12601ede456f8c2a6	brms	scripts/examples/brms.jl	true	brms:phylo_effect	not-run	not-run	phylo_effect		unresolved-family		name_or_key_present	reachable-data-or-description	not-run	false	not-run	false	not-run			Phylogenetic Models — Meta-Analysis	Zr | se(sqrt(1/(N-3))) ~ 1 + (1|gr(phylo, cov = A))	not-run	SbPMX origin/main@a8fd3c02e1e2305683a56c91384701bfeba6b528:design/{ASKS.md,SbPMX.jl,mock_runtime.jl},compat/check-semantic-model-pipeline.jl		2026-07-28T21:07:09.960974+00:00	phylo_effect	true		not-run	family is not explicit or defensibly inferred	not-probed	not-run	unresolved-family	https://paulbuerkner.com/brms/articles/brms_phylogenetics.html	@options + option_domain/option_records + semantic_card under semantic_app	cited_project_author_publisher_surface	http://paulbuerkner.com/data/data_effect.txt	05c3f465e7987e8d7caa7e214fedddd90415a922	Zr | se(sqrt(1/(N-3))) ~ 1 + (1|gr(phylo, cov = A))			text_offset=11; matched_terms=models,phylo,phylogenetic; context_sha256=db99a8ce1a54dd12	faithful-candidate: structured covariance is not an ordinary IID group effect	200	unresolved-family	124	synthetic n=12; positive continuous predictors; integer groups; family-valid outcome
confirmed	not-run	requires a faithful stanblocks_plate implementation; no ordinary-formula substitute	https://paulbuerkner.com/brms/articles/brms_phylogenetics.html	The retrieved official/primary source contains the normalized claimed formula text.	confirmed	inferred-from-name	stanblocks_plate	595	CatalogServer_default_unsubstantiated			gaussian	renderer-default-contradicts semantic inference		exact_text_present	not-probed		not_claimed					StanBlocks plate substrate; no authoritative BRM descriptor for this row; experimental semantic_app adapter required	route-specific	516b583db69a478b0990fb1cc14b7f4efac5c2246b184ad12601ede456f8c2a6	brms	scripts/examples/brms.jl	true	brms:phylo_pois	not-run	not-run	phylo_pois		unresolved-family		name_or_key_present	reachable-data-or-description	not-run	false	not-run	false	not-run			Phylogenetic Models — Poisson Family	phen_pois ~ cofactor + (1|gr(phylo, cov = A))	not-run	SbPMX origin/main@a8fd3c02e1e2305683a56c91384701bfeba6b528:design/{ASKS.md,SbPMX.jl,mock_runtime.jl},compat/check-semantic-model-pipeline.jl		2026-07-28T21:07:09.960974+00:00	phylo_pois	true		not-run	family is not explicit or defensibly inferred	not-probed	not-run	unresolved-family	https://paulbuerkner.com/brms/articles/brms_phylogenetics.html	@options + option_domain/option_records + semantic_card under semantic_app	cited_project_author_publisher_surface	http://paulbuerkner.com/data/data_pois.txt	05c3f465e7987e8d7caa7e214fedddd90415a922	phen_pois ~ cofactor + (1|gr(phylo, cov = A))		poisson	text_offset=11; matched_terms=models,phylo,phylogenetic; context_sha256=db99a8ce1a54dd12	faithful-candidate: structured covariance is not an ordinary IID group effect	200	route-specific	125	synthetic n=12; positive continuous predictors; integer groups; family-valid outcome
unverifiable	not-run	trials/cbind response lowered to explicit BinomialLogit	synthetic	No external model citation: catalog claim is synthetic/uncited.	unverifiable	inferred-from-response-syntax	ordinary_brm	21	CatalogServer_default_unsubstantiated	8ea9c35750ea257e	252	gaussian	renderer-default-contradicts semantic inference	-66.54212933375474	not_evaluable	not-probed	e088104ccfcd26b43c753f4482334e20a4606f37f40b48be0719128c163cfe66	not_evaluable	1				authoritative brm_descriptor/brm_execute; experimental SbPMX semantic_app mount adapter	ready		mcelreath	scripts/examples/mcelreath.jl	true	mcelreath:globe	pass	pass	globe		unresolved-family		synthetic_claim_only	synthetic-no-external-receipt	pass	false	pass	false	pass	78b9f320b66cc246dcf34bb7935c007dab8b4e91f0e82a3a766e403984283624		Globe Tossing	w | trials(n) ~ 0 + Intercept	true	SbPMX origin/main@a8fd3c02e1e2305683a56c91384701bfeba6b528:design/{ASKS.md,SbPMX.jl,mock_runtime.jl},compat/check-semantic-model-pipeline.jl			globe	true	log_odds ~ 0 + Intercept\nw ~ BinomialLogit(n, log_odds)	pass	family is not explicit or defensibly inferred	direct	pass	unresolved-family		@options + option_domain/option_records + semantic_card under semantic_app	no_external_authority	synthetic	05c3f465e7987e8d7caa7e214fedddd90415a922	w | trials(n) ~ 0 + Intercept		binomial		direct population/likelihood route when the family and terms are supported		bridgestan-finite-density-gradient	126	synthetic n=12; positive continuous predictors; integer groups; family-valid outcome
unverifiable	not-run	explicit Normal likelihood; residual scale estimated on log scale	https://github.com/rmcelreath/rethinking/blob/master/data/Howell1.csv	The cited resource is a data file; it can support dataset provenance but not the claimed model formula or family.	unverifiable	inferred-from-name	ordinary_brm	50	CatalogServer_default_unsubstantiated	5f838e768841e78b	254	gaussian	renderer-default-unsubstantiated; inference happens to agree	-8.47744637392999	not_supported_by_data_file	not-probed	7059a319b4c12edfb4b483c4b8151d3019d93e18fbd499b21c5ccf315332f8f2	not_supported_by_data_file	2				authoritative brm_descriptor/brm_execute; experimental SbPMX semantic_app mount adapter	ready	b71bdfb560983f7c706f90cfac747d850e3f6cd47540aedf6cf7032502fd50e7	mcelreath	scripts/examples/mcelreath.jl	true	mcelreath:howell1_intercept	pass	pass	howell1		unresolved-family		reachable_data_file	reachable-data-or-description	pass	true	pass	false	pass	e70a409ebe899e16d06bd39aa56cce1051771195da0ae8c8cd25a53f613f62b3		Heights and Weights — Intercept Only	height ~ 1	true	SbPMX origin/main@a8fd3c02e1e2305683a56c91384701bfeba6b528:design/{ASKS.md,SbPMX.jl,mock_runtime.jl},compat/check-semantic-model-pipeline.jl		2026-07-28T21:07:08.791120+00:00	howell1_intercept	true	loc ~ 1\nlog(sigma) ~ 1\nheight ~ Normal(loc, sigma)	pass	family is not explicit or defensibly inferred	direct	pass	unresolved-family	https://github.com/rmcelreath/rethinking/blob/master/data/Howell1.csv	@options + option_domain/option_records + semantic_card under semantic_app	dataset_repository_or_file_only	https://github.com/rmcelreath/rethinking/blob/master/data/Howell1.csv	05c3f465e7987e8d7caa7e214fedddd90415a922	height ~ 1		gaussian	text_offset=16; matched_terms=and,howell1; context_sha256=632344e52fe7cdfd	direct population/likelihood route when the family and terms are supported	200	bridgestan-finite-density-gradient	127	synthetic n=12; positive continuous predictors; integer groups; family-valid outcome
unverifiable	not-run	explicit Normal likelihood; residual scale estimated on log scale	https://github.com/rmcelreath/rethinking/blob/master/data/Howell1.csv	The cited resource is a data file; it can support dataset provenance but not the claimed model formula or family.	unverifiable	inferred-from-name	ordinary_brm	69	CatalogServer_default_unsubstantiated	10fa1c93d870604a	256	gaussian	renderer-default-unsubstantiated; inference happens to agree	-7.817384082920588	not_supported_by_data_file	not-probed	cb9e30d7d986d23b5b5d39f2306383f4d185f221dafbd7ebf8ff24c903933b6b	not_supported_by_data_file	3				authoritative brm_descriptor/brm_execute; experimental SbPMX semantic_app mount adapter	ready	b71bdfb560983f7c706f90cfac747d850e3f6cd47540aedf6cf7032502fd50e7	mcelreath	scripts/examples/mcelreath.jl	true	mcelreath:howell1_linear	pass	pass	howell1		unresolved-family		reachable_data_file	reachable-data-or-description	pass	true	pass	false	pass	c4313a85b145fc05adf3216366b08024be29890141af6c20acf3f21d675b3e29		Heights and Weights — Linear Regression	height ~ 1 + weight_c	true	SbPMX origin/main@a8fd3c02e1e2305683a56c91384701bfeba6b528:design/{ASKS.md,SbPMX.jl,mock_runtime.jl},compat/check-semantic-model-pipeline.jl		2026-07-28T21:07:08.791120+00:00	howell1_linear	true	loc ~ 1 + weight_c\nlog(sigma) ~ 1\nheight ~ Normal(loc, sigma)	pass	family is not explicit or defensibly inferred	direct	pass	unresolved-family	https://github.com/rmcelreath/rethinking/blob/master/data/Howell1.csv	@options + option_domain/option_records + semantic_card under semantic_app	dataset_repository_or_file_only	https://github.com/rmcelreath/rethinking/blob/master/data/Howell1.csv	05c3f465e7987e8d7caa7e214fedddd90415a922	height ~ 1 + weight_c		gaussian	text_offset=16; matched_terms=and,howell1; context_sha256=632344e52fe7cdfd	direct population/likelihood route when the family and terms are supported	200	bridgestan-finite-density-gradient	128	synthetic n=12; positive continuous predictors; integer groups; family-valid outcome
unverifiable	not-run	explicit Normal likelihood; residual scale estimated on log scale	https://github.com/rmcelreath/rethinking/blob/master/data/Howell1.csv	The cited resource is a data file; it can support dataset provenance but not the claimed model formula or family.	unverifiable	inferred-from-name	ordinary_brm	88	CatalogServer_default_unsubstantiated	3b44e3e6f0ad1753	258	gaussian	renderer-default-unsubstantiated; inference happens to agree	-3.8069883206128132	not_supported_by_data_file	not-probed	df743f8cc8edf7b61a85d2be02a020f776bb13286c0225af1bdccecacf033e1d	not_supported_by_data_file	4				authoritative brm_descriptor/brm_execute; experimental SbPMX semantic_app mount adapter	ready	b71bdfb560983f7c706f90cfac747d850e3f6cd47540aedf6cf7032502fd50e7	mcelreath	scripts/examples/mcelreath.jl	true	mcelreath:howell1_quad	pass	pass	howell1		unresolved-family		reachable_data_file	reachable-data-or-description	pass	true	pass	false	pass	328acb2fd108219e954d7230b17dfd92a387e437801a91ea61ae8939df8c7a07		Heights and Weights — Quadratic Polynomial	height ~ 1 + weight_s + weight_s2	true	SbPMX origin/main@a8fd3c02e1e2305683a56c91384701bfeba6b528:design/{ASKS.md,SbPMX.jl,mock_runtime.jl},compat/check-semantic-model-pipeline.jl		2026-07-28T21:07:08.791120+00:00	howell1_quad	true	loc ~ 1 + weight_s + weight_s2\nlog(sigma) ~ 1\nheight ~ Normal(loc, sigma)	pass	family is not explicit or defensibly inferred	direct	pass	unresolved-family	https://github.com/rmcelreath/rethinking/blob/master/data/Howell1.csv	@options + option_domain/option_records + semantic_card under semantic_app	dataset_repository_or_file_only	https://github.com/rmcelreath/rethinking/blob/master/data/Howell1.csv	05c3f465e7987e8d7caa7e214fedddd90415a922	height ~ 1 + weight_s + weight_s2		gaussian	text_offset=16; matched_terms=and,howell1; context_sha256=632344e52fe7cdfd	direct population/likelihood route when the family and terms are supported	200	bridgestan-finite-density-gradient	129	synthetic n=12; positive continuous predictors; integer groups; family-valid outcome
unverifiable	not-run	explicit Normal likelihood; residual scale estimated on log scale	https://github.com/rmcelreath/rethinking/blob/master/data/Howell1.csv	The cited resource is a data file; it can support dataset provenance but not the claimed model formula or family.	unverifiable	inferred-from-name	ordinary_brm	108	CatalogServer_default_unsubstantiated	3e66034d9cbc2fb9	260	gaussian	renderer-default-unsubstantiated; inference happens to agree	-1.5583030664754685	not_supported_by_data_file	not-probed	e8c129823f3d972b8536fea28634706a83fbdd5a7b02212b2848fea682c0d4d8	not_supported_by_data_file	5				authoritative brm_descriptor/brm_execute; experimental SbPMX semantic_app mount adapter	ready	b71bdfb560983f7c706f90cfac747d850e3f6cd47540aedf6cf7032502fd50e7	mcelreath	scripts/examples/mcelreath.jl	true	mcelreath:howell1_cubic	pass	pass	howell1		unresolved-family		reachable_data_file	reachable-data-or-description	pass	true	pass	false	pass	ea837c7f7f4fb106f36f1d229039562cce9aefc7b9ddadc0e6ec729b38b282f5		Heights and Weights — Cubic Polynomial	height ~ 1 + weight_s + weight_s2 + weight_s3	true	SbPMX origin/main@a8fd3c02e1e2305683a56c91384701bfeba6b528:design/{ASKS.md,SbPMX.jl,mock_runtime.jl},compat/check-semantic-model-pipeline.jl		2026-07-28T21:07:08.791120+00:00	howell1_cubic	true	loc ~ 1 + weight_s + weight_s2 + weight_s3\nlog(sigma) ~ 1\nheight ~ Normal(loc, sigma)	pass	family is not explicit or defensibly inferred	direct	pass	unresolved-family	https://github.com/rmcelreath/rethinking/blob/master/data/Howell1.csv	@options + option_domain/option_records + semantic_card under semantic_app	dataset_repository_or_file_only	https://github.com/rmcelreath/rethinking/blob/master/data/Howell1.csv	05c3f465e7987e8d7caa7e214fedddd90415a922	height ~ 1 + weight_s + weight_s2 + weight_s3		gaussian	text_offset=16; matched_terms=and,howell1; context_sha256=632344e52fe7cdfd	direct population/likelihood route when the family and terms are supported	200	bridgestan-finite-density-gradient	130	synthetic n=12; positive continuous predictors; integer groups; family-valid outcome
unverifiable	not-run	multi-formula/nonlinear brms declaration	https://github.com/rmcelreath/rethinking/blob/master/data/Howell1.csv	The cited resource is a data file; it can support dataset provenance but not the claimed model formula or family.	unverifiable	inferred-from-name	ordinary_brm	128	CatalogServer_default_unsubstantiated			gaussian	renderer-default-unsubstantiated; inference happens to agree		not_supported_by_data_file	not-probed		not_supported_by_data_file					no executable descriptor until translation is resolved	unsupported	b71bdfb560983f7c706f90cfac747d850e3f6cd47540aedf6cf7032502fd50e7	mcelreath	scripts/examples/mcelreath.jl	true	mcelreath:howell1_nl	not-run	not-run	howell1		unresolved-family		reachable_data_file	reachable-data-or-description	not-run	true	not-run	false	not-run			Heights and Weights — Nonlinear Exponential Growth	bf(height ~ a + exp(lb) * weight_c, a ~ 1, lb ~ 1, nl = TRUE)	not-run	SbPMX origin/main@a8fd3c02e1e2305683a56c91384701bfeba6b528:design/{ASKS.md,SbPMX.jl,mock_runtime.jl},compat/check-semantic-model-pipeline.jl		2026-07-28T21:07:08.791120+00:00	howell1_nl	true		not-run	family is not explicit or defensibly inferred	not-probed	not-run	unresolved-family	https://github.com/rmcelreath/rethinking/blob/master/data/Howell1.csv	@options + option_domain/option_records + semantic_card under semantic_app	dataset_repository_or_file_only	https://github.com/rmcelreath/rethinking/blob/master/data/Howell1.csv	05c3f465e7987e8d7caa7e214fedddd90415a922	bf(height ~ a + exp(lb) * weight_c, a ~ 1, lb ~ 1, nl = TRUE)		gaussian	text_offset=16; matched_terms=and,howell1; context_sha256=632344e52fe7cdfd	direct population/likelihood route when the family and terms are supported	200	unsupported	131	synthetic n=12; positive continuous predictors; integer groups; family-valid outcome
unverifiable	not-run	multi-formula/nonlinear brms declaration	https://github.com/rmcelreath/rethinking/blob/master/data/Howell1.csv	The cited resource is a data file; it can support dataset provenance but not the claimed model formula or family.	unverifiable	inferred-from-name	ordinary_brm	147	CatalogServer_default_unsubstantiated			gaussian	renderer-default-unsubstantiated; inference happens to agree		not_supported_by_data_file	not-probed		not_supported_by_data_file					no executable descriptor until translation is resolved	unsupported	b71bdfb560983f7c706f90cfac747d850e3f6cd47540aedf6cf7032502fd50e7	mcelreath	scripts/examples/mcelreath.jl	true	mcelreath:howell1_volume	not-run	not-run	howell1		unresolved-family		reachable_data_file	reachable-data-or-description	not-run	true	not-run	false	not-run			Heights and Weights — Nonlinear Volume Model	bf(w ~ log(3.141593 * k * p^2 * h^3), k + p ~ 1, nl = TRUE)	not-run	SbPMX origin/main@a8fd3c02e1e2305683a56c91384701bfeba6b528:design/{ASKS.md,SbPMX.jl,mock_runtime.jl},compat/check-semantic-model-pipeline.jl		2026-07-28T21:07:08.791120+00:00	howell1_volume	true		not-run	family is not explicit or defensibly inferred	not-probed	not-run	unresolved-family	https://github.com/rmcelreath/rethinking/blob/master/data/Howell1.csv	@options + option_domain/option_records + semantic_card under semantic_app	dataset_repository_or_file_only	https://github.com/rmcelreath/rethinking/blob/master/data/Howell1.csv	05c3f465e7987e8d7caa7e214fedddd90415a922	bf(w ~ log(3.141593 * k * p^2 * h^3), k + p ~ 1, nl = TRUE)		gaussian	text_offset=16; matched_terms=and,howell1; context_sha256=632344e52fe7cdfd	direct population/likelihood route when the family and terms are supported	200	unsupported	132	synthetic n=12; positive continuous predictors; integer groups; family-valid outcome
unverifiable	not-run	family is not explicit or defensibly inferred	https://github.com/rmcelreath/rethinking/blob/master/data/cherry_blossoms.csv	The cited resource is a data file; it can support dataset provenance but not the claimed model formula or family.	unverifiable	unresolved	ordinary_brm	178	CatalogServer_default_unsubstantiated			gaussian	renderer-default-unsubstantiated; semantic family unresolved		not_supported_by_data_file	not-probed		not_supported_by_data_file					no executable descriptor until translation is resolved	unresolved-family	6289dcbf4163e079715b9fe9adcf0d2dcefd5a8128382845504faf3df27cdf86	mcelreath	scripts/examples/mcelreath.jl	true	mcelreath:cherry_blossoms	not-run	not-run	cherry_blossoms		unresolved-family		reachable_data_file	reachable-data-or-description	not-run	true	not-run	false	not-run			Cherry Blossoms — B-Spline Regression	doy ~ 1 + B	not-run	SbPMX origin/main@a8fd3c02e1e2305683a56c91384701bfeba6b528:design/{ASKS.md,SbPMX.jl,mock_runtime.jl},compat/check-semantic-model-pipeline.jl		2026-07-28T21:07:09.212176+00:00	cherry_blossoms	true		not-run	family is not explicit or defensibly inferred	not-probed	not-run	unresolved-family	https://github.com/rmcelreath/rethinking/blob/master/data/cherry_blossoms.csv	@options + option_domain/option_records + semantic_card under semantic_app	dataset_repository_or_file_only	https://github.com/rmcelreath/rethinking/blob/master/data/cherry_blossoms.csv	05c3f465e7987e8d7caa7e214fedddd90415a922	doy ~ 1 + B			text_offset=16; matched_terms=blossoms,cherry,cherry_blossoms; context_sha256=04edcdb4b41ed34b	direct population/likelihood route when the family and terms are supported	200	unresolved-family	133	synthetic n=12; positive continuous predictors; integer groups; family-valid outcome
unverifiable	not-run	family is not explicit or defensibly inferred	https://github.com/rmcelreath/rethinking/blob/master/data/WaffleDivorce.csv	The cited resource is a data file; it can support dataset provenance but not the claimed model formula or family.	unverifiable	unresolved	ordinary_brm	209	CatalogServer_default_unsubstantiated			gaussian	renderer-default-unsubstantiated; semantic family unresolved		not_supported_by_data_file	not-probed		not_supported_by_data_file					no executable descriptor until translation is resolved	unresolved-family	167844c595c3f1cd1c8c3d7bf34f49555f148f8a145643aa69150158d47d0fd4	mcelreath	scripts/examples/mcelreath.jl	true	mcelreath:waffle_divorce_a	not-run	not-run	waffle_divorce		unresolved-family		reachable_data_file	reachable-data-or-description	not-run	true	not-run	false	not-run			Waffle Divorce — Age Predicts Divorce	D ~ 1 + A	not-run	SbPMX origin/main@a8fd3c02e1e2305683a56c91384701bfeba6b528:design/{ASKS.md,SbPMX.jl,mock_runtime.jl},compat/check-semantic-model-pipeline.jl		2026-07-28T21:07:09.209014+00:00	waffle_divorce_a	true		not-run	family is not explicit or defensibly inferred	not-probed	not-run	unresolved-family	https://github.com/rmcelreath/rethinking/blob/master/data/WaffleDivorce.csv	@options + option_domain/option_records + semantic_card under semantic_app	dataset_repository_or_file_only	https://github.com/rmcelreath/rethinking/blob/master/data/WaffleDivorce.csv	05c3f465e7987e8d7caa7e214fedddd90415a922	D ~ 1 + A			text_offset=16; matched_terms=age,divorce,waffle; context_sha256=160636ce03bb2dfe	direct population/likelihood route when the family and terms are supported	200	unresolved-family	134	synthetic n=12; positive continuous predictors; integer groups; family-valid outcome
unverifiable	not-run	family is not explicit or defensibly inferred	https://github.com/rmcelreath/rethinking/blob/master/data/WaffleDivorce.csv	The cited resource is a data file; it can support dataset provenance but not the claimed model formula or family.	unverifiable	unresolved	ordinary_brm	231	CatalogServer_default_unsubstantiated			gaussian	renderer-default-unsubstantiated; semantic family unresolved		not_supported_by_data_file	not-probed		not_supported_by_data_file					no executable descriptor until translation is resolved	unresolved-family	167844c595c3f1cd1c8c3d7bf34f49555f148f8a145643aa69150158d47d0fd4	mcelreath	scripts/examples/mcelreath.jl	true	mcelreath:waffle_divorce_m	not-run	not-run	waffle_divorce		unresolved-family		reachable_data_file	reachable-data-or-description	not-run	true	not-run	false	not-run			Waffle Divorce — Marriage Rate Predicts Divorce	D ~ 1 + M	not-run	SbPMX origin/main@a8fd3c02e1e2305683a56c91384701bfeba6b528:design/{ASKS.md,SbPMX.jl,mock_runtime.jl},compat/check-semantic-model-pipeline.jl		2026-07-28T21:07:09.209014+00:00	waffle_divorce_m	true		not-run	family is not explicit or defensibly inferred	not-probed	not-run	unresolved-family	https://github.com/rmcelreath/rethinking/blob/master/data/WaffleDivorce.csv	@options + option_domain/option_records + semantic_card under semantic_app	dataset_repository_or_file_only	https://github.com/rmcelreath/rethinking/blob/master/data/WaffleDivorce.csv	05c3f465e7987e8d7caa7e214fedddd90415a922	D ~ 1 + M			text_offset=16; matched_terms=divorce,rate,waffle; context_sha256=160636ce03bb2dfe	direct population/likelihood route when the family and terms are supported	200	unresolved-family	135	synthetic n=12; positive continuous predictors; integer groups; family-valid outcome
unverifiable	not-run	family is not explicit or defensibly inferred	https://github.com/rmcelreath/rethinking/blob/master/data/WaffleDivorce.csv	The cited resource is a data file; it can support dataset provenance but not the claimed model formula or family.	unverifiable	unresolved	ordinary_brm	253	CatalogServer_default_unsubstantiated			gaussian	renderer-default-unsubstantiated; semantic family unresolved		not_supported_by_data_file	not-probed		not_supported_by_data_file					no executable descriptor until translation is resolved	unresolved-family	167844c595c3f1cd1c8c3d7bf34f49555f148f8a145643aa69150158d47d0fd4	mcelreath	scripts/examples/mcelreath.jl	true	mcelreath:waffle_divorce_am	not-run	not-run	waffle_divorce		unresolved-family		reachable_data_file	reachable-data-or-description	not-run	true	not-run	false	not-run			Waffle Divorce — Multiple Regression (M's effect vanishes)	D ~ 1 + M + A	not-run	SbPMX origin/main@a8fd3c02e1e2305683a56c91384701bfeba6b528:design/{ASKS.md,SbPMX.jl,mock_runtime.jl},compat/check-semantic-model-pipeline.jl		2026-07-28T21:07:09.209014+00:00	waffle_divorce_am	true		not-run	family is not explicit or defensibly inferred	not-probed	not-run	unresolved-family	https://github.com/rmcelreath/rethinking/blob/master/data/WaffleDivorce.csv	@options + option_domain/option_records + semantic_card under semantic_app	dataset_repository_or_file_only	https://github.com/rmcelreath/rethinking/blob/master/data/WaffleDivorce.csv	05c3f465e7987e8d7caa7e214fedddd90415a922	D ~ 1 + M + A			text_offset=16; matched_terms=divorce,waffle; context_sha256=160636ce03bb2dfe	direct population/likelihood route when the family and terms are supported	200	unresolved-family	136	synthetic n=12; positive continuous predictors; integer groups; family-valid outcome
unverifiable	not-run	family is not explicit or defensibly inferred	https://github.com/rmcelreath/rethinking/blob/master/data/WaffleDivorce.csv	The cited resource is a data file; it can support dataset provenance but not the claimed model formula or family.	unverifiable	unresolved	ordinary_brm	275	CatalogServer_default_unsubstantiated			gaussian	renderer-default-unsubstantiated; semantic family unresolved		not_supported_by_data_file	not-probed		not_supported_by_data_file					no executable descriptor until translation is resolved	unresolved-family	167844c595c3f1cd1c8c3d7bf34f49555f148f8a145643aa69150158d47d0fd4	mcelreath	scripts/examples/mcelreath.jl	true	mcelreath:waffle_divorce_mediator	not-run	not-run	waffle_divorce		unresolved-family		reachable_data_file	reachable-data-or-description	not-run	true	not-run	false	not-run			Waffle Divorce — Mediator Regression (A predicts M)	M ~ 1 + A	not-run	SbPMX origin/main@a8fd3c02e1e2305683a56c91384701bfeba6b528:design/{ASKS.md,SbPMX.jl,mock_runtime.jl},compat/check-semantic-model-pipeline.jl		2026-07-28T21:07:09.209014+00:00	waffle_divorce_mediator	true		not-run	family is not explicit or defensibly inferred	not-probed	not-run	unresolved-family	https://github.com/rmcelreath/rethinking/blob/master/data/WaffleDivorce.csv	@options + option_domain/option_records + semantic_card under semantic_app	dataset_repository_or_file_only	https://github.com/rmcelreath/rethinking/blob/master/data/WaffleDivorce.csv	05c3f465e7987e8d7caa7e214fedddd90415a922	M ~ 1 + A			text_offset=16; matched_terms=divorce,waffle; context_sha256=160636ce03bb2dfe	direct population/likelihood route when the family and terms are supported	200	unresolved-family	137	synthetic n=12; positive continuous predictors; integer groups; family-valid outcome
unverifiable	not-run	family is not explicit or defensibly inferred	https://github.com/rmcelreath/rethinking/blob/master/data/WaffleDivorce.csv	The cited resource is a data file; it can support dataset provenance but not the claimed model formula or family.	unverifiable	unresolved	ordinary_brm	297	CatalogServer_default_unsubstantiated			gaussian	renderer-default-unsubstantiated; semantic family unresolved		not_supported_by_data_file	not-probed		not_supported_by_data_file					no executable descriptor until translation is resolved	unresolved-family	167844c595c3f1cd1c8c3d7bf34f49555f148f8a145643aa69150158d47d0fd4	mcelreath	scripts/examples/mcelreath.jl	true	mcelreath:waffle_divorce_multivariate	not-run	not-run	waffle_divorce		unresolved-family		reachable_data_file	reachable-data-or-description	not-run	true	not-run	false	not-run			Waffle Divorce — Multivariate Simultaneous Causal Model	bf(D ~ 1 + M + A) + bf(M ~ 1 + A) + set_rescor(FALSE)	not-run	SbPMX origin/main@a8fd3c02e1e2305683a56c91384701bfeba6b528:design/{ASKS.md,SbPMX.jl,mock_runtime.jl},compat/check-semantic-model-pipeline.jl		2026-07-28T21:07:09.209014+00:00	waffle_divorce_multivariate	true		not-run	family is not explicit or defensibly inferred	not-probed	not-run	unresolved-family	https://github.com/rmcelreath/rethinking/blob/master/data/WaffleDivorce.csv	@options + option_domain/option_records + semantic_card under semantic_app	dataset_repository_or_file_only	https://github.com/rmcelreath/rethinking/blob/master/data/WaffleDivorce.csv	05c3f465e7987e8d7caa7e214fedddd90415a922	bf(D ~ 1 + M + A) + bf(M ~ 1 + A) + set_rescor(FALSE)			text_offset=16; matched_terms=divorce,waffle; context_sha256=160636ce03bb2dfe	direct population/likelihood route when the family and terms are supported	200	unresolved-family	138	synthetic n=12; positive continuous predictors; integer groups; family-valid outcome
unverifiable	not-run	family is not explicit or defensibly inferred	https://github.com/rmcelreath/rethinking/blob/master/data/WaffleDivorce.csv	The cited resource is a data file; it can support dataset provenance but not the claimed model formula or family.	unverifiable	unresolved	ordinary_brm	319	CatalogServer_default_unsubstantiated			gaussian	renderer-default-unsubstantiated; semantic family unresolved		not_supported_by_data_file	not-probed		not_supported_by_data_file					no executable descriptor until translation is resolved	unresolved-family	167844c595c3f1cd1c8c3d7bf34f49555f148f8a145643aa69150158d47d0fd4	mcelreath	scripts/examples/mcelreath.jl	true	mcelreath:waffle_divorce_meas_err	not-run	not-run	waffle_divorce		unresolved-family		reachable_data_file	reachable-data-or-description	not-run	true	not-run	false	not-run			Waffle Divorce — Measurement Error Model	D_obs | mi(D_sd) ~ 1 + A + M	not-run	SbPMX origin/main@a8fd3c02e1e2305683a56c91384701bfeba6b528:design/{ASKS.md,SbPMX.jl,mock_runtime.jl},compat/check-semantic-model-pipeline.jl		2026-07-28T21:07:09.209014+00:00	waffle_divorce_meas_err	true		not-run	family is not explicit or defensibly inferred	not-probed	not-run	unresolved-family	https://github.com/rmcelreath/rethinking/blob/master/data/WaffleDivorce.csv	@options + option_domain/option_records + semantic_card under semantic_app	dataset_repository_or_file_only	https://github.com/rmcelreath/rethinking/blob/master/data/WaffleDivorce.csv	05c3f465e7987e8d7caa7e214fedddd90415a922	D_obs | mi(D_sd) ~ 1 + A + M			text_offset=16; matched_terms=divorce,waffle; context_sha256=160636ce03bb2dfe	direct population/likelihood route when the family and terms are supported	200	unresolved-family	139	synthetic n=12; positive continuous predictors; integer groups; family-valid outcome
unverifiable	not-run	family is not explicit or defensibly inferred	https://github.com/rmcelreath/rethinking/blob/master/data/milk.csv	The cited resource is a data file; it can support dataset provenance but not the claimed model formula or family.	unverifiable	unresolved	ordinary_brm	354	CatalogServer_default_unsubstantiated			gaussian	renderer-default-unsubstantiated; semantic family unresolved		not_supported_by_data_file	not-probed		not_supported_by_data_file					no executable descriptor until translation is resolved	unresolved-family	fbab77b9fefe7b76e6e31f064a01dd7b1dbafd5884dd5d4e06bcbc1c6d15880c	mcelreath	scripts/examples/mcelreath.jl	true	mcelreath:milk_neo	not-run	not-run	milk		unresolved-family		reachable_data_file	reachable-data-or-description	not-run	true	not-run	false	not-run			Milk Energy — Neocortex Predictor	kcal_s ~ 1 + neo_s	not-run	SbPMX origin/main@a8fd3c02e1e2305683a56c91384701bfeba6b528:design/{ASKS.md,SbPMX.jl,mock_runtime.jl},compat/check-semantic-model-pipeline.jl		2026-07-28T21:07:09.303216+00:00	milk_neo	true		not-run	family is not explicit or defensibly inferred	not-probed	not-run	unresolved-family	https://github.com/rmcelreath/rethinking/blob/master/data/milk.csv	@options + option_domain/option_records + semantic_card under semantic_app	dataset_repository_or_file_only	https://github.com/rmcelreath/rethinking/blob/master/data/milk.csv	05c3f465e7987e8d7caa7e214fedddd90415a922	kcal_s ~ 1 + neo_s			text_offset=16; matched_terms=milk; context_sha256=d37e6c5d94b0c33b	direct population/likelihood route when the family and terms are supported	200	unresolved-family	140	synthetic n=12; positive continuous predictors; integer groups; family-valid outcome
unverifiable	not-run	family is not explicit or defensibly inferred	https://github.com/rmcelreath/rethinking/blob/master/data/milk.csv	The cited resource is a data file; it can support dataset provenance but not the claimed model formula or family.	unverifiable	unresolved	ordinary_brm	381	CatalogServer_default_unsubstantiated			gaussian	renderer-default-unsubstantiated; semantic family unresolved		not_supported_by_data_file	not-probed		not_supported_by_data_file					no executable descriptor until translation is resolved	unresolved-family	fbab77b9fefe7b76e6e31f064a01dd7b1dbafd5884dd5d4e06bcbc1c6d15880c	mcelreath	scripts/examples/mcelreath.jl	true	mcelreath:milk_mass	not-run	not-run	milk		unresolved-family		reachable_data_file	reachable-data-or-description	not-run	true	not-run	false	not-run			Milk Energy — Log Body Mass Predictor	kcal_s ~ 1 + logmass_s	not-run	SbPMX origin/main@a8fd3c02e1e2305683a56c91384701bfeba6b528:design/{ASKS.md,SbPMX.jl,mock_runtime.jl},compat/check-semantic-model-pipeline.jl		2026-07-28T21:07:09.303216+00:00	milk_mass	true		not-run	family is not explicit or defensibly inferred	not-probed	not-run	unresolved-family	https://github.com/rmcelreath/rethinking/blob/master/data/milk.csv	@options + option_domain/option_records + semantic_card under semantic_app	dataset_repository_or_file_only	https://github.com/rmcelreath/rethinking/blob/master/data/milk.csv	05c3f465e7987e8d7caa7e214fedddd90415a922	kcal_s ~ 1 + logmass_s			text_offset=16; matched_terms=milk; context_sha256=d37e6c5d94b0c33b	direct population/likelihood route when the family and terms are supported	200	unresolved-family	141	synthetic n=12; positive continuous predictors; integer groups; family-valid outcome
unverifiable	not-run	family is not explicit or defensibly inferred	https://github.com/rmcelreath/rethinking/blob/master/data/milk.csv	The cited resource is a data file; it can support dataset provenance but not the claimed model formula or family.	unverifiable	unresolved	ordinary_brm	408	CatalogServer_default_unsubstantiated			gaussian	renderer-default-unsubstantiated; semantic family unresolved		not_supported_by_data_file	not-probed		not_supported_by_data_file					no executable descriptor until translation is resolved	unresolved-family	fbab77b9fefe7b76e6e31f064a01dd7b1dbafd5884dd5d4e06bcbc1c6d15880c	mcelreath	scripts/examples/mcelreath.jl	true	mcelreath:milk_both	not-run	not-run	milk		unresolved-family		reachable_data_file	reachable-data-or-description	not-run	true	not-run	false	not-run			Milk Energy — Neocortex and Mass (Masked Association)	kcal_s ~ 1 + neo_s + logmass_s	not-run	SbPMX origin/main@a8fd3c02e1e2305683a56c91384701bfeba6b528:design/{ASKS.md,SbPMX.jl,mock_runtime.jl},compat/check-semantic-model-pipeline.jl		2026-07-28T21:07:09.303216+00:00	milk_both	true		not-run	family is not explicit or defensibly inferred	not-probed	not-run	unresolved-family	https://github.com/rmcelreath/rethinking/blob/master/data/milk.csv	@options + option_domain/option_records + semantic_card under semantic_app	dataset_repository_or_file_only	https://github.com/rmcelreath/rethinking/blob/master/data/milk.csv	05c3f465e7987e8d7caa7e214fedddd90415a922	kcal_s ~ 1 + neo_s + logmass_s			text_offset=16; matched_terms=and,milk; context_sha256=d37e6c5d94b0c33b	direct population/likelihood route when the family and terms are supported	200	unresolved-family	142	synthetic n=12; positive continuous predictors; integer groups; family-valid outcome
unverifiable	not-run	family is not explicit or defensibly inferred	https://github.com/rmcelreath/rethinking/blob/master/data/milk.csv	The cited resource is a data file; it can support dataset provenance but not the claimed model formula or family.	unverifiable	unresolved	ordinary_brm	435	CatalogServer_default_unsubstantiated			gaussian	renderer-default-unsubstantiated; semantic family unresolved		not_supported_by_data_file	not-probed		not_supported_by_data_file					no executable descriptor until translation is resolved	unresolved-family	fbab77b9fefe7b76e6e31f064a01dd7b1dbafd5884dd5d4e06bcbc1c6d15880c	mcelreath	scripts/examples/mcelreath.jl	true	mcelreath:milk_clade	not-run	not-run	milk		unresolved-family		reachable_data_file	reachable-data-or-description	not-run	true	not-run	false	not-run			Milk Energy — Clade Index Model	kcal_s ~ 0 + clade	not-run	SbPMX origin/main@a8fd3c02e1e2305683a56c91384701bfeba6b528:design/{ASKS.md,SbPMX.jl,mock_runtime.jl},compat/check-semantic-model-pipeline.jl		2026-07-28T21:07:09.303216+00:00	milk_clade	true		not-run	family is not explicit or defensibly inferred	not-probed	not-run	unresolved-family	https://github.com/rmcelreath/rethinking/blob/master/data/milk.csv	@options + option_domain/option_records + semantic_card under semantic_app	dataset_repository_or_file_only	https://github.com/rmcelreath/rethinking/blob/master/data/milk.csv	05c3f465e7987e8d7caa7e214fedddd90415a922	kcal_s ~ 0 + clade			text_offset=16; matched_terms=milk; context_sha256=d37e6c5d94b0c33b	direct population/likelihood route when the family and terms are supported	200	unresolved-family	143	synthetic n=12; positive continuous predictors; integer groups; family-valid outcome
unverifiable	not-run	family is not explicit or defensibly inferred	https://github.com/rmcelreath/rethinking/blob/master/data/milk.csv	The cited resource is a data file; it can support dataset provenance but not the claimed model formula or family.	unverifiable	unresolved	ordinary_brm	462	CatalogServer_default_unsubstantiated			gaussian	renderer-default-unsubstantiated; semantic family unresolved		not_supported_by_data_file	not-probed		not_supported_by_data_file					no executable descriptor until translation is resolved	unresolved-family	fbab77b9fefe7b76e6e31f064a01dd7b1dbafd5884dd5d4e06bcbc1c6d15880c	mcelreath	scripts/examples/mcelreath.jl	true	mcelreath:milk_mi	not-run	not-run	milk		unresolved-family		reachable_data_file	reachable-data-or-description	not-run	true	not-run	false	not-run			Milk Energy — Joint Missing-Data Model	bf(k ~ 1 + mi(b) + m) + bf(b | mi() ~ 1) + set_rescor(FALSE)	not-run	SbPMX origin/main@a8fd3c02e1e2305683a56c91384701bfeba6b528:design/{ASKS.md,SbPMX.jl,mock_runtime.jl},compat/check-semantic-model-pipeline.jl		2026-07-28T21:07:09.303216+00:00	milk_mi	true		not-run	family is not explicit or defensibly inferred	not-probed	not-run	unresolved-family	https://github.com/rmcelreath/rethinking/blob/master/data/milk.csv	@options + option_domain/option_records + semantic_card under semantic_app	dataset_repository_or_file_only	https://github.com/rmcelreath/rethinking/blob/master/data/milk.csv	05c3f465e7987e8d7caa7e214fedddd90415a922	bf(k ~ 1 + mi(b) + m) + bf(b | mi() ~ 1) + set_rescor(FALSE)			text_offset=16; matched_terms=data,milk; context_sha256=d37e6c5d94b0c33b	direct population/likelihood route when the family and terms are supported	200	unresolved-family	144	synthetic n=12; positive continuous predictors; integer groups; family-valid outcome
unverifiable	not-run	family is not explicit or defensibly inferred	synthetic	No external model citation: catalog claim is synthetic/uncited.	unverifiable	unresolved	ordinary_brm	514	CatalogServer_default_unsubstantiated			gaussian	renderer-default-unsubstantiated; semantic family unresolved		not_evaluable	not-probed		not_evaluable					no executable descriptor until translation is resolved	unresolved-family		mcelreath	scripts/examples/mcelreath.jl	true	mcelreath:plant_growth_baseline	not-run	not-run	plant_growth		unresolved-family		synthetic_claim_only	synthetic-no-external-receipt	not-run	false	not-run	false	not-run			Plant Growth — Baseline (No Treatment Effect)	h1 ~ 0 + h0	not-run	SbPMX origin/main@a8fd3c02e1e2305683a56c91384701bfeba6b528:design/{ASKS.md,SbPMX.jl,mock_runtime.jl},compat/check-semantic-model-pipeline.jl			plant_growth_baseline	true		not-run	family is not explicit or defensibly inferred	not-probed	not-run	unresolved-family		@options + option_domain/option_records + semantic_card under semantic_app	no_external_authority	synthetic	05c3f465e7987e8d7caa7e214fedddd90415a922	h1 ~ 0 + h0				direct population/likelihood route when the family and terms are supported		unresolved-family	145	synthetic n=12; positive continuous predictors; integer groups; family-valid outcome
unverifiable	not-run	family is not explicit or defensibly inferred	synthetic	No external model citation: catalog claim is synthetic/uncited.	unverifiable	unresolved	ordinary_brm	530	CatalogServer_default_unsubstantiated			gaussian	renderer-default-unsubstantiated; semantic family unresolved		not_evaluable	not-probed		not_evaluable					no executable descriptor until translation is resolved	unresolved-family		mcelreath	scripts/examples/mcelreath.jl	true	mcelreath:plant_growth_biased	not-run	not-run	plant_growth		unresolved-family		synthetic_claim_only	synthetic-no-external-receipt	not-run	false	not-run	false	not-run			Plant Growth — Post-Treatment Bias	bf(h1 ~ h0 * (a + t * treatment + f * fungus), a + t + f ~ 1, nl = TRUE)	not-run	SbPMX origin/main@a8fd3c02e1e2305683a56c91384701bfeba6b528:design/{ASKS.md,SbPMX.jl,mock_runtime.jl},compat/check-semantic-model-pipeline.jl			plant_growth_biased	true		not-run	family is not explicit or defensibly inferred	not-probed	not-run	unresolved-family		@options + option_domain/option_records + semantic_card under semantic_app	no_external_authority	synthetic	05c3f465e7987e8d7caa7e214fedddd90415a922	bf(h1 ~ h0 * (a + t * treatment + f * fungus), a + t + f ~ 1, nl = TRUE)				direct population/likelihood route when the family and terms are supported		unresolved-family	146	synthetic n=12; positive continuous predictors; integer groups; family-valid outcome
unverifiable	not-run	family is not explicit or defensibly inferred	synthetic	No external model citation: catalog claim is synthetic/uncited.	unverifiable	unresolved	ordinary_brm	547	CatalogServer_default_unsubstantiated			gaussian	renderer-default-unsubstantiated; semantic family unresolved		not_evaluable	not-probed		not_evaluable					no executable descriptor until translation is resolved	unresolved-family		mcelreath	scripts/examples/mcelreath.jl	true	mcelreath:plant_growth_causal	not-run	not-run	plant_growth		unresolved-family		synthetic_claim_only	synthetic-no-external-receipt	not-run	false	not-run	false	not-run			Plant Growth — Causal Model (Excluding Mediator)	bf(h1 ~ h0 * (a + t * treatment), a + t ~ 1, nl = TRUE)	not-run	SbPMX origin/main@a8fd3c02e1e2305683a56c91384701bfeba6b528:design/{ASKS.md,SbPMX.jl,mock_runtime.jl},compat/check-semantic-model-pipeline.jl			plant_growth_causal	true		not-run	family is not explicit or defensibly inferred	not-probed	not-run	unresolved-family		@options + option_domain/option_records + semantic_card under semantic_app	no_external_authority	synthetic	05c3f465e7987e8d7caa7e214fedddd90415a922	bf(h1 ~ h0 * (a + t * treatment), a + t ~ 1, nl = TRUE)				direct population/likelihood route when the family and terms are supported		unresolved-family	147	synthetic n=12; positive continuous predictors; integer groups; family-valid outcome
unverifiable	not-run	family is not explicit or defensibly inferred	synthetic	No external model citation: catalog claim is synthetic/uncited.	unverifiable	unresolved	ordinary_brm	594	CatalogServer_default_unsubstantiated			gaussian	renderer-default-unsubstantiated; semantic family unresolved		not_evaluable	not-probed		not_evaluable					no executable descriptor until translation is resolved	unresolved-family		mcelreath	scripts/examples/mcelreath.jl	true	mcelreath:happiness_collider	not-run	not-run	happiness		unresolved-family		synthetic_claim_only	synthetic-no-external-receipt	not-run	false	not-run	false	not-run			Happiness — Collider Bias (Spurious Age Effect)	happiness ~ 0 + mid + a	not-run	SbPMX origin/main@a8fd3c02e1e2305683a56c91384701bfeba6b528:design/{ASKS.md,SbPMX.jl,mock_runtime.jl},compat/check-semantic-model-pipeline.jl			happiness_collider	true		not-run	family is not explicit or defensibly inferred	not-probed	not-run	unresolved-family		@options + option_domain/option_records + semantic_card under semantic_app	no_external_authority	synthetic	05c3f465e7987e8d7caa7e214fedddd90415a922	happiness ~ 0 + mid + a				direct population/likelihood route when the family and terms are supported		unresolved-family	148	synthetic n=12; positive continuous predictors; integer groups; family-valid outcome
unverifiable	not-run	family is not explicit or defensibly inferred	synthetic	No external model citation: catalog claim is synthetic/uncited.	unverifiable	unresolved	ordinary_brm	611	CatalogServer_default_unsubstantiated			gaussian	renderer-default-unsubstantiated; semantic family unresolved		not_evaluable	not-probed		not_evaluable					no executable descriptor until translation is resolved	unresolved-family		mcelreath	scripts/examples/mcelreath.jl	true	mcelreath:happiness_causal	not-run	not-run	happiness		unresolved-family		synthetic_claim_only	synthetic-no-external-receipt	not-run	false	not-run	false	not-run			Happiness — Causal Model (No Age Effect)	happiness ~ 0 + Intercept + a	not-run	SbPMX origin/main@a8fd3c02e1e2305683a56c91384701bfeba6b528:design/{ASKS.md,SbPMX.jl,mock_runtime.jl},compat/check-semantic-model-pipeline.jl			happiness_causal	true		not-run	family is not explicit or defensibly inferred	not-probed	not-run	unresolved-family		@options + option_domain/option_records + semantic_card under semantic_app	no_external_authority	synthetic	05c3f465e7987e8d7caa7e214fedddd90415a922	happiness ~ 0 + Intercept + a				direct population/likelihood route when the family and terms are supported		unresolved-family	149	synthetic n=12; positive continuous predictors; integer groups; family-valid outcome
unverifiable	not-run	family is not explicit or defensibly inferred	https://github.com/rmcelreath/rethinking/blob/master/data/rugged.csv	The cited resource is a data file; it can support dataset provenance but not the claimed model formula or family.	unverifiable	unresolved	ordinary_brm	640	CatalogServer_default_unsubstantiated			gaussian	renderer-default-unsubstantiated; semantic family unresolved		not_supported_by_data_file	not-probed		not_supported_by_data_file					no executable descriptor until translation is resolved	unresolved-family	d2da37d896ba1c70eda2a6b8c79dc4ce5b3d965080922875998004341dc3bc65	mcelreath	scripts/examples/mcelreath.jl	true	mcelreath:rugged_pooled	not-run	not-run	rugged		unresolved-family		reachable_data_file	reachable-data-or-description	not-run	true	not-run	false	not-run			Terrain Ruggedness — Pooled Model	log_gdp_std ~ 1 + rugged_std_c	not-run	SbPMX origin/main@a8fd3c02e1e2305683a56c91384701bfeba6b528:design/{ASKS.md,SbPMX.jl,mock_runtime.jl},compat/check-semantic-model-pipeline.jl		2026-07-28T21:07:09.338519+00:00	rugged_pooled	true		not-run	family is not explicit or defensibly inferred	not-probed	not-run	unresolved-family	https://github.com/rmcelreath/rethinking/blob/master/data/rugged.csv	@options + option_domain/option_records + semantic_card under semantic_app	dataset_repository_or_file_only	https://github.com/rmcelreath/rethinking/blob/master/data/rugged.csv	05c3f465e7987e8d7caa7e214fedddd90415a922	log_gdp_std ~ 1 + rugged_std_c			text_offset=16; matched_terms=rugged; context_sha256=220092ae6a1d60c7	direct population/likelihood route when the family and terms are supported	200	unresolved-family	150	synthetic n=12; positive continuous predictors; integer groups; family-valid outcome
unverifiable	not-run	family is not explicit or defensibly inferred	https://github.com/rmcelreath/rethinking/blob/master/data/rugged.csv	The cited resource is a data file; it can support dataset provenance but not the claimed model formula or family.	unverifiable	unresolved	ordinary_brm	662	CatalogServer_default_unsubstantiated			gaussian	renderer-default-unsubstantiated; semantic family unresolved		not_supported_by_data_file	not-probed		not_supported_by_data_file					no executable descriptor until translation is resolved	unresolved-family	d2da37d896ba1c70eda2a6b8c79dc4ce5b3d965080922875998004341dc3bc65	mcelreath	scripts/examples/mcelreath.jl	true	mcelreath:rugged_continent	not-run	not-run	rugged		unresolved-family		reachable_data_file	reachable-data-or-description	not-run	true	not-run	false	not-run			Terrain Ruggedness — Continent Intercepts	log_gdp_std ~ 0 + cid + rugged_std_c	not-run	SbPMX origin/main@a8fd3c02e1e2305683a56c91384701bfeba6b528:design/{ASKS.md,SbPMX.jl,mock_runtime.jl},compat/check-semantic-model-pipeline.jl		2026-07-28T21:07:09.338519+00:00	rugged_continent	true		not-run	family is not explicit or defensibly inferred	not-probed	not-run	unresolved-family	https://github.com/rmcelreath/rethinking/blob/master/data/rugged.csv	@options + option_domain/option_records + semantic_card under semantic_app	dataset_repository_or_file_only	https://github.com/rmcelreath/rethinking/blob/master/data/rugged.csv	05c3f465e7987e8d7caa7e214fedddd90415a922	log_gdp_std ~ 0 + cid + rugged_std_c			text_offset=16; matched_terms=rugged; context_sha256=220092ae6a1d60c7	direct population/likelihood route when the family and terms are supported	200	unresolved-family	151	synthetic n=12; positive continuous predictors; integer groups; family-valid outcome
unverifiable	not-run	family is not explicit or defensibly inferred	https://github.com/rmcelreath/rethinking/blob/master/data/rugged.csv	The cited resource is a data file; it can support dataset provenance but not the claimed model formula or family.	unverifiable	unresolved	ordinary_brm	684	CatalogServer_default_unsubstantiated			gaussian	renderer-default-unsubstantiated; semantic family unresolved		not_supported_by_data_file	not-probed		not_supported_by_data_file					no executable descriptor until translation is resolved	unresolved-family	d2da37d896ba1c70eda2a6b8c79dc4ce5b3d965080922875998004341dc3bc65	mcelreath	scripts/examples/mcelreath.jl	true	mcelreath:rugged_nl	not-run	not-run	rugged		unresolved-family		reachable_data_file	reachable-data-or-description	not-run	true	not-run	false	not-run			Terrain Ruggedness — Nonlinear Continent Slopes	bf(log_gdp_std ~ 0 + a + b * rugged_std_c, a ~ 0 + cid, b ~ 0 + cid, nl = TRUE)	not-run	SbPMX origin/main@a8fd3c02e1e2305683a56c91384701bfeba6b528:design/{ASKS.md,SbPMX.jl,mock_runtime.jl},compat/check-semantic-model-pipeline.jl		2026-07-28T21:07:09.338519+00:00	rugged_nl	true		not-run	family is not explicit or defensibly inferred	not-probed	not-run	unresolved-family	https://github.com/rmcelreath/rethinking/blob/master/data/rugged.csv	@options + option_domain/option_records + semantic_card under semantic_app	dataset_repository_or_file_only	https://github.com/rmcelreath/rethinking/blob/master/data/rugged.csv	05c3f465e7987e8d7caa7e214fedddd90415a922	bf(log_gdp_std ~ 0 + a + b * rugged_std_c, a ~ 0 + cid, b ~ 0 + cid, nl = TRUE)			text_offset=16; matched_terms=rugged; context_sha256=220092ae6a1d60c7	direct population/likelihood route when the family and terms are supported	200	unresolved-family	152	synthetic n=12; positive continuous predictors; integer groups; family-valid outcome
unverifiable	not-run	family is not explicit or defensibly inferred	https://github.com/rmcelreath/rethinking/blob/master/data/tulips.csv	The cited resource is a data file; it can support dataset provenance but not the claimed model formula or family.	unverifiable	unresolved	ordinary_brm	718	CatalogServer_default_unsubstantiated			gaussian	renderer-default-unsubstantiated; semantic family unresolved		not_supported_by_data_file	not-probed		not_supported_by_data_file					no executable descriptor until translation is resolved	unresolved-family	dd536e93c430fd72cd142adb61026299ab537b320e8fe143f255828c4ffd9cb3	mcelreath	scripts/examples/mcelreath.jl	true	mcelreath:tulips_additive	not-run	not-run	tulips		unresolved-family		reachable_data_file	reachable-data-or-description	not-run	true	not-run	false	not-run			Tulips — Additive Water and Shade Effects	blooms_std ~ 1 + water_cent + shade_cent	not-run	SbPMX origin/main@a8fd3c02e1e2305683a56c91384701bfeba6b528:design/{ASKS.md,SbPMX.jl,mock_runtime.jl},compat/check-semantic-model-pipeline.jl		2026-07-28T21:07:09.351203+00:00	tulips_additive	true		not-run	family is not explicit or defensibly inferred	not-probed	not-run	unresolved-family	https://github.com/rmcelreath/rethinking/blob/master/data/tulips.csv	@options + option_domain/option_records + semantic_card under semantic_app	dataset_repository_or_file_only	https://github.com/rmcelreath/rethinking/blob/master/data/tulips.csv	05c3f465e7987e8d7caa7e214fedddd90415a922	blooms_std ~ 1 + water_cent + shade_cent			text_offset=16; matched_terms=and,tulips; context_sha256=481c5c729ff117e4	direct population/likelihood route when the family and terms are supported	200	unresolved-family	153	synthetic n=12; positive continuous predictors; integer groups; family-valid outcome
unverifiable	not-run	family is not explicit or defensibly inferred	https://github.com/rmcelreath/rethinking/blob/master/data/tulips.csv	The cited resource is a data file; it can support dataset provenance but not the claimed model formula or family.	unverifiable	unresolved	ordinary_brm	737	CatalogServer_default_unsubstantiated			gaussian	renderer-default-unsubstantiated; semantic family unresolved		not_supported_by_data_file	not-probed		not_supported_by_data_file					no executable descriptor until translation is resolved	unresolved-family	dd536e93c430fd72cd142adb61026299ab537b320e8fe143f255828c4ffd9cb3	mcelreath	scripts/examples/mcelreath.jl	true	mcelreath:tulips_interaction	not-run	not-run	tulips		unresolved-family		reachable_data_file	reachable-data-or-description	not-run	true	not-run	false	not-run			Tulips — Water × Shade Interaction	blooms_std ~ 1 + water_cent + shade_cent + water_cent:shade_cent	not-run	SbPMX origin/main@a8fd3c02e1e2305683a56c91384701bfeba6b528:design/{ASKS.md,SbPMX.jl,mock_runtime.jl},compat/check-semantic-model-pipeline.jl		2026-07-28T21:07:09.351203+00:00	tulips_interaction	true		not-run	family is not explicit or defensibly inferred	not-probed	not-run	unresolved-family	https://github.com/rmcelreath/rethinking/blob/master/data/tulips.csv	@options + option_domain/option_records + semantic_card under semantic_app	dataset_repository_or_file_only	https://github.com/rmcelreath/rethinking/blob/master/data/tulips.csv	05c3f465e7987e8d7caa7e214fedddd90415a922	blooms_std ~ 1 + water_cent + shade_cent + water_cent:shade_cent			text_offset=16; matched_terms=tulips; context_sha256=481c5c729ff117e4	direct population/likelihood route when the family and terms are supported	200	unresolved-family	154	synthetic n=12; positive continuous predictors; integer groups; family-valid outcome
unverifiable	not-run	multi-formula/nonlinear brms declaration	synthetic	No external model citation: catalog claim is synthetic/uncited.	unverifiable	inferred-from-name	ordinary_brm	773	CatalogServer_default_unsubstantiated			gaussian	renderer-default-unsubstantiated; inference happens to agree		not_evaluable	not-probed		not_evaluable					no executable descriptor until translation is resolved	unsupported		mcelreath	scripts/examples/mcelreath.jl	true	mcelreath:hetero	not-run	not-run	hetero		unresolved-family		synthetic_claim_only	synthetic-no-external-receipt	not-run	false	not-run	false	not-run			Distributional Model — Heteroscedastic Gaussian	bf(y ~ 1, sigma ~ 1 + x)	not-run	SbPMX origin/main@a8fd3c02e1e2305683a56c91384701bfeba6b528:design/{ASKS.md,SbPMX.jl,mock_runtime.jl},compat/check-semantic-model-pipeline.jl			hetero	true		not-run	family is not explicit or defensibly inferred	not-probed	not-run	unresolved-family		@options + option_domain/option_records + semantic_card under semantic_app	no_external_authority	synthetic	05c3f465e7987e8d7caa7e214fedddd90415a922	bf(y ~ 1, sigma ~ 1 + x)		gaussian		direct population/likelihood route when the family and terms are supported		unsupported	155	synthetic n=12; positive continuous predictors; integer groups; family-valid outcome
unverifiable	not-run	trials/cbind response lowered to explicit BinomialLogit	https://github.com/rmcelreath/rethinking/blob/master/data/chimpanzees.csv	The cited resource is a data file; it can support dataset provenance but not the claimed model formula or family.	unverifiable	inferred-from-response-syntax	ordinary_brm	803	CatalogServer_default_unsubstantiated	76bbe339f438cf60	312	gaussian	renderer-default-contradicts semantic inference		not_supported_by_data_file	not-probed		not_supported_by_data_file		descriptor	AssertionError: tracetype not defined for pulled_left_gen::anything = binomial_logit_rng(::array[] tokenof, ::int, ::vector)::anything! Stacktrace:   [1] show(io::StanBlocks.StanIO{IOBuffer}, x::StanBlocks.CanonicalExpr{Val{:(=)}, Tuple{StanBlocks.StanExpr{Symbol, StanBlocks.StanType{anything, 0}}, StanBlocks.StanExpr{StanBlocks.CanonicalExpr{typeof(StanBlocks.builtin.binomial_logit_rng), Tuple{StanBlocks.StanExpr{DataType, StanBlocks.StanType{tokenof, 1}}, StanBlocks.StanExpr{Int64, StanBlocks.StanType{int, 0}}, StanBlocks.StanExpr{Symbol, StanBlocks.StanType{vector, 1}}}}, StanBlocks.StanType{anything, 0}}}})     @ StanBlocks ~/github/nsiccha/StanBlocks.jl/src/slic_stan/show.jl:124   [2] print(io::StanBlocks.StanIO{IOBuffer}, x::StanBlocks.CanonicalExpr{Val{:(=)}, Tuple{StanBlocks.StanExpr{Symbol, StanBlocks.StanType{anything, 0}}, StanBlocks.StanExpr{StanBlocks.CanonicalExpr{typeof(StanBlocks.builtin.binomial_logit_rng), Tuple{StanBlocks.StanExpr{DataType, StanBlocks.StanType{tokenof, 1}}, StanBlocks.StanExpr{Int64, StanBlocks.StanType{int, 0}}, StanBlocks.StanExpr{Symbol, StanBlocks.StanType{vector, 1}}}}, StanBlocks.StanType{anything, 0}}}})     @ Base ./strings/io.jl:35   [3]…		authoritative brm_descriptor/brm_execute; experimental SbPMX semantic_app mount adapter	ready	4df9b5dd105ba7ee8e5377db84f3fa6268c70421af4ccb4073afa1175b604a81	mcelreath	scripts/examples/mcelreath.jl	true	mcelreath:chimpanzees_intercept	not-run	pass	chimpanzees		unresolved-family		reachable_data_file	reachable-data-or-description	pass	true	not-run	false	not-run			Chimpanzees — Intercept Only	pulled_left | trials(1) ~ 1	not-run	SbPMX origin/main@a8fd3c02e1e2305683a56c91384701bfeba6b528:design/{ASKS.md,SbPMX.jl,mock_runtime.jl},compat/check-semantic-model-pipeline.jl		2026-07-28T21:07:09.276703+00:00	chimpanzees_intercept	true	log_odds ~ 1\npulled_left ~ BinomialLogit(1, log_odds)	fail	family is not explicit or defensibly inferred	direct	pass	unresolved-family	https://github.com/rmcelreath/rethinking/blob/master/data/chimpanzees.csv	@options + option_domain/option_records + semantic_card under semantic_app	dataset_repository_or_file_only	https://github.com/rmcelreath/rethinking/blob/master/data/chimpanzees.csv	05c3f465e7987e8d7caa7e214fedddd90415a922	pulled_left | trials(1) ~ 1		binomial	text_offset=16; matched_terms=chimpanzees; context_sha256=b5705e9daad7244d	direct population/likelihood route when the family and terms are supported	200	failed-descriptor	156	synthetic n=12; positive continuous predictors; integer groups; family-valid outcome
unverifiable	not-run	multi-formula/nonlinear brms declaration	https://github.com/rmcelreath/rethinking/blob/master/data/chimpanzees.csv	The cited resource is a data file; it can support dataset provenance but not the claimed model formula or family.	unverifiable	inferred-from-response-syntax	ordinary_brm	823	CatalogServer_default_unsubstantiated			gaussian	renderer-default-contradicts semantic inference		not_supported_by_data_file	not-probed		not_supported_by_data_file					no executable descriptor until translation is resolved	unsupported	4df9b5dd105ba7ee8e5377db84f3fa6268c70421af4ccb4073afa1175b604a81	mcelreath	scripts/examples/mcelreath.jl	true	mcelreath:chimpanzees_actors	not-run	not-run	chimpanzees		unresolved-family		reachable_data_file	reachable-data-or-description	not-run	true	not-run	false	not-run			Chimpanzees — Actor-Indexed Intercepts and Treatment Effects	bf(pulled_left | trials(1) ~ a + b, a ~ 0 + actor, b ~ 0 + treatment, nl = TRUE)	not-run	SbPMX origin/main@a8fd3c02e1e2305683a56c91384701bfeba6b528:design/{ASKS.md,SbPMX.jl,mock_runtime.jl},compat/check-semantic-model-pipeline.jl		2026-07-28T21:07:09.276703+00:00	chimpanzees_actors	true		not-run	family is not explicit or defensibly inferred	not-probed	not-run	unresolved-family	https://github.com/rmcelreath/rethinking/blob/master/data/chimpanzees.csv	@options + option_domain/option_records + semantic_card under semantic_app	dataset_repository_or_file_only	https://github.com/rmcelreath/rethinking/blob/master/data/chimpanzees.csv	05c3f465e7987e8d7caa7e214fedddd90415a922	bf(pulled_left | trials(1) ~ a + b, a ~ 0 + actor, b ~ 0 + treatment, nl = TRUE)		binomial	text_offset=16; matched_terms=and,chimpanzees; context_sha256=b5705e9daad7244d	direct population/likelihood route when the family and terms are supported	200	unsupported	157	synthetic n=12; positive continuous predictors; integer groups; family-valid outcome
unverifiable	not-run	multi-formula/nonlinear brms declaration	https://github.com/rmcelreath/rethinking/blob/master/data/chimpanzees.csv	The cited resource is a data file; it can support dataset provenance but not the claimed model formula or family.	unverifiable	inferred-from-response-syntax	ordinary_brm	842	CatalogServer_default_unsubstantiated			gaussian	renderer-default-contradicts semantic inference		not_supported_by_data_file	not-probed		not_supported_by_data_file					no executable descriptor until translation is resolved	unsupported	4df9b5dd105ba7ee8e5377db84f3fa6268c70421af4ccb4073afa1175b604a81	mcelreath	scripts/examples/mcelreath.jl	true	mcelreath:chimpanzees_multilevel	not-run	not-run	chimpanzees		unresolved-family		reachable_data_file	reachable-data-or-description	not-run	true	not-run	false	not-run			Chimpanzees — Multilevel Partial Pooling	bf(pulled_left | trials(1) ~ a + b, a ~ 1 + (1 | actor) + (1 | block), b ~ 0 + treatment, nl = TRUE)	not-run	SbPMX origin/main@a8fd3c02e1e2305683a56c91384701bfeba6b528:design/{ASKS.md,SbPMX.jl,mock_runtime.jl},compat/check-semantic-model-pipeline.jl		2026-07-28T21:07:09.276703+00:00	chimpanzees_multilevel	true		not-run	family is not explicit or defensibly inferred	not-probed	not-run	unresolved-family	https://github.com/rmcelreath/rethinking/blob/master/data/chimpanzees.csv	@options + option_domain/option_records + semantic_card under semantic_app	dataset_repository_or_file_only	https://github.com/rmcelreath/rethinking/blob/master/data/chimpanzees.csv	05c3f465e7987e8d7caa7e214fedddd90415a922	bf(pulled_left | trials(1) ~ a + b, a ~ 1 + (1 | actor) + (1 | block), b ~ 0 + treatment, nl = TRUE)		binomial	text_offset=16; matched_terms=chimpanzees; context_sha256=b5705e9daad7244d	direct population/likelihood route when the family and terms are supported	200	unsupported	158	synthetic n=12; positive continuous predictors; integer groups; family-valid outcome
unverifiable	not-run	trials/cbind response lowered to explicit BinomialLogit	https://github.com/rmcelreath/rethinking/blob/master/data/chimpanzees.csv	The cited resource is a data file; it can support dataset provenance but not the claimed model formula or family.	unverifiable	inferred-from-response-syntax	ordinary_brm	862	CatalogServer_default_unsubstantiated	b540549e09b58419	318	gaussian	renderer-default-contradicts semantic inference		not_supported_by_data_file	not-probed		not_supported_by_data_file		descriptor	AssertionError: tracetype not defined for pulled_left_gen::anything = binomial_logit_rng(::array[] tokenof, ::int, ::vector)::anything! Stacktrace:   [1] show(io::StanBlocks.StanIO{IOBuffer}, x::StanBlocks.CanonicalExpr{Val{:(=)}, Tuple{StanBlocks.StanExpr{Symbol, StanBlocks.StanType{anything, 0}}, StanBlocks.StanExpr{StanBlocks.CanonicalExpr{typeof(StanBlocks.builtin.binomial_logit_rng), Tuple{StanBlocks.StanExpr{DataType, StanBlocks.StanType{tokenof, 1}}, StanBlocks.StanExpr{Int64, StanBlocks.StanType{int, 0}}, StanBlocks.StanExpr{Symbol, StanBlocks.StanType{vector, 1}}}}, StanBlocks.StanType{anything, 0}}}})     @ StanBlocks ~/github/nsiccha/StanBlocks.jl/src/slic_stan/show.jl:124   [2] print(io::StanBlocks.StanIO{IOBuffer}, x::StanBlocks.CanonicalExpr{Val{:(=)}, Tuple{StanBlocks.StanExpr{Symbol, StanBlocks.StanType{anything, 0}}, StanBlocks.StanExpr{StanBlocks.CanonicalExpr{typeof(StanBlocks.builtin.binomial_logit_rng), Tuple{StanBlocks.StanExpr{DataType, StanBlocks.StanType{tokenof, 1}}, StanBlocks.StanExpr{Int64, StanBlocks.StanType{int, 0}}, StanBlocks.StanExpr{Symbol, StanBlocks.StanType{vector, 1}}}}, StanBlocks.StanType{anything, 0}}}})     @ Base ./strings/io.jl:35   [3]…		authoritative brm_descriptor/brm_execute; experimental SbPMX semantic_app mount adapter	ready	4df9b5dd105ba7ee8e5377db84f3fa6268c70421af4ccb4073afa1175b604a81	mcelreath	scripts/examples/mcelreath.jl	true	mcelreath:chimpanzees_slopes	not-run	pass	chimpanzees		unresolved-family		reachable_data_file	reachable-data-or-description	pass	true	not-run	false	not-run			Chimpanzees — Varying Slopes by Treatment	pulled_left | trials(1) ~ 0 + treatment + (0 + treatment | actor) + (0 + treatment | block)	not-run	SbPMX origin/main@a8fd3c02e1e2305683a56c91384701bfeba6b528:design/{ASKS.md,SbPMX.jl,mock_runtime.jl},compat/check-semantic-model-pipeline.jl		2026-07-28T21:07:09.276703+00:00	chimpanzees_slopes	true	log_odds ~ 0 + treatment + (0 + treatment | actor) + (0 + treatment | block)\npulled_left ~ BinomialLogit(1, log_odds)	fail	family is not explicit or defensibly inferred	direct	pass	unresolved-family	https://github.com/rmcelreath/rethinking/blob/master/data/chimpanzees.csv	@options + option_domain/option_records + semantic_card under semantic_app	dataset_repository_or_file_only	https://github.com/rmcelreath/rethinking/blob/master/data/chimpanzees.csv	05c3f465e7987e8d7caa7e214fedddd90415a922	pulled_left | trials(1) ~ 0 + treatment + (0 + treatment | actor) + (0 + treatment | block)		binomial	text_offset=16; matched_terms=chimpanzees; context_sha256=b5705e9daad7244d	direct population/likelihood route when the family and terms are supported	200	failed-descriptor	159	synthetic n=12; positive continuous predictors; integer groups; family-valid outcome
unverifiable	not-run	trials/cbind response lowered to explicit BinomialLogit	https://github.com/rmcelreath/rethinking/blob/master/data/UCBadmit.csv	The cited resource is a data file; it can support dataset provenance but not the claimed model formula or family.	unverifiable	inferred-from-response-syntax	ordinary_brm	893	CatalogServer_default_unsubstantiated	7c69d47e95b4733a	320	gaussian	renderer-default-contradicts semantic inference	-66.54212933375474	not_supported_by_data_file	not-probed	3686c61329cccc576c1d4a57147e0dc9f17c2cf873d2134af393a142052fcfce	not_supported_by_data_file	1				authoritative brm_descriptor/brm_execute; experimental SbPMX semantic_app mount adapter	ready	204381d39961a280a21dceb618682a7543c26617d875fd765bdcd583b547b4a9	mcelreath	scripts/examples/mcelreath.jl	true	mcelreath:ucbadmit_gender	pass	pass	ucbadmit		unresolved-family		reachable_data_file	reachable-data-or-description	pass	true	pass	false	pass	001934bef3088d463b51bb7e52fb732b6e5d1a51a897623d2a0e42ad0711e93e		UC Berkeley Admissions — Gender Gap	admit | trials(applications) ~ 0 + gid	true	SbPMX origin/main@a8fd3c02e1e2305683a56c91384701bfeba6b528:design/{ASKS.md,SbPMX.jl,mock_runtime.jl},compat/check-semantic-model-pipeline.jl		2026-07-28T21:07:09.085885+00:00	ucbadmit_gender	true	log_odds ~ 0 + gid\nadmit ~ BinomialLogit(applications, log_odds)	pass	family is not explicit or defensibly inferred	direct	pass	unresolved-family	https://github.com/rmcelreath/rethinking/blob/master/data/UCBadmit.csv	@options + option_domain/option_records + semantic_card under semantic_app	dataset_repository_or_file_only	https://github.com/rmcelreath/rethinking/blob/master/data/UCBadmit.csv	05c3f465e7987e8d7caa7e214fedddd90415a922	admit | trials(applications) ~ 0 + gid		binomial	text_offset=16; matched_terms=ucbadmit; context_sha256=e78aa5438f77db3a	direct population/likelihood route when the family and terms are supported	200	bridgestan-finite-density-gradient	160	synthetic n=12; positive continuous predictors; integer groups; family-valid outcome
unverifiable	not-run	multi-formula/nonlinear brms declaration	https://github.com/rmcelreath/rethinking/blob/master/data/UCBadmit.csv	The cited resource is a data file; it can support dataset provenance but not the claimed model formula or family.	unverifiable	inferred-from-response-syntax	ordinary_brm	911	CatalogServer_default_unsubstantiated			gaussian	renderer-default-contradicts semantic inference		not_supported_by_data_file	not-probed		not_supported_by_data_file					no executable descriptor until translation is resolved	unsupported	204381d39961a280a21dceb618682a7543c26617d875fd765bdcd583b547b4a9	mcelreath	scripts/examples/mcelreath.jl	true	mcelreath:ucbadmit_dept	not-run	not-run	ucbadmit		unresolved-family		reachable_data_file	reachable-data-or-description	not-run	true	not-run	false	not-run			UC Berkeley Admissions — Gender + Department	bf(admit | trials(applications) ~ a + d, a ~ 0 + gid, d ~ 0 + dept, nl = TRUE)	not-run	SbPMX origin/main@a8fd3c02e1e2305683a56c91384701bfeba6b528:design/{ASKS.md,SbPMX.jl,mock_runtime.jl},compat/check-semantic-model-pipeline.jl		2026-07-28T21:07:09.085885+00:00	ucbadmit_dept	true		not-run	family is not explicit or defensibly inferred	not-probed	not-run	unresolved-family	https://github.com/rmcelreath/rethinking/blob/master/data/UCBadmit.csv	@options + option_domain/option_records + semantic_card under semantic_app	dataset_repository_or_file_only	https://github.com/rmcelreath/rethinking/blob/master/data/UCBadmit.csv	05c3f465e7987e8d7caa7e214fedddd90415a922	bf(admit | trials(applications) ~ a + d, a ~ 0 + gid, d ~ 0 + dept, nl = TRUE)		binomial	text_offset=16; matched_terms=ucbadmit; context_sha256=e78aa5438f77db3a	direct population/likelihood route when the family and terms are supported	200	unsupported	161	synthetic n=12; positive continuous predictors; integer groups; family-valid outcome
unverifiable	not-run	family is not explicit or defensibly inferred	https://github.com/rmcelreath/rethinking/blob/master/data/UCBadmit.csv	The cited resource is a data file; it can support dataset provenance but not the claimed model formula or family.	unverifiable	unresolved	ordinary_brm	929	CatalogServer_default_unsubstantiated			gaussian	renderer-default-unsubstantiated; semantic family unresolved		not_supported_by_data_file	not-probed		not_supported_by_data_file					no executable descriptor until translation is resolved	unresolved-family	204381d39961a280a21dceb618682a7543c26617d875fd765bdcd583b547b4a9	mcelreath	scripts/examples/mcelreath.jl	true	mcelreath:ucbadmit_beta_binomial	not-run	not-run	ucbadmit		unresolved-family		reachable_data_file	reachable-data-or-description	not-run	true	not-run	false	not-run			UC Berkeley Admissions — Beta-Binomial	admit | vint(applications) ~ 0 + gid	not-run	SbPMX origin/main@a8fd3c02e1e2305683a56c91384701bfeba6b528:design/{ASKS.md,SbPMX.jl,mock_runtime.jl},compat/check-semantic-model-pipeline.jl		2026-07-28T21:07:09.085885+00:00	ucbadmit_beta_binomial	true		not-run	family is not explicit or defensibly inferred	not-probed	not-run	unresolved-family	https://github.com/rmcelreath/rethinking/blob/master/data/UCBadmit.csv	@options + option_domain/option_records + semantic_card under semantic_app	dataset_repository_or_file_only	https://github.com/rmcelreath/rethinking/blob/master/data/UCBadmit.csv	05c3f465e7987e8d7caa7e214fedddd90415a922	admit | vint(applications) ~ 0 + gid			text_offset=16; matched_terms=ucbadmit; context_sha256=e78aa5438f77db3a	direct population/likelihood route when the family and terms are supported	200	unresolved-family	162	synthetic n=12; positive continuous predictors; integer groups; family-valid outcome
unverifiable	not-run	explicit log-link Poisson likelihood; offset(...) becomes ordinary log exposure	https://github.com/rmcelreath/rethinking/blob/master/data/Kline.csv	The cited resource is a data file; it can support dataset provenance but not the claimed model formula or family.	unverifiable	inferred-from-name	ordinary_brm	969	CatalogServer_default_unsubstantiated	aec38c987289aa79	326	gaussian	renderer-default-contradicts semantic inference	-12.0	not_supported_by_data_file	not-probed	0bccc3721c4953228da47b03c82904201a5a963c347e0042029090d477d70cc4	not_supported_by_data_file	1				authoritative brm_descriptor/brm_execute; experimental SbPMX semantic_app mount adapter	ready	4181ae11a26a394e5090460fdf5b3bd4f0e867b2f442d3252d15baef52e253dc	mcelreath	scripts/examples/mcelreath.jl	true	mcelreath:kline_intercept	pass	pass	kline		unresolved-family		reachable_data_file	reachable-data-or-description	pass	true	pass	false	pass	5025ef05ca03e29b5e275974a77b2ae3a85c7a57ed88fa9672136b64d0545d94		Kline Island — Intercept-Only Poisson	total_tools ~ 1	true	SbPMX origin/main@a8fd3c02e1e2305683a56c91384701bfeba6b528:design/{ASKS.md,SbPMX.jl,mock_runtime.jl},compat/check-semantic-model-pipeline.jl		2026-07-28T21:07:08.805646+00:00	kline_intercept	true	log_rate ~ 1\ntotal_tools ~ Poisson(exp(log_rate))	pass	family is not explicit or defensibly inferred	direct	pass	unresolved-family	https://github.com/rmcelreath/rethinking/blob/master/data/Kline.csv	@options + option_domain/option_records + semantic_card under semantic_app	dataset_repository_or_file_only	https://github.com/rmcelreath/rethinking/blob/master/data/Kline.csv	05c3f465e7987e8d7caa7e214fedddd90415a922	total_tools ~ 1		poisson	text_offset=16; matched_terms=kline; context_sha256=ed2e1b6cd73a873a	direct population/likelihood route when the family and terms are supported	200	bridgestan-finite-density-gradient	163	synthetic n=12; positive continuous predictors; integer groups; family-valid outcome
unverifiable	not-run	family is not explicit or defensibly inferred	https://github.com/rmcelreath/rethinking/blob/master/data/Kline.csv	The cited resource is a data file; it can support dataset provenance but not the claimed model formula or family.	unverifiable	unresolved	ordinary_brm	988	CatalogServer_default_unsubstantiated			gaussian	renderer-default-unsubstantiated; semantic family unresolved		not_supported_by_data_file	not-probed		not_supported_by_data_file					no executable descriptor until translation is resolved	unresolved-family	4181ae11a26a394e5090460fdf5b3bd4f0e867b2f442d3252d15baef52e253dc	mcelreath	scripts/examples/mcelreath.jl	true	mcelreath:kline_contact	not-run	not-run	kline		unresolved-family		reachable_data_file	reachable-data-or-description	not-run	true	not-run	false	not-run			Kline Island — Contact-Indexed Intercepts and Log-Population Slopes	bf(total_tools ~ a + b * log_pop_std, a + b ~ 0 + cid, nl = TRUE)	not-run	SbPMX origin/main@a8fd3c02e1e2305683a56c91384701bfeba6b528:design/{ASKS.md,SbPMX.jl,mock_runtime.jl},compat/check-semantic-model-pipeline.jl		2026-07-28T21:07:08.805646+00:00	kline_contact	true		not-run	family is not explicit or defensibly inferred	not-probed	not-run	unresolved-family	https://github.com/rmcelreath/rethinking/blob/master/data/Kline.csv	@options + option_domain/option_records + semantic_card under semantic_app	dataset_repository_or_file_only	https://github.com/rmcelreath/rethinking/blob/master/data/Kline.csv	05c3f465e7987e8d7caa7e214fedddd90415a922	bf(total_tools ~ a + b * log_pop_std, a + b ~ 0 + cid, nl = TRUE)			text_offset=16; matched_terms=and,kline; context_sha256=ed2e1b6cd73a873a	direct population/likelihood route when the family and terms are supported	200	unresolved-family	164	synthetic n=12; positive continuous predictors; integer groups; family-valid outcome
unverifiable	not-run	family is not explicit or defensibly inferred	https://github.com/rmcelreath/rethinking/blob/master/data/Kline.csv	The cited resource is a data file; it can support dataset provenance but not the claimed model formula or family.	unverifiable	unresolved	ordinary_brm	1007	CatalogServer_default_unsubstantiated			gaussian	renderer-default-unsubstantiated; semantic family unresolved		not_supported_by_data_file	not-probed		not_supported_by_data_file					no executable descriptor until translation is resolved	unresolved-family	4181ae11a26a394e5090460fdf5b3bd4f0e867b2f442d3252d15baef52e253dc	mcelreath	scripts/examples/mcelreath.jl	true	mcelreath:kline_power	not-run	not-run	kline		unresolved-family		reachable_data_file	reachable-data-or-description	not-run	true	not-run	false	not-run			Kline Island — Scientific Power-Law Model	bf(total_tools ~ exp(a) * population^b / g, a + b ~ 0 + cid, g ~ 1, nl = TRUE)	not-run	SbPMX origin/main@a8fd3c02e1e2305683a56c91384701bfeba6b528:design/{ASKS.md,SbPMX.jl,mock_runtime.jl},compat/check-semantic-model-pipeline.jl		2026-07-28T21:07:08.805646+00:00	kline_power	true		not-run	family is not explicit or defensibly inferred	not-probed	not-run	unresolved-family	https://github.com/rmcelreath/rethinking/blob/master/data/Kline.csv	@options + option_domain/option_records + semantic_card under semantic_app	dataset_repository_or_file_only	https://github.com/rmcelreath/rethinking/blob/master/data/Kline.csv	05c3f465e7987e8d7caa7e214fedddd90415a922	bf(total_tools ~ exp(a) * population^b / g, a + b ~ 0 + cid, g ~ 1, nl = TRUE)			text_offset=16; matched_terms=kline; context_sha256=ed2e1b6cd73a873a	direct population/likelihood route when the family and terms are supported	200	unresolved-family	165	synthetic n=12; positive continuous predictors; integer groups; family-valid outcome
unverifiable	not-run	multi-formula/nonlinear brms declaration	https://github.com/rmcelreath/rethinking/blob/master/data/Kline2.csv	The cited resource is a data file; it can support dataset provenance but not the claimed model formula or family.	unverifiable	inferred-from-name	ordinary_brm	1026	CatalogServer_default_unsubstantiated			gaussian	renderer-default-unsubstantiated; inference happens to agree		not_supported_by_data_file	not-probed		not_supported_by_data_file					no executable descriptor until translation is resolved	unsupported	6c4f69e1bacd4afd55210150548230c35066a87ceb7ab91d5630c371b8d91b01	mcelreath	scripts/examples/mcelreath.jl	true	mcelreath:kline2	not-run	not-run	kline2		unresolved-family		reachable_data_file	reachable-data-or-description	not-run	true	not-run	false	not-run			Kline Island — Gaussian Process over Geography	bf(total_tools ~ exp(a) * population^b / g, a ~ 1 + gp(lat_adj, lon2_adj, scale=FALSE), b + g ~ 1, nl = TRUE)	not-run	SbPMX origin/main@a8fd3c02e1e2305683a56c91384701bfeba6b528:design/{ASKS.md,SbPMX.jl,mock_runtime.jl},compat/check-semantic-model-pipeline.jl		2026-07-28T21:07:08.823422+00:00	kline2	true		not-run	family is not explicit or defensibly inferred	not-probed	not-run	unresolved-family	https://github.com/rmcelreath/rethinking/blob/master/data/Kline2.csv	@options + option_domain/option_records + semantic_card under semantic_app	dataset_repository_or_file_only	https://github.com/rmcelreath/rethinking/blob/master/data/Kline2.csv	05c3f465e7987e8d7caa7e214fedddd90415a922	bf(total_tools ~ exp(a) * population^b / g, a ~ 1 + gp(lat_adj, lon2_adj, scale=FALSE), b + g ~ 1, nl = TRUE)		gaussian	text_offset=16; matched_terms=kline,kline2; context_sha256=d037f95f3aa9501f	direct population/likelihood route when the family and terms are supported	200	unsupported	166	synthetic n=12; positive continuous predictors; integer groups; family-valid outcome
unverifiable	not-run	current proportional-odds likelihood; non-logit historical links need separate review	https://github.com/rmcelreath/rethinking/blob/master/data/Trolley.csv	The cited resource is a data file; it can support dataset provenance but not the claimed model formula or family.	unverifiable	inferred-from-name	ordinary_brm	1060	CatalogServer_default_unsubstantiated	dddbb9f6327a21da	334	gaussian	renderer-default-contradicts semantic inference	-21.052072147049337	not_supported_by_data_file	not-probed	b9565a548fe0f2f9137c2edc49748ca9bcf06fe55cc6c9b57bfd3a385aca9e94	not_supported_by_data_file	4				authoritative brm_descriptor/brm_execute; experimental SbPMX semantic_app mount adapter	ready	bbe2404bf859581e30ec96173a876dc58b0945753404effd3fbb4b3a15ea8e7b	mcelreath	scripts/examples/mcelreath.jl	true	mcelreath:trolley_intercept	pass	pass	trolley		unresolved-family		reachable_data_file	reachable-data-or-description	pass	true	pass	false	pass	d92569726be1f4546655eb31022164bc06c2555f6d75dd00e33e85887f3fc998		Trolley — Intercept Only (6 Thresholds)	response ~ 1	true	SbPMX origin/main@a8fd3c02e1e2305683a56c91384701bfeba6b528:design/{ASKS.md,SbPMX.jl,mock_runtime.jl},compat/check-semantic-model-pipeline.jl		2026-07-28T21:07:09.060798+00:00	trolley_intercept	true	loc ~ 1\nresponse ~ OrderedLogistic(loc)	pass	family is not explicit or defensibly inferred	direct	pass	unresolved-family	https://github.com/rmcelreath/rethinking/blob/master/data/Trolley.csv	@options + option_domain/option_records + semantic_card under semantic_app	dataset_repository_or_file_only	https://github.com/rmcelreath/rethinking/blob/master/data/Trolley.csv	05c3f465e7987e8d7caa7e214fedddd90415a922	response ~ 1		ordered_logistic	text_offset=16; matched_terms=trolley; context_sha256=76f44321385d2a02	direct population/likelihood route when the family and terms are supported	200	bridgestan-finite-density-gradient	167	synthetic n=12; positive continuous predictors; integer groups; family-valid outcome
unverifiable	not-run	current proportional-odds likelihood; non-logit historical links need separate review	https://github.com/rmcelreath/rethinking/blob/master/data/Trolley.csv	The cited resource is a data file; it can support dataset provenance but not the claimed model formula or family.	unverifiable	inferred-from-name	ordinary_brm	1082	CatalogServer_default_unsubstantiated	1842e69d5ac1bcc6	336	gaussian	renderer-default-contradicts semantic inference	-21.052072147049337	not_supported_by_data_file	not-probed	c55f911ff3e67235cdff113f0aee2949054be47d89d729db72fc3cd3d14bbb21	not_supported_by_data_file	9				authoritative brm_descriptor/brm_execute; experimental SbPMX semantic_app mount adapter	ready	bbe2404bf859581e30ec96173a876dc58b0945753404effd3fbb4b3a15ea8e7b	mcelreath	scripts/examples/mcelreath.jl	true	mcelreath:trolley_effects	pass	pass	trolley		unresolved-family		reachable_data_file	reachable-data-or-description	pass	true	pass	false	pass	11e655bb379d38c0ade7c0556b65b87a41ef6838084a8fe2301fe89a19034d68		Trolley — Action, Contact, and Intention Effects	response ~ 1 + action + contact + intention + intention:action + intention:contact	true	SbPMX origin/main@a8fd3c02e1e2305683a56c91384701bfeba6b528:design/{ASKS.md,SbPMX.jl,mock_runtime.jl},compat/check-semantic-model-pipeline.jl		2026-07-28T21:07:09.060798+00:00	trolley_effects	true	loc ~ 1 + action + contact + intention + intention & action + intention & contact\nresponse ~ OrderedLogistic(loc)	pass	family is not explicit or defensibly inferred	direct	pass	unresolved-family	https://github.com/rmcelreath/rethinking/blob/master/data/Trolley.csv	@options + option_domain/option_records + semantic_card under semantic_app	dataset_repository_or_file_only	https://github.com/rmcelreath/rethinking/blob/master/data/Trolley.csv	05c3f465e7987e8d7caa7e214fedddd90415a922	response ~ 1 + action + contact + intention + intention:action + intention:contact		ordered_logistic	text_offset=16; matched_terms=action,and,trolley; context_sha256=76f44321385d2a02	direct population/likelihood route when the family and terms are supported	200	bridgestan-finite-density-gradient	168	synthetic n=12; positive continuous predictors; integer groups; family-valid outcome
unverifiable	not-run	current proportional-odds likelihood; non-logit historical links need separate review	https://github.com/rmcelreath/rethinking/blob/master/data/Trolley.csv	The cited resource is a data file; it can support dataset provenance but not the claimed model formula or family.	unverifiable	inferred-from-name	ordinary_brm	1103	CatalogServer_default_unsubstantiated	ffd046e372a094df	338	gaussian	renderer-default-contradicts semantic inference	-22.091792917889254	not_supported_by_data_file	not-probed	75d1337706cc30a80cf1b3a3e812d17044a85f36d67ce9866c435e113487039b	not_supported_by_data_file	9				authoritative brm_descriptor/brm_execute; experimental SbPMX semantic_app mount adapter	ready	bbe2404bf859581e30ec96173a876dc58b0945753404effd3fbb4b3a15ea8e7b	mcelreath	scripts/examples/mcelreath.jl	true	mcelreath:trolley_edu	pass	pass	trolley		unresolved-family		reachable_data_file	reachable-data-or-description	pass	true	pass	false	pass	c416bf9da6ba309cff487f14388eb155f254c20178bfbbf434bac9e3ae89dad4		Trolley — Monotonic Education Effect	response ~ 1 + action + contact + intention + mo(edu_new)	true	SbPMX origin/main@a8fd3c02e1e2305683a56c91384701bfeba6b528:design/{ASKS.md,SbPMX.jl,mock_runtime.jl},compat/check-semantic-model-pipeline.jl		2026-07-28T21:07:09.060798+00:00	trolley_edu	true	loc ~ 1 + action + contact + intention + mo(edu_new)\nresponse ~ OrderedLogistic(loc)	pass	family is not explicit or defensibly inferred	direct	pass	unresolved-family	https://github.com/rmcelreath/rethinking/blob/master/data/Trolley.csv	@options + option_domain/option_records + semantic_card under semantic_app	dataset_repository_or_file_only	https://github.com/rmcelreath/rethinking/blob/master/data/Trolley.csv	05c3f465e7987e8d7caa7e214fedddd90415a922	response ~ 1 + action + contact + intention + mo(edu_new)		ordered_logistic	text_offset=16; matched_terms=trolley; context_sha256=76f44321385d2a02	direct population/likelihood route when the family and terms are supported	200	bridgestan-finite-density-gradient	169	synthetic n=12; positive continuous predictors; integer groups; family-valid outcome
unverifiable	not-run	trials/cbind response lowered to explicit BinomialLogit	https://github.com/rmcelreath/rethinking/blob/master/data/reedfrogs.csv	The cited resource is a data file; it can support dataset provenance but not the claimed model formula or family.	unverifiable	inferred-from-response-syntax	ordinary_brm	1138	CatalogServer_default_unsubstantiated	7e497efac561a091	340	gaussian	renderer-default-contradicts semantic inference	-66.54212933375474	not_supported_by_data_file	not-probed	589ebf8dbd12754f9fafac7e2926238678f6747b85912eaffa203db62673bea4	not_supported_by_data_file	2				authoritative brm_descriptor/brm_execute; experimental SbPMX semantic_app mount adapter	ready	626ee205610b0b1cab7d9cd59b5732e21ee5e623a2f9747847d7dc1f7ef7f6a4	mcelreath	scripts/examples/mcelreath.jl	true	mcelreath:reedfrogs_nopooling	pass	pass	reedfrogs		unresolved-family		reachable_data_file	reachable-data-or-description	pass	true	pass	false	pass	e35a47b0fceedb5837c96cd55ad933d2f95259cdd41b4ce792e9e7d75fc8df53		Reed Frogs — No-Pooling Model	surv | trials(density) ~ 0 + factor(tank)	true	SbPMX origin/main@a8fd3c02e1e2305683a56c91384701bfeba6b528:design/{ASKS.md,SbPMX.jl,mock_runtime.jl},compat/check-semantic-model-pipeline.jl		2026-07-28T21:07:09.323884+00:00	reedfrogs_nopooling	true	log_odds ~ 0 + factor(tank)\nsurv ~ BinomialLogit(density, log_odds)	pass	family is not explicit or defensibly inferred	direct	pass	unresolved-family	https://github.com/rmcelreath/rethinking/blob/master/data/reedfrogs.csv	@options + option_domain/option_records + semantic_card under semantic_app	dataset_repository_or_file_only	https://github.com/rmcelreath/rethinking/blob/master/data/reedfrogs.csv	05c3f465e7987e8d7caa7e214fedddd90415a922	surv | trials(density) ~ 0 + factor(tank)		binomial	text_offset=16; matched_terms=frogs,reed,reedfrogs; context_sha256=ac29c29e7390b0ee	direct population/likelihood route when the family and terms are supported	200	bridgestan-finite-density-gradient	170	synthetic n=12; positive continuous predictors; integer groups; family-valid outcome
unverifiable	not-run	trials/cbind response lowered to explicit BinomialLogit	https://github.com/rmcelreath/rethinking/blob/master/data/reedfrogs.csv	The cited resource is a data file; it can support dataset provenance but not the claimed model formula or family.	unverifiable	inferred-from-response-syntax	ordinary_brm	1156	CatalogServer_default_unsubstantiated	d0b2939b0c3507dc	342	gaussian	renderer-default-contradicts semantic inference	-66.54212933375474	not_supported_by_data_file	not-probed	8eb6f1142f7e859ee85dfc105b931d8db351c0d2173bfbdbaa312f40d93d4cfc	not_supported_by_data_file	5				authoritative brm_descriptor/brm_execute; experimental SbPMX semantic_app mount adapter	ready	626ee205610b0b1cab7d9cd59b5732e21ee5e623a2f9747847d7dc1f7ef7f6a4	mcelreath	scripts/examples/mcelreath.jl	true	mcelreath:reedfrogs_partial	pass	pass	reedfrogs		unresolved-family		reachable_data_file	reachable-data-or-description	pass	true	pass	false	pass	905860bc0b0b2a109850fa78aa2cbbe20e8af8e8c0c5c659f33bd1b338e9625c		Reed Frogs — Partial Pooling via Multilevel Model	surv | trials(density) ~ 1 + (1 | tank)	true	SbPMX origin/main@a8fd3c02e1e2305683a56c91384701bfeba6b528:design/{ASKS.md,SbPMX.jl,mock_runtime.jl},compat/check-semantic-model-pipeline.jl		2026-07-28T21:07:09.323884+00:00	reedfrogs_partial	true	log_odds ~ 1 + (1 | tank)\nsurv ~ BinomialLogit(density, log_odds)	pass	family is not explicit or defensibly inferred	direct	pass	unresolved-family	https://github.com/rmcelreath/rethinking/blob/master/data/reedfrogs.csv	@options + option_domain/option_records + semantic_card under semantic_app	dataset_repository_or_file_only	https://github.com/rmcelreath/rethinking/blob/master/data/reedfrogs.csv	05c3f465e7987e8d7caa7e214fedddd90415a922	surv | trials(density) ~ 1 + (1 | tank)		binomial	text_offset=16; matched_terms=frogs,reed,reedfrogs; context_sha256=ac29c29e7390b0ee	direct population/likelihood route when the family and terms are supported	200	bridgestan-finite-density-gradient	171	synthetic n=12; positive continuous predictors; integer groups; family-valid outcome
unverifiable	not-run	family is not explicit or defensibly inferred	synthetic	No external model citation: catalog claim is synthetic/uncited.	unverifiable	unresolved	ordinary_brm	1202	CatalogServer_default_unsubstantiated			gaussian	renderer-default-unsubstantiated; semantic family unresolved		not_evaluable	not-probed		not_evaluable					no executable descriptor until translation is resolved	unresolved-family		mcelreath	scripts/examples/mcelreath.jl	true	mcelreath:cafe	not-run	not-run	cafe		unresolved-family		synthetic_claim_only	synthetic-no-external-receipt	not-run	false	not-run	false	not-run			Café Visit Times — Varying Slopes	wait ~ 1 + afternoon + (1 + afternoon | cafe)	not-run	SbPMX origin/main@a8fd3c02e1e2305683a56c91384701bfeba6b528:design/{ASKS.md,SbPMX.jl,mock_runtime.jl},compat/check-semantic-model-pipeline.jl			cafe	true		not-run	family is not explicit or defensibly inferred	not-probed	not-run	unresolved-family		@options + option_domain/option_records + semantic_card under semantic_app	no_external_authority	synthetic	05c3f465e7987e8d7caa7e214fedddd90415a922	wait ~ 1 + afternoon + (1 + afternoon | cafe)				direct population/likelihood route when the family and terms are supported		unresolved-family	172	synthetic n=12; positive continuous predictors; integer groups; family-valid outcome
unverifiable	not-run	explicit Normal likelihood; residual scale estimated on log scale	https://github.com/rmcelreath/rethinking/blob/master/data/Primates301.csv	The cited resource is a data file; it can support dataset provenance but not the claimed model formula or family.	unverifiable	inferred-from-name	ordinary_brm	1232	CatalogServer_default_unsubstantiated	404e1a92a6d03f3e	346	gaussian	renderer-default-unsubstantiated; inference happens to agree	-3.8069883206128132	not_supported_by_data_file	not-probed	17f48ef74cd1b8a1f10fc3411b8186e500798461d1fa9adeb8cf3c084fdf7dd0	not_supported_by_data_file	4				authoritative brm_descriptor/brm_execute; experimental SbPMX semantic_app mount adapter	ready	d3835fd6679855ad4dc4ad2ff987d78bef8cdf5c081814eec4ac93fb2d93e9c7	mcelreath	scripts/examples/mcelreath.jl	true	mcelreath:primates301_ols	pass	pass	primates301		unresolved-family		reachable_data_file	reachable-data-or-description	pass	true	pass	false	pass	83ec3dd4bcacec20b8ed9d65af7520a31e9640b9e40b7ad5b94baaddec930459		Primates — OLS Without Phylogeny	b ~ 1 + m + g	true	SbPMX origin/main@a8fd3c02e1e2305683a56c91384701bfeba6b528:design/{ASKS.md,SbPMX.jl,mock_runtime.jl},compat/check-semantic-model-pipeline.jl		2026-07-28T21:07:09.045987+00:00	primates301_ols	true	loc ~ 1 + m + g\nlog(sigma) ~ 1\nb ~ Normal(loc, sigma)	pass	family is not explicit or defensibly inferred	direct	pass	unresolved-family	https://github.com/rmcelreath/rethinking/blob/master/data/Primates301.csv	@options + option_domain/option_records + semantic_card under semantic_app	dataset_repository_or_file_only	https://github.com/rmcelreath/rethinking/blob/master/data/Primates301.csv	05c3f465e7987e8d7caa7e214fedddd90415a922	b ~ 1 + m + g		gaussian	text_offset=16; matched_terms=ols,primates,primates301; context_sha256=bc0314b59a95d091	direct population/likelihood route when the family and terms are supported	200	bridgestan-finite-density-gradient	173	synthetic n=12; positive continuous predictors; integer groups; family-valid outcome
unverifiable	not-run	family is not explicit or defensibly inferred	https://github.com/rmcelreath/rethinking/blob/master/data/Primates301.csv	The cited resource is a data file; it can support dataset provenance but not the claimed model formula or family.	unverifiable	unresolved	stanblocks_plate	1251	CatalogServer_default_unsubstantiated			gaussian	renderer-default-unsubstantiated; semantic family unresolved		not_supported_by_data_file	not-probed		not_supported_by_data_file					StanBlocks plate substrate; no authoritative BRM descriptor for this row; experimental semantic_app adapter required	unresolved-family	d3835fd6679855ad4dc4ad2ff987d78bef8cdf5c081814eec4ac93fb2d93e9c7	mcelreath	scripts/examples/mcelreath.jl	true	mcelreath:primates301_phylo	not-run	not-run	primates301		unresolved-family		reachable_data_file	reachable-data-or-description	not-run	true	not-run	false	not-run			Primates — Phylogenetic Regression	b ~ 1 + m + g + fcor(R)	not-run	SbPMX origin/main@a8fd3c02e1e2305683a56c91384701bfeba6b528:design/{ASKS.md,SbPMX.jl,mock_runtime.jl},compat/check-semantic-model-pipeline.jl		2026-07-28T21:07:09.045987+00:00	primates301_phylo	true		not-run	family is not explicit or defensibly inferred	not-probed	not-run	unresolved-family	https://github.com/rmcelreath/rethinking/blob/master/data/Primates301.csv	@options + option_domain/option_records + semantic_card under semantic_app	dataset_repository_or_file_only	https://github.com/rmcelreath/rethinking/blob/master/data/Primates301.csv	05c3f465e7987e8d7caa7e214fedddd90415a922	b ~ 1 + m + g + fcor(R)			text_offset=16; matched_terms=primates,primates301; context_sha256=bc0314b59a95d091	faithful-candidate: structured covariance is not an ordinary IID group effect	200	unresolved-family	174	synthetic n=12; positive continuous predictors; integer groups; family-valid outcome
unverifiable	not-run	trials/cbind response lowered to explicit BinomialLogit	https://github.com/rmcelreath/rethinking/blob/master/data/Moralizing_gods.csv	The cited resource is a data file; it can support dataset provenance but not the claimed model formula or family.	unverifiable	inferred-from-response-syntax	ordinary_brm	1284	CatalogServer_default_unsubstantiated	b37c8d11c6537a7b	350	gaussian	renderer-default-contradicts semantic inference		not_supported_by_data_file	not-probed		not_supported_by_data_file		descriptor	AssertionError: tracetype not defined for moralizing_gods_gen::anything = binomial_logit_rng(::array[] tokenof, ::int, ::vector)::anything! Stacktrace:   [1] show(io::StanBlocks.StanIO{IOBuffer}, x::StanBlocks.CanonicalExpr{Val{:(=)}, Tuple{StanBlocks.StanExpr{Symbol, StanBlocks.StanType{anything, 0}}, StanBlocks.StanExpr{StanBlocks.CanonicalExpr{typeof(StanBlocks.builtin.binomial_logit_rng), Tuple{StanBlocks.StanExpr{DataType, StanBlocks.StanType{tokenof, 1}}, StanBlocks.StanExpr{Int64, StanBlocks.StanType{int, 0}}, StanBlocks.StanExpr{Symbol, StanBlocks.StanType{vector, 1}}}}, StanBlocks.StanType{anything, 0}}}})     @ StanBlocks ~/github/nsiccha/StanBlocks.jl/src/slic_stan/show.jl:124   [2] print(io::StanBlocks.StanIO{IOBuffer}, x::StanBlocks.CanonicalExpr{Val{:(=)}, Tuple{StanBlocks.StanExpr{Symbol, StanBlocks.StanType{anything, 0}}, StanBlocks.StanExpr{StanBlocks.CanonicalExpr{typeof(StanBlocks.builtin.binomial_logit_rng), Tuple{StanBlocks.StanExpr{DataType, StanBlocks.StanType{tokenof, 1}}, StanBlocks.StanExpr{Int64, StanBlocks.StanType{int, 0}}, StanBlocks.StanExpr{Symbol, StanBlocks.StanType{vector, 1}}}}, StanBlocks.StanType{anything, 0}}}})     @ Base ./strings/io.jl:35  …		authoritative brm_descriptor/brm_execute; experimental SbPMX semantic_app mount adapter	ready	5cc3c887852cb6c79bfe209f8ae33fe6d63db37407ce374991a619649efdf9bb	mcelreath	scripts/examples/mcelreath.jl	true	mcelreath:moralizing_gods	not-run	pass	moralizing_gods		unresolved-family		reachable_data_file	reachable-data-or-description	pass	true	not-run	false	not-run			Moralizing Gods — Missing-Data Handling	moralizing_gods | trials(1) ~ 1 + writing	not-run	SbPMX origin/main@a8fd3c02e1e2305683a56c91384701bfeba6b528:design/{ASKS.md,SbPMX.jl,mock_runtime.jl},compat/check-semantic-model-pipeline.jl		2026-07-28T21:07:08.871433+00:00	moralizing_gods	true	log_odds ~ 1 + writing\nmoralizing_gods ~ BinomialLogit(1, log_odds)	fail	family is not explicit or defensibly inferred	direct	pass	unresolved-family	https://github.com/rmcelreath/rethinking/blob/master/data/Moralizing_gods.csv	@options + option_domain/option_records + semantic_card under semantic_app	dataset_repository_or_file_only	https://github.com/rmcelreath/rethinking/blob/master/data/Moralizing_gods.csv	05c3f465e7987e8d7caa7e214fedddd90415a922	moralizing_gods | trials(1) ~ 1 + writing		binomial	text_offset=16; matched_terms=data,gods,moralizing,moralizing_gods; context_sha256=c5111e593a929a96	direct population/likelihood route when the family and terms are supported	200	failed-descriptor	175	synthetic n=12; positive continuous predictors; integer groups; family-valid outcome
unverifiable	not-run	family is not explicit or defensibly inferred	https://github.com/rmcelreath/rethinking/blob/master/data/Panda_nuts.csv	The cited resource is a data file; it can support dataset provenance but not the claimed model formula or family.	unverifiable	unresolved	ordinary_brm	1314	CatalogServer_default_unsubstantiated			gaussian	renderer-default-unsubstantiated; semantic family unresolved		not_supported_by_data_file	not-probed		not_supported_by_data_file					no executable descriptor until translation is resolved	unresolved-family	40bf314403b9542c47f100ec80acf0cba2a243b0c47e68ab609cc274ee033042	mcelreath	scripts/examples/mcelreath.jl	true	mcelreath:panda_nuts	not-run	not-run	panda_nuts		unresolved-family		reachable_data_file	reachable-data-or-description	not-run	true	not-run	false	not-run			Panda Nuts — Nonlinear Learning-Curve Model	bf(n_panda ~ seconds * phi * (1 - exp(-k * age_s))^theta, phi + k + theta ~ 1, nl = TRUE)	not-run	SbPMX origin/main@a8fd3c02e1e2305683a56c91384701bfeba6b528:design/{ASKS.md,SbPMX.jl,mock_runtime.jl},compat/check-semantic-model-pipeline.jl		2026-07-28T21:07:09.037331+00:00	panda_nuts	true		not-run	family is not explicit or defensibly inferred	not-probed	not-run	unresolved-family	https://github.com/rmcelreath/rethinking/blob/master/data/Panda_nuts.csv	@options + option_domain/option_records + semantic_card under semantic_app	dataset_repository_or_file_only	https://github.com/rmcelreath/rethinking/blob/master/data/Panda_nuts.csv	05c3f465e7987e8d7caa7e214fedddd90415a922	bf(n_panda ~ seconds * phi * (1 - exp(-k * age_s))^theta, phi + k + theta ~ 1, nl = TRUE)			text_offset=16; matched_terms=nuts,panda,panda_nuts; context_sha256=e2f5f554829f1915	direct population/likelihood route when the family and terms are supported	200	unresolved-family	176	synthetic n=12; positive continuous predictors; integer groups; family-valid outcome
unverifiable	not-run	family is not explicit or defensibly inferred	https://github.com/rmcelreath/rethinking/blob/master/data/Lynx_Hare.csv	The cited resource is a data file; it can support dataset provenance but not the claimed model formula or family.	unverifiable	unresolved	ordinary_brm	1345	CatalogServer_default_unsubstantiated			gaussian	renderer-default-unsubstantiated; semantic family unresolved		not_supported_by_data_file	not-probed		not_supported_by_data_file					no executable descriptor until translation is resolved	unresolved-family	6aba449e6ee0db1a9523f83ab67bf6c865ba08a5e4e31c40ab834a2e4054c07f	mcelreath	scripts/examples/mcelreath.jl	true	mcelreath:lynx_hare_ar	not-run	not-run	lynx_hare		unresolved-family		reachable_data_file	reachable-data-or-description	not-run	true	not-run	false	not-run			Lynx and Hare — AR(1) Autoregressive Model	Hare ~ 1 + ar(time = Year, p = 1)	not-run	SbPMX origin/main@a8fd3c02e1e2305683a56c91384701bfeba6b528:design/{ASKS.md,SbPMX.jl,mock_runtime.jl},compat/check-semantic-model-pipeline.jl		2026-07-28T21:07:08.858582+00:00	lynx_hare_ar	true		not-run	family is not explicit or defensibly inferred	not-probed	not-run	unresolved-family	https://github.com/rmcelreath/rethinking/blob/master/data/Lynx_Hare.csv	@options + option_domain/option_records + semantic_card under semantic_app	dataset_repository_or_file_only	https://github.com/rmcelreath/rethinking/blob/master/data/Lynx_Hare.csv	05c3f465e7987e8d7caa7e214fedddd90415a922	Hare ~ 1 + ar(time = Year, p = 1)			text_offset=16; matched_terms=and,hare,lynx,lynx_hare; context_sha256=21fb141c4214aff9	direct population/likelihood route when the family and terms are supported	200	unresolved-family	177	synthetic n=12; positive continuous predictors; integer groups; family-valid outcome
unverifiable	not-run	family is not explicit or defensibly inferred	https://github.com/rmcelreath/rethinking/blob/master/data/Lynx_Hare.csv	The cited resource is a data file; it can support dataset provenance but not the claimed model formula or family.	unverifiable	unresolved	ordinary_brm	1364	CatalogServer_default_unsubstantiated			gaussian	renderer-default-unsubstantiated; semantic family unresolved		not_supported_by_data_file	not-probed		not_supported_by_data_file					no executable descriptor until translation is resolved	unresolved-family	6aba449e6ee0db1a9523f83ab67bf6c865ba08a5e4e31c40ab834a2e4054c07f	mcelreath	scripts/examples/mcelreath.jl	true	mcelreath:lynx_hare_lag	not-run	not-run	lynx_hare		unresolved-family		reachable_data_file	reachable-data-or-description	not-run	true	not-run	false	not-run			Lynx and Hare — Lag-1 Regression	Hare ~ 1 + Hare_1	not-run	SbPMX origin/main@a8fd3c02e1e2305683a56c91384701bfeba6b528:design/{ASKS.md,SbPMX.jl,mock_runtime.jl},compat/check-semantic-model-pipeline.jl		2026-07-28T21:07:08.858582+00:00	lynx_hare_lag	true		not-run	family is not explicit or defensibly inferred	not-probed	not-run	unresolved-family	https://github.com/rmcelreath/rethinking/blob/master/data/Lynx_Hare.csv	@options + option_domain/option_records + semantic_card under semantic_app	dataset_repository_or_file_only	https://github.com/rmcelreath/rethinking/blob/master/data/Lynx_Hare.csv	05c3f465e7987e8d7caa7e214fedddd90415a922	Hare ~ 1 + Hare_1			text_offset=16; matched_terms=and,hare,lynx,lynx_hare; context_sha256=21fb141c4214aff9	direct population/likelihood route when the family and terms are supported	200	unresolved-family	178	synthetic n=12; positive continuous predictors; integer groups; family-valid outcome
unverifiable	not-run	family is not explicit or defensibly inferred	https://github.com/rmcelreath/rethinking/blob/master/data/Lynx_Hare.csv	The cited resource is a data file; it can support dataset provenance but not the claimed model formula or family.	unverifiable	unresolved	ordinary_brm	1384	CatalogServer_default_unsubstantiated			gaussian	renderer-default-unsubstantiated; semantic family unresolved		not_supported_by_data_file	not-probed		not_supported_by_data_file					no executable descriptor until translation is resolved	unresolved-family	6aba449e6ee0db1a9523f83ab67bf6c865ba08a5e4e31c40ab834a2e4054c07f	mcelreath	scripts/examples/mcelreath.jl	true	mcelreath:lynx_hare_mi	not-run	not-run	lynx_hare		unresolved-family		reachable_data_file	reachable-data-or-description	not-run	true	not-run	false	not-run			Lynx and Hare — Missing-Data Model for Lagged Hare	bf(Hare ~ 1 + mi(Hare_1)) + bf(Hare_1 | mi() ~ 1) + set_rescor(FALSE)	not-run	SbPMX origin/main@a8fd3c02e1e2305683a56c91384701bfeba6b528:design/{ASKS.md,SbPMX.jl,mock_runtime.jl},compat/check-semantic-model-pipeline.jl		2026-07-28T21:07:08.858582+00:00	lynx_hare_mi	true		not-run	family is not explicit or defensibly inferred	not-probed	not-run	unresolved-family	https://github.com/rmcelreath/rethinking/blob/master/data/Lynx_Hare.csv	@options + option_domain/option_records + semantic_card under semantic_app	dataset_repository_or_file_only	https://github.com/rmcelreath/rethinking/blob/master/data/Lynx_Hare.csv	05c3f465e7987e8d7caa7e214fedddd90415a922	bf(Hare ~ 1 + mi(Hare_1)) + bf(Hare_1 | mi() ~ 1) + set_rescor(FALSE)			text_offset=16; matched_terms=and,data,for,hare,lynx,lynx_hare; context_sha256=21fb141c4214aff9	direct population/likelihood route when the family and terms are supported	200	unresolved-family	179	synthetic n=12; positive continuous predictors; integer groups; family-valid outcome
unverifiable	not-run	family is not explicit or defensibly inferred	https://github.com/rmcelreath/rethinking/blob/master/data/Lynx_Hare.csv	The cited resource is a data file; it can support dataset provenance but not the claimed model formula or family.	unverifiable	unresolved	ordinary_brm	1403	CatalogServer_default_unsubstantiated			gaussian	renderer-default-unsubstantiated; semantic family unresolved		not_supported_by_data_file	not-probed		not_supported_by_data_file					no executable descriptor until translation is resolved	unresolved-family	6aba449e6ee0db1a9523f83ab67bf6c865ba08a5e4e31c40ab834a2e4054c07f	mcelreath	scripts/examples/mcelreath.jl	true	mcelreath:lynx_hare_var	not-run	not-run	lynx_hare		unresolved-family		reachable_data_file	reachable-data-or-description	not-run	true	not-run	false	not-run			Lynx and Hare — Bivariate VAR(1)	bf(Hare ~ 0 + Intercept + Hare_1 + Lynx_1) + bf(Lynx ~ 0 + Intercept + Lynx_1 + Hare_1) + set_rescor(FALSE)	not-run	SbPMX origin/main@a8fd3c02e1e2305683a56c91384701bfeba6b528:design/{ASKS.md,SbPMX.jl,mock_runtime.jl},compat/check-semantic-model-pipeline.jl		2026-07-28T21:07:08.858582+00:00	lynx_hare_var	true		not-run	family is not explicit or defensibly inferred	not-probed	not-run	unresolved-family	https://github.com/rmcelreath/rethinking/blob/master/data/Lynx_Hare.csv	@options + option_domain/option_records + semantic_card under semantic_app	dataset_repository_or_file_only	https://github.com/rmcelreath/rethinking/blob/master/data/Lynx_Hare.csv	05c3f465e7987e8d7caa7e214fedddd90415a922	bf(Hare ~ 0 + Intercept + Hare_1 + Lynx_1) + bf(Lynx ~ 0 + Intercept + Lynx_1 + Hare_1) + set_rescor(FALSE)			text_offset=16; matched_terms=and,hare,lynx,lynx_hare; context_sha256=21fb141c4214aff9	direct population/likelihood route when the family and terms are supported	200	unresolved-family	180	synthetic n=12; positive continuous predictors; integer groups; family-valid outcome
dead-source	not-run	family is not explicit or defensibly inferred	https://vincentarelbundock.github.io/Rdatasets/csv/MCMCglmm/BTdata.csv	Citation retrieval failed (HTTP 404, curl 0).	dead-source	unresolved	ordinary_brm	1437	CatalogServer_default_unsubstantiated			gaussian	renderer-default-unsubstantiated; semantic family unresolved		not_evaluable	not-probed		not_evaluable					no executable descriptor until translation is resolved	unresolved-family	c8d3f50462ddb77ac44b5e6146cf67ba38a960a3aeec506f3abdca98716fa854	mcelreath	scripts/examples/mcelreath.jl	true	mcelreath:mcelreath_btdata_intercept	not-run	not-run	btdata		unresolved-family		not_evaluable	dead-source	not-run	true	not-run	false	not-run			Blue Tit Morphology — Intercept Only	mvbind(tarsus, back) ~ 1	not-run	SbPMX origin/main@a8fd3c02e1e2305683a56c91384701bfeba6b528:design/{ASKS.md,SbPMX.jl,mock_runtime.jl},compat/check-semantic-model-pipeline.jl		2026-07-28T21:07:10.636004+00:00	mcelreath_btdata_intercept	true		not-run	family is not explicit or defensibly inferred	not-probed	not-run	unresolved-family	https://vincentarelbundock.github.io/Rdatasets/csv/MCMCglmm/BTdata.csv	@options + option_domain/option_records + semantic_card under semantic_app	dataset_repository_or_file_only	https://vincentarelbundock.github.io/Rdatasets/csv/MCMCglmm/BTdata.csv	05c3f465e7987e8d7caa7e214fedddd90415a922	mvbind(tarsus, back) ~ 1	Dead data mirror path; the current official MCMCglmm manual documents BTdata at https://stat.ethz.ch/CRAN/web/packages/MCMCglmm/MCMCglmm.pdf, but that still cannot validate these model formulas.			direct population/likelihood route when the family and terms are supported	404	unresolved-family	181	synthetic n=12; positive continuous predictors; integer groups; family-valid outcome
dead-source	not-run	family is not explicit or defensibly inferred	https://vincentarelbundock.github.io/Rdatasets/csv/MCMCglmm/BTdata.csv	Citation retrieval failed (HTTP 404, curl 0).	dead-source	unresolved	ordinary_brm	1454	CatalogServer_default_unsubstantiated			gaussian	renderer-default-unsubstantiated; semantic family unresolved		not_evaluable	not-probed		not_evaluable					no executable descriptor until translation is resolved	unresolved-family	c8d3f50462ddb77ac44b5e6146cf67ba38a960a3aeec506f3abdca98716fa854	mcelreath	scripts/examples/mcelreath.jl	true	mcelreath:mcelreath_btdata_full	not-run	not-run	btdata		unresolved-family		not_evaluable	dead-source	not-run	true	not-run	false	not-run			Blue Tit Morphology — Full Model	mvbind(tarsus, back) ~ sex + hatchdate + (1 | p | fosternest) + (1 | q | dam)	not-run	SbPMX origin/main@a8fd3c02e1e2305683a56c91384701bfeba6b528:design/{ASKS.md,SbPMX.jl,mock_runtime.jl},compat/check-semantic-model-pipeline.jl		2026-07-28T21:07:10.636004+00:00	mcelreath_btdata_full	true		not-run	family is not explicit or defensibly inferred	not-probed	not-run	unresolved-family	https://vincentarelbundock.github.io/Rdatasets/csv/MCMCglmm/BTdata.csv	@options + option_domain/option_records + semantic_card under semantic_app	dataset_repository_or_file_only	https://vincentarelbundock.github.io/Rdatasets/csv/MCMCglmm/BTdata.csv	05c3f465e7987e8d7caa7e214fedddd90415a922	mvbind(tarsus, back) ~ sex + hatchdate + (1 | p | fosternest) + (1 | q | dam)	Dead data mirror path; the current official MCMCglmm manual documents BTdata at https://stat.ethz.ch/CRAN/web/packages/MCMCglmm/MCMCglmm.pdf, but that still cannot validate these model formulas.			direct population/likelihood route when the family and terms are supported	404	unresolved-family	182	synthetic n=12; positive continuous predictors; integer groups; family-valid outcome
dead-source	not-run	family is not explicit or defensibly inferred	https://vincentarelbundock.github.io/Rdatasets/csv/MCMCglmm/BTdata.csv	Citation retrieval failed (HTTP 404, curl 0).	dead-source	unresolved	ordinary_brm	1471	CatalogServer_default_unsubstantiated			gaussian	renderer-default-unsubstantiated; semantic family unresolved		not_evaluable	not-probed		not_evaluable					no executable descriptor until translation is resolved	unresolved-family	c8d3f50462ddb77ac44b5e6146cf67ba38a960a3aeec506f3abdca98716fa854	mcelreath	scripts/examples/mcelreath.jl	true	mcelreath:mcelreath_btdata_interaction	not-run	not-run	btdata		unresolved-family		not_evaluable	dead-source	not-run	true	not-run	false	not-run			Blue Tit Morphology — Sex × Hatchdate Interaction	mvbind(tarsus, back) ~ sex * hatchdate + (1 | p | fosternest) + (1 | q | dam)	not-run	SbPMX origin/main@a8fd3c02e1e2305683a56c91384701bfeba6b528:design/{ASKS.md,SbPMX.jl,mock_runtime.jl},compat/check-semantic-model-pipeline.jl		2026-07-28T21:07:10.636004+00:00	mcelreath_btdata_interaction	true		not-run	family is not explicit or defensibly inferred	not-probed	not-run	unresolved-family	https://vincentarelbundock.github.io/Rdatasets/csv/MCMCglmm/BTdata.csv	@options + option_domain/option_records + semantic_card under semantic_app	dataset_repository_or_file_only	https://vincentarelbundock.github.io/Rdatasets/csv/MCMCglmm/BTdata.csv	05c3f465e7987e8d7caa7e214fedddd90415a922	mvbind(tarsus, back) ~ sex * hatchdate + (1 | p | fosternest) + (1 | q | dam)	Dead data mirror path; the current official MCMCglmm manual documents BTdata at https://stat.ethz.ch/CRAN/web/packages/MCMCglmm/MCMCglmm.pdf, but that still cannot validate these model formulas.			direct population/likelihood route when the family and terms are supported	404	unresolved-family	183	synthetic n=12; positive continuous predictors; integer groups; family-valid outcome
unverifiable	not-run	explicit Bernoulli-logit likelihood	synthetic	No external model citation: catalog claim is synthetic/uncited.	unverifiable	inferred-from-name	ordinary_brm	32	CatalogServer_default_unsubstantiated	4c115814eda5cf5d	368	gaussian	renderer-default-contradicts semantic inference	-8.317766166719343	not_evaluable	not-probed	7c46f8351ed128f219b6a7533d7aa610bc69118d26537f3f24d10f7114782bfa	not_evaluable	1				authoritative brm_descriptor/brm_execute; experimental SbPMX semantic_app mount adapter	ready		kruschke	scripts/examples/kruschke.jl	true	kruschke:z15n50	pass	pass	z15n50		unresolved-family		synthetic_claim_only	synthetic-no-external-receipt	pass	false	pass	false	pass	35c03cf5ee5359c51eee720439333c6568f70177b6baa449a755987d90607b9a		Coin-Flip — Bernoulli Intercept	y ~ 1	true	SbPMX origin/main@a8fd3c02e1e2305683a56c91384701bfeba6b528:design/{ASKS.md,SbPMX.jl,mock_runtime.jl},compat/check-semantic-model-pipeline.jl			z15n50	true	log_odds ~ 1\ny ~ BernoulliLogit(log_odds)	pass	family is not explicit or defensibly inferred	direct	pass	unresolved-family		@options + option_domain/option_records + semantic_card under semantic_app	no_external_authority	synthetic	05c3f465e7987e8d7caa7e214fedddd90415a922	y ~ 1		bernoulli		direct population/likelihood route when the family and terms are supported		bridgestan-finite-density-gradient	184	synthetic n=12; positive continuous predictors; integer groups; family-valid outcome
unverifiable	not-run	family is not explicit or defensibly inferred	synthetic	No external model citation: catalog claim is synthetic/uncited.	unverifiable	unresolved	ordinary_brm	48	CatalogServer_default_unsubstantiated			gaussian	renderer-default-unsubstantiated; semantic family unresolved		not_evaluable	not-probed		not_evaluable					no executable descriptor until translation is resolved	unresolved-family		kruschke	scripts/examples/kruschke.jl	true	kruschke:z6n8z2n7	not-run	not-run	z6n8z2n7		unresolved-family		synthetic_claim_only	synthetic-no-external-receipt	not-run	false	not-run	false	not-run			Coin-Flip — Two-Mint Separate Intercepts	y ~ 0 + s	not-run	SbPMX origin/main@a8fd3c02e1e2305683a56c91384701bfeba6b528:design/{ASKS.md,SbPMX.jl,mock_runtime.jl},compat/check-semantic-model-pipeline.jl			z6n8z2n7	true		not-run	family is not explicit or defensibly inferred	not-probed	not-run	unresolved-family		@options + option_domain/option_records + semantic_card under semantic_app	no_external_authority	synthetic	05c3f465e7987e8d7caa7e214fedddd90415a922	y ~ 0 + s				direct population/likelihood route when the family and terms are supported		unresolved-family	185	synthetic n=12; positive continuous predictors; integer groups; family-valid outcome
unverifiable	not-run	explicit Bernoulli-logit likelihood	https://raw.githubusercontent.com/ASKurz/Doing-Bayesian-Data-Analysis-in-brms-and-the-tidyverse/master/data.R/TherapeuticTouchData.csv	The cited resource is a data file; it can support dataset provenance but not the claimed model formula or family.	unverifiable	inferred-from-name	ordinary_brm	86	CatalogServer_default_unsubstantiated	d4ae2980c6df92d5	372	gaussian	renderer-default-contradicts semantic inference	-8.317766166719343	not_supported_by_data_file	not-probed	930e90dce21a11401fb8157bededa99845838fe92535671dcbbf4d0b7f7cf55c	not_supported_by_data_file	5				authoritative brm_descriptor/brm_execute; experimental SbPMX semantic_app mount adapter	ready	8c196a3e124a649fe2df5e5446db1331b5af0c6041dfed4db8557c1f2267c64a	kruschke	scripts/examples/kruschke.jl	true	kruschke:therapeutic_touch	pass	pass	therapeutic_touch		unresolved-family		reachable_data_file	reachable-data-or-description	pass	true	pass	false	pass	a75727b69d9bf5f3f4661ab678f72bb976d2be4df27927f46eaa5fcfae8a871b		Hierarchical Bernoulli — Therapeutic Touch	y ~ 1 + (1 | s)	true	SbPMX origin/main@a8fd3c02e1e2305683a56c91384701bfeba6b528:design/{ASKS.md,SbPMX.jl,mock_runtime.jl},compat/check-semantic-model-pipeline.jl		2026-07-28T21:07:10.332865+00:00	therapeutic_touch	true	log_odds ~ 1 + (1 | s)\ny ~ BernoulliLogit(log_odds)	pass	family is not explicit or defensibly inferred	direct	pass	unresolved-family	https://raw.githubusercontent.com/ASKurz/Doing-Bayesian-Data-Analysis-in-brms-and-the-tidyverse/master/data.R/TherapeuticTouchData.csv	@options + option_domain/option_records + semantic_card under semantic_app	dataset_repository_or_file_only	https://raw.githubusercontent.com/ASKurz/Doing-Bayesian-Data-Analysis-in-brms-and-the-tidyverse/master/data.R/TherapeuticTouchData.csv	05c3f465e7987e8d7caa7e214fedddd90415a922	y ~ 1 + (1 | s)		bernoulli		direct population/likelihood route when the family and terms are supported	200	bridgestan-finite-density-gradient	186	synthetic n=12; positive continuous predictors; integer groups; family-valid outcome
unverifiable	not-run	nested/composite grouping factors require an explicit derived group id or reviewed gr(...; by=...) design	https://raw.githubusercontent.com/ASKurz/Doing-Bayesian-Data-Analysis-in-brms-and-the-tidyverse/master/data.R/BattingAverage.csv	The cited resource is a data file; it can support dataset provenance but not the claimed model formula or family.	unverifiable	inferred-from-response-syntax	ordinary_brm	102	CatalogServer_default_unsubstantiated			gaussian	renderer-default-contradicts semantic inference		not_supported_by_data_file	not-probed		not_supported_by_data_file					no executable descriptor until translation is resolved	unsupported	7ead4594f4ec61e672966bfd5399a8435fc88fd1a0bb329a29d23e5daf6c8c71	kruschke	scripts/examples/kruschke.jl	true	kruschke:batting_average	not-run	not-run	batting_average		unresolved-family		reachable_data_file	reachable-data-or-description	not-run	true	not-run	false	not-run			Hierarchical Binomial — MLB Batting Average	Hits | trials(AtBats) ~ 1 + (1 | PriPos) + (1 | PriPos:Player)	not-run	SbPMX origin/main@a8fd3c02e1e2305683a56c91384701bfeba6b528:design/{ASKS.md,SbPMX.jl,mock_runtime.jl},compat/check-semantic-model-pipeline.jl		2026-07-28T21:07:09.965699+00:00	batting_average	true		not-run	family is not explicit or defensibly inferred	not-probed	not-run	unresolved-family	https://raw.githubusercontent.com/ASKurz/Doing-Bayesian-Data-Analysis-in-brms-and-the-tidyverse/master/data.R/BattingAverage.csv	@options + option_domain/option_records + semantic_card under semantic_app	dataset_repository_or_file_only	https://raw.githubusercontent.com/ASKurz/Doing-Bayesian-Data-Analysis-in-brms-and-the-tidyverse/master/data.R/BattingAverage.csv	05c3f465e7987e8d7caa7e214fedddd90415a922	Hits | trials(AtBats) ~ 1 + (1 | PriPos) + (1 | PriPos:Player)		binomial		direct population/likelihood route when the family and terms are supported	200	unsupported	187	synthetic n=12; positive continuous predictors; integer groups; family-valid outcome
unverifiable	not-run	trials/cbind response lowered to explicit BinomialLogit	synthetic	No external model citation: catalog claim is synthetic/uncited.	unverifiable	inferred-from-response-syntax	ordinary_brm	139	CatalogServer_default_unsubstantiated	147e995772c06752	376	gaussian	renderer-default-contradicts semantic inference		not_evaluable	not-probed		not_evaluable		descriptor	AssertionError: tracetype not defined for n_recalled_gen::anything = binomial_logit_rng(::array[] tokenof, ::int, ::vector)::anything! Stacktrace:   [1] show(io::StanBlocks.StanIO{IOBuffer}, x::StanBlocks.CanonicalExpr{Val{:(=)}, Tuple{StanBlocks.StanExpr{Symbol, StanBlocks.StanType{anything, 0}}, StanBlocks.StanExpr{StanBlocks.CanonicalExpr{typeof(StanBlocks.builtin.binomial_logit_rng), Tuple{StanBlocks.StanExpr{DataType, StanBlocks.StanType{tokenof, 1}}, StanBlocks.StanExpr{Int64, StanBlocks.StanType{int, 0}}, StanBlocks.StanExpr{Symbol, StanBlocks.StanType{vector, 1}}}}, StanBlocks.StanType{anything, 0}}}})     @ StanBlocks ~/github/nsiccha/StanBlocks.jl/src/slic_stan/show.jl:124   [2] print(io::StanBlocks.StanIO{IOBuffer}, x::StanBlocks.CanonicalExpr{Val{:(=)}, Tuple{StanBlocks.StanExpr{Symbol, StanBlocks.StanType{anything, 0}}, StanBlocks.StanExpr{StanBlocks.CanonicalExpr{typeof(StanBlocks.builtin.binomial_logit_rng), Tuple{StanBlocks.StanExpr{DataType, StanBlocks.StanType{tokenof, 1}}, StanBlocks.StanExpr{Int64, StanBlocks.StanType{int, 0}}, StanBlocks.StanExpr{Symbol, StanBlocks.StanType{vector, 1}}}}, StanBlocks.StanType{anything, 0}}}})     @ Base ./strings/io.jl:35   [3] …		authoritative brm_descriptor/brm_execute; experimental SbPMX semantic_app mount adapter	ready		kruschke	scripts/examples/kruschke.jl	true	kruschke:recall_conditions	not-run	pass	recall		unresolved-family		synthetic_claim_only	synthetic-no-external-receipt	pass	false	not-run	false	not-run			Binomial Recall — Separate Probability per Condition	n_recalled | trials(20) ~ 0 + condition	not-run	SbPMX origin/main@a8fd3c02e1e2305683a56c91384701bfeba6b528:design/{ASKS.md,SbPMX.jl,mock_runtime.jl},compat/check-semantic-model-pipeline.jl			recall_conditions	true	log_odds ~ 0 + condition\nn_recalled ~ BinomialLogit(20, log_odds)	fail	family is not explicit or defensibly inferred	direct	pass	unresolved-family		@options + option_domain/option_records + semantic_card under semantic_app	no_external_authority	synthetic	05c3f465e7987e8d7caa7e214fedddd90415a922	n_recalled | trials(20) ~ 0 + condition		binomial		direct population/likelihood route when the family and terms are supported		failed-descriptor	188	synthetic n=12; positive continuous predictors; integer groups; family-valid outcome
unverifiable	not-run	trials/cbind response lowered to explicit BinomialLogit	synthetic	No external model citation: catalog claim is synthetic/uncited.	unverifiable	inferred-from-response-syntax	ordinary_brm	155	CatalogServer_default_unsubstantiated	e9d8fc7df823264f	378	gaussian	renderer-default-contradicts semantic inference		not_evaluable	not-probed		not_evaluable		descriptor	AssertionError: tracetype not defined for n_recalled_gen::anything = binomial_logit_rng(::array[] tokenof, ::int, ::vector)::anything! Stacktrace:   [1] show(io::StanBlocks.StanIO{IOBuffer}, x::StanBlocks.CanonicalExpr{Val{:(=)}, Tuple{StanBlocks.StanExpr{Symbol, StanBlocks.StanType{anything, 0}}, StanBlocks.StanExpr{StanBlocks.CanonicalExpr{typeof(StanBlocks.builtin.binomial_logit_rng), Tuple{StanBlocks.StanExpr{DataType, StanBlocks.StanType{tokenof, 1}}, StanBlocks.StanExpr{Int64, StanBlocks.StanType{int, 0}}, StanBlocks.StanExpr{Symbol, StanBlocks.StanType{vector, 1}}}}, StanBlocks.StanType{anything, 0}}}})     @ StanBlocks ~/github/nsiccha/StanBlocks.jl/src/slic_stan/show.jl:124   [2] print(io::StanBlocks.StanIO{IOBuffer}, x::StanBlocks.CanonicalExpr{Val{:(=)}, Tuple{StanBlocks.StanExpr{Symbol, StanBlocks.StanType{anything, 0}}, StanBlocks.StanExpr{StanBlocks.CanonicalExpr{typeof(StanBlocks.builtin.binomial_logit_rng), Tuple{StanBlocks.StanExpr{DataType, StanBlocks.StanType{tokenof, 1}}, StanBlocks.StanExpr{Int64, StanBlocks.StanType{int, 0}}, StanBlocks.StanExpr{Symbol, StanBlocks.StanType{vector, 1}}}}, StanBlocks.StanType{anything, 0}}}})     @ Base ./strings/io.jl:35   [3] …		authoritative brm_descriptor/brm_execute; experimental SbPMX semantic_app mount adapter	ready		kruschke	scripts/examples/kruschke.jl	true	kruschke:recall_pooled	not-run	pass	recall		unresolved-family		synthetic_claim_only	synthetic-no-external-receipt	pass	false	not-run	false	not-run			Binomial Recall — Pooled Single Intercept	n_recalled | trials(20) ~ 1	not-run	SbPMX origin/main@a8fd3c02e1e2305683a56c91384701bfeba6b528:design/{ASKS.md,SbPMX.jl,mock_runtime.jl},compat/check-semantic-model-pipeline.jl			recall_pooled	true	log_odds ~ 1\nn_recalled ~ BinomialLogit(20, log_odds)	fail	family is not explicit or defensibly inferred	direct	pass	unresolved-family		@options + option_domain/option_records + semantic_card under semantic_app	no_external_authority	synthetic	05c3f465e7987e8d7caa7e214fedddd90415a922	n_recalled | trials(20) ~ 1		binomial		direct population/likelihood route when the family and terms are supported		failed-descriptor	189	synthetic n=12; positive continuous predictors; integer groups; family-valid outcome
unverifiable	not-run	family is not explicit or defensibly inferred	https://raw.githubusercontent.com/ASKurz/Doing-Bayesian-Data-Analysis-in-brms-and-the-tidyverse/master/data.R/TwoGroupIQ.csv	The cited resource is a data file; it can support dataset provenance but not the claimed model formula or family.	unverifiable	unresolved	ordinary_brm	182	CatalogServer_default_unsubstantiated			gaussian	renderer-default-unsubstantiated; semantic family unresolved		not_supported_by_data_file	not-probed		not_supported_by_data_file					no executable descriptor until translation is resolved	unresolved-family	70f71d94b7a074a644e7e35edb9d4c0afc472d98e91aace317282ca9122d3ace	kruschke	scripts/examples/kruschke.jl	true	kruschke:two_group_iq_baseline	not-run	not-run	two_group_iq		unresolved-family		reachable_data_file	reachable-data-or-description	not-run	true	not-run	false	not-run			Two-Group IQ — Single-Group Baseline	Score ~ 1	not-run	SbPMX origin/main@a8fd3c02e1e2305683a56c91384701bfeba6b528:design/{ASKS.md,SbPMX.jl,mock_runtime.jl},compat/check-semantic-model-pipeline.jl		2026-07-28T21:07:10.339080+00:00	two_group_iq_baseline	true		not-run	family is not explicit or defensibly inferred	not-probed	not-run	unresolved-family	https://raw.githubusercontent.com/ASKurz/Doing-Bayesian-Data-Analysis-in-brms-and-the-tidyverse/master/data.R/TwoGroupIQ.csv	@options + option_domain/option_records + semantic_card under semantic_app	dataset_repository_or_file_only	https://raw.githubusercontent.com/ASKurz/Doing-Bayesian-Data-Analysis-in-brms-and-the-tidyverse/master/data.R/TwoGroupIQ.csv	05c3f465e7987e8d7caa7e214fedddd90415a922	Score ~ 1			text_offset=9; matched_terms=group; context_sha256=adb0d0c353d7f84f	direct population/likelihood route when the family and terms are supported	200	unresolved-family	190	synthetic n=12; positive continuous predictors; integer groups; family-valid outcome
unverifiable	not-run	multi-formula/nonlinear brms declaration	https://raw.githubusercontent.com/ASKurz/Doing-Bayesian-Data-Analysis-in-brms-and-the-tidyverse/master/data.R/TwoGroupIQ.csv	The cited resource is a data file; it can support dataset provenance but not the claimed model formula or family.	unverifiable	inferred-from-name	ordinary_brm	198	CatalogServer_default_unsubstantiated			gaussian	renderer-default-unsubstantiated; inference happens to agree		not_supported_by_data_file	not-probed		not_supported_by_data_file					no executable descriptor until translation is resolved	unsupported	70f71d94b7a074a644e7e35edb9d4c0afc472d98e91aace317282ca9122d3ace	kruschke	scripts/examples/kruschke.jl	true	kruschke:two_group_iq_hetero	not-run	not-run	two_group_iq		unresolved-family		reachable_data_file	reachable-data-or-description	not-run	true	not-run	false	not-run			Two-Group IQ — Heteroscedastic Groups	bf(Score ~ 0 + Group, sigma ~ 0 + Group)	not-run	SbPMX origin/main@a8fd3c02e1e2305683a56c91384701bfeba6b528:design/{ASKS.md,SbPMX.jl,mock_runtime.jl},compat/check-semantic-model-pipeline.jl		2026-07-28T21:07:10.339080+00:00	two_group_iq_hetero	true		not-run	family is not explicit or defensibly inferred	not-probed	not-run	unresolved-family	https://raw.githubusercontent.com/ASKurz/Doing-Bayesian-Data-Analysis-in-brms-and-the-tidyverse/master/data.R/TwoGroupIQ.csv	@options + option_domain/option_records + semantic_card under semantic_app	dataset_repository_or_file_only	https://raw.githubusercontent.com/ASKurz/Doing-Bayesian-Data-Analysis-in-brms-and-the-tidyverse/master/data.R/TwoGroupIQ.csv	05c3f465e7987e8d7caa7e214fedddd90415a922	bf(Score ~ 0 + Group, sigma ~ 0 + Group)		gaussian	text_offset=9; matched_terms=group; context_sha256=adb0d0c353d7f84f	direct population/likelihood route when the family and terms are supported	200	unsupported	191	synthetic n=12; positive continuous predictors; integer groups; family-valid outcome
unverifiable	not-run	family is not explicit or defensibly inferred	https://jse.amstat.org/datasets/calcium.dat.txt	The cited resource is a data file; it can support dataset provenance but not the claimed model formula or family.	unverifiable	unresolved	ordinary_brm	229	CatalogServer_default_unsubstantiated			gaussian	renderer-default-unsubstantiated; semantic family unresolved		not_supported_by_data_file	not-probed		not_supported_by_data_file					no executable descriptor until translation is resolved	unresolved-family	e14c797dd5bd58155e8c73c1cf593d839ef24eef9582a9b2b434349a7c4d69f0	kruschke	scripts/examples/kruschke.jl	true	kruschke:calcium	not-run	not-run	calcium		unresolved-family		reachable_data_file	reachable-data-or-description	not-run	true	not-run	false	not-run			Calcium RCT — Separate Group Means	decrease ~ 0 + treatment	not-run	SbPMX origin/main@a8fd3c02e1e2305683a56c91384701bfeba6b528:design/{ASKS.md,SbPMX.jl,mock_runtime.jl},compat/check-semantic-model-pipeline.jl		2026-07-28T21:07:09.408742+00:00	calcium	true		not-run	family is not explicit or defensibly inferred	not-probed	not-run	unresolved-family	https://jse.amstat.org/datasets/calcium.dat.txt	@options + option_domain/option_records + semantic_card under semantic_app	dataset_repository_or_file_only	https://jse.amstat.org/datasets/calcium.dat.txt	05c3f465e7987e8d7caa7e214fedddd90415a922	decrease ~ 0 + treatment				direct population/likelihood route when the family and terms are supported	200	unresolved-family	192	synthetic n=12; positive continuous predictors; integer groups; family-valid outcome
unverifiable	not-run	explicit Normal likelihood; residual scale estimated on log scale	https://raw.githubusercontent.com/ASKurz/Doing-Bayesian-Data-Analysis-in-brms-and-the-tidyverse/master/data.R/HtWtData300.csv	The cited resource is a data file; it can support dataset provenance but not the claimed model formula or family.	unverifiable	inferred-from-name	ordinary_brm	297	CatalogServer_default_unsubstantiated	aa86e79cbca87636	386	gaussian	renderer-default-unsubstantiated; inference happens to agree	-7.817384082920588	not_supported_by_data_file	not-probed	63be7b2cd3c3b310f23797acb7a042df4f93f011928f95e4c1aa5c48c9f0dd46	not_supported_by_data_file	3				authoritative brm_descriptor/brm_execute; experimental SbPMX semantic_app mount adapter	ready	318d00661b7cadb3154f0cbbb9b8fc88db5d86107d22fcb5e72e221246e6767a	kruschke	scripts/examples/kruschke.jl	true	kruschke:htwt	pass	pass	htwt		unresolved-family		reachable_data_file	reachable-data-or-description	pass	true	pass	false	pass	ee2fa4b0321af4cf9ca3793d06256c9be932fb711276f600cf82803bd933d49c		Simple Linear Regression — Height Predicts Weight	weight_z ~ 1 + height_z	true	SbPMX origin/main@a8fd3c02e1e2305683a56c91384701bfeba6b528:design/{ASKS.md,SbPMX.jl,mock_runtime.jl},compat/check-semantic-model-pipeline.jl		2026-07-28T21:07:10.160342+00:00	htwt	true	loc ~ 1 + height_z\nlog(sigma) ~ 1\nweight_z ~ Normal(loc, sigma)	pass	family is not explicit or defensibly inferred	direct	pass	unresolved-family	https://raw.githubusercontent.com/ASKurz/Doing-Bayesian-Data-Analysis-in-brms-and-the-tidyverse/master/data.R/HtWtData300.csv	@options + option_domain/option_records + semantic_card under semantic_app	dataset_repository_or_file_only	https://raw.githubusercontent.com/ASKurz/Doing-Bayesian-Data-Analysis-in-brms-and-the-tidyverse/master/data.R/HtWtData300.csv	05c3f465e7987e8d7caa7e214fedddd90415a922	weight_z ~ 1 + height_z		gaussian	text_offset=8; matched_terms=height,weight; context_sha256=845a7b139d2f0091	direct population/likelihood route when the family and terms are supported	200	bridgestan-finite-density-gradient	193	synthetic n=12; positive continuous predictors; integer groups; family-valid outcome
unverifiable	not-run	explicit Normal likelihood; residual scale estimated on log scale	https://raw.githubusercontent.com/ASKurz/Doing-Bayesian-Data-Analysis-in-brms-and-the-tidyverse/master/data.R/HierLinRegressData.csv	The cited resource is a data file; it can support dataset provenance but not the claimed model formula or family.	unverifiable	inferred-from-name	ordinary_brm	315	CatalogServer_default_unsubstantiated	6015bbcba3550d37	388	gaussian	renderer-default-unsubstantiated; inference happens to agree	-8.317384082920588	not_supported_by_data_file	not-probed	41edba372946c9eea14655f9036df35cb05e87c2bdb206dc07034caf5784c053	not_supported_by_data_file	11				authoritative brm_descriptor/brm_execute; experimental SbPMX semantic_app mount adapter	ready	f4a51d469ebb1d67aef279d9165253eda9b41214045f5ceb141255472525b30f	kruschke	scripts/examples/kruschke.jl	true	kruschke:hier_linreg	pass	pass	hier_linreg		unresolved-family		reachable_data_file	reachable-data-or-description	pass	true	pass	false	pass	1dbc9394454dd23dad5adbcfb5a8dbb67307743b6f80d00420acdc9d2cd093b2		Hierarchical Linear Regression — Varying Intercepts and Slopes	y_z ~ 1 + x_z + (1 + x_z || Subj)	true	SbPMX origin/main@a8fd3c02e1e2305683a56c91384701bfeba6b528:design/{ASKS.md,SbPMX.jl,mock_runtime.jl},compat/check-semantic-model-pipeline.jl		2026-07-28T21:07:10.109685+00:00	hier_linreg	true	loc ~ 1 + x_z + (1 + x_z || Subj)\nlog(sigma) ~ 1\ny_z ~ Normal(loc, sigma)	pass	family is not explicit or defensibly inferred	direct	pass	unresolved-family	https://raw.githubusercontent.com/ASKurz/Doing-Bayesian-Data-Analysis-in-brms-and-the-tidyverse/master/data.R/HierLinRegressData.csv	@options + option_domain/option_records + semantic_card under semantic_app	dataset_repository_or_file_only	https://raw.githubusercontent.com/ASKurz/Doing-Bayesian-Data-Analysis-in-brms-and-the-tidyverse/master/data.R/HierLinRegressData.csv	05c3f465e7987e8d7caa7e214fedddd90415a922	y_z ~ 1 + x_z + (1 + x_z || Subj)		gaussian		direct population/likelihood route when the family and terms are supported	200	bridgestan-finite-density-gradient	194	synthetic n=12; positive continuous predictors; integer groups; family-valid outcome
unverifiable	not-run	family is not explicit or defensibly inferred	https://raw.githubusercontent.com/ASKurz/Doing-Bayesian-Data-Analysis-in-brms-and-the-tidyverse/master/data.R/IncomeFamszState3yr.csv	The cited resource is a data file; it can support dataset provenance but not the claimed model formula or family.	unverifiable	unresolved	ordinary_brm	333	CatalogServer_default_unsubstantiated			gaussian	renderer-default-unsubstantiated; semantic family unresolved		not_supported_by_data_file	not-probed		not_supported_by_data_file					no executable descriptor until translation is resolved	unresolved-family	88f508e44c65442cebc8b07cf24d9708968a29880c789abbdae66931b2705c83	kruschke	scripts/examples/kruschke.jl	true	kruschke:income_famsize	not-run	not-run	income_famsize		unresolved-family		reachable_data_file	reachable-data-or-description	not-run	true	not-run	false	not-run			Income by Family Size — Measurement-Error Model	median_income_z | se(se_z, sigma = TRUE) ~ 1 + family_size_z + I(family_size_z^2) + (1 + family_size_z + I(family_size_z^2) || State)	not-run	SbPMX origin/main@a8fd3c02e1e2305683a56c91384701bfeba6b528:design/{ASKS.md,SbPMX.jl,mock_runtime.jl},compat/check-semantic-model-pipeline.jl		2026-07-28T21:07:10.162378+00:00	income_famsize	true		not-run	family is not explicit or defensibly inferred	not-probed	not-run	unresolved-family	https://raw.githubusercontent.com/ASKurz/Doing-Bayesian-Data-Analysis-in-brms-and-the-tidyverse/master/data.R/IncomeFamszState3yr.csv	@options + option_domain/option_records + semantic_card under semantic_app	dataset_repository_or_file_only	https://raw.githubusercontent.com/ASKurz/Doing-Bayesian-Data-Analysis-in-brms-and-the-tidyverse/master/data.R/IncomeFamszState3yr.csv	05c3f465e7987e8d7caa7e214fedddd90415a922	median_income_z | se(se_z, sigma = TRUE) ~ 1 + family_size_z + I(family_size_z^2) + (1 + family_size_z + I(family_size_z^2) || State)			text_offset=33; matched_terms=income,size; context_sha256=1705863e0e3622cd	direct population/likelihood route when the family and terms are supported	200	unresolved-family	195	synthetic n=12; positive continuous predictors; integer groups; family-valid outcome
unverifiable	not-run	family is not explicit or defensibly inferred	https://raw.githubusercontent.com/ASKurz/Doing-Bayesian-Data-Analysis-in-brms-and-the-tidyverse/master/data.R/Guber1999data.csv	The cited resource is a data file; it can support dataset provenance but not the claimed model formula or family.	unverifiable	unresolved	ordinary_brm	363	CatalogServer_default_unsubstantiated			gaussian	renderer-default-unsubstantiated; semantic family unresolved		not_supported_by_data_file	not-probed		not_supported_by_data_file					no executable descriptor until translation is resolved	unresolved-family	b312ecb8cee1a9ddf956e55aa478992826e05e03e54509212f599e8d4362dd19	kruschke	scripts/examples/kruschke.jl	true	kruschke:guber1999_base	not-run	not-run	guber1999		unresolved-family		reachable_data_file	reachable-data-or-description	not-run	true	not-run	false	not-run			Guber 1999 — Base Multiple Regression	satt_z ~ 1 + spend_z + prcnt_take_z	not-run	SbPMX origin/main@a8fd3c02e1e2305683a56c91384701bfeba6b528:design/{ASKS.md,SbPMX.jl,mock_runtime.jl},compat/check-semantic-model-pipeline.jl		2026-07-28T21:07:10.007548+00:00	guber1999_base	true		not-run	family is not explicit or defensibly inferred	not-probed	not-run	unresolved-family	https://raw.githubusercontent.com/ASKurz/Doing-Bayesian-Data-Analysis-in-brms-and-the-tidyverse/master/data.R/Guber1999data.csv	@options + option_domain/option_records + semantic_card under semantic_app	dataset_repository_or_file_only	https://raw.githubusercontent.com/ASKurz/Doing-Bayesian-Data-Analysis-in-brms-and-the-tidyverse/master/data.R/Guber1999data.csv	05c3f465e7987e8d7caa7e214fedddd90415a922	satt_z ~ 1 + spend_z + prcnt_take_z				direct population/likelihood route when the family and terms are supported	200	unresolved-family	196	synthetic n=12; positive continuous predictors; integer groups; family-valid outcome
unverifiable	not-run	family is not explicit or defensibly inferred	https://raw.githubusercontent.com/ASKurz/Doing-Bayesian-Data-Analysis-in-brms-and-the-tidyverse/master/data.R/Guber1999data.csv	The cited resource is a data file; it can support dataset provenance but not the claimed model formula or family.	unverifiable	unresolved	ordinary_brm	390	CatalogServer_default_unsubstantiated			gaussian	renderer-default-unsubstantiated; semantic family unresolved		not_supported_by_data_file	not-probed		not_supported_by_data_file					no executable descriptor until translation is resolved	unresolved-family	b312ecb8cee1a9ddf956e55aa478992826e05e03e54509212f599e8d4362dd19	kruschke	scripts/examples/kruschke.jl	true	kruschke:guber1999_complement	not-run	not-run	guber1999		unresolved-family		reachable_data_file	reachable-data-or-description	not-run	true	not-run	false	not-run			Guber 1999 — Complement Proportion Predictor	satt_z ~ 0 + Intercept + spend_z + prcnt_take_z + prop_not_take_z	not-run	SbPMX origin/main@a8fd3c02e1e2305683a56c91384701bfeba6b528:design/{ASKS.md,SbPMX.jl,mock_runtime.jl},compat/check-semantic-model-pipeline.jl		2026-07-28T21:07:10.007548+00:00	guber1999_complement	true		not-run	family is not explicit or defensibly inferred	not-probed	not-run	unresolved-family	https://raw.githubusercontent.com/ASKurz/Doing-Bayesian-Data-Analysis-in-brms-and-the-tidyverse/master/data.R/Guber1999data.csv	@options + option_domain/option_records + semantic_card under semantic_app	dataset_repository_or_file_only	https://raw.githubusercontent.com/ASKurz/Doing-Bayesian-Data-Analysis-in-brms-and-the-tidyverse/master/data.R/Guber1999data.csv	05c3f465e7987e8d7caa7e214fedddd90415a922	satt_z ~ 0 + Intercept + spend_z + prcnt_take_z + prop_not_take_z				direct population/likelihood route when the family and terms are supported	200	unresolved-family	197	synthetic n=12; positive continuous predictors; integer groups; family-valid outcome
unverifiable	not-run	family is not explicit or defensibly inferred	https://raw.githubusercontent.com/ASKurz/Doing-Bayesian-Data-Analysis-in-brms-and-the-tidyverse/master/data.R/Guber1999data.csv	The cited resource is a data file; it can support dataset provenance but not the claimed model formula or family.	unverifiable	unresolved	ordinary_brm	417	CatalogServer_default_unsubstantiated			gaussian	renderer-default-unsubstantiated; semantic family unresolved		not_supported_by_data_file	not-probed		not_supported_by_data_file					no executable descriptor until translation is resolved	unresolved-family	b312ecb8cee1a9ddf956e55aa478992826e05e03e54509212f599e8d4362dd19	kruschke	scripts/examples/kruschke.jl	true	kruschke:guber1999_interaction	not-run	not-run	guber1999		unresolved-family		reachable_data_file	reachable-data-or-description	not-run	true	not-run	false	not-run			Guber 1999 — Interaction Term	satt_z ~ 1 + spend_z + prcnt_take_z + interaction_z	not-run	SbPMX origin/main@a8fd3c02e1e2305683a56c91384701bfeba6b528:design/{ASKS.md,SbPMX.jl,mock_runtime.jl},compat/check-semantic-model-pipeline.jl		2026-07-28T21:07:10.007548+00:00	guber1999_interaction	true		not-run	family is not explicit or defensibly inferred	not-probed	not-run	unresolved-family	https://raw.githubusercontent.com/ASKurz/Doing-Bayesian-Data-Analysis-in-brms-and-the-tidyverse/master/data.R/Guber1999data.csv	@options + option_domain/option_records + semantic_card under semantic_app	dataset_repository_or_file_only	https://raw.githubusercontent.com/ASKurz/Doing-Bayesian-Data-Analysis-in-brms-and-the-tidyverse/master/data.R/Guber1999data.csv	05c3f465e7987e8d7caa7e214fedddd90415a922	satt_z ~ 1 + spend_z + prcnt_take_z + interaction_z				direct population/likelihood route when the family and terms are supported	200	unresolved-family	198	synthetic n=12; positive continuous predictors; integer groups; family-valid outcome
unverifiable	not-run	explicit Normal likelihood; residual scale estimated on log scale	https://raw.githubusercontent.com/ASKurz/Doing-Bayesian-Data-Analysis-in-brms-and-the-tidyverse/master/data.R/FruitflyDataReduced.csv	The cited resource is a data file; it can support dataset provenance but not the claimed model formula or family.	unverifiable	inferred-from-name	ordinary_brm	455	CatalogServer_default_unsubstantiated	d6205497020c0f77	398	gaussian	renderer-default-unsubstantiated; inference happens to agree	-8.47744637392999	not_supported_by_data_file	not-probed	bc8752596a68c560364ff4bd4679ea57616cc1b678caa247b96859feb744d285	not_supported_by_data_file	6				authoritative brm_descriptor/brm_execute; experimental SbPMX semantic_app mount adapter	ready	8d9575b76856558b1f244348d63080da3a0bd1d57d3fd3ff05c12f51ef51699e	kruschke	scripts/examples/kruschke.jl	true	kruschke:fruitfly_hierarchical	pass	pass	fruitfly		unresolved-family		reachable_data_file	reachable-data-or-description	pass	true	pass	false	pass	5c0d1cde572ff0cad65f1b43a74f256f486719bbc7411ab93b50e75dd2558063		Fruitfly — Hierarchical One-Way ANOVA	Longevity ~ 1 + (1 | CompanionNumber)	true	SbPMX origin/main@a8fd3c02e1e2305683a56c91384701bfeba6b528:design/{ASKS.md,SbPMX.jl,mock_runtime.jl},compat/check-semantic-model-pipeline.jl		2026-07-28T21:07:09.985423+00:00	fruitfly_hierarchical	true	loc ~ 1 + (1 | CompanionNumber)\nlog(sigma) ~ 1\nLongevity ~ Normal(loc, sigma)	pass	family is not explicit or defensibly inferred	direct	pass	unresolved-family	https://raw.githubusercontent.com/ASKurz/Doing-Bayesian-Data-Analysis-in-brms-and-the-tidyverse/master/data.R/FruitflyDataReduced.csv	@options + option_domain/option_records + semantic_card under semantic_app	dataset_repository_or_file_only	https://raw.githubusercontent.com/ASKurz/Doing-Bayesian-Data-Analysis-in-brms-and-the-tidyverse/master/data.R/FruitflyDataReduced.csv	05c3f465e7987e8d7caa7e214fedddd90415a922	Longevity ~ 1 + (1 | CompanionNumber)		gaussian	text_offset=484; matched_terms=one; context_sha256=4bad4b52c4db734f	direct population/likelihood route when the family and terms are supported	200	bridgestan-finite-density-gradient	199	synthetic n=12; positive continuous predictors; integer groups; family-valid outcome
unverifiable	not-run	family is not explicit or defensibly inferred	https://raw.githubusercontent.com/ASKurz/Doing-Bayesian-Data-Analysis-in-brms-and-the-tidyverse/master/data.R/FruitflyDataReduced.csv	The cited resource is a data file; it can support dataset provenance but not the claimed model formula or family.	unverifiable	unresolved	ordinary_brm	472	CatalogServer_default_unsubstantiated			gaussian	renderer-default-unsubstantiated; semantic family unresolved		not_supported_by_data_file	not-probed		not_supported_by_data_file					no executable descriptor until translation is resolved	unresolved-family	8d9575b76856558b1f244348d63080da3a0bd1d57d3fd3ff05c12f51ef51699e	kruschke	scripts/examples/kruschke.jl	true	kruschke:fruitfly_pooled	not-run	not-run	fruitfly		unresolved-family		reachable_data_file	reachable-data-or-description	not-run	true	not-run	false	not-run			Fruitfly — Pooled Baseline	Longevity ~ 1	not-run	SbPMX origin/main@a8fd3c02e1e2305683a56c91384701bfeba6b528:design/{ASKS.md,SbPMX.jl,mock_runtime.jl},compat/check-semantic-model-pipeline.jl		2026-07-28T21:07:09.985423+00:00	fruitfly_pooled	true		not-run	family is not explicit or defensibly inferred	not-probed	not-run	unresolved-family	https://raw.githubusercontent.com/ASKurz/Doing-Bayesian-Data-Analysis-in-brms-and-the-tidyverse/master/data.R/FruitflyDataReduced.csv	@options + option_domain/option_records + semantic_card under semantic_app	dataset_repository_or_file_only	https://raw.githubusercontent.com/ASKurz/Doing-Bayesian-Data-Analysis-in-brms-and-the-tidyverse/master/data.R/FruitflyDataReduced.csv	05c3f465e7987e8d7caa7e214fedddd90415a922	Longevity ~ 1				direct population/likelihood route when the family and terms are supported	200	unresolved-family	200	synthetic n=12; positive continuous predictors; integer groups; family-valid outcome
unverifiable	not-run	multi-formula/nonlinear brms declaration	https://raw.githubusercontent.com/ASKurz/Doing-Bayesian-Data-Analysis-in-brms-and-the-tidyverse/master/data.R/FruitflyDataReduced.csv	The cited resource is a data file; it can support dataset provenance but not the claimed model formula or family.	unverifiable	inferred-from-name	ordinary_brm	489	CatalogServer_default_unsubstantiated			gaussian	renderer-default-unsubstantiated; inference happens to agree		not_supported_by_data_file	not-probed		not_supported_by_data_file					no executable descriptor until translation is resolved	unsupported	8d9575b76856558b1f244348d63080da3a0bd1d57d3fd3ff05c12f51ef51699e	kruschke	scripts/examples/kruschke.jl	true	kruschke:fruitfly_robust	not-run	not-run	fruitfly		unresolved-family		reachable_data_file	reachable-data-or-description	not-run	true	not-run	false	not-run			Fruitfly — Robust ANOVA with Heterogeneous Sigma	bf(Longevity ~ 0 + CompanionNumber, sigma ~ 0 + CompanionNumber)	not-run	SbPMX origin/main@a8fd3c02e1e2305683a56c91384701bfeba6b528:design/{ASKS.md,SbPMX.jl,mock_runtime.jl},compat/check-semantic-model-pipeline.jl		2026-07-28T21:07:09.985423+00:00	fruitfly_robust	true		not-run	family is not explicit or defensibly inferred	not-probed	not-run	unresolved-family	https://raw.githubusercontent.com/ASKurz/Doing-Bayesian-Data-Analysis-in-brms-and-the-tidyverse/master/data.R/FruitflyDataReduced.csv	@options + option_domain/option_records + semantic_card under semantic_app	dataset_repository_or_file_only	https://raw.githubusercontent.com/ASKurz/Doing-Bayesian-Data-Analysis-in-brms-and-the-tidyverse/master/data.R/FruitflyDataReduced.csv	05c3f465e7987e8d7caa7e214fedddd90415a922	bf(Longevity ~ 0 + CompanionNumber, sigma ~ 0 + CompanionNumber)		gaussian		direct population/likelihood route when the family and terms are supported	200	unsupported	201	synthetic n=12; positive continuous predictors; integer groups; family-valid outcome
unverifiable	not-run	family is not explicit or defensibly inferred	https://raw.githubusercontent.com/ASKurz/Doing-Bayesian-Data-Analysis-in-brms-and-the-tidyverse/master/data.R/FruitflyDataReduced.csv	The cited resource is a data file; it can support dataset provenance but not the claimed model formula or family.	unverifiable	unresolved	ordinary_brm	506	CatalogServer_default_unsubstantiated			gaussian	renderer-default-unsubstantiated; semantic family unresolved		not_supported_by_data_file	not-probed		not_supported_by_data_file					no executable descriptor until translation is resolved	unresolved-family	8d9575b76856558b1f244348d63080da3a0bd1d57d3fd3ff05c12f51ef51699e	kruschke	scripts/examples/kruschke.jl	true	kruschke:fruitfly_ancova	not-run	not-run	fruitfly		unresolved-family		reachable_data_file	reachable-data-or-description	not-run	true	not-run	false	not-run			Fruitfly — ANCOVA with Thorax Covariate	Longevity ~ 1 + thorax_c + (1 | CompanionNumber)	not-run	SbPMX origin/main@a8fd3c02e1e2305683a56c91384701bfeba6b528:design/{ASKS.md,SbPMX.jl,mock_runtime.jl},compat/check-semantic-model-pipeline.jl		2026-07-28T21:07:09.985423+00:00	fruitfly_ancova	true		not-run	family is not explicit or defensibly inferred	not-probed	not-run	unresolved-family	https://raw.githubusercontent.com/ASKurz/Doing-Bayesian-Data-Analysis-in-brms-and-the-tidyverse/master/data.R/FruitflyDataReduced.csv	@options + option_domain/option_records + semantic_card under semantic_app	dataset_repository_or_file_only	https://raw.githubusercontent.com/ASKurz/Doing-Bayesian-Data-Analysis-in-brms-and-the-tidyverse/master/data.R/FruitflyDataReduced.csv	05c3f465e7987e8d7caa7e214fedddd90415a922	Longevity ~ 1 + thorax_c + (1 | CompanionNumber)			text_offset=26; matched_terms=thorax; context_sha256=c590a6dcf7a426d9	direct population/likelihood route when the family and terms are supported	200	unresolved-family	202	synthetic n=12; positive continuous predictors; integer groups; family-valid outcome
unverifiable	not-run	family is not explicit or defensibly inferred	https://raw.githubusercontent.com/ASKurz/Doing-Bayesian-Data-Analysis-in-brms-and-the-tidyverse/master/data.R/FruitflyDataReduced.csv	The cited resource is a data file; it can support dataset provenance but not the claimed model formula or family.	unverifiable	unresolved	ordinary_brm	523	CatalogServer_default_unsubstantiated			gaussian	renderer-default-unsubstantiated; semantic family unresolved		not_supported_by_data_file	not-probed		not_supported_by_data_file					no executable descriptor until translation is resolved	unresolved-family	8d9575b76856558b1f244348d63080da3a0bd1d57d3fd3ff05c12f51ef51699e	kruschke	scripts/examples/kruschke.jl	true	kruschke:fruitfly_anhecova	not-run	not-run	fruitfly		unresolved-family		reachable_data_file	reachable-data-or-description	not-run	true	not-run	false	not-run			Fruitfly — ANHECOVA with Random Thorax Slope	Longevity ~ 1 + thorax_c + (1 + thorax_c | CompanionNumber)	not-run	SbPMX origin/main@a8fd3c02e1e2305683a56c91384701bfeba6b528:design/{ASKS.md,SbPMX.jl,mock_runtime.jl},compat/check-semantic-model-pipeline.jl		2026-07-28T21:07:09.985423+00:00	fruitfly_anhecova	true		not-run	family is not explicit or defensibly inferred	not-probed	not-run	unresolved-family	https://raw.githubusercontent.com/ASKurz/Doing-Bayesian-Data-Analysis-in-brms-and-the-tidyverse/master/data.R/FruitflyDataReduced.csv	@options + option_domain/option_records + semantic_card under semantic_app	dataset_repository_or_file_only	https://raw.githubusercontent.com/ASKurz/Doing-Bayesian-Data-Analysis-in-brms-and-the-tidyverse/master/data.R/FruitflyDataReduced.csv	05c3f465e7987e8d7caa7e214fedddd90415a922	Longevity ~ 1 + thorax_c + (1 + thorax_c | CompanionNumber)			text_offset=26; matched_terms=thorax; context_sha256=c590a6dcf7a426d9	direct population/likelihood route when the family and terms are supported	200	unresolved-family	203	synthetic n=12; positive continuous predictors; integer groups; family-valid outcome
unverifiable	not-run	nested/composite grouping factors require an explicit derived group id or reviewed gr(...; by=...) design	https://raw.githubusercontent.com/ASKurz/Doing-Bayesian-Data-Analysis-in-brms-and-the-tidyverse/master/data.R/Salary.csv	The cited resource is a data file; it can support dataset provenance but not the claimed model formula or family.	unverifiable	inferred-from-name	ordinary_brm	560	CatalogServer_default_unsubstantiated			gaussian	renderer-default-unsubstantiated; inference happens to agree		not_supported_by_data_file	not-probed		not_supported_by_data_file					no executable descriptor until translation is resolved	unsupported	ce8a8abd352b9d86ca51c35735979269870ff7c529130a4922e1d61bda9b9c0e	kruschke	scripts/examples/kruschke.jl	true	kruschke:salary_anova	not-run	not-run	salary		unresolved-family		reachable_data_file	reachable-data-or-description	not-run	true	not-run	false	not-run			Salary — Two-Way Random Effects ANOVA	Salary ~ 1 + (1 | Pos) + (1 | Org) + (1 | Pos:Org)	not-run	SbPMX origin/main@a8fd3c02e1e2305683a56c91384701bfeba6b528:design/{ASKS.md,SbPMX.jl,mock_runtime.jl},compat/check-semantic-model-pipeline.jl		2026-07-28T21:07:10.187978+00:00	salary_anova	true		not-run	family is not explicit or defensibly inferred	not-probed	not-run	unresolved-family	https://raw.githubusercontent.com/ASKurz/Doing-Bayesian-Data-Analysis-in-brms-and-the-tidyverse/master/data.R/Salary.csv	@options + option_domain/option_records + semantic_card under semantic_app	dataset_repository_or_file_only	https://raw.githubusercontent.com/ASKurz/Doing-Bayesian-Data-Analysis-in-brms-and-the-tidyverse/master/data.R/Salary.csv	05c3f465e7987e8d7caa7e214fedddd90415a922	Salary ~ 1 + (1 | Pos) + (1 | Org) + (1 | Pos:Org)		gaussian	text_offset=38; matched_terms=salary; context_sha256=21df16d2d4f4c1c5	direct population/likelihood route when the family and terms are supported	200	unsupported	204	synthetic n=12; positive continuous predictors; integer groups; family-valid outcome
unverifiable	not-run	multi-formula/nonlinear brms declaration	https://raw.githubusercontent.com/ASKurz/Doing-Bayesian-Data-Analysis-in-brms-and-the-tidyverse/master/data.R/Salary.csv	The cited resource is a data file; it can support dataset provenance but not the claimed model formula or family.	unverifiable	inferred-from-name	ordinary_brm	576	CatalogServer_default_unsubstantiated			gaussian	renderer-default-unsubstantiated; inference happens to agree		not_supported_by_data_file	not-probed		not_supported_by_data_file					no executable descriptor until translation is resolved	unsupported	ce8a8abd352b9d86ca51c35735979269870ff7c529130a4922e1d61bda9b9c0e	kruschke	scripts/examples/kruschke.jl	true	kruschke:salary_robust	not-run	not-run	salary		unresolved-family		reachable_data_file	reachable-data-or-description	not-run	true	not-run	false	not-run			Salary — Robust ANOVA with Heterogeneous Residual Variance	bf(Salary ~ 1 + (1 | Pos) + (1 | Org) + (1 | Pos:Org), sigma ~ 1 + (1 | Pos:Org))	not-run	SbPMX origin/main@a8fd3c02e1e2305683a56c91384701bfeba6b528:design/{ASKS.md,SbPMX.jl,mock_runtime.jl},compat/check-semantic-model-pipeline.jl		2026-07-28T21:07:10.187978+00:00	salary_robust	true		not-run	family is not explicit or defensibly inferred	not-probed	not-run	unresolved-family	https://raw.githubusercontent.com/ASKurz/Doing-Bayesian-Data-Analysis-in-brms-and-the-tidyverse/master/data.R/Salary.csv	@options + option_domain/option_records + semantic_card under semantic_app	dataset_repository_or_file_only	https://raw.githubusercontent.com/ASKurz/Doing-Bayesian-Data-Analysis-in-brms-and-the-tidyverse/master/data.R/Salary.csv	05c3f465e7987e8d7caa7e214fedddd90415a922	bf(Salary ~ 1 + (1 | Pos) + (1 | Org) + (1 | Pos:Org), sigma ~ 1 + (1 | Pos:Org))		gaussian	text_offset=38; matched_terms=salary; context_sha256=21df16d2d4f4c1c5	direct population/likelihood route when the family and terms are supported	200	unsupported	205	synthetic n=12; positive continuous predictors; integer groups; family-valid outcome
unverifiable	not-run	nested/composite grouping factors require an explicit derived group id or reviewed gr(...; by=...) design	https://raw.githubusercontent.com/ASKurz/Doing-Bayesian-Data-Analysis-in-brms-and-the-tidyverse/master/data.R/SplitPlotAgriData.csv	The cited resource is a data file; it can support dataset provenance but not the claimed model formula or family.	unverifiable	inferred-from-name	ordinary_brm	592	CatalogServer_default_unsubstantiated			gaussian	renderer-default-unsubstantiated; inference happens to agree		not_supported_by_data_file	not-probed		not_supported_by_data_file					no executable descriptor until translation is resolved	unsupported	57796f7dabaeb5aceb77965af55317517d9fcd8ad4dd9c1e1ec4e57ac6feb397	kruschke	scripts/examples/kruschke.jl	true	kruschke:splitplot_field	not-run	not-run	splitplot		unresolved-family		reachable_data_file	reachable-data-or-description	not-run	true	not-run	false	not-run			Split-Plot ANOVA — With Field Blocking	Yield ~ 1 + (1 | Till) + (1 | Fert) + (1 | Field) + (1 | Till:Fert)	not-run	SbPMX origin/main@a8fd3c02e1e2305683a56c91384701bfeba6b528:design/{ASKS.md,SbPMX.jl,mock_runtime.jl},compat/check-semantic-model-pipeline.jl		2026-07-28T21:07:10.281330+00:00	splitplot_field	true		not-run	family is not explicit or defensibly inferred	not-probed	not-run	unresolved-family	https://raw.githubusercontent.com/ASKurz/Doing-Bayesian-Data-Analysis-in-brms-and-the-tidyverse/master/data.R/SplitPlotAgriData.csv	@options + option_domain/option_records + semantic_card under semantic_app	dataset_repository_or_file_only	https://raw.githubusercontent.com/ASKurz/Doing-Bayesian-Data-Analysis-in-brms-and-the-tidyverse/master/data.R/SplitPlotAgriData.csv	05c3f465e7987e8d7caa7e214fedddd90415a922	Yield ~ 1 + (1 | Till) + (1 | Fert) + (1 | Field) + (1 | Till:Fert)		gaussian	text_offset=1; matched_terms=field; context_sha256=7212e8df20e3ce5d	direct population/likelihood route when the family and terms are supported	200	unsupported	206	synthetic n=12; positive continuous predictors; integer groups; family-valid outcome
unverifiable	not-run	nested/composite grouping factors require an explicit derived group id or reviewed gr(...; by=...) design	https://raw.githubusercontent.com/ASKurz/Doing-Bayesian-Data-Analysis-in-brms-and-the-tidyverse/master/data.R/SplitPlotAgriData.csv	The cited resource is a data file; it can support dataset provenance but not the claimed model formula or family.	unverifiable	inferred-from-name	ordinary_brm	608	CatalogServer_default_unsubstantiated			gaussian	renderer-default-unsubstantiated; inference happens to agree		not_supported_by_data_file	not-probed		not_supported_by_data_file					no executable descriptor until translation is resolved	unsupported	57796f7dabaeb5aceb77965af55317517d9fcd8ad4dd9c1e1ec4e57ac6feb397	kruschke	scripts/examples/kruschke.jl	true	kruschke:splitplot_nofield	not-run	not-run	splitplot		unresolved-family		reachable_data_file	reachable-data-or-description	not-run	true	not-run	false	not-run			Split-Plot ANOVA — Without Field Blocking	Yield ~ 1 + (1 | Till) + (1 | Fert) + (1 | Till:Fert)	not-run	SbPMX origin/main@a8fd3c02e1e2305683a56c91384701bfeba6b528:design/{ASKS.md,SbPMX.jl,mock_runtime.jl},compat/check-semantic-model-pipeline.jl		2026-07-28T21:07:10.281330+00:00	splitplot_nofield	true		not-run	family is not explicit or defensibly inferred	not-probed	not-run	unresolved-family	https://raw.githubusercontent.com/ASKurz/Doing-Bayesian-Data-Analysis-in-brms-and-the-tidyverse/master/data.R/SplitPlotAgriData.csv	@options + option_domain/option_records + semantic_card under semantic_app	dataset_repository_or_file_only	https://raw.githubusercontent.com/ASKurz/Doing-Bayesian-Data-Analysis-in-brms-and-the-tidyverse/master/data.R/SplitPlotAgriData.csv	05c3f465e7987e8d7caa7e214fedddd90415a922	Yield ~ 1 + (1 | Till) + (1 | Fert) + (1 | Till:Fert)		gaussian	text_offset=1; matched_terms=field; context_sha256=7212e8df20e3ce5d	direct population/likelihood route when the family and terms are supported	200	unsupported	207	synthetic n=12; positive continuous predictors; integer groups; family-valid outcome
unverifiable	not-run	explicit Bernoulli-logit likelihood	https://raw.githubusercontent.com/ASKurz/Doing-Bayesian-Data-Analysis-in-brms-and-the-tidyverse/master/data.R/HtWtData110.csv	The cited resource is a data file; it can support dataset provenance but not the claimed model formula or family.	unverifiable	inferred-from-name	ordinary_brm	635	CatalogServer_default_unsubstantiated	4e08482594f40c5e	416	gaussian	renderer-default-contradicts semantic inference	-8.317766166719343	not_supported_by_data_file	not-probed	b0a7c7f697764a1290063d0a4078d438f9b8753b7bdf4b6ca82a46273d46bb7a	not_supported_by_data_file	2				authoritative brm_descriptor/brm_execute; experimental SbPMX semantic_app mount adapter	ready	5e92e84f20b1948e3ef853e7165f9bbbd7b1f0a98b0a2d007008fb014afeacbe	kruschke	scripts/examples/kruschke.jl	true	kruschke:htwt110_single	pass	pass	htwt110		unresolved-family		reachable_data_file	reachable-data-or-description	pass	true	pass	false	pass	575cc7c9774d3769ea1634be260ca493afdfcecabfac7dfe8dfacad9c21650ce		Logistic Regression — Single Predictor (Weight)	male ~ 1 + weight_z	true	SbPMX origin/main@a8fd3c02e1e2305683a56c91384701bfeba6b528:design/{ASKS.md,SbPMX.jl,mock_runtime.jl},compat/check-semantic-model-pipeline.jl		2026-07-28T21:07:10.155256+00:00	htwt110_single	true	log_odds ~ 1 + weight_z\nmale ~ BernoulliLogit(log_odds)	pass	family is not explicit or defensibly inferred	direct	pass	unresolved-family	https://raw.githubusercontent.com/ASKurz/Doing-Bayesian-Data-Analysis-in-brms-and-the-tidyverse/master/data.R/HtWtData110.csv	@options + option_domain/option_records + semantic_card under semantic_app	dataset_repository_or_file_only	https://raw.githubusercontent.com/ASKurz/Doing-Bayesian-Data-Analysis-in-brms-and-the-tidyverse/master/data.R/HtWtData110.csv	05c3f465e7987e8d7caa7e214fedddd90415a922	male ~ 1 + weight_z		bernoulli	text_offset=17; matched_terms=weight; context_sha256=c56cf755888c515c	direct population/likelihood route when the family and terms are supported	200	bridgestan-finite-density-gradient	208	synthetic n=12; positive continuous predictors; integer groups; family-valid outcome
unverifiable	not-run	explicit Bernoulli-logit likelihood	https://raw.githubusercontent.com/ASKurz/Doing-Bayesian-Data-Analysis-in-brms-and-the-tidyverse/master/data.R/HtWtData110.csv	The cited resource is a data file; it can support dataset provenance but not the claimed model formula or family.	unverifiable	inferred-from-name	ordinary_brm	653	CatalogServer_default_unsubstantiated	ac7078f55b5b7043	418	gaussian	renderer-default-contradicts semantic inference	-8.317766166719343	not_supported_by_data_file	not-probed	749b278cf68b79cd3e5d889563ddbdd1091808cee59f74a77efcf32851d37824	not_supported_by_data_file	3				authoritative brm_descriptor/brm_execute; experimental SbPMX semantic_app mount adapter	ready	5e92e84f20b1948e3ef853e7165f9bbbd7b1f0a98b0a2d007008fb014afeacbe	kruschke	scripts/examples/kruschke.jl	true	kruschke:htwt110_two_pred	pass	pass	htwt110		unresolved-family		reachable_data_file	reachable-data-or-description	pass	true	pass	false	pass	af20ebc16e9e197f0621598f4194dbcf36eccaf06b3d0160da19215fbcbcf281		Logistic Regression — Two Predictors (Weight and Height)	male ~ 1 + weight_z + height_z	true	SbPMX origin/main@a8fd3c02e1e2305683a56c91384701bfeba6b528:design/{ASKS.md,SbPMX.jl,mock_runtime.jl},compat/check-semantic-model-pipeline.jl		2026-07-28T21:07:10.155256+00:00	htwt110_two_pred	true	log_odds ~ 1 + weight_z + height_z\nmale ~ BernoulliLogit(log_odds)	pass	family is not explicit or defensibly inferred	direct	pass	unresolved-family	https://raw.githubusercontent.com/ASKurz/Doing-Bayesian-Data-Analysis-in-brms-and-the-tidyverse/master/data.R/HtWtData110.csv	@options + option_domain/option_records + semantic_card under semantic_app	dataset_repository_or_file_only	https://raw.githubusercontent.com/ASKurz/Doing-Bayesian-Data-Analysis-in-brms-and-the-tidyverse/master/data.R/HtWtData110.csv	05c3f465e7987e8d7caa7e214fedddd90415a922	male ~ 1 + weight_z + height_z		bernoulli	text_offset=17; matched_terms=height,weight; context_sha256=c56cf755888c515c	direct population/likelihood route when the family and terms are supported	200	bridgestan-finite-density-gradient	209	synthetic n=12; positive continuous predictors; integer groups; family-valid outcome
unverifiable	not-run	multi-formula/nonlinear brms declaration	https://raw.githubusercontent.com/ASKurz/Doing-Bayesian-Data-Analysis-in-brms-and-the-tidyverse/master/data.R/HtWtData110.csv	The cited resource is a data file; it can support dataset provenance but not the claimed model formula or family.	unverifiable	inferred-from-name	ordinary_brm	671	CatalogServer_default_unsubstantiated			gaussian	renderer-default-contradicts semantic inference		not_supported_by_data_file	not-probed		not_supported_by_data_file					no executable descriptor until translation is resolved	unsupported	5e92e84f20b1948e3ef853e7165f9bbbd7b1f0a98b0a2d007008fb014afeacbe	kruschke	scripts/examples/kruschke.jl	true	kruschke:htwt110_robust	not-run	not-run	htwt110		unresolved-family		reachable_data_file	reachable-data-or-description	not-run	true	not-run	false	not-run			Robust Logistic Regression — Mixture with Guessing	bf(male ~ a * 0.5 + (1 - a) * 1 / (1 + exp(-(b0 + b1 * weight_z))), a + b0 + b1 ~ 1, nl = TRUE)	not-run	SbPMX origin/main@a8fd3c02e1e2305683a56c91384701bfeba6b528:design/{ASKS.md,SbPMX.jl,mock_runtime.jl},compat/check-semantic-model-pipeline.jl		2026-07-28T21:07:10.155256+00:00	htwt110_robust	true		not-run	family is not explicit or defensibly inferred	not-probed	not-run	unresolved-family	https://raw.githubusercontent.com/ASKurz/Doing-Bayesian-Data-Analysis-in-brms-and-the-tidyverse/master/data.R/HtWtData110.csv	@options + option_domain/option_records + semantic_card under semantic_app	dataset_repository_or_file_only	https://raw.githubusercontent.com/ASKurz/Doing-Bayesian-Data-Analysis-in-brms-and-the-tidyverse/master/data.R/HtWtData110.csv	05c3f465e7987e8d7caa7e214fedddd90415a922	bf(male ~ a * 0.5 + (1 - a) * 1 / (1 + exp(-(b0 + b1 * weight_z))), a + b0 + b1 ~ 1, nl = TRUE)		bernoulli		direct population/likelihood route when the family and terms are supported	200	unsupported	210	synthetic n=12; positive continuous predictors; integer groups; family-valid outcome
unverifiable	not-run	likelihood family `categorical` has no semantics-preserving current translation	https://raw.githubusercontent.com/ASKurz/Doing-Bayesian-Data-Analysis-in-brms-and-the-tidyverse/master/data.R/SoftmaxRegData1.csv	The cited resource is a data file; it can support dataset provenance but not the claimed model formula or family.	unverifiable	inferred-from-name	ordinary_brm	739	CatalogServer_default_unsubstantiated			gaussian	renderer-default-contradicts semantic inference		not_supported_by_data_file	not-probed		not_supported_by_data_file					no executable descriptor until translation is resolved	unsupported	2379a4153441611caa1fa0c15ad3825e22e7f241aed9c1b7d8b677cdeb801beb	kruschke	scripts/examples/kruschke.jl	true	kruschke:softmax_categorical	not-run	not-run	softmax1		unresolved-family		reachable_data_file	reachable-data-or-description	not-run	true	not-run	false	not-run			Softmax — Categorical Regression with Two Predictors	Y ~ 0 + Intercept + X1 + X2	not-run	SbPMX origin/main@a8fd3c02e1e2305683a56c91384701bfeba6b528:design/{ASKS.md,SbPMX.jl,mock_runtime.jl},compat/check-semantic-model-pipeline.jl		2026-07-28T21:07:10.191100+00:00	softmax_categorical	true		not-run	family is not explicit or defensibly inferred	not-probed	not-run	unresolved-family	https://raw.githubusercontent.com/ASKurz/Doing-Bayesian-Data-Analysis-in-brms-and-the-tidyverse/master/data.R/SoftmaxRegData1.csv	@options + option_domain/option_records + semantic_card under semantic_app	dataset_repository_or_file_only	https://raw.githubusercontent.com/ASKurz/Doing-Bayesian-Data-Analysis-in-brms-and-the-tidyverse/master/data.R/SoftmaxRegData1.csv	05c3f465e7987e8d7caa7e214fedddd90415a922	Y ~ 0 + Intercept + X1 + X2		categorical		direct population/likelihood route when the family and terms are supported	200	unsupported	211	synthetic n=12; positive continuous predictors; integer groups; family-valid outcome
unverifiable	not-run	family is not explicit or defensibly inferred	https://raw.githubusercontent.com/ASKurz/Doing-Bayesian-Data-Analysis-in-brms-and-the-tidyverse/master/data.R/SoftmaxRegData1.csv	The cited resource is a data file; it can support dataset provenance but not the claimed model formula or family.	unverifiable	unresolved	ordinary_brm	755	CatalogServer_default_unsubstantiated			gaussian	renderer-default-unsubstantiated; semantic family unresolved		not_supported_by_data_file	not-probed		not_supported_by_data_file					no executable descriptor until translation is resolved	unresolved-family	2379a4153441611caa1fa0c15ad3825e22e7f241aed9c1b7d8b677cdeb801beb	kruschke	scripts/examples/kruschke.jl	true	kruschke:softmax_baseline	not-run	not-run	softmax1		unresolved-family		reachable_data_file	reachable-data-or-description	not-run	true	not-run	false	not-run			Softmax — Intercepts-Only Baseline	Y ~ 1	not-run	SbPMX origin/main@a8fd3c02e1e2305683a56c91384701bfeba6b528:design/{ASKS.md,SbPMX.jl,mock_runtime.jl},compat/check-semantic-model-pipeline.jl		2026-07-28T21:07:10.191100+00:00	softmax_baseline	true		not-run	family is not explicit or defensibly inferred	not-probed	not-run	unresolved-family	https://raw.githubusercontent.com/ASKurz/Doing-Bayesian-Data-Analysis-in-brms-and-the-tidyverse/master/data.R/SoftmaxRegData1.csv	@options + option_domain/option_records + semantic_card under semantic_app	dataset_repository_or_file_only	https://raw.githubusercontent.com/ASKurz/Doing-Bayesian-Data-Analysis-in-brms-and-the-tidyverse/master/data.R/SoftmaxRegData1.csv	05c3f465e7987e8d7caa7e214fedddd90415a922	Y ~ 1				direct population/likelihood route when the family and terms are supported	200	unresolved-family	212	synthetic n=12; positive continuous predictors; integer groups; family-valid outcome
unverifiable	not-run	term has no semantics-preserving mechanical alias	https://raw.githubusercontent.com/ASKurz/Doing-Bayesian-Data-Analysis-in-brms-and-the-tidyverse/master/data.R/CondLogistRegData1.csv	The cited resource is a data file; it can support dataset provenance but not the claimed model formula or family.	unverifiable	inferred-from-name	ordinary_brm	771	CatalogServer_default_unsubstantiated			gaussian	renderer-default-contradicts semantic inference		not_supported_by_data_file	not-probed		not_supported_by_data_file					no executable descriptor until translation is resolved	unsupported	670192f3f6b071b4973efb73e703a7d1556bc79e98f7d157c9d38fd65a8e85ac	kruschke	scripts/examples/kruschke.jl	true	kruschke:condlog1_ordinal	not-run	not-run	condlog1		unresolved-family		reachable_data_file	reachable-data-or-description	not-run	true	not-run	false	not-run			Conditional Logistic — Ordinal Regression (Data Set 1)	Y_ord ~ 1 + cs(X1) + cs(X2)	not-run	SbPMX origin/main@a8fd3c02e1e2305683a56c91384701bfeba6b528:design/{ASKS.md,SbPMX.jl,mock_runtime.jl},compat/check-semantic-model-pipeline.jl		2026-07-28T21:07:09.982748+00:00	condlog1_ordinal	true		not-run	family is not explicit or defensibly inferred	not-probed	not-run	unresolved-family	https://raw.githubusercontent.com/ASKurz/Doing-Bayesian-Data-Analysis-in-brms-and-the-tidyverse/master/data.R/CondLogistRegData1.csv	@options + option_domain/option_records + semantic_card under semantic_app	dataset_repository_or_file_only	https://raw.githubusercontent.com/ASKurz/Doing-Bayesian-Data-Analysis-in-brms-and-the-tidyverse/master/data.R/CondLogistRegData1.csv	05c3f465e7987e8d7caa7e214fedddd90415a922	Y_ord ~ 1 + cs(X1) + cs(X2)		bernoulli		direct population/likelihood route when the family and terms are supported	200	unsupported	213	synthetic n=12; positive continuous predictors; integer groups; family-valid outcome
unverifiable	not-run	term has no semantics-preserving mechanical alias	https://raw.githubusercontent.com/ASKurz/Doing-Bayesian-Data-Analysis-in-brms-and-the-tidyverse/master/data.R/CondLogistRegData2.csv	The cited resource is a data file; it can support dataset provenance but not the claimed model formula or family.	unverifiable	inferred-from-name	ordinary_brm	787	CatalogServer_default_unsubstantiated			gaussian	renderer-default-contradicts semantic inference		not_supported_by_data_file	not-probed		not_supported_by_data_file					no executable descriptor until translation is resolved	unsupported	e45f5db58f237e25665a4e2437e4f761f998a230cfa35dfdca7871ea5b2d0b0d	kruschke	scripts/examples/kruschke.jl	true	kruschke:condlog2_ordinal	not-run	not-run	condlog2		unresolved-family		reachable_data_file	reachable-data-or-description	not-run	true	not-run	false	not-run			Conditional Logistic — Ordinal Regression (Data Set 2)	Y_ord ~ 1 + cs(X1) + cs(X2)	not-run	SbPMX origin/main@a8fd3c02e1e2305683a56c91384701bfeba6b528:design/{ASKS.md,SbPMX.jl,mock_runtime.jl},compat/check-semantic-model-pipeline.jl		2026-07-28T21:07:09.983253+00:00	condlog2_ordinal	true		not-run	family is not explicit or defensibly inferred	not-probed	not-run	unresolved-family	https://raw.githubusercontent.com/ASKurz/Doing-Bayesian-Data-Analysis-in-brms-and-the-tidyverse/master/data.R/CondLogistRegData2.csv	@options + option_domain/option_records + semantic_card under semantic_app	dataset_repository_or_file_only	https://raw.githubusercontent.com/ASKurz/Doing-Bayesian-Data-Analysis-in-brms-and-the-tidyverse/master/data.R/CondLogistRegData2.csv	05c3f465e7987e8d7caa7e214fedddd90415a922	Y_ord ~ 1 + cs(X1) + cs(X2)		bernoulli		direct population/likelihood route when the family and terms are supported	200	unsupported	214	synthetic n=12; positive continuous predictors; integer groups; family-valid outcome
unverifiable	not-run	current proportional-odds likelihood; non-logit historical links need separate review	https://raw.githubusercontent.com/ASKurz/Doing-Bayesian-Data-Analysis-in-brms-and-the-tidyverse/master/data.R/OrdinalProbitData1.csv	The cited resource is a data file; it can support dataset provenance but not the claimed model formula or family.	unverifiable	inferred-from-name	ordinary_brm	836	CatalogServer_default_unsubstantiated	bc2fd880a06e34a9	430	gaussian	renderer-default-contradicts semantic inference	-21.052072147049337	not_supported_by_data_file	not-probed	5504f571b39fa6ab3104d324ccca0516e06b53d399d86e6146d3565327a84c1b	not_supported_by_data_file	4				authoritative brm_descriptor/brm_execute; experimental SbPMX semantic_app mount adapter	ready	8784ec1578398216646404186442a8c6ca982c746b48e2ee65e645c4adc4a144	kruschke	scripts/examples/kruschke.jl	true	kruschke:ordinal_probit_intercept	pass	pass	ordinal_probit		unresolved-family		reachable_data_file	reachable-data-or-description	pass	true	pass	false	pass	e5a2e136c30d4e2d18e505a185ae798b70a81b13912a2de88079ce9fd39151d7		Ordinal Probit — Intercept Only	Y ~ 1	true	SbPMX origin/main@a8fd3c02e1e2305683a56c91384701bfeba6b528:design/{ASKS.md,SbPMX.jl,mock_runtime.jl},compat/check-semantic-model-pipeline.jl		2026-07-28T21:07:10.183653+00:00	ordinal_probit_intercept	true	loc ~ 1\nY ~ OrderedLogistic(loc)	pass	family is not explicit or defensibly inferred	direct	pass	unresolved-family	https://raw.githubusercontent.com/ASKurz/Doing-Bayesian-Data-Analysis-in-brms-and-the-tidyverse/master/data.R/OrdinalProbitData1.csv	@options + option_domain/option_records + semantic_card under semantic_app	dataset_repository_or_file_only	https://raw.githubusercontent.com/ASKurz/Doing-Bayesian-Data-Analysis-in-brms-and-the-tidyverse/master/data.R/OrdinalProbitData1.csv	05c3f465e7987e8d7caa7e214fedddd90415a922	Y ~ 1		ordered_logistic		direct population/likelihood route when the family and terms are supported	200	bridgestan-finite-density-gradient	215	synthetic n=12; positive continuous predictors; integer groups; family-valid outcome
unverifiable	not-run	multi-formula/nonlinear brms declaration	https://raw.githubusercontent.com/ASKurz/Doing-Bayesian-Data-Analysis-in-brms-and-the-tidyverse/master/data.R/OrdinalProbitData1.csv	The cited resource is a data file; it can support dataset provenance but not the claimed model formula or family.	unverifiable	inferred-from-name	ordinary_brm	852	CatalogServer_default_unsubstantiated			gaussian	renderer-default-contradicts semantic inference		not_supported_by_data_file	not-probed		not_supported_by_data_file					no executable descriptor until translation is resolved	unsupported	8784ec1578398216646404186442a8c6ca982c746b48e2ee65e645c4adc4a144	kruschke	scripts/examples/kruschke.jl	true	kruschke:ordinal_probit_disc	not-run	not-run	ordinal_probit		unresolved-family		reachable_data_file	reachable-data-or-description	not-run	true	not-run	false	not-run			Ordinal Probit — Discrimination Parameter	bf(Y ~ 1 + X) + lf(disc ~ 0 + X, cmc = FALSE)	not-run	SbPMX origin/main@a8fd3c02e1e2305683a56c91384701bfeba6b528:design/{ASKS.md,SbPMX.jl,mock_runtime.jl},compat/check-semantic-model-pipeline.jl		2026-07-28T21:07:10.183653+00:00	ordinal_probit_disc	true		not-run	family is not explicit or defensibly inferred	not-probed	not-run	unresolved-family	https://raw.githubusercontent.com/ASKurz/Doing-Bayesian-Data-Analysis-in-brms-and-the-tidyverse/master/data.R/OrdinalProbitData1.csv	@options + option_domain/option_records + semantic_card under semantic_app	dataset_repository_or_file_only	https://raw.githubusercontent.com/ASKurz/Doing-Bayesian-Data-Analysis-in-brms-and-the-tidyverse/master/data.R/OrdinalProbitData1.csv	05c3f465e7987e8d7caa7e214fedddd90415a922	bf(Y ~ 1 + X) + lf(disc ~ 0 + X, cmc = FALSE)		ordered_logistic		direct population/likelihood route when the family and terms are supported	200	unsupported	216	synthetic n=12; positive continuous predictors; integer groups; family-valid outcome
unverifiable	not-run	multi-formula/nonlinear brms declaration	https://raw.githubusercontent.com/ASKurz/Doing-Bayesian-Data-Analysis-in-brms-and-the-tidyverse/master/data.R/OrdinalProbitData1.csv	The cited resource is a data file; it can support dataset provenance but not the claimed model formula or family.	unverifiable	inferred-from-name	ordinary_brm	868	CatalogServer_default_unsubstantiated			gaussian	renderer-default-contradicts semantic inference		not_supported_by_data_file	not-probed		not_supported_by_data_file					no executable descriptor until translation is resolved	unsupported	8784ec1578398216646404186442a8c6ca982c746b48e2ee65e645c4adc4a144	kruschke	scripts/examples/kruschke.jl	true	kruschke:ordinal_probit_hetero	not-run	not-run	ordinal_probit		unresolved-family		reachable_data_file	reachable-data-or-description	not-run	true	not-run	false	not-run			Ordinal Probit — Heteroscedastic Gaussian Comparison	bf(Y ~ 0 + X, sigma ~ 0 + X)	not-run	SbPMX origin/main@a8fd3c02e1e2305683a56c91384701bfeba6b528:design/{ASKS.md,SbPMX.jl,mock_runtime.jl},compat/check-semantic-model-pipeline.jl		2026-07-28T21:07:10.183653+00:00	ordinal_probit_hetero	true		not-run	family is not explicit or defensibly inferred	not-probed	not-run	unresolved-family	https://raw.githubusercontent.com/ASKurz/Doing-Bayesian-Data-Analysis-in-brms-and-the-tidyverse/master/data.R/OrdinalProbitData1.csv	@options + option_domain/option_records + semantic_card under semantic_app	dataset_repository_or_file_only	https://raw.githubusercontent.com/ASKurz/Doing-Bayesian-Data-Analysis-in-brms-and-the-tidyverse/master/data.R/OrdinalProbitData1.csv	05c3f465e7987e8d7caa7e214fedddd90415a922	bf(Y ~ 0 + X, sigma ~ 0 + X)		ordered_logistic		direct population/likelihood route when the family and terms are supported	200	unsupported	217	synthetic n=12; positive continuous predictors; integer groups; family-valid outcome
unverifiable	not-run	current proportional-odds likelihood; non-logit historical links need separate review	https://raw.githubusercontent.com/ASKurz/Doing-Bayesian-Data-Analysis-in-brms-and-the-tidyverse/master/data.R/HappinessAssetsDebt.csv	The cited resource is a data file; it can support dataset provenance but not the claimed model formula or family.	unverifiable	inferred-from-name	ordinary_brm	884	CatalogServer_default_unsubstantiated	eed50ceabff3aa75	436	gaussian	renderer-default-contradicts semantic inference	-21.052072147049337	not_supported_by_data_file	not-probed	8ea1766eb9056f262c527bf86037870fb45a517a19b39ee8baaf8a5561998cb2	not_supported_by_data_file	5				authoritative brm_descriptor/brm_execute; experimental SbPMX semantic_app mount adapter	ready	9ec06f4a16d976b4d39a4ef801080696ef9336d9f67302bd0f0d12151c570051	kruschke	scripts/examples/kruschke.jl	true	kruschke:happiness_assets	pass	pass	happiness_assets		unresolved-family		reachable_data_file	reachable-data-or-description	pass	true	pass	false	pass	729e20d74a6232efb277522b60f13011e0717f2b725442d67424e75e30c8d08a		Happiness and Assets — Cumulative Ordinal Probit	Happiness ~ 1 + Assets_s	true	SbPMX origin/main@a8fd3c02e1e2305683a56c91384701bfeba6b528:design/{ASKS.md,SbPMX.jl,mock_runtime.jl},compat/check-semantic-model-pipeline.jl		2026-07-28T21:07:10.014834+00:00	happiness_assets	true	loc ~ 1 + Assets_s\nHappiness ~ OrderedLogistic(loc)	pass	family is not explicit or defensibly inferred	direct	pass	unresolved-family	https://raw.githubusercontent.com/ASKurz/Doing-Bayesian-Data-Analysis-in-brms-and-the-tidyverse/master/data.R/HappinessAssetsDebt.csv	@options + option_domain/option_records + semantic_card under semantic_app	dataset_repository_or_file_only	https://raw.githubusercontent.com/ASKurz/Doing-Bayesian-Data-Analysis-in-brms-and-the-tidyverse/master/data.R/HappinessAssetsDebt.csv	05c3f465e7987e8d7caa7e214fedddd90415a922	Happiness ~ 1 + Assets_s		ordered_logistic	text_offset=1; matched_terms=assets,happiness; context_sha256=bd6bf8ad0da2ca4a	direct population/likelihood route when the family and terms are supported	200	bridgestan-finite-density-gradient	218	synthetic n=12; positive continuous predictors; integer groups; family-valid outcome
unverifiable	not-run	current proportional-odds likelihood; non-logit historical links need separate review	https://raw.githubusercontent.com/ASKurz/Doing-Bayesian-Data-Analysis-in-brms-and-the-tidyverse/master/data.R/Movies.csv	The cited resource is a data file; it can support dataset provenance but not the claimed model formula or family.	unverifiable	inferred-from-name	ordinary_brm	901	CatalogServer_default_unsubstantiated	872a29bd2ca1e4d4	438	gaussian	renderer-default-contradicts semantic inference	-21.052072147049337	not_supported_by_data_file	not-probed	2de60f2eab847e8d7a1d5f51f3741c3082e2fef7a5a29410d6cfdae9ae551c72	not_supported_by_data_file	6				authoritative brm_descriptor/brm_execute; experimental SbPMX semantic_app mount adapter	ready	133165b6ff33a95fd0136803646d0f2fb85f0e124b2944351b9190773d59129c	kruschke	scripts/examples/kruschke.jl	true	kruschke:movies	pass	pass	movies		unresolved-family		reachable_data_file	reachable-data-or-description	pass	true	pass	false	pass	1c12f9c3d0859be98754acf9e5f105492a1f85d6e6175d1442f9d108e01a60f1		Movie Ratings — Cumulative Ordinal Regression	Rating ~ 1 + Year_s + Length_s	true	SbPMX origin/main@a8fd3c02e1e2305683a56c91384701bfeba6b528:design/{ASKS.md,SbPMX.jl,mock_runtime.jl},compat/check-semantic-model-pipeline.jl		2026-07-28T21:07:10.164408+00:00	movies	true	loc ~ 1 + Year_s + Length_s\nRating ~ OrderedLogistic(loc)	pass	family is not explicit or defensibly inferred	direct	pass	unresolved-family	https://raw.githubusercontent.com/ASKurz/Doing-Bayesian-Data-Analysis-in-brms-and-the-tidyverse/master/data.R/Movies.csv	@options + option_domain/option_records + semantic_card under semantic_app	dataset_repository_or_file_only	https://raw.githubusercontent.com/ASKurz/Doing-Bayesian-Data-Analysis-in-brms-and-the-tidyverse/master/data.R/Movies.csv	05c3f465e7987e8d7caa7e214fedddd90415a922	Rating ~ 1 + Year_s + Length_s		ordered_logistic		direct population/likelihood route when the family and terms are supported	200	bridgestan-finite-density-gradient	219	synthetic n=12; positive continuous predictors; integer groups; family-valid outcome
unverifiable	not-run	nested/composite grouping factors require an explicit derived group id or reviewed gr(...; by=...) design	https://raw.githubusercontent.com/ASKurz/Doing-Bayesian-Data-Analysis-in-brms-and-the-tidyverse/master/data.R/HairEyeColor.csv	The cited resource is a data file; it can support dataset provenance but not the claimed model formula or family.	unverifiable	inferred-from-name	ordinary_brm	930	CatalogServer_default_unsubstantiated			gaussian	renderer-default-contradicts semantic inference		not_supported_by_data_file	not-probed		not_supported_by_data_file					no executable descriptor until translation is resolved	unsupported	e405c295c6aeafef9ba0c84bcc6880c16c4cf56614724410e8e158493a6ce44f	kruschke	scripts/examples/kruschke.jl	true	kruschke:haireye_poisson	not-run	not-run	haireye		unresolved-family		reachable_data_file	reachable-data-or-description	not-run	true	not-run	false	not-run			Hair-Eye Color — Poisson Log-Linear	Count ~ 1 + (1 | Hair) + (1 | Eye) + (1 | Hair:Eye)	not-run	SbPMX origin/main@a8fd3c02e1e2305683a56c91384701bfeba6b528:design/{ASKS.md,SbPMX.jl,mock_runtime.jl},compat/check-semantic-model-pipeline.jl		2026-07-28T21:07:10.010587+00:00	haireye_poisson	true		not-run	family is not explicit or defensibly inferred	not-probed	not-run	unresolved-family	https://raw.githubusercontent.com/ASKurz/Doing-Bayesian-Data-Analysis-in-brms-and-the-tidyverse/master/data.R/HairEyeColor.csv	@options + option_domain/option_records + semantic_card under semantic_app	dataset_repository_or_file_only	https://raw.githubusercontent.com/ASKurz/Doing-Bayesian-Data-Analysis-in-brms-and-the-tidyverse/master/data.R/HairEyeColor.csv	05c3f465e7987e8d7caa7e214fedddd90415a922	Count ~ 1 + (1 | Hair) + (1 | Eye) + (1 | Hair:Eye)		poisson	text_offset=0; matched_terms=eye,hair; context_sha256=97719b33587fed7a	direct population/likelihood route when the family and terms are supported	200	unsupported	220	synthetic n=12; positive continuous predictors; integer groups; family-valid outcome
unverifiable	not-run	nested/composite grouping factors require an explicit derived group id or reviewed gr(...; by=...) design	https://raw.githubusercontent.com/ASKurz/Doing-Bayesian-Data-Analysis-in-brms-and-the-tidyverse/master/data.R/HairEyeColor.csv	The cited resource is a data file; it can support dataset provenance but not the claimed model formula or family.	unverifiable	inferred-from-response-syntax	ordinary_brm	946	CatalogServer_default_unsubstantiated			gaussian	renderer-default-contradicts semantic inference		not_supported_by_data_file	not-probed		not_supported_by_data_file					no executable descriptor until translation is resolved	unsupported	e405c295c6aeafef9ba0c84bcc6880c16c4cf56614724410e8e158493a6ce44f	kruschke	scripts/examples/kruschke.jl	true	kruschke:haireye_binomial	not-run	not-run	haireye		unresolved-family		reachable_data_file	reachable-data-or-description	not-run	true	not-run	false	not-run			Hair-Eye Color — Binomial Version	Count | trials(264) ~ 1 + (1 | Hair) + (1 | Eye) + (1 | Hair:Eye)	not-run	SbPMX origin/main@a8fd3c02e1e2305683a56c91384701bfeba6b528:design/{ASKS.md,SbPMX.jl,mock_runtime.jl},compat/check-semantic-model-pipeline.jl		2026-07-28T21:07:10.010587+00:00	haireye_binomial	true		not-run	family is not explicit or defensibly inferred	not-probed	not-run	unresolved-family	https://raw.githubusercontent.com/ASKurz/Doing-Bayesian-Data-Analysis-in-brms-and-the-tidyverse/master/data.R/HairEyeColor.csv	@options + option_domain/option_records + semantic_card under semantic_app	dataset_repository_or_file_only	https://raw.githubusercontent.com/ASKurz/Doing-Bayesian-Data-Analysis-in-brms-and-the-tidyverse/master/data.R/HairEyeColor.csv	05c3f465e7987e8d7caa7e214fedddd90415a922	Count | trials(264) ~ 1 + (1 | Hair) + (1 | Eye) + (1 | Hair:Eye)		binomial	text_offset=0; matched_terms=eye,hair; context_sha256=97719b33587fed7a	direct population/likelihood route when the family and terms are supported	200	unsupported	221	synthetic n=12; positive continuous predictors; integer groups; family-valid outcome
unverifiable	not-run	family is not explicit or defensibly inferred	synthetic	No external model citation: catalog claim is synthetic/uncited.	unverifiable	unresolved	ordinary_brm	987	CatalogServer_default_unsubstantiated			gaussian	renderer-default-unsubstantiated; semantic family unresolved		not_evaluable	not-probed		not_evaluable					no executable descriptor until translation is resolved	unresolved-family		kruschke	scripts/examples/kruschke.jl	true	kruschke:censored_missing	not-run	not-run	censored		unresolved-family		synthetic_claim_only	synthetic-no-external-receipt	not-run	false	not-run	false	not-run			Censored Data — Missing Values Model	y_na ~ 1	not-run	SbPMX origin/main@a8fd3c02e1e2305683a56c91384701bfeba6b528:design/{ASKS.md,SbPMX.jl,mock_runtime.jl},compat/check-semantic-model-pipeline.jl			censored_missing	true		not-run	family is not explicit or defensibly inferred	not-probed	not-run	unresolved-family		@options + option_domain/option_records + semantic_card under semantic_app	no_external_authority	synthetic	05c3f465e7987e8d7caa7e214fedddd90415a922	y_na ~ 1				direct population/likelihood route when the family and terms are supported		unresolved-family	222	synthetic n=12; positive continuous predictors; integer groups; family-valid outcome
unverifiable	not-run	family is not explicit or defensibly inferred	synthetic	No external model citation: catalog claim is synthetic/uncited.	unverifiable	unresolved	ordinary_brm	1003	CatalogServer_default_unsubstantiated			gaussian	renderer-default-unsubstantiated; semantic family unresolved		not_evaluable	not-probed		not_evaluable					no executable descriptor until translation is resolved	unresolved-family		kruschke	scripts/examples/kruschke.jl	true	kruschke:censored_lr	not-run	not-run	censored		unresolved-family		synthetic_claim_only	synthetic-no-external-receipt	not-run	false	not-run	false	not-run			Censored Data — Left/Right Censoring	y1 | cens(cen1) ~ 1	not-run	SbPMX origin/main@a8fd3c02e1e2305683a56c91384701bfeba6b528:design/{ASKS.md,SbPMX.jl,mock_runtime.jl},compat/check-semantic-model-pipeline.jl			censored_lr	true		not-run	family is not explicit or defensibly inferred	not-probed	not-run	unresolved-family		@options + option_domain/option_records + semantic_card under semantic_app	no_external_authority	synthetic	05c3f465e7987e8d7caa7e214fedddd90415a922	y1 | cens(cen1) ~ 1				direct population/likelihood route when the family and terms are supported		unresolved-family	223	synthetic n=12; positive continuous predictors; integer groups; family-valid outcome
unverifiable	not-run	family is not explicit or defensibly inferred	synthetic	No external model citation: catalog claim is synthetic/uncited.	unverifiable	unresolved	ordinary_brm	1019	CatalogServer_default_unsubstantiated			gaussian	renderer-default-unsubstantiated; semantic family unresolved		not_evaluable	not-probed		not_evaluable					no executable descriptor until translation is resolved	unresolved-family		kruschke	scripts/examples/kruschke.jl	true	kruschke:censored_interval	not-run	not-run	censored		unresolved-family		synthetic_claim_only	synthetic-no-external-receipt	not-run	false	not-run	false	not-run			Censored Data — Interval Censoring	y2 | cens(cen2, y3) ~ 1	not-run	SbPMX origin/main@a8fd3c02e1e2305683a56c91384701bfeba6b528:design/{ASKS.md,SbPMX.jl,mock_runtime.jl},compat/check-semantic-model-pipeline.jl			censored_interval	true		not-run	family is not explicit or defensibly inferred	not-probed	not-run	unresolved-family		@options + option_domain/option_records + semantic_card under semantic_app	no_external_authority	synthetic	05c3f465e7987e8d7caa7e214fedddd90415a922	y2 | cens(cen2, y3) ~ 1				direct population/likelihood route when the family and terms are supported		unresolved-family	224	synthetic n=12; positive continuous predictors; integer groups; family-valid outcome
unverifiable	not-run	explicit log-link Poisson likelihood; offset(...) becomes ordinary log exposure	https://doi.org/10.18637/jss.v080.i01	Retrieved source does not expose enough formula-specific evidence to confirm or refute the catalog claim conservatively.	unverifiable	inferred-from-name	ordinary_brm	37	CatalogServer_default_unsubstantiated	24ea9de506dc58a5	450	gaussian	renderer-default-contradicts semantic inference	-12.0	insufficient_terms:0/4	not-probed	27a0fe07dd73e058fcb4ce2749188e2db6526f6de87c46ab8c440988b0811749	not_claimed	7				authoritative brm_descriptor/brm_execute; experimental SbPMX semantic_app mount adapter	ready	89f79a2d3c77d1fd081c0dcfeac5e9c692e82ee1290a2edbf18b33898b9711b1	burkner_papers	scripts/examples/burkner_papers.jl	true	burkner_papers:epilepsy_base	pass	pass	epilepsy		unresolved-family		not_observed	reachable-data-or-description	pass	false	pass	false	pass	0713c5a289e3ff9fa4cb0b424ac287536d36709fec86085af290a550dc88cdcd		Epileptic Seizure Counts — Poisson GLMM	count ~ zBase * Trt + (1 | patient)	true	SbPMX origin/main@a8fd3c02e1e2305683a56c91384701bfeba6b528:design/{ASKS.md,SbPMX.jl,mock_runtime.jl},compat/check-semantic-model-pipeline.jl		2026-07-28T21:07:08.677061+00:00	epilepsy_base	true	log_rate ~ zBase + Trt + (zBase & Trt) + (1 | patient)\ncount ~ Poisson(exp(log_rate))	pass	family is not explicit or defensibly inferred	direct	pass	unresolved-family	https://www.jstatsoft.org/article/view/v080i01	@options + option_domain/option_records + semantic_card under semantic_app	cited_project_author_publisher_surface	https://vincentarelbundock.github.io/Rdatasets/csv/MASS/epil.csv	05c3f465e7987e8d7caa7e214fedddd90415a922	count ~ zBase * Trt + (1 | patient)		poisson		direct population/likelihood route when the family and terms are supported	200	bridgestan-finite-density-gradient	225	synthetic n=12; positive continuous predictors; integer groups; family-valid outcome
unverifiable	not-run	censored/truncated response	https://doi.org/10.18637/jss.v080.i01	Retrieved source does not expose enough formula-specific evidence to confirm or refute the catalog claim conservatively.	unverifiable	inferred-from-name	ordinary_brm	53	CatalogServer_default_unsubstantiated			gaussian	renderer-default-contradicts semantic inference		insufficient_terms:0/5	not-probed		not_claimed					no executable descriptor until translation is resolved	unsupported	89f79a2d3c77d1fd081c0dcfeac5e9c692e82ee1290a2edbf18b33898b9711b1	burkner_papers	scripts/examples/burkner_papers.jl	true	burkner_papers:epilepsy_trunc	not-run	not-run	epilepsy		unresolved-family		not_observed	reachable-data-or-description	not-run	false	not-run	false	not-run			Epileptic Seizure Counts — Truncated Poisson	count | trunc(ub = 104) ~ zBase * Trt + (1 | patient)	not-run	SbPMX origin/main@a8fd3c02e1e2305683a56c91384701bfeba6b528:design/{ASKS.md,SbPMX.jl,mock_runtime.jl},compat/check-semantic-model-pipeline.jl		2026-07-28T21:07:08.677061+00:00	epilepsy_trunc	true		not-run	family is not explicit or defensibly inferred	not-probed	not-run	unresolved-family	https://www.jstatsoft.org/article/view/v080i01	@options + option_domain/option_records + semantic_card under semantic_app	cited_project_author_publisher_surface	https://vincentarelbundock.github.io/Rdatasets/csv/MASS/epil.csv	05c3f465e7987e8d7caa7e214fedddd90415a922	count | trunc(ub = 104) ~ zBase * Trt + (1 | patient)		poisson		direct population/likelihood route when the family and terms are supported	200	unsupported	226	synthetic n=12; positive continuous predictors; integer groups; family-valid outcome
unverifiable	not-run	family is not explicit or defensibly inferred	https://doi.org/10.18637/jss.v080.i01	Retrieved source does not expose enough formula-specific evidence to confirm or refute the catalog claim conservatively.	unverifiable	unresolved	ordinary_brm	69	CatalogServer_default_unsubstantiated			gaussian	renderer-default-unsubstantiated; semantic family unresolved		insufficient_terms:0/3	not-probed		not_claimed					no executable descriptor until translation is resolved	unresolved-family	89f79a2d3c77d1fd081c0dcfeac5e9c692e82ee1290a2edbf18b33898b9711b1	burkner_papers	scripts/examples/burkner_papers.jl	true	burkner_papers:epilepsy_simple	not-run	not-run	epilepsy		unresolved-family		name_or_key_present	reachable-data-or-description	not-run	false	not-run	false	not-run			Epileptic Seizure Counts — Simplified Main Effects	count ~ Trt + (1 | patient)	not-run	SbPMX origin/main@a8fd3c02e1e2305683a56c91384701bfeba6b528:design/{ASKS.md,SbPMX.jl,mock_runtime.jl},compat/check-semantic-model-pipeline.jl		2026-07-28T21:07:08.677061+00:00	epilepsy_simple	true		not-run	family is not explicit or defensibly inferred	not-probed	not-run	unresolved-family	https://www.jstatsoft.org/article/view/v080i01	@options + option_domain/option_records + semantic_card under semantic_app	cited_project_author_publisher_surface	https://vincentarelbundock.github.io/Rdatasets/csv/MASS/epil.csv	05c3f465e7987e8d7caa7e214fedddd90415a922	count ~ Trt + (1 | patient)			text_offset=95; matched_terms=main; context_sha256=21c362c03492e446	direct population/likelihood route when the family and terms are supported	200	unresolved-family	227	synthetic n=12; positive continuous predictors; integer groups; family-valid outcome
unverifiable	not-run	term has no semantics-preserving mechanical alias	https://doi.org/10.18637/jss.v080.i01	Retrieved source does not expose enough formula-specific evidence to confirm or refute the catalog claim conservatively.	unverifiable	inferred-from-name	ordinary_brm	117	CatalogServer_default_unsubstantiated			gaussian	renderer-default-contradicts semantic inference		insufficient_terms:0/4	not-probed		not_claimed					no executable descriptor until translation is resolved	unsupported	89f79a2d3c77d1fd081c0dcfeac5e9c692e82ee1290a2edbf18b33898b9711b1	burkner_papers	scripts/examples/burkner_papers.jl	true	burkner_papers:inhaler	not-run	not-run	inhaler		unresolved-family		name_or_key_present	synthetic-no-external-receipt	not-run	false	not-run	false	not-run			Inhaler Ordinal Ratings — Sequential Ratio Model	rating ~ period + carry + cs(treat)	not-run	SbPMX origin/main@a8fd3c02e1e2305683a56c91384701bfeba6b528:design/{ASKS.md,SbPMX.jl,mock_runtime.jl},compat/check-semantic-model-pipeline.jl		2026-07-28T21:07:08.677061+00:00	inhaler	true		not-run	family is not explicit or defensibly inferred	not-probed	not-run	unresolved-family	https://www.jstatsoft.org/article/view/v080i01	@options + option_domain/option_records + semantic_card under semantic_app	cited_project_author_publisher_surface	synthetic	05c3f465e7987e8d7caa7e214fedddd90415a922	rating ~ period + carry + cs(treat)		ordered_logistic	text_offset=765; matched_terms=ordinal; context_sha256=c098b783eecbbe32	direct population/likelihood route when the family and terms are supported	200	unsupported	228	synthetic n=12; positive continuous predictors; integer groups; family-valid outcome
unverifiable	not-run	censored/truncated response	https://doi.org/10.18637/jss.v080.i01	Retrieved source does not expose enough formula-specific evidence to confirm or refute the catalog claim conservatively.	unverifiable	inferred-from-name	ordinary_brm	169	CatalogServer_default_unsubstantiated			gaussian	renderer-default-contradicts semantic inference		insufficient_terms:1/7	not-probed		not_claimed					no executable descriptor until translation is resolved	unsupported	89f79a2d3c77d1fd081c0dcfeac5e9c692e82ee1290a2edbf18b33898b9711b1	burkner_papers	scripts/examples/burkner_papers.jl	true	burkner_papers:kidney	not-run	not-run	kidney		unresolved-family		name_or_key_present	synthetic-no-external-receipt	not-run	false	not-run	false	not-run			Kidney Recurrence Times — Lognormal Survival	time | cens(censored) ~ age * sex + disease + (1 | patient)	not-run	SbPMX origin/main@a8fd3c02e1e2305683a56c91384701bfeba6b528:design/{ASKS.md,SbPMX.jl,mock_runtime.jl},compat/check-semantic-model-pipeline.jl		2026-07-28T21:07:08.677061+00:00	kidney	true		not-run	family is not explicit or defensibly inferred	not-probed	not-run	unresolved-family	https://www.jstatsoft.org/article/view/v080i01	@options + option_domain/option_records + semantic_card under semantic_app	cited_project_author_publisher_surface	synthetic	05c3f465e7987e8d7caa7e214fedddd90415a922	time | cens(censored) ~ age * sex + disease + (1 | patient)		lognormal	text_offset=964; matched_terms=censored,survival; context_sha256=067988a9480bce7d	direct population/likelihood route when the family and terms are supported	200	unsupported	229	synthetic n=12; positive continuous predictors; integer groups; family-valid outcome
unverifiable	not-run	multi-formula/nonlinear brms declaration	https://doi.org/10.18637/jss.v080.i01	Retrieved source does not expose enough formula-specific evidence to confirm or refute the catalog claim conservatively.	unverifiable	inferred-from-name	ordinary_brm	203	CatalogServer_default_unsubstantiated			gaussian	renderer-default-unsubstantiated; inference happens to agree		insufficient_terms:0/0	not-probed		not_claimed					no executable descriptor until translation is resolved	unsupported	89f79a2d3c77d1fd081c0dcfeac5e9c692e82ee1290a2edbf18b33898b9711b1	burkner_papers	scripts/examples/burkner_papers.jl	true	burkner_papers:hetero_jss_sigma	not-run	not-run	hetero_jss		unresolved-family		name_or_key_present	synthetic-no-external-receipt	not-run	false	not-run	false	not-run			Heteroscedastic Model — Group-Specific Sigma	bf(y ~ x, sigma ~ 0 + x)	not-run	SbPMX origin/main@a8fd3c02e1e2305683a56c91384701bfeba6b528:design/{ASKS.md,SbPMX.jl,mock_runtime.jl},compat/check-semantic-model-pipeline.jl		2026-07-28T21:07:08.677061+00:00	hetero_jss_sigma	true		not-run	family is not explicit or defensibly inferred	not-probed	not-run	unresolved-family	https://www.jstatsoft.org/article/view/v080i01	@options + option_domain/option_records + semantic_card under semantic_app	cited_project_author_publisher_surface	synthetic	05c3f465e7987e8d7caa7e214fedddd90415a922	bf(y ~ x, sigma ~ 0 + x)		gaussian	text_offset=43; matched_terms=model; context_sha256=8f3ad7ab69b41eeb	direct population/likelihood route when the family and terms are supported	200	unsupported	230	synthetic n=12; positive continuous predictors; integer groups; family-valid outcome
unverifiable	not-run	family is not explicit or defensibly inferred	https://doi.org/10.18637/jss.v080.i01	Retrieved source does not expose enough formula-specific evidence to confirm or refute the catalog claim conservatively.	unverifiable	unresolved	ordinary_brm	220	CatalogServer_default_unsubstantiated			gaussian	renderer-default-unsubstantiated; semantic family unresolved		insufficient_terms:0/1	not-probed		not_claimed					no executable descriptor until translation is resolved	unresolved-family	89f79a2d3c77d1fd081c0dcfeac5e9c692e82ee1290a2edbf18b33898b9711b1	burkner_papers	scripts/examples/burkner_papers.jl	true	burkner_papers:hetero_jss_quantile	not-run	not-run	hetero_jss		unresolved-family		not_observed	synthetic-no-external-receipt	not-run	false	not-run	false	not-run			Quantile Regression — Asymmetric Laplace	bf(y ~ x, quantile = 0.25)	not-run	SbPMX origin/main@a8fd3c02e1e2305683a56c91384701bfeba6b528:design/{ASKS.md,SbPMX.jl,mock_runtime.jl},compat/check-semantic-model-pipeline.jl		2026-07-28T21:07:08.677061+00:00	hetero_jss_quantile	true		not-run	family is not explicit or defensibly inferred	not-probed	not-run	unresolved-family	https://www.jstatsoft.org/article/view/v080i01	@options + option_domain/option_records + semantic_card under semantic_app	cited_project_author_publisher_surface	synthetic	05c3f465e7987e8d7caa7e214fedddd90415a922	bf(y ~ x, quantile = 0.25)				direct population/likelihood route when the family and terms are supported	200	unresolved-family	231	synthetic n=12; positive continuous predictors; integer groups; family-valid outcome
confirmed	not-run	explicit log-link Poisson likelihood; offset(...) becomes ordinary log exposure	https://doi.org/10.32614/RJ-2018-017	The retrieved official/primary source contains the normalized claimed formula text.	confirmed	inferred-from-name	ordinary_brm	250	CatalogServer_default_unsubstantiated	15c31be1759e0507	464	gaussian	renderer-default-contradicts semantic inference	-12.0	exact_text_present	not-probed	b13ed9b1ef4d51f53c91c04a117ecf6138bfbba2192d02ea17e8b00d46ce47fc	not_claimed	3				authoritative brm_descriptor/brm_execute; experimental SbPMX semantic_app mount adapter	ready	33aed1138c3b66dd945cdccac47d9cd5436d5c509bf30b296940900f1605c1bb	burkner_papers	scripts/examples/burkner_papers.jl	true	burkner_papers:fish_rj_poisson	pass	pass	fish_rj		unresolved-family		name_or_key_present	reachable-data-or-description	pass	false	pass	false	pass	3b29b0f704c65c68a906706d7e76ac0f7d4dea59e847ac59b87cce92c7165b4f		Fish Counts — Poisson Baseline	count ~ persons + child + camper	true	SbPMX origin/main@a8fd3c02e1e2305683a56c91384701bfeba6b528:design/{ASKS.md,SbPMX.jl,mock_runtime.jl},compat/check-semantic-model-pipeline.jl		2026-07-28T21:07:08.679121+00:00	fish_rj_poisson	true	log_rate ~ persons + child + camper\ncount ~ Poisson(exp(log_rate))	pass	family is not explicit or defensibly inferred	direct	pass	unresolved-family	https://journal.r-project.org/articles/RJ-2018-017/index.html	@options + option_domain/option_records + semantic_card under semantic_app	cited_project_author_publisher_surface	http://paulbuerkner.com/data/fish.csv	05c3f465e7987e8d7caa7e214fedddd90415a922	count ~ persons + child + camper		poisson	text_offset=19622; matched_terms=camper,persons; context_sha256=97f7f57bb9fe4237	direct population/likelihood route when the family and terms are supported	200	bridgestan-finite-density-gradient	232	synthetic n=12; positive continuous predictors; integer groups; family-valid outcome
confirmed	not-run	multi-formula/nonlinear brms declaration	https://doi.org/10.32614/RJ-2018-017	The retrieved official/primary source contains the normalized claimed formula text.	confirmed	inferred-from-name	ordinary_brm	266	CatalogServer_default_unsubstantiated			gaussian	renderer-default-contradicts semantic inference		exact_text_present	not-probed		not_claimed					no executable descriptor until translation is resolved	unsupported	33aed1138c3b66dd945cdccac47d9cd5436d5c509bf30b296940900f1605c1bb	burkner_papers	scripts/examples/burkner_papers.jl	true	burkner_papers:fish_rj_zip	not-run	not-run	fish_rj		unresolved-family		name_or_key_present	reachable-data-or-description	not-run	false	not-run	false	not-run			Fish Counts — Zero-Inflated Poisson	bf(count ~ persons + child + camper, zi ~ child)	not-run	SbPMX origin/main@a8fd3c02e1e2305683a56c91384701bfeba6b528:design/{ASKS.md,SbPMX.jl,mock_runtime.jl},compat/check-semantic-model-pipeline.jl		2026-07-28T21:07:08.679121+00:00	fish_rj_zip	true		not-run	family is not explicit or defensibly inferred	not-probed	not-run	unresolved-family	https://journal.r-project.org/articles/RJ-2018-017/index.html	@options + option_domain/option_records + semantic_card under semantic_app	cited_project_author_publisher_surface	http://paulbuerkner.com/data/fish.csv	05c3f465e7987e8d7caa7e214fedddd90415a922	bf(count ~ persons + child + camper, zi ~ child)		poisson	text_offset=19622; matched_terms=camper,persons; context_sha256=97f7f57bb9fe4237	direct population/likelihood route when the family and terms are supported	200	unsupported	233	synthetic n=12; positive continuous predictors; integer groups; family-valid outcome
confirmed	not-run	family is not explicit or defensibly inferred	https://doi.org/10.32614/RJ-2018-017	The retrieved official/primary source contains the normalized claimed formula text.	confirmed	unresolved	ordinary_brm	307	CatalogServer_default_unsubstantiated			gaussian	renderer-default-unsubstantiated; semantic family unresolved		exact_text_present	not-probed		not_claimed					no executable descriptor until translation is resolved	unresolved-family	33aed1138c3b66dd945cdccac47d9cd5436d5c509bf30b296940900f1605c1bb	burkner_papers	scripts/examples/burkner_papers.jl	true	burkner_papers:rent99_spline	not-run	not-run	rent99		unresolved-family		name_or_key_present	synthetic-no-external-receipt	not-run	false	not-run	false	not-run			Munich Rent Data — Tensor-Product Spline	rentsqm ~ t2(area, yearc) + (1 | district)	not-run	SbPMX origin/main@a8fd3c02e1e2305683a56c91384701bfeba6b528:design/{ASKS.md,SbPMX.jl,mock_runtime.jl},compat/check-semantic-model-pipeline.jl		2026-07-28T21:07:08.679121+00:00	rent99_spline	true		not-run	family is not explicit or defensibly inferred	not-probed	not-run	unresolved-family	https://journal.r-project.org/articles/RJ-2018-017/index.html	@options + option_domain/option_records + semantic_card under semantic_app	cited_project_author_publisher_surface	synthetic	05c3f465e7987e8d7caa7e214fedddd90415a922	rentsqm ~ t2(area, yearc) + (1 | district)			text_offset=24669; matched_terms=area,district,rent99,rentsqm,tensor,yearc; context_sha256=1dbb381e9ff43c89	direct population/likelihood route when the family and terms are supported	200	unresolved-family	234	synthetic n=12; positive continuous predictors; integer groups; family-valid outcome
confirmed	not-run	family is not explicit or defensibly inferred	https://doi.org/10.32614/RJ-2018-017	The retrieved official/primary source contains the normalized claimed formula text.	confirmed	unresolved	ordinary_brm	323	CatalogServer_default_unsubstantiated			gaussian	renderer-default-unsubstantiated; semantic family unresolved		exact_text_present	not-probed		not_claimed					no executable descriptor until translation is resolved	unresolved-family	33aed1138c3b66dd945cdccac47d9cd5436d5c509bf30b296940900f1605c1bb	burkner_papers	scripts/examples/burkner_papers.jl	true	burkner_papers:rent99_distr	not-run	not-run	rent99		unresolved-family		name_or_key_present	synthetic-no-external-receipt	not-run	false	not-run	false	not-run			Munich Rent Data — Distributional Smooth Regression	bf(rentsqm ~ t2(area, yearc) + (1 | ID1 | district), sigma ~ t2(area, yearc) + (1 | ID1 | district))	not-run	SbPMX origin/main@a8fd3c02e1e2305683a56c91384701bfeba6b528:design/{ASKS.md,SbPMX.jl,mock_runtime.jl},compat/check-semantic-model-pipeline.jl		2026-07-28T21:07:08.679121+00:00	rent99_distr	true		not-run	family is not explicit or defensibly inferred	not-probed	not-run	unresolved-family	https://journal.r-project.org/articles/RJ-2018-017/index.html	@options + option_domain/option_records + semantic_card under semantic_app	cited_project_author_publisher_surface	synthetic	05c3f465e7987e8d7caa7e214fedddd90415a922	bf(rentsqm ~ t2(area, yearc) + (1 | ID1 | district), sigma ~ t2(area, yearc) + (1 | ID1 | district))			text_offset=24433; matched_terms=area,district,rent99,rentsqm,yearc; context_sha256=c89dc6acd9dad696	direct population/likelihood route when the family and terms are supported	200	unresolved-family	235	synthetic n=12; positive continuous predictors; integer groups; family-valid outcome
confirmed	not-run	multi-formula/nonlinear brms declaration	https://doi.org/10.32614/RJ-2018-017	The retrieved official/primary source contains the normalized claimed formula text.	confirmed	inferred-from-name	ordinary_brm	369	CatalogServer_default_unsubstantiated			gaussian	renderer-default-contradicts semantic inference		exact_text_present	not-probed		not_claimed					no executable descriptor until translation is resolved	unsupported	33aed1138c3b66dd945cdccac47d9cd5436d5c509bf30b296940900f1605c1bb	burkner_papers	scripts/examples/burkner_papers.jl	true	burkner_papers:loss_rj	not-run	not-run	loss_rj		unresolved-family		name_or_key_present	synthetic-no-external-receipt	not-run	false	not-run	false	not-run			Nonlinear Loss Development — Weibull Curve	bf(cum ~ ult * (1 - exp(-(dev/theta)^omega)), ult ~ 1 + (1 | AY), omega ~ 1, theta ~ 1, nl = TRUE)	not-run	SbPMX origin/main@a8fd3c02e1e2305683a56c91384701bfeba6b528:design/{ASKS.md,SbPMX.jl,mock_runtime.jl},compat/check-semantic-model-pipeline.jl		2026-07-28T21:07:08.679121+00:00	loss_rj	true		not-run	family is not explicit or defensibly inferred	not-probed	not-run	unresolved-family	https://journal.r-project.org/articles/RJ-2018-017/index.html	@options + option_domain/option_records + semantic_card under semantic_app	cited_project_author_publisher_surface	synthetic	05c3f465e7987e8d7caa7e214fedddd90415a922	bf(cum ~ ult * (1 - exp(-(dev/theta)^omega)), ult ~ 1 + (1 | AY), omega ~ 1, theta ~ 1, nl = TRUE)		weibull	text_offset=14910; matched_terms=cum; context_sha256=7b3689ac451198b7	direct population/likelihood route when the family and terms are supported	200	unsupported	236	synthetic n=12; positive continuous predictors; integer groups; family-valid outcome
confirmed	not-run	multi-membership term has no current emitter	https://doi.org/10.32614/RJ-2018-017	The retrieved official/primary source contains the normalized claimed formula text.	confirmed	inferred-from-name	ordinary_brm	413	CatalogServer_default_unsubstantiated			gaussian	renderer-default-unsubstantiated; inference happens to agree		exact_text_present	not-probed		not_claimed					no executable descriptor until translation is resolved	unsupported	33aed1138c3b66dd945cdccac47d9cd5436d5c509bf30b296940900f1605c1bb	burkner_papers	scripts/examples/burkner_papers.jl	true	burkner_papers:multi_member_equal	not-run	not-run	multi_member		unresolved-family		name_or_key_present	synthetic-no-external-receipt	not-run	false	not-run	false	not-run			Multiple Membership Model — Equal Weights	y ~ 1 + (1 | mm(s1, s2))	not-run	SbPMX origin/main@a8fd3c02e1e2305683a56c91384701bfeba6b528:design/{ASKS.md,SbPMX.jl,mock_runtime.jl},compat/check-semantic-model-pipeline.jl		2026-07-28T21:07:08.679121+00:00	multi_member_equal	true		not-run	family is not explicit or defensibly inferred	not-probed	not-run	unresolved-family	https://journal.r-project.org/articles/RJ-2018-017/index.html	@options + option_domain/option_records + semantic_card under semantic_app	cited_project_author_publisher_surface	synthetic	05c3f465e7987e8d7caa7e214fedddd90415a922	y ~ 1 + (1 | mm(s1, s2))		gaussian	text_offset=9869; matched_terms=multiple; context_sha256=a74dfa343ea9579a	direct population/likelihood route when the family and terms are supported	200	unsupported	237	synthetic n=12; positive continuous predictors; integer groups; family-valid outcome
confirmed	not-run	multi-membership term has no current emitter	https://doi.org/10.32614/RJ-2018-017	The retrieved official/primary source contains the normalized claimed formula text.	confirmed	inferred-from-response-syntax	ordinary_brm	429	CatalogServer_default_unsubstantiated			gaussian	renderer-default-contradicts semantic inference		exact_text_present	not-probed		not_claimed					no executable descriptor until translation is resolved	unsupported	33aed1138c3b66dd945cdccac47d9cd5436d5c509bf30b296940900f1605c1bb	burkner_papers	scripts/examples/burkner_papers.jl	true	burkner_papers:multi_member_weighted	not-run	not-run	multi_member		unresolved-family		name_or_key_present	synthetic-no-external-receipt	not-run	false	not-run	false	not-run			Multiple Membership Model — Weighted	y ~ 1 + (1 | mm(s1, s2, weights = cbind(w1, w2)))	not-run	SbPMX origin/main@a8fd3c02e1e2305683a56c91384701bfeba6b528:design/{ASKS.md,SbPMX.jl,mock_runtime.jl},compat/check-semantic-model-pipeline.jl		2026-07-28T21:07:08.679121+00:00	multi_member_weighted	true		not-run	family is not explicit or defensibly inferred	not-probed	not-run	unresolved-family	https://journal.r-project.org/articles/RJ-2018-017/index.html	@options + option_domain/option_records + semantic_card under semantic_app	cited_project_author_publisher_surface	synthetic	05c3f465e7987e8d7caa7e214fedddd90415a922	y ~ 1 + (1 | mm(s1, s2, weights = cbind(w1, w2)))		binomial	text_offset=40765; matched_terms=weights; context_sha256=8e854b44867b64ef	direct population/likelihood route when the family and terms are supported	200	unsupported	238	synthetic n=12; positive continuous predictors; integer groups; family-valid outcome
confirmed	not-run	family is not explicit or defensibly inferred	https://github.com/ComputationalPsychiatry/ActionModels.jl/blob/main/docs/julia_files/D_tutorials_examples/example_jget.jl	The retrieved official/primary source contains the normalized claimed formula text.	confirmed	unresolved	ordinary_brm	82	CatalogServer_default_unsubstantiated			gaussian	renderer-default-unsubstantiated; semantic family unresolved		exact_text_present	not-probed		not_claimed					no executable descriptor until translation is resolved	unresolved-family	9c5ed72bb4336c5b7f66f49b2195f21f2423bfa023fe2a1cad2fc4adb246139d	action_models	scripts/examples/action_models.jl	true	action_models:rw_jget_lr	not-run	not-run	jget_sub		unresolved-family		name_or_key_present	reachable-data-or-description	not-run	false	not-run	false	not-run			Rescorla-Wagner × JGET — Learning Rate vs. Delusional Ideation	learning_rate ~ 1 + pdi_total + session + (1 | ID)	not-run	SbPMX origin/main@a8fd3c02e1e2305683a56c91384701bfeba6b528:design/{ASKS.md,SbPMX.jl,mock_runtime.jl},compat/check-semantic-model-pipeline.jl		2026-07-28T21:07:08.702298+00:00	rw_jget_lr	true		not-run	family is not explicit or defensibly inferred	not-probed	not-run	unresolved-family	https://github.com/ComputationalPsychiatry/ActionModels.jl/blob/main/docs/julia_files/D_tutorials_examples/example_jget.jl	@options + option_domain/option_records + semantic_card under semantic_app	cited_project_author_publisher_surface	https://github.com/ComputationalPsychiatry/ActionModels.jl/tree/main/docs/example_data/JGET	05c3f465e7987e8d7caa7e214fedddd90415a922	learning_rate ~ 1 + pdi_total + session + (1 | ID)			text_offset=4531; matched_terms=delusional,ideation,rescorla,wagner; context_sha256=5c9515f8227a128e	direct population/likelihood route when the family and terms are supported	200	unresolved-family	239	synthetic n=12; positive continuous predictors; integer groups; family-valid outcome
confirmed	not-run	family is not explicit or defensibly inferred	https://github.com/ComputationalPsychiatry/ActionModels.jl/blob/main/docs/julia_files/D_tutorials_examples/example_jget.jl	The retrieved official/primary source contains the normalized claimed formula text.	confirmed	unresolved	ordinary_brm	103	CatalogServer_default_unsubstantiated			gaussian	renderer-default-unsubstantiated; semantic family unresolved		exact_text_present	not-probed		not_claimed					no executable descriptor until translation is resolved	unresolved-family	9c5ed72bb4336c5b7f66f49b2195f21f2423bfa023fe2a1cad2fc4adb246139d	action_models	scripts/examples/action_models.jl	true	action_models:rw_jget_noise	not-run	not-run	jget_sub		unresolved-family		name_or_key_present	reachable-data-or-description	not-run	false	not-run	false	not-run			Rescorla-Wagner × JGET — Action Noise vs. Delusional Ideation	action_noise ~ 1 + pdi_total + session + (1 | ID)	not-run	SbPMX origin/main@a8fd3c02e1e2305683a56c91384701bfeba6b528:design/{ASKS.md,SbPMX.jl,mock_runtime.jl},compat/check-semantic-model-pipeline.jl		2026-07-28T21:07:08.702298+00:00	rw_jget_noise	true		not-run	family is not explicit or defensibly inferred	not-probed	not-run	unresolved-family	https://github.com/ComputationalPsychiatry/ActionModels.jl/blob/main/docs/julia_files/D_tutorials_examples/example_jget.jl	@options + option_domain/option_records + semantic_card under semantic_app	cited_project_author_publisher_surface	https://github.com/ComputationalPsychiatry/ActionModels.jl/tree/main/docs/example_data/JGET	05c3f465e7987e8d7caa7e214fedddd90415a922	action_noise ~ 1 + pdi_total + session + (1 | ID)			text_offset=4531; matched_terms=delusional,ideation,rescorla,wagner; context_sha256=5c9515f8227a128e	direct population/likelihood route when the family and terms are supported	200	unresolved-family	240	synthetic n=12; positive continuous predictors; integer groups; family-valid outcome
mismatch	not-run	family is not explicit or defensibly inferred	https://github.com/ComputationalPsychiatry/ActionModels.jl/blob/main/docs/julia_files/C_premade_models/pvl_delta.jl	Cited code loads only healthy controls and defines independent population priors; it does not regress any parameter on clinical_group.	mismatch	unresolved	ordinary_brm	122	CatalogServer_default_unsubstantiated			gaussian	renderer-default-unsubstantiated; semantic family unresolved		contradicted_by_cited_source	not-probed		not_claimed					no executable descriptor until translation is resolved	unresolved-family	139a8323d4c6c2a4e8d6cc48fd51ac4f3c2eb60c6269ff517ee9f8f36f59f233	action_models	scripts/examples/action_models.jl	true	action_models:pvl_igt_lr	not-run	not-run	ahn_igt		unresolved-family		healthy_control_subset_only	reachable-data-or-description	not-run	false	not-run	false	not-run			PVL-Delta × IGT — Learning Rate vs. Clinical Group	learning_rate ~ clinical_group + (1 | subjID)	not-run	SbPMX origin/main@a8fd3c02e1e2305683a56c91384701bfeba6b528:design/{ASKS.md,SbPMX.jl,mock_runtime.jl},compat/check-semantic-model-pipeline.jl		2026-07-28T21:07:08.688848+00:00	pvl_igt_lr	true		not-run	family is not explicit or defensibly inferred	not-probed	not-run	unresolved-family	https://github.com/ComputationalPsychiatry/ActionModels.jl/blob/main/docs/julia_files/C_premade_models/pvl_delta.jl	@options + option_domain/option_records + semantic_card under semantic_app	cited_project_author_publisher_surface	https://github.com/ComputationalPsychiatry/ActionModels.jl/tree/main/docs/example_data/ahn_et_al_2014	05c3f465e7987e8d7caa7e214fedddd90415a922	learning_rate ~ clinical_group + (1 | subjID)	Represent the cited code as independent LogitNormal/LogNormal population priors, or cite a different source that actually fits clinical_group effects.		source anchors: IGTdata_healthy_control.txt; population_model; session_cols=:subjID	direct population/likelihood route when the family and terms are supported	200	unresolved-family	241	synthetic n=12; positive continuous predictors; integer groups; family-valid outcome
mismatch	not-run	family is not explicit or defensibly inferred	https://github.com/ComputationalPsychiatry/ActionModels.jl/blob/main/docs/julia_files/C_premade_models/pvl_delta.jl	Cited code loads only healthy controls and defines independent population priors; it does not regress any parameter on clinical_group.	mismatch	unresolved	ordinary_brm	140	CatalogServer_default_unsubstantiated			gaussian	renderer-default-unsubstantiated; semantic family unresolved		contradicted_by_cited_source	not-probed		not_claimed					no executable descriptor until translation is resolved	unresolved-family	139a8323d4c6c2a4e8d6cc48fd51ac4f3c2eb60c6269ff517ee9f8f36f59f233	action_models	scripts/examples/action_models.jl	true	action_models:pvl_igt_reward	not-run	not-run	ahn_igt		unresolved-family		healthy_control_subset_only	reachable-data-or-description	not-run	false	not-run	false	not-run			PVL-Delta × IGT — Reward Sensitivity vs. Clinical Group	reward_sensitivity ~ clinical_group + (1 | subjID)	not-run	SbPMX origin/main@a8fd3c02e1e2305683a56c91384701bfeba6b528:design/{ASKS.md,SbPMX.jl,mock_runtime.jl},compat/check-semantic-model-pipeline.jl		2026-07-28T21:07:08.688848+00:00	pvl_igt_reward	true		not-run	family is not explicit or defensibly inferred	not-probed	not-run	unresolved-family	https://github.com/ComputationalPsychiatry/ActionModels.jl/blob/main/docs/julia_files/C_premade_models/pvl_delta.jl	@options + option_domain/option_records + semantic_card under semantic_app	cited_project_author_publisher_surface	https://github.com/ComputationalPsychiatry/ActionModels.jl/tree/main/docs/example_data/ahn_et_al_2014	05c3f465e7987e8d7caa7e214fedddd90415a922	reward_sensitivity ~ clinical_group + (1 | subjID)	Represent the cited code as independent LogitNormal/LogNormal population priors, or cite a different source that actually fits clinical_group effects.		source anchors: IGTdata_healthy_control.txt; population_model; session_cols=:subjID	direct population/likelihood route when the family and terms are supported	200	unresolved-family	242	synthetic n=12; positive continuous predictors; integer groups; family-valid outcome
mismatch	not-run	family is not explicit or defensibly inferred	https://github.com/ComputationalPsychiatry/ActionModels.jl/blob/main/docs/julia_files/C_premade_models/pvl_delta.jl	Cited code loads only healthy controls and defines independent population priors; it does not regress any parameter on clinical_group.	mismatch	unresolved	ordinary_brm	157	CatalogServer_default_unsubstantiated			gaussian	renderer-default-unsubstantiated; semantic family unresolved		contradicted_by_cited_source	not-probed		not_claimed					no executable descriptor until translation is resolved	unresolved-family	139a8323d4c6c2a4e8d6cc48fd51ac4f3c2eb60c6269ff517ee9f8f36f59f233	action_models	scripts/examples/action_models.jl	true	action_models:pvl_igt_loss	not-run	not-run	ahn_igt		unresolved-family		healthy_control_subset_only	reachable-data-or-description	not-run	false	not-run	false	not-run			PVL-Delta × IGT — Loss Aversion vs. Clinical Group	loss_aversion ~ clinical_group + (1 | subjID)	not-run	SbPMX origin/main@a8fd3c02e1e2305683a56c91384701bfeba6b528:design/{ASKS.md,SbPMX.jl,mock_runtime.jl},compat/check-semantic-model-pipeline.jl		2026-07-28T21:07:08.688848+00:00	pvl_igt_loss	true		not-run	family is not explicit or defensibly inferred	not-probed	not-run	unresolved-family	https://github.com/ComputationalPsychiatry/ActionModels.jl/blob/main/docs/julia_files/C_premade_models/pvl_delta.jl	@options + option_domain/option_records + semantic_card under semantic_app	cited_project_author_publisher_surface	https://github.com/ComputationalPsychiatry/ActionModels.jl/tree/main/docs/example_data/ahn_et_al_2014	05c3f465e7987e8d7caa7e214fedddd90415a922	loss_aversion ~ clinical_group + (1 | subjID)	Represent the cited code as independent LogitNormal/LogNormal population priors, or cite a different source that actually fits clinical_group effects.		source anchors: IGTdata_healthy_control.txt; population_model; session_cols=:subjID	direct population/likelihood route when the family and terms are supported	200	unresolved-family	243	synthetic n=12; positive continuous predictors; integer groups; family-valid outcome
mismatch	not-run	family is not explicit or defensibly inferred	https://github.com/ComputationalPsychiatry/ActionModels.jl/blob/main/docs/julia_files/C_premade_models/pvl_delta.jl	Cited code loads only healthy controls and defines independent population priors; it does not regress any parameter on clinical_group.	mismatch	unresolved	ordinary_brm	174	CatalogServer_default_unsubstantiated			gaussian	renderer-default-unsubstantiated; semantic family unresolved		contradicted_by_cited_source	not-probed		not_claimed					no executable descriptor until translation is resolved	unresolved-family	139a8323d4c6c2a4e8d6cc48fd51ac4f3c2eb60c6269ff517ee9f8f36f59f233	action_models	scripts/examples/action_models.jl	true	action_models:pvl_igt_noise	not-run	not-run	ahn_igt		unresolved-family		healthy_control_subset_only	reachable-data-or-description	not-run	false	not-run	false	not-run			PVL-Delta × IGT — Action Noise vs. Clinical Group	action_noise ~ clinical_group + (1 | subjID)	not-run	SbPMX origin/main@a8fd3c02e1e2305683a56c91384701bfeba6b528:design/{ASKS.md,SbPMX.jl,mock_runtime.jl},compat/check-semantic-model-pipeline.jl		2026-07-28T21:07:08.688848+00:00	pvl_igt_noise	true		not-run	family is not explicit or defensibly inferred	not-probed	not-run	unresolved-family	https://github.com/ComputationalPsychiatry/ActionModels.jl/blob/main/docs/julia_files/C_premade_models/pvl_delta.jl	@options + option_domain/option_records + semantic_card under semantic_app	cited_project_author_publisher_surface	https://github.com/ComputationalPsychiatry/ActionModels.jl/tree/main/docs/example_data/ahn_et_al_2014	05c3f465e7987e8d7caa7e214fedddd90415a922	action_noise ~ clinical_group + (1 | subjID)	Represent the cited code as independent LogitNormal/LogNormal population priors, or cite a different source that actually fits clinical_group effects.		source anchors: IGTdata_healthy_control.txt; population_model; session_cols=:subjID	direct population/likelihood route when the family and terms are supported	200	unresolved-family	244	synthetic n=12; positive continuous predictors; integer groups; family-valid outcome
confirmed	not-run	weighted/error-aware response	https://epidist.epinowcast.org/articles/epidist.html	The retrieved official/primary source contains the normalized claimed formula text.	confirmed	inferred-from-name	ordinary_brm	86	CatalogServer_default_unsubstantiated			gaussian	renderer-default-contradicts semantic inference		exact_text_present	not-probed		not_claimed					no executable descriptor until translation is resolved	unsupported	d735348045497d28be6651a72d94f0c44699342bb75d1bb0b8a14764bc0530c5	epidist	scripts/examples/epidist.jl	true	epidist:delay_naive	not-run	not-run	outbreak_aggregated		unresolved-family		name_or_key_present	synthetic-no-external-receipt	not-run	false	not-run	false	not-run			Delay Distribution — Naive Lognormal (No Bias Correction)	delay | weights(n) ~ 1	not-run	SbPMX origin/main@a8fd3c02e1e2305683a56c91384701bfeba6b528:design/{ASKS.md,SbPMX.jl,mock_runtime.jl},compat/check-semantic-model-pipeline.jl		2026-07-28T21:07:08.682310+00:00	delay_naive	true		not-run	family is not explicit or defensibly inferred	not-probed	not-run	unresolved-family	https://epidist.epinowcast.org/articles/epidist.html	@options + option_domain/option_records + semantic_card under semantic_app	cited_project_author_publisher_surface	synthetic	05c3f465e7987e8d7caa7e214fedddd90415a922	delay | weights(n) ~ 1		lognormal	text_offset=809; matched_terms=bias,delay,distribution; context_sha256=d3039d5a94900bd3	direct population/likelihood route when the family and terms are supported	200	unsupported	245	synthetic n=12; positive continuous predictors; integer groups; family-valid outcome
confirmed	not-run	weighted/error-aware response	https://epidist.epinowcast.org/articles/epidist.html	The retrieved official/primary source contains the normalized claimed formula text.	confirmed	inferred-from-name	ordinary_brm	105	CatalogServer_default_unsubstantiated			gaussian	renderer-default-contradicts semantic inference		exact_text_present	not-probed		not_claimed					no executable descriptor until translation is resolved	unsupported	d735348045497d28be6651a72d94f0c44699342bb75d1bb0b8a14764bc0530c5	epidist	scripts/examples/epidist.jl	true	epidist:delay_marginal	not-run	not-run	outbreak_aggregated		unresolved-family		name_or_key_present	synthetic-no-external-receipt	not-run	false	not-run	false	not-run			Delay Distribution — Marginal Lognormal (Censoring + Truncation Corrected)	delay_lwr | weights(n) + vreal(relative_obs_time, pwindow, swindow, delay_upr) ~ 1	not-run	SbPMX origin/main@a8fd3c02e1e2305683a56c91384701bfeba6b528:design/{ASKS.md,SbPMX.jl,mock_runtime.jl},compat/check-semantic-model-pipeline.jl		2026-07-28T21:07:08.682310+00:00	delay_marginal	true		not-run	family is not explicit or defensibly inferred	not-probed	not-run	unresolved-family	https://epidist.epinowcast.org/articles/epidist.html	@options + option_domain/option_records + semantic_card under semantic_app	cited_project_author_publisher_surface	synthetic	05c3f465e7987e8d7caa7e214fedddd90415a922	delay_lwr | weights(n) + vreal(relative_obs_time, pwindow, swindow, delay_upr) ~ 1		lognormal	text_offset=25123; matched_terms=delay_lwr,delay_upr,pwindow,relative_obs_time,swindow; context_sha256=cf579c2a31b86858	direct population/likelihood route when the family and terms are supported	200	unsupported	246	synthetic n=12; positive continuous predictors; integer groups; family-valid outcome
adapted-but-defensible	not-run	requires a faithful stanblocks_plate implementation; no ordinary-formula substitute	https://package.epinowcast.org/articles/epinowcast.html	The cited current quick start uses an expectation with a weekly random walk and day-of-week effect plus a lognormal parametric reference model. The catalog describes iid day effects as a geometric random walk and omits those modules.	mismatch	inferred-from-name	stanblocks_plate	114	CatalogServer_default_unsubstantiated			gaussian	renderer-default-contradicts semantic inference		partial_semantic_terms:4/5	not-probed		not_claimed					StanBlocks plate substrate; no authoritative BRM descriptor for this row; experimental semantic_app adapter required	route-specific	740bdaf817675c63e0bc01036c739c0c499799331e7099bfd1e134ef20643c33	epinowcast	scripts/examples/epinowcast.jl	true	epinowcast:enw_basic	not-run	not-run	hosp_triangle		unresolved-family		name_or_key_present	synthetic-no-external-receipt	not-run	false	not-run	true	not-run			Epinowcast — Basic: Geometric Random Walk + Lognormal Delay	enw_expectation(~0 + (1|day)) + enw_reference(~1, dist='lognormal')	not-run	SbPMX origin/main@a8fd3c02e1e2305683a56c91384701bfeba6b528:design/{ASKS.md,SbPMX.jl,mock_runtime.jl},compat/check-semantic-model-pipeline.jl		2026-07-28T21:07:09.855522+00:00	enw_basic	true		not-run	family is not explicit or defensibly inferred	not-probed	not-run	unresolved-family	https://package.epinowcast.org/articles/epinowcast.html	@options + option_domain/option_records + semantic_card under semantic_app	cited_project_author_publisher_surface	synthetic	05c3f465e7987e8d7caa7e214fedddd90415a922	enw_expectation(~0 + (1|day)) + enw_reference(~1, dist='lognormal')	Translate the current enw_expectation and lognormal enw_reference modules shown on the page.	lognormal	epinowcast quick start: default expectation_module and reference_module definitions	faithful-candidate: structured latent/time-series cells exceed an ordinary population formula	200	route-specific	247	synthetic n=12; positive continuous predictors; integer groups; family-valid outcome
adapted-but-defensible	not-run	requires a faithful stanblocks_plate implementation; no ordinary-formula substitute	https://package.epinowcast.org/articles/epinowcast.html	The retrieved cited page does not define the claimed enw_report module, and its expectation/reference modules differ materially from the catalog composition.	mismatch	inferred-from-name	stanblocks_plate	133	CatalogServer_default_unsubstantiated			gaussian	renderer-default-contradicts semantic inference		partial_semantic_terms:5/7	not-probed		not_claimed					StanBlocks plate substrate; no authoritative BRM descriptor for this row; experimental semantic_app adapter required	route-specific	740bdaf817675c63e0bc01036c739c0c499799331e7099bfd1e134ef20643c33	epinowcast	scripts/examples/epinowcast.jl	true	epinowcast:enw_report_dow	not-run	not-run	hosp_triangle		unresolved-family		name_or_key_present	synthetic-no-external-receipt	not-run	false	not-run	true	not-run			Epinowcast — Report Day-of-Week Effects	enw_expectation(~0 + (1|day)) + enw_reference(~1, dist='lognormal') + enw_report(~(1|day_of_week))	not-run	SbPMX origin/main@a8fd3c02e1e2305683a56c91384701bfeba6b528:design/{ASKS.md,SbPMX.jl,mock_runtime.jl},compat/check-semantic-model-pipeline.jl		2026-07-28T21:07:09.855522+00:00	enw_report_dow	true		not-run	family is not explicit or defensibly inferred	not-probed	not-run	unresolved-family	https://package.epinowcast.org/articles/epinowcast.html	@options + option_domain/option_records + semantic_card under semantic_app	cited_project_author_publisher_surface	synthetic	05c3f465e7987e8d7caa7e214fedddd90415a922	enw_expectation(~0 + (1|day)) + enw_reference(~1, dist='lognormal') + enw_report(~(1|day_of_week))	Use the modules actually shown by the current quick start, or cite the older page/commit that contained the claimed report module.	lognormal	epinowcast quick start: model-module definitions; no claimed enw_report block present	faithful-candidate: structured latent/time-series cells exceed an ordinary population formula	200	route-specific	248	synthetic n=12; positive continuous predictors; integer groups; family-valid outcome
adapted-but-defensible	not-run	family is not explicit or defensibly inferred	https://package.epinowcast.org/articles/model.html	A numeric ~0 + delay term is a linear delay effect, not a separate hazard for every delay as claimed. The cited guidance uses a random walk over delay for the nonparametric reference component.	mismatch	unresolved	stanblocks_plate	153	CatalogServer_default_unsubstantiated			gaussian	renderer-default-unsubstantiated; semantic family unresolved		partial_semantic_terms:6/6	not-probed		not_claimed					StanBlocks plate substrate; no authoritative BRM descriptor for this row; experimental semantic_app adapter required	unresolved-family	06d122e87b9f208fb9394004e9a08529e800d888abfb4e63d9e4c96ab5106ea9	epinowcast	scripts/examples/epinowcast.jl	true	epinowcast:enw_np_reference	not-run	not-run	hosp_triangle		unresolved-family		name_or_key_present	synthetic-no-external-receipt	not-run	false	not-run	true	not-run			Epinowcast — Non-parametric Hazard Delay Model	enw_expectation(~0 + (1|day)) + enw_reference(parametric=~0, non_parametric=~0+delay)	not-run	SbPMX origin/main@a8fd3c02e1e2305683a56c91384701bfeba6b528:design/{ASKS.md,SbPMX.jl,mock_runtime.jl},compat/check-semantic-model-pipeline.jl		2026-07-28T21:07:09.896540+00:00	enw_np_reference	true		not-run	family is not explicit or defensibly inferred	not-probed	not-run	unresolved-family	https://package.epinowcast.org/articles/model.html	@options + option_domain/option_records + semantic_card under semantic_app	cited_project_author_publisher_surface	synthetic	05c3f465e7987e8d7caa7e214fedddd90415a922	enw_expectation(~0 + (1|day)) + enw_reference(parametric=~0, non_parametric=~0+delay)	Use the documented non_parametric formula with rw(delay), plus the page's day-of-week term where applicable.		model vignette and current getting-started nonparametric reference example	faithful-candidate: structured latent/time-series cells exceed an ordinary population formula	200	unresolved-family	249	synthetic n=12; positive continuous predictors; integer groups; family-valid outcome
adapted-but-defensible	not-run	family is not explicit or defensibly inferred	https://package.epinowcast.org/articles/germany-age-stratified-nowcasting.html	The cited age-stratified case study explicitly composes the day/day-of-week expectation, report day-of-week effect, and age-group reference effect represented by the catalog.	confirmed	unresolved	stanblocks_plate	174	CatalogServer_default_unsubstantiated			gaussian	renderer-default-unsubstantiated; semantic family unresolved		partial_semantic_terms:7/7	not-probed		not_claimed					StanBlocks plate substrate; no authoritative BRM descriptor for this row; experimental semantic_app adapter required	unresolved-family	45520f1716eda0228889d5d5590674f8a21a272dea2a2649b94cc50f81417cb0	epinowcast	scripts/examples/epinowcast.jl	true	epinowcast:enw_age_reference	not-run	not-run	hosp_triangle_age		unresolved-family		name_or_key_present	synthetic-no-external-receipt	not-run	false	not-run	true	not-run			Epinowcast — Age-Stratified Hierarchical Delays	enw_expectation(~0 + (1|day_of_week) + (1|day:.group)) + enw_reference(~1 + (1|age_group)) + enw_report(~(1|day_of_week))	not-run	SbPMX origin/main@a8fd3c02e1e2305683a56c91384701bfeba6b528:design/{ASKS.md,SbPMX.jl,mock_runtime.jl},compat/check-semantic-model-pipeline.jl		2026-07-28T21:07:09.875463+00:00	enw_age_reference	true		not-run	family is not explicit or defensibly inferred	not-probed	not-run	unresolved-family	https://package.epinowcast.org/articles/germany-age-stratified-nowcasting.html	@options + option_domain/option_records + semantic_card under semantic_app	cited_project_author_publisher_surface	synthetic	05c3f465e7987e8d7caa7e214fedddd90415a922	enw_expectation(~0 + (1|day_of_week) + (1|day:.group)) + enw_reference(~1 + (1|age_group)) + enw_report(~(1|day_of_week))			germany-age-stratified-nowcasting: expectation_module, report_module_dow, and reference_module_age blocks	faithful-candidate: structured latent/time-series cells exceed an ordinary population formula	200	unresolved-family	250	synthetic n=12; positive continuous predictors; integer groups; family-valid outcome
adapted-but-defensible	not-run	family is not explicit or defensibly inferred	https://package.epinowcast.org/articles/germany-age-stratified-nowcasting.html	The source explicitly extends the age reference model with a week random walk varying by age group; the catalog captures the complete module composition.	confirmed	unresolved	stanblocks_plate	195	CatalogServer_default_unsubstantiated			gaussian	renderer-default-unsubstantiated; semantic family unresolved		partial_semantic_terms:8/8	not-probed		not_claimed					StanBlocks plate substrate; no authoritative BRM descriptor for this row; experimental semantic_app adapter required	unresolved-family	45520f1716eda0228889d5d5590674f8a21a272dea2a2649b94cc50f81417cb0	epinowcast	scripts/examples/epinowcast.jl	true	epinowcast:enw_age_week_reference	not-run	not-run	hosp_triangle_age		unresolved-family		name_or_key_present	synthetic-no-external-receipt	not-run	false	not-run	true	not-run			Epinowcast — Time-Varying Delay with Weekly Random Walk by Age Group	enw_expectation(~0 + (1|day_of_week) + (1|day:.group)) + enw_reference(~1 + (1|age_group) + rw(week, by=age_group)) + enw_report(~(1|day_of_week))	not-run	SbPMX origin/main@a8fd3c02e1e2305683a56c91384701bfeba6b528:design/{ASKS.md,SbPMX.jl,mock_runtime.jl},compat/check-semantic-model-pipeline.jl		2026-07-28T21:07:09.875463+00:00	enw_age_week_reference	true		not-run	family is not explicit or defensibly inferred	not-probed	not-run	unresolved-family	https://package.epinowcast.org/articles/germany-age-stratified-nowcasting.html	@options + option_domain/option_records + semantic_card under semantic_app	cited_project_author_publisher_surface	synthetic	05c3f465e7987e8d7caa7e214fedddd90415a922	enw_expectation(~0 + (1|day_of_week) + (1|day:.group)) + enw_reference(~1 + (1|age_group) + rw(week, by=age_group)) + enw_report(~(1|day_of_week))			germany-age-stratified-nowcasting: reference module containing rw(week, by = age_group)	faithful-candidate: structured latent/time-series cells exceed an ordinary population formula	200	unresolved-family	251	synthetic n=12; positive continuous predictors; integer groups; family-valid outcome
adapted-but-defensible	not-run	requires a faithful stanblocks_plate implementation; no ordinary-formula substitute	https://package.epinowcast.org/articles/single-timeseries-rt-estimation.html	The cited mechanistic expectation includes a latent reporting-delay component between infections and observed hospitalisations. The catalog omits that required delay while claiming the full renewal model.	mismatch	inferred-from-name	stanblocks_plate	216	CatalogServer_default_unsubstantiated			gaussian	renderer-default-contradicts semantic inference		partial_semantic_terms:8/9	not-probed		not_claimed					StanBlocks plate substrate; no authoritative BRM descriptor for this row; experimental semantic_app adapter required	route-specific	fef2fce245227d9bca65823ed59fe365eb170dcb7af21277c2bf84ffd3772202	epinowcast	scripts/examples/epinowcast.jl	true	epinowcast:enw_rt_renewal	not-run	not-run	hosp_triangle		unresolved-family		name_or_key_present	synthetic-no-external-receipt	not-run	false	not-run	true	not-run			Epinowcast — Renewal Process with Rt Estimation	enw_expectation(r=~1+rw(week), generation_time=gt_pmf, observation=~1+(1|day_of_week)) + enw_reference(~1, dist='lognormal')	not-run	SbPMX origin/main@a8fd3c02e1e2305683a56c91384701bfeba6b528:design/{ASKS.md,SbPMX.jl,mock_runtime.jl},compat/check-semantic-model-pipeline.jl		2026-07-28T21:07:09.917559+00:00	enw_rt_renewal	true		not-run	family is not explicit or defensibly inferred	not-probed	not-run	unresolved-family	https://package.epinowcast.org/articles/single-timeseries-rt-estimation.html	@options + option_domain/option_records + semantic_card under semantic_app	cited_project_author_publisher_surface	synthetic	05c3f465e7987e8d7caa7e214fedddd90415a922	enw_expectation(r=~1+rw(week), generation_time=gt_pmf, observation=~1+(1|day_of_week)) + enw_reference(~1, dist='lognormal')	Include latent_reporting_delay in enw_expectation together with r, generation_time, and observation, then add the source reference module.	lognormal	single-timeseries-rt-estimation: complete enw_expectation call	faithful-candidate: structured latent/time-series cells exceed an ordinary population formula	200	route-specific	252	synthetic n=12; positive continuous predictors; integer groups; family-valid outcome
adapted-but-defensible	not-run	family is not explicit or defensibly inferred	https://baselinenowcast.epinowcast.org/articles/baselinenowcast.html	The source contains the model's distinctive response/predictor terms but not the exact catalog formula; the catalog expression is an adaptation.	adapted-but-defensible	unresolved	stanblocks_plate	240	CatalogServer_default_unsubstantiated			gaussian	renderer-default-unsubstantiated; semantic family unresolved		partial_semantic_terms:3/3	not-probed		not_claimed					StanBlocks plate substrate; no authoritative BRM descriptor for this row; experimental semantic_app adapter required	unresolved-family	6c8796f563fb3ac9244783a81211858598719efb4bae79d7b34e6134865f9c4c	epinowcast	scripts/examples/epinowcast.jl	true	epinowcast:bnc_empirical	not-run	not-run	hosp_triangle		unresolved-family		name_or_key_present	synthetic-no-external-receipt	not-run	false	not-run	false	not-run			Baseline Nowcast — Empirical Delay Estimation	baselinenowcast(scale_factor = 3, prop_delay = 0.5)	not-run	SbPMX origin/main@a8fd3c02e1e2305683a56c91384701bfeba6b528:design/{ASKS.md,SbPMX.jl,mock_runtime.jl},compat/check-semantic-model-pipeline.jl		2026-07-28T21:07:08.638168+00:00	bnc_empirical	false		not-run	family is not explicit or defensibly inferred	not-probed	not-run	unresolved-family	https://baselinenowcast.epinowcast.org/articles/baselinenowcast.html	@options + option_domain/option_records + semantic_card under semantic_app	cited_project_author_publisher_surface	synthetic	05c3f465e7987e8d7caa7e214fedddd90415a922	baselinenowcast(scale_factor = 3, prop_delay = 0.5)			text_offset=21; matched_terms=baselinenowcast,nowcast; context_sha256=f6fce7cd72442cbf	faithful-candidate: structured latent/time-series cells exceed an ordinary population formula	200	unresolved-family	253	synthetic n=12; positive continuous predictors; integer groups; family-valid outcome
unverifiable	not-run	explicit Normal likelihood; residual scale estimated on log scale	https://mc-stan.org/rstanarm/articles/priors.html	Retrieved source does not expose enough formula-specific evidence to confirm or refute the catalog claim conservatively.	unverifiable	inferred-from-name	ordinary_brm	176	CatalogServer_default_unsubstantiated	f49fcf2a17542980	508	gaussian	renderer-default-unsubstantiated; inference happens to agree	-3.8069883206128132	insufficient_terms:1/1	not-probed	0e75d90b4acb8af611aeb8b71eb96d81108fc5f2b71b07c016f60503bc31f65b	not_claimed	3				authoritative brm_descriptor/brm_execute; experimental SbPMX semantic_app mount adapter	ready	ae5aa580f776ccec1544823f9c488562e2a8042ba1ae96303d5aa5e553768c32	rstanarm	scripts/examples/rstanarm.jl	true	rstanarm:mtcars_lm	pass	pass	mtcars		unresolved-family		name_or_key_present	reachable-data-or-description	pass	false	pass	false	pass	70e88eaf3af4f89eec060b3f77de3cdba51506e1a91b3d40d664498a7dd108c1		Motor Trend Cars — Gaussian Linear Model	mpg ~ wt + am	true	SbPMX origin/main@a8fd3c02e1e2305683a56c91384701bfeba6b528:design/{ASKS.md,SbPMX.jl,mock_runtime.jl},compat/check-semantic-model-pipeline.jl		2026-07-28T21:07:09.540481+00:00	mtcars_lm	true	loc ~ wt + am\nlog(sigma) ~ 1\nmpg ~ Normal(loc, sigma)	pass	family is not explicit or defensibly inferred	direct	pass	unresolved-family	https://mc-stan.org/rstanarm/articles/priors.html	@options + option_domain/option_records + semantic_card under semantic_app	cited_project_author_publisher_surface	https://vincentarelbundock.github.io/Rdatasets/csv/datasets/mtcars.csv	05c3f465e7987e8d7caa7e214fedddd90415a922	mpg ~ wt + am		gaussian	text_offset=4568; matched_terms=linear,mpg,mtcars; context_sha256=035acacd9369bccd	direct population/likelihood route when the family and terms are supported	200	bridgestan-finite-density-gradient	254	synthetic n=12; positive continuous predictors; integer groups; family-valid outcome
confirmed	not-run	family is not explicit or defensibly inferred	https://mc-stan.org/rstanarm/articles/lm.html	The retrieved official/primary source contains the normalized claimed formula text.	confirmed	unresolved	ordinary_brm	194	CatalogServer_default_unsubstantiated			gaussian	renderer-default-unsubstantiated; semantic family unresolved		exact_text_present	not-probed		not_claimed					no executable descriptor until translation is resolved	unresolved-family	846ba2bd7eee331908140adbbcbec6638b1f23cbd3d3552816c1723e10ae1541	rstanarm	scripts/examples/rstanarm.jl	true	rstanarm:clouds_lm	not-run	not-run	clouds		unresolved-family		name_or_key_present	reachable-data-or-description	not-run	false	not-run	false	not-run			Cloud Seeding — Regularized Linear Model (R² Prior)	rainfall ~ seeding * (sne + cloudcover + prewetness + echomotion) + time	not-run	SbPMX origin/main@a8fd3c02e1e2305683a56c91384701bfeba6b528:design/{ASKS.md,SbPMX.jl,mock_runtime.jl},compat/check-semantic-model-pipeline.jl		2026-07-28T21:07:09.519017+00:00	clouds_lm	true		not-run	family is not explicit or defensibly inferred	not-probed	not-run	unresolved-family	https://mc-stan.org/rstanarm/articles/lm.html	@options + option_domain/option_records + semantic_card under semantic_app	cited_project_author_publisher_surface	https://vincentarelbundock.github.io/Rdatasets/csv/HSAUR/clouds.csv	05c3f465e7987e8d7caa7e214fedddd90415a922	rainfall ~ seeding * (sne + cloudcover + prewetness + echomotion) + time			text_offset=11382; matched_terms=cloud,cloudcover,clouds,echomotion,prewetness,rainfall,seeding,sne; context_sha256=7c705fda9e95cae0	direct population/likelihood route when the family and terms are supported	200	unresolved-family	255	synthetic n=12; positive continuous predictors; integer groups; family-valid outcome
adapted-but-defensible	not-run	trials/cbind response lowered to explicit BinomialLogit	https://mc-stan.org/rstanarm/articles/rstanarm.html	The source fits the same grouped-binomial education-by-gender model; the catalog renames source gender to the mirror dataset column sex.	adapted-but-defensible	inferred-from-response-syntax	ordinary_brm	214	CatalogServer_default_unsubstantiated	afd31b7123d8acbe	512	gaussian	renderer-default-contradicts semantic inference	-83.17766166719343	partial_semantic_terms:4/5	not-probed	9e4a3a03c24b7ecac79978a782b28d7b11066fcfea5dc9fae49ce4ea1b66caaa	not_claimed	2				authoritative brm_descriptor/brm_execute; experimental SbPMX semantic_app mount adapter	ready	684acb427701858666bfc2d0c0136f45fe9b8116dd6e663c4e53c6797d505527	rstanarm	scripts/examples/rstanarm.jl	true	rstanarm:womensrole_logit	pass	pass	womensrole		unresolved-family		name_or_key_present	reachable-data-or-description	pass	false	pass	true	pass	f0497b9d21423e39bf9fd42c041056621d6b4a35ab57e04cd8cc68caba442dea		Women's Role Survey — Logistic Regression	cbind(agree, disagree) ~ education + sex	true	SbPMX origin/main@a8fd3c02e1e2305683a56c91384701bfeba6b528:design/{ASKS.md,SbPMX.jl,mock_runtime.jl},compat/check-semantic-model-pipeline.jl		2026-07-28T21:07:09.546094+00:00	womensrole_logit	true	log_odds ~ education + sex\nagree ~ BinomialLogit(agree + disagree, log_odds)	pass	family is not explicit or defensibly inferred	direct	pass	unresolved-family	https://mc-stan.org/rstanarm/articles/rstanarm.html	@options + option_domain/option_records + semantic_card under semantic_app	cited_project_author_publisher_surface	https://vincentarelbundock.github.io/Rdatasets/csv/HSAUR/womensrole.csv	05c3f465e7987e8d7caa7e214fedddd90415a922	cbind(agree, disagree) ~ education + sex	Document the gender-to-sex column adapter; otherwise use the source variable name.	binomial	rstanarm overview: womensrole grouped-binomial model block	direct population/likelihood route when the family and terms are supported	200	bridgestan-finite-density-gradient	256	synthetic n=12; positive continuous predictors; integer groups; family-valid outcome
adapted-but-defensible	not-run	trials/cbind response lowered to explicit BinomialLogit	https://mc-stan.org/rstanarm/articles/rstanarm.html	The source update adds the same quadratic education term; only the gender-to-sex dataset-column rename differs.	adapted-but-defensible	inferred-from-response-syntax	ordinary_brm	229	CatalogServer_default_unsubstantiated	7d82529dc6eb6a1a	514	gaussian	renderer-default-contradicts semantic inference	-83.17766166719343	partial_semantic_terms:4/5	not-probed	0749b9b2b89d3300746a6b37d27daf7443899201d949c6a79f5921001a48f2e5	not_claimed	3				authoritative brm_descriptor/brm_execute; experimental SbPMX semantic_app mount adapter	ready	684acb427701858666bfc2d0c0136f45fe9b8116dd6e663c4e53c6797d505527	rstanarm	scripts/examples/rstanarm.jl	true	rstanarm:womensrole_quad	pass	pass	womensrole		unresolved-family		name_or_key_present	reachable-data-or-description	pass	false	pass	true	pass	9c169289a07931f678e0246931f2a30080fe17e4ea491874c323173b4d3bfc93		Women's Role Survey — Logistic with Quadratic Education	cbind(agree, disagree) ~ education + I(education^2) + sex	true	SbPMX origin/main@a8fd3c02e1e2305683a56c91384701bfeba6b528:design/{ASKS.md,SbPMX.jl,mock_runtime.jl},compat/check-semantic-model-pipeline.jl		2026-07-28T21:07:09.546094+00:00	womensrole_quad	true	log_odds ~ education + protect(education^2) + sex\nagree ~ BinomialLogit(agree + disagree, log_odds)	pass	family is not explicit or defensibly inferred	direct	pass	unresolved-family	https://mc-stan.org/rstanarm/articles/rstanarm.html	@options + option_domain/option_records + semantic_card under semantic_app	cited_project_author_publisher_surface	https://vincentarelbundock.github.io/Rdatasets/csv/HSAUR/womensrole.csv	05c3f465e7987e8d7caa7e214fedddd90415a922	cbind(agree, disagree) ~ education + I(education^2) + sex	Document the gender-to-sex adapter for literal provenance.	binomial	rstanarm overview: quadratic womensrole update block	direct population/likelihood route when the family and terms are supported	200	bridgestan-finite-density-gradient	257	synthetic n=12; positive continuous predictors; integer groups; family-valid outcome
confirmed	not-run	family is not explicit or defensibly inferred	https://mc-stan.org/rstanarm/articles/continuous.html	The retrieved official/primary source contains the normalized claimed formula text.	confirmed	unresolved	ordinary_brm	246	CatalogServer_default_unsubstantiated			gaussian	renderer-default-unsubstantiated; semantic family unresolved		exact_text_present	not-probed		not_claimed					no executable descriptor until translation is resolved	unresolved-family	d7d41e7799ffacab9928f07245a9c166b8f29bd98055dd36364c38532fb30c39	rstanarm	scripts/examples/rstanarm.jl	true	rstanarm:kidiq_hs	not-run	not-run	kidiq		unresolved-family		name_or_key_present	dead-source	not-run	false	not-run	false	not-run			Child IQ — Maternal High-School Status	kid_score ~ mom_hs	not-run	SbPMX origin/main@a8fd3c02e1e2305683a56c91384701bfeba6b528:design/{ASKS.md,SbPMX.jl,mock_runtime.jl},compat/check-semantic-model-pipeline.jl		2026-07-28T21:07:09.492940+00:00	kidiq_hs	true		not-run	family is not explicit or defensibly inferred	not-probed	not-run	unresolved-family	https://mc-stan.org/rstanarm/articles/continuous.html	@options + option_domain/option_records + semantic_card under semantic_app	cited_project_author_publisher_surface	https://vincentarelbundock.github.io/Rdatasets/csv/rstanarm/kidiq.csv	05c3f465e7987e8d7caa7e214fedddd90415a922	kid_score ~ mom_hs			text_offset=6888; matched_terms=kid_score,kidiq,mom_hs,school; context_sha256=2d357f0134244df5	direct population/likelihood route when the family and terms are supported	200	unresolved-family	258	synthetic n=12; positive continuous predictors; integer groups; family-valid outcome
adapted-but-defensible	not-run	family is not explicit or defensibly inferred	https://mc-stan.org/rstanarm/articles/continuous.html	The source update fits kid_score on mom_iq with a Gaussian model, exactly the catalog claim.	confirmed	unresolved	ordinary_brm	261	CatalogServer_default_unsubstantiated			gaussian	renderer-default-unsubstantiated; semantic family unresolved		partial_semantic_terms:2/2	not-probed		not_claimed					no executable descriptor until translation is resolved	unresolved-family	d7d41e7799ffacab9928f07245a9c166b8f29bd98055dd36364c38532fb30c39	rstanarm	scripts/examples/rstanarm.jl	true	rstanarm:kidiq_iq	not-run	not-run	kidiq		unresolved-family		name_or_key_present	dead-source	not-run	false	not-run	true	not-run			Child IQ — Maternal IQ	kid_score ~ mom_iq	not-run	SbPMX origin/main@a8fd3c02e1e2305683a56c91384701bfeba6b528:design/{ASKS.md,SbPMX.jl,mock_runtime.jl},compat/check-semantic-model-pipeline.jl		2026-07-28T21:07:09.492940+00:00	kidiq_iq	true		not-run	family is not explicit or defensibly inferred	not-probed	not-run	unresolved-family	https://mc-stan.org/rstanarm/articles/continuous.html	@options + option_domain/option_records + semantic_card under semantic_app	cited_project_author_publisher_surface	https://vincentarelbundock.github.io/Rdatasets/csv/rstanarm/kidiq.csv	05c3f465e7987e8d7caa7e214fedddd90415a922	kid_score ~ mom_iq			continuous-model vignette: post2 update to mom_iq	direct population/likelihood route when the family and terms are supported	200	unresolved-family	259	synthetic n=12; positive continuous predictors; integer groups; family-valid outcome
confirmed	not-run	family is not explicit or defensibly inferred	https://mc-stan.org/rstanarm/articles/continuous.html	The retrieved official/primary source contains the normalized claimed formula text.	confirmed	unresolved	ordinary_brm	276	CatalogServer_default_unsubstantiated			gaussian	renderer-default-unsubstantiated; semantic family unresolved		exact_text_present	not-probed		not_claimed					no executable descriptor until translation is resolved	unresolved-family	d7d41e7799ffacab9928f07245a9c166b8f29bd98055dd36364c38532fb30c39	rstanarm	scripts/examples/rstanarm.jl	true	rstanarm:kidiq_both	not-run	not-run	kidiq		unresolved-family		name_or_key_present	dead-source	not-run	false	not-run	false	not-run			Child IQ — Maternal High-School Status and IQ	kid_score ~ mom_hs + mom_iq	not-run	SbPMX origin/main@a8fd3c02e1e2305683a56c91384701bfeba6b528:design/{ASKS.md,SbPMX.jl,mock_runtime.jl},compat/check-semantic-model-pipeline.jl		2026-07-28T21:07:09.492940+00:00	kidiq_both	true		not-run	family is not explicit or defensibly inferred	not-probed	not-run	unresolved-family	https://mc-stan.org/rstanarm/articles/continuous.html	@options + option_domain/option_records + semantic_card under semantic_app	cited_project_author_publisher_surface	https://vincentarelbundock.github.io/Rdatasets/csv/rstanarm/kidiq.csv	05c3f465e7987e8d7caa7e214fedddd90415a922	kid_score ~ mom_hs + mom_iq			text_offset=6888; matched_terms=kid_score,kidiq,mom_hs,mom_iq,school; context_sha256=2d357f0134244df5	direct population/likelihood route when the family and terms are supported	200	unresolved-family	260	synthetic n=12; positive continuous predictors; integer groups; family-valid outcome
confirmed	not-run	family is not explicit or defensibly inferred	https://mc-stan.org/rstanarm/articles/continuous.html	The retrieved official/primary source contains the normalized claimed formula text.	confirmed	unresolved	ordinary_brm	290	CatalogServer_default_unsubstantiated			gaussian	renderer-default-unsubstantiated; semantic family unresolved		exact_text_present	not-probed		not_claimed					no executable descriptor until translation is resolved	unresolved-family	d7d41e7799ffacab9928f07245a9c166b8f29bd98055dd36364c38532fb30c39	rstanarm	scripts/examples/rstanarm.jl	true	rstanarm:kidiq_interaction	not-run	not-run	kidiq		unresolved-family		name_or_key_present	dead-source	not-run	false	not-run	false	not-run			Child IQ — Maternal High-School × IQ Interaction	kid_score ~ mom_hs * mom_iq	not-run	SbPMX origin/main@a8fd3c02e1e2305683a56c91384701bfeba6b528:design/{ASKS.md,SbPMX.jl,mock_runtime.jl},compat/check-semantic-model-pipeline.jl		2026-07-28T21:07:09.492940+00:00	kidiq_interaction	true		not-run	family is not explicit or defensibly inferred	not-probed	not-run	unresolved-family	https://mc-stan.org/rstanarm/articles/continuous.html	@options + option_domain/option_records + semantic_card under semantic_app	cited_project_author_publisher_surface	https://vincentarelbundock.github.io/Rdatasets/csv/rstanarm/kidiq.csv	05c3f465e7987e8d7caa7e214fedddd90415a922	kid_score ~ mom_hs * mom_iq			text_offset=6888; matched_terms=interaction,kid_score,kidiq,mom_hs,mom_iq,school; context_sha256=2d357f0134244df5	direct population/likelihood route when the family and terms are supported	200	unresolved-family	261	synthetic n=12; positive continuous predictors; integer groups; family-valid outcome
confirmed	not-run	mean/shape gamma model converted to Distributions shape/rate	https://mc-stan.org/rstanarm/articles/continuous.html	The retrieved official/primary source contains the normalized claimed formula text.	confirmed	inferred-from-name	ordinary_brm	307	CatalogServer_default_unsubstantiated	c12c760d3c6a844c	524	gaussian	renderer-default-contradicts semantic inference	-8.264693824172014	exact_text_present	not-probed	af05be5827f5afd50320a6159d6d4f2dfdaadef6f889d57f51b25aa493f26046	not_claimed	4				authoritative brm_descriptor/brm_execute; experimental SbPMX semantic_app mount adapter	ready	d7d41e7799ffacab9928f07245a9c166b8f29bd98055dd36364c38532fb30c39	rstanarm	scripts/examples/rstanarm.jl	true	rstanarm:clotting_gamma	pass	pass	clotting		unresolved-family		name_or_key_present	synthetic-no-external-receipt	pass	false	pass	false	pass	dc04c1a9eb52c01082e776d7c4942163de22aa18bffea29a6d905319a11396cf		Blood Clotting Time — Gamma GLM	clot_time ~ log_plasma * lot_id	true	SbPMX origin/main@a8fd3c02e1e2305683a56c91384701bfeba6b528:design/{ASKS.md,SbPMX.jl,mock_runtime.jl},compat/check-semantic-model-pipeline.jl		2026-07-28T21:07:09.492940+00:00	clotting_gamma	true	log(mu) ~ log_plasma + lot_id + (log_plasma & lot_id)\nlog(shape) ~ 1\nrate = shape / mu\nclot_time ~ Gamma(shape, rate)	pass	family is not explicit or defensibly inferred	direct	pass	unresolved-family	https://mc-stan.org/rstanarm/articles/continuous.html	@options + option_domain/option_records + semantic_card under semantic_app	cited_project_author_publisher_surface	synthetic	05c3f465e7987e8d7caa7e214fedddd90415a922	clot_time ~ log_plasma * lot_id		gamma	text_offset=17089; matched_terms=clot_time,log_plasma,lot_id; context_sha256=bebc6c2838fc246c	direct population/likelihood route when the family and terms are supported	200	bridgestan-finite-density-gradient	262	synthetic n=12; positive continuous predictors; integer groups; family-valid outcome
confirmed	not-run	explicit Bernoulli-logit likelihood	https://mc-stan.org/rstanarm/articles/binomial.html	The retrieved official/primary source contains the normalized claimed formula text.	confirmed	inferred-from-name	ordinary_brm	325	CatalogServer_default_unsubstantiated	ffa058471c587584	526	gaussian	renderer-default-contradicts semantic inference	-8.317766166719343	exact_text_present	not-probed	df116e874c54230231c70762f9a78cbc10d7593e18f93c6265f7f707bd164aab	not_claimed	1				authoritative brm_descriptor/brm_execute; experimental SbPMX semantic_app mount adapter	ready	15a620ef7e58a9b003b16385fedd4d5f1d4be123d64e7a88f5b3412ff9057f68	rstanarm	scripts/examples/rstanarm.jl	true	rstanarm:wells_dist	pass	pass	wells		unresolved-family		name_or_key_present	dead-source	pass	false	pass	false	pass	ccc484248c8f764cdf41989986eb664ce463056f33bca0af75a4a9c5f2fc99ae		Bangladesh Wells — Logistic (Distance Only)	switch ~ dist100	true	SbPMX origin/main@a8fd3c02e1e2305683a56c91384701bfeba6b528:design/{ASKS.md,SbPMX.jl,mock_runtime.jl},compat/check-semantic-model-pipeline.jl		2026-07-28T21:07:09.490762+00:00	wells_dist	true	log_odds ~ dist100\nswitch ~ BernoulliLogit(log_odds)	pass	family is not explicit or defensibly inferred	direct	pass	unresolved-family	https://mc-stan.org/rstanarm/articles/binomial.html	@options + option_domain/option_records + semantic_card under semantic_app	cited_project_author_publisher_surface	https://vincentarelbundock.github.io/Rdatasets/csv/rstanarm/wells.csv	05c3f465e7987e8d7caa7e214fedddd90415a922	switch ~ dist100		bernoulli	text_offset=6449; matched_terms=bangladesh,distance,logistic,switch,wells; context_sha256=fcbf85e7d6e744f1	direct population/likelihood route when the family and terms are supported	200	bridgestan-finite-density-gradient	263	synthetic n=12; positive continuous predictors; integer groups; family-valid outcome
confirmed	not-run	explicit Bernoulli-logit likelihood	https://mc-stan.org/rstanarm/articles/binomial.html	The retrieved official/primary source contains the normalized claimed formula text.	confirmed	inferred-from-name	ordinary_brm	340	CatalogServer_default_unsubstantiated	375683081d85f1a1	528	gaussian	renderer-default-contradicts semantic inference	-8.317766166719343	exact_text_present	not-probed	53d45df73e5b2debdde49be207ef25a0b5c7dfae06c7b938eaf46c17d0215802	not_claimed	2				authoritative brm_descriptor/brm_execute; experimental SbPMX semantic_app mount adapter	ready	15a620ef7e58a9b003b16385fedd4d5f1d4be123d64e7a88f5b3412ff9057f68	rstanarm	scripts/examples/rstanarm.jl	true	rstanarm:wells_both	pass	pass	wells		unresolved-family		name_or_key_present	dead-source	pass	false	pass	false	pass	f64e773d57247a13e89926931bc93a2cf94747ce42bdeecb59e05e9d1e89e034		Bangladesh Wells — Logistic (Distance + Arsenic)	switch ~ dist100 + arsenic	true	SbPMX origin/main@a8fd3c02e1e2305683a56c91384701bfeba6b528:design/{ASKS.md,SbPMX.jl,mock_runtime.jl},compat/check-semantic-model-pipeline.jl		2026-07-28T21:07:09.490762+00:00	wells_both	true	log_odds ~ dist100 + arsenic\nswitch ~ BernoulliLogit(log_odds)	pass	family is not explicit or defensibly inferred	direct	pass	unresolved-family	https://mc-stan.org/rstanarm/articles/binomial.html	@options + option_domain/option_records + semantic_card under semantic_app	cited_project_author_publisher_surface	https://vincentarelbundock.github.io/Rdatasets/csv/rstanarm/wells.csv	05c3f465e7987e8d7caa7e214fedddd90415a922	switch ~ dist100 + arsenic		bernoulli	text_offset=6449; matched_terms=arsenic,bangladesh,distance,logistic,switch,wells; context_sha256=fcbf85e7d6e744f1	direct population/likelihood route when the family and terms are supported	200	bridgestan-finite-density-gradient	264	synthetic n=12; positive continuous predictors; integer groups; family-valid outcome
confirmed	not-run	explicit log-link Poisson likelihood; offset(...) becomes ordinary log exposure	https://mc-stan.org/rstanarm/articles/count.html	The retrieved official/primary source contains the normalized claimed formula text.	confirmed	inferred-from-name	ordinary_brm	357	CatalogServer_default_unsubstantiated	a3d48c3db122f2d3	86	gaussian	renderer-default-contradicts semantic inference	-12.0	exact_text_present	not-probed	99c386d39bfd5b98d08c3101bcf636841b70d1f092a9d7e81f17cb50850036d7	not_claimed	4				authoritative brm_descriptor/brm_execute; experimental SbPMX semantic_app mount adapter	ready	ded8391def17065606637410777d52354c67381c23251ccb691ad50fa806372c	rstanarm	scripts/examples/rstanarm.jl	true	rstanarm:roaches_poisson	pass	pass	roaches		unresolved-family		name_or_key_present	dead-source	pass	false	pass	false	pass	c89b56aaec2be486b0f2702cca5867fa2af78f38c60ab2406138a968f7c3c42b		Urban Roaches — Poisson Count Model	y ~ roach1 + treatment + senior + offset(log(exposure2))	true	SbPMX origin/main@a8fd3c02e1e2305683a56c91384701bfeba6b528:design/{ASKS.md,SbPMX.jl,mock_runtime.jl},compat/check-semantic-model-pipeline.jl		2026-07-28T21:07:09.513135+00:00	roaches_poisson	true	log_rate ~ roach1 + treatment + senior + log(exposure2)\ny ~ Poisson(exp(log_rate))	pass	family is not explicit or defensibly inferred	inherited-identical-probe	pass	unresolved-family	https://mc-stan.org/rstanarm/articles/count.html	@options + option_domain/option_records + semantic_card under semantic_app	cited_project_author_publisher_surface	https://vincentarelbundock.github.io/Rdatasets/csv/rstanarm/roaches.csv	05c3f465e7987e8d7caa7e214fedddd90415a922	y ~ roach1 + treatment + senior + offset(log(exposure2))		poisson	text_offset=5635; matched_terms=exposure2,roach1,roaches,senior,treatment,urban; context_sha256=1b95cd5a81da4ef3	direct population/likelihood route when the family and terms are supported	200	bridgestan-finite-density-gradient	265	synthetic n=12; positive continuous predictors; integer groups; family-valid outcome
confirmed	not-run	current NegativeBinomial Julia/Stan parameterizations are documented as non-identical	https://mc-stan.org/rstanarm/articles/count.html	The retrieved official/primary source contains the normalized claimed formula text.	confirmed	inferred-from-name	ordinary_brm	373	CatalogServer_default_unsubstantiated			gaussian	renderer-default-contradicts semantic inference		exact_text_present	not-probed		not_claimed					no executable descriptor until translation is resolved	unsupported	ded8391def17065606637410777d52354c67381c23251ccb691ad50fa806372c	rstanarm	scripts/examples/rstanarm.jl	true	rstanarm:roaches_nb	not-run	not-run	roaches		unresolved-family		name_or_key_present	dead-source	not-run	false	not-run	false	not-run			Urban Roaches — Negative Binomial Count Model	y ~ roach1 + treatment + senior + offset(log(exposure2))	not-run	SbPMX origin/main@a8fd3c02e1e2305683a56c91384701bfeba6b528:design/{ASKS.md,SbPMX.jl,mock_runtime.jl},compat/check-semantic-model-pipeline.jl		2026-07-28T21:07:09.513135+00:00	roaches_nb	true		not-run	family is not explicit or defensibly inferred	not-probed	not-run	unresolved-family	https://mc-stan.org/rstanarm/articles/count.html	@options + option_domain/option_records + semantic_card under semantic_app	cited_project_author_publisher_surface	https://vincentarelbundock.github.io/Rdatasets/csv/rstanarm/roaches.csv	05c3f465e7987e8d7caa7e214fedddd90415a922	y ~ roach1 + treatment + senior + offset(log(exposure2))		negativebinomial	text_offset=5635; matched_terms=exposure2,roach1,roaches,senior,treatment,urban; context_sha256=1b95cd5a81da4ef3	direct population/likelihood route when the family and terms are supported	200	unsupported	266	synthetic n=12; positive continuous predictors; integer groups; family-valid outcome
confirmed	not-run	explicit Normal likelihood; residual scale estimated on log scale	https://mc-stan.org/rstanarm/articles/aov.html	The retrieved official/primary source contains the normalized claimed formula text.	confirmed	inferred-from-name	ordinary_brm	390	CatalogServer_default_unsubstantiated	50dda04ebe69db13	534	gaussian	renderer-default-unsubstantiated; inference happens to agree	-3.8069883206128132	exact_text_present	not-probed	8e6889aa9ccc2f84eb9e5bb98c6b66d720cbd145ffd6ac8812083ae0f1dd3cf8	not_claimed	4				authoritative brm_descriptor/brm_execute; experimental SbPMX semantic_app mount adapter	ready	56eb1a63e0e9c064b72347bf3982f16ca40c8969f7c54782c8bb2cc59155c23a	rstanarm	scripts/examples/rstanarm.jl	true	rstanarm:weightgain_anova	pass	pass	weightgain		unresolved-family		name_or_key_present	reachable-data-or-description	pass	false	pass	false	pass	924d69561c1af66c1c809f656da54b8a3cde8d54e1234087abd40766eab35339		Rat Weight Gain — Bayesian ANOVA (R² Prior)	weightgain ~ source * type	true	SbPMX origin/main@a8fd3c02e1e2305683a56c91384701bfeba6b528:design/{ASKS.md,SbPMX.jl,mock_runtime.jl},compat/check-semantic-model-pipeline.jl		2026-07-28T21:07:09.469924+00:00	weightgain_anova	true	loc ~ source + type + (source & type)\nlog(sigma) ~ 1\nweightgain ~ Normal(loc, sigma)	pass	family is not explicit or defensibly inferred	direct	pass	unresolved-family	https://mc-stan.org/rstanarm/articles/aov.html	@options + option_domain/option_records + semantic_card under semantic_app	cited_project_author_publisher_surface	https://vincentarelbundock.github.io/Rdatasets/csv/HSAUR/weightgain.csv	05c3f465e7987e8d7caa7e214fedddd90415a922	weightgain ~ source * type		gaussian	text_offset=5401; matched_terms=gain,type,weight,weightgain; context_sha256=2f806ed9d1612af5	direct population/likelihood route when the family and terms are supported	200	bridgestan-finite-density-gradient	267	synthetic n=12; positive continuous predictors; integer groups; family-valid outcome
confirmed	not-run	nested/composite grouping factors require an explicit derived group id or reviewed gr(...; by=...) design	https://mc-stan.org/rstanarm/articles/aov.html	The retrieved official/primary source contains the normalized claimed formula text.	confirmed	inferred-from-name	ordinary_brm	405	CatalogServer_default_unsubstantiated			gaussian	renderer-default-unsubstantiated; inference happens to agree		exact_text_present	not-probed		not_claimed					no executable descriptor until translation is resolved	unsupported	56eb1a63e0e9c064b72347bf3982f16ca40c8969f7c54782c8bb2cc59155c23a	rstanarm	scripts/examples/rstanarm.jl	true	rstanarm:weightgain_re	not-run	not-run	weightgain		unresolved-family		name_or_key_present	reachable-data-or-description	not-run	false	not-run	false	not-run			Rat Weight Gain — Factors as Random Effects	weightgain ~ 1 + (1|source) + (1|type) + (1|source:type)	not-run	SbPMX origin/main@a8fd3c02e1e2305683a56c91384701bfeba6b528:design/{ASKS.md,SbPMX.jl,mock_runtime.jl},compat/check-semantic-model-pipeline.jl		2026-07-28T21:07:09.469924+00:00	weightgain_re	true		not-run	family is not explicit or defensibly inferred	not-probed	not-run	unresolved-family	https://mc-stan.org/rstanarm/articles/aov.html	@options + option_domain/option_records + semantic_card under semantic_app	cited_project_author_publisher_surface	https://vincentarelbundock.github.io/Rdatasets/csv/HSAUR/weightgain.csv	05c3f465e7987e8d7caa7e214fedddd90415a922	weightgain ~ 1 + (1|source) + (1|type) + (1|source:type)		gaussian	text_offset=5401; matched_terms=factors,gain,type,weight,weightgain; context_sha256=2f806ed9d1612af5	direct population/likelihood route when the family and terms are supported	200	unsupported	268	synthetic n=12; positive continuous predictors; integer groups; family-valid outcome
confirmed	not-run	explicit Bernoulli-logit likelihood	https://mc-stan.org/rstanarm/articles/polr.html	The retrieved official/primary source contains the normalized claimed formula text.	confirmed	inferred-from-name	ordinary_brm	422	CatalogServer_default_unsubstantiated	3ea9698212cabe24	538	gaussian	renderer-default-contradicts semantic inference	-8.317766166719343	exact_text_present	not-probed	cd441e2c8aa899be0284ac3e7560d87dc7169bac089a067ce9ab9c8355b692fb	not_claimed	2				authoritative brm_descriptor/brm_execute; experimental SbPMX semantic_app mount adapter	ready	533ad83a535371bb5dada24527eeb6038383f2977cf5ea644691af6cce6d32d8	rstanarm	scripts/examples/rstanarm.jl	true	rstanarm:esoph_polr	pass	pass	esoph		unresolved-family		name_or_key_present	reachable-data-or-description	pass	false	pass	false	pass	44ca651b8b05cdb546734955d2bedcc9ddbef42455badc44849aeefffa6b682d		Esophageal Cancer — Ordinal Logistic Regression	tobgp ~ agegp + alcgp	true	SbPMX origin/main@a8fd3c02e1e2305683a56c91384701bfeba6b528:design/{ASKS.md,SbPMX.jl,mock_runtime.jl},compat/check-semantic-model-pipeline.jl		2026-07-28T21:07:09.534032+00:00	esoph_polr	true	log_odds ~ agegp + alcgp\ntobgp ~ BernoulliLogit(log_odds)	pass	family is not explicit or defensibly inferred	direct	pass	unresolved-family	https://mc-stan.org/rstanarm/articles/polr.html	@options + option_domain/option_records + semantic_card under semantic_app	cited_project_author_publisher_surface	https://vincentarelbundock.github.io/Rdatasets/csv/datasets/esoph.csv	05c3f465e7987e8d7caa7e214fedddd90415a922	tobgp ~ agegp + alcgp		bernoulli	text_offset=7659; matched_terms=agegp,alcgp,esoph,logistic,tobgp; context_sha256=47e4dea962ac56bd	direct population/likelihood route when the family and terms are supported	200	bridgestan-finite-density-gradient	269	synthetic n=12; positive continuous predictors; integer groups; family-valid outcome
adapted-but-defensible	not-run	mean/precision beta parameterization written explicitly with inline shape expressions	https://mc-stan.org/rstanarm/articles/betareg.html	The cited beta-regression example models yield using temp and batch. The catalog omits temp and adds gravity, pressure, and temp10, none of which the cited mean model uses.	mismatch	inferred-from-name	ordinary_brm	439	CatalogServer_default_unsubstantiated	94aa33440e5746c8	540	gaussian	renderer-default-contradicts semantic inference	-3.342077309841285	partial_semantic_terms:3/5	not-probed	e5298e4e43b4206d6ff4e60e6a6c69fe9ae3393d020a0b5b3f515c89cb873285	not_claimed	5				authoritative brm_descriptor/brm_execute; experimental SbPMX semantic_app mount adapter	ready	09187c56b853cea8a08d6a08143de1b267e82921e8ee20b3f4e2275a45c2c00a	rstanarm	scripts/examples/rstanarm.jl	true	rstanarm:gasoline_beta	pass	pass	gasoline_yield		unresolved-family		name_or_key_present	reachable-data-or-description	pass	false	pass	true	pass	068b549ebe66aa51a44ff659b4c22342d1f982110e985f140e41cb85af2e5717		Gasoline Yield — Beta Regression (Mean Only)	yield ~ gravity + pressure + temp10 + batch	true	SbPMX origin/main@a8fd3c02e1e2305683a56c91384701bfeba6b528:design/{ASKS.md,SbPMX.jl,mock_runtime.jl},compat/check-semantic-model-pipeline.jl		2026-07-28T21:07:09.490464+00:00	gasoline_beta	true	logit(mu) ~ gravity + pressure + temp10 + batch\nlog(phi) ~ 1\nyield ~ Beta(mu * phi, (1 - mu) * phi)	pass	family is not explicit or defensibly inferred	direct	pass	unresolved-family	https://mc-stan.org/rstanarm/articles/betareg.html	@options + option_domain/option_records + semantic_card under semantic_app	cited_project_author_publisher_surface	https://vincentarelbundock.github.io/Rdatasets/csv/betareg/GasolineYield.csv	05c3f465e7987e8d7caa7e214fedddd90415a922	yield ~ gravity + pressure + temp10 + batch	Use yield ~ temp + batch for the cited mean model.	beta	betareg vignette: gasoline mean-model formula	direct population/likelihood route when the family and terms are supported	200	bridgestan-finite-density-gradient	270	synthetic n=12; positive continuous predictors; integer groups; family-valid outcome
adapted-but-defensible	not-run	mean/precision beta parameterization written explicitly with inline shape expressions	https://mc-stan.org/rstanarm/articles/betareg.html	The cited distributional model uses temp + batch for the mean and pressure for precision. The catalog adds unsupported gravity/temp10 terms and changes both submodels.	mismatch	inferred-from-name	ordinary_brm	455	CatalogServer_default_unsubstantiated	135826e6a34add46	542	gaussian	renderer-default-contradicts semantic inference	-5.842077309841285	partial_semantic_terms:3/5	not-probed	e1985db4b9ef09c721bf40f00b02b2478498364e36669ecf4e1ea25bc27f4ed7	not_claimed	32				authoritative brm_descriptor/brm_execute; experimental SbPMX semantic_app mount adapter	ready	09187c56b853cea8a08d6a08143de1b267e82921e8ee20b3f4e2275a45c2c00a	rstanarm	scripts/examples/rstanarm.jl	true	rstanarm:gasoline_beta_distr	pass	pass	gasoline_yield		unresolved-family		name_or_key_present	reachable-data-or-description	pass	false	pass	true	pass	c12a24e1127fa890f70780654e6f72234ea6a0d2d63ada315637f3fd2445e2e5		Gasoline Yield — Distributional Beta Regression	yield ~ gravity + pressure + temp10 + batch | gravity + pressure	true	SbPMX origin/main@a8fd3c02e1e2305683a56c91384701bfeba6b528:design/{ASKS.md,SbPMX.jl,mock_runtime.jl},compat/check-semantic-model-pipeline.jl		2026-07-28T21:07:09.490464+00:00	gasoline_beta_distr	true	logit(mu) ~ gravity + pressure + temp10 + batch | gravity + pressure\nlog(phi) ~ 1\nyield ~ Beta(mu * phi, (1 - mu) * phi)	pass	family is not explicit or defensibly inferred	direct	pass	unresolved-family	https://mc-stan.org/rstanarm/articles/betareg.html	@options + option_domain/option_records + semantic_card under semantic_app	cited_project_author_publisher_surface	https://vincentarelbundock.github.io/Rdatasets/csv/betareg/GasolineYield.csv	05c3f465e7987e8d7caa7e214fedddd90415a922	yield ~ gravity + pressure + temp10 + batch | gravity + pressure	Use the source mean formula yield ~ temp + batch and precision formula ~ pressure.	beta	betareg vignette: distributional gasoline model block	direct population/likelihood route when the family and terms are supported	200	bridgestan-finite-density-gradient	271	synthetic n=12; positive continuous predictors; integer groups; family-valid outcome
unverifiable	not-run	trials/cbind response lowered to explicit BinomialLogit	https://mc-stan.org/rstanarm/articles/glmer.html	Retrieved source does not expose enough formula-specific evidence to confirm or refute the catalog claim conservatively.	unverifiable	inferred-from-response-syntax	ordinary_brm	476	CatalogServer_default_unsubstantiated	da6e7bf23dc8fcb5	544	gaussian	renderer-default-contradicts semantic inference	-66.54212933375474	insufficient_terms:1/5	not-probed	5146105f4ce9517f886e55115f93d544352aef3fa962ab7002d5aee8724339ff	not_claimed	5				authoritative brm_descriptor/brm_execute; experimental SbPMX semantic_app mount adapter	ready	f2563a582de8860513c8a519c3360be5edf58e78e8c673da7542b4305c0ce32b	rstanarm	scripts/examples/rstanarm.jl	true	rstanarm:cbpp_glmm	pass	pass	cbpp_rs		unresolved-family		name_or_key_present	reachable-data-or-description	pass	false	pass	false	pass	cf4ed9899f3674585dbfba54681bde0e4e2f2d53589ba2aab9c1a97b846b5103		Bovine Pleuropneumonia — Binomial GLMM	cbind(incidence, size - incidence) ~ size + period + (1|herd)	true	SbPMX origin/main@a8fd3c02e1e2305683a56c91384701bfeba6b528:design/{ASKS.md,SbPMX.jl,mock_runtime.jl},compat/check-semantic-model-pipeline.jl		2026-07-28T21:07:09.513258+00:00	cbpp_glmm	true	log_odds ~ size + period + (1|herd)\nincidence ~ BinomialLogit(incidence + size - incidence, log_odds)	pass	family is not explicit or defensibly inferred	direct	pass	unresolved-family	https://mc-stan.org/rstanarm/articles/glmer.html	@options + option_domain/option_records + semantic_card under semantic_app	cited_project_author_publisher_surface	https://vincentarelbundock.github.io/Rdatasets/csv/lme4/cbpp.csv	05c3f465e7987e8d7caa7e214fedddd90415a922	cbind(incidence, size - incidence) ~ size + period + (1|herd)		binomial	text_offset=13900; matched_terms=period; context_sha256=f247dbe11b6eb839	direct population/likelihood route when the family and terms are supported	200	bridgestan-finite-density-gradient	272	synthetic n=12; positive continuous predictors; integer groups; family-valid outcome
confirmed	not-run	trials/cbind response lowered to explicit BinomialLogit	https://mc-stan.org/rstanarm/articles/pooling.html	The retrieved official/primary source contains the normalized claimed formula text.	confirmed	inferred-from-response-syntax	ordinary_brm	496	CatalogServer_default_unsubstantiated	0f5644dc7e5f336f	546	gaussian	renderer-default-contradicts semantic inference	-66.54212933375474	exact_text_present	not-probed	be1ce07533e683fda21ac3cc4f51dc060121f92562592ad7e9b4ba09fa913bcf	not_claimed	1				authoritative brm_descriptor/brm_execute; experimental SbPMX semantic_app mount adapter	ready	4f81fd6bbec4833fbdfe96e57477cc9183e5d14d1823f1e3d05ce7f255f06f58	rstanarm	scripts/examples/rstanarm.jl	true	rstanarm:bball_pooled	pass	pass	bball1970		unresolved-family		name_or_key_present	dead-source	pass	false	pass	false	pass	be07356d6e21122ba381f608aa0e11e5c5966ea3904653ac813aeeff0bc2966b		MLB Batting 1970 — Complete Pooling	cbind(Hits, AB - Hits) ~ 1	true	SbPMX origin/main@a8fd3c02e1e2305683a56c91384701bfeba6b528:design/{ASKS.md,SbPMX.jl,mock_runtime.jl},compat/check-semantic-model-pipeline.jl		2026-07-28T21:07:09.536226+00:00	bball_pooled	true	log_odds ~ 1\nHits ~ BinomialLogit(Hits + AB - Hits, log_odds)	pass	family is not explicit or defensibly inferred	direct	pass	unresolved-family	https://mc-stan.org/rstanarm/articles/pooling.html	@options + option_domain/option_records + semantic_card under semantic_app	cited_project_author_publisher_surface	https://vincentarelbundock.github.io/Rdatasets/csv/rstanarm/bball1970.csv	05c3f465e7987e8d7caa7e214fedddd90415a922	cbind(Hits, AB - Hits) ~ 1		binomial	text_offset=2619; matched_terms=batting,bball1970,hits; context_sha256=61f02db1bd365e7f	direct population/likelihood route when the family and terms are supported	200	bridgestan-finite-density-gradient	273	synthetic n=12; positive continuous predictors; integer groups; family-valid outcome
adapted-but-defensible	not-run	trials/cbind response lowered to explicit BinomialLogit	https://mc-stan.org/rstanarm/articles/pooling.html	The pooling vignette explicitly fits player-specific binomial batting probabilities without a common intercept, matching the catalog no-pooling model.	confirmed	inferred-from-response-syntax	ordinary_brm	511	CatalogServer_default_unsubstantiated	6e2453340371322c	548	gaussian	renderer-default-contradicts semantic inference	-66.54212933375474	partial_semantic_terms:3/3	not-probed	f2afc0c08860cc2bb2b019e6139f849eea58443ba0676dac7a9df6fac044c1bd	not_claimed	1				authoritative brm_descriptor/brm_execute; experimental SbPMX semantic_app mount adapter	ready	4f81fd6bbec4833fbdfe96e57477cc9183e5d14d1823f1e3d05ce7f255f06f58	rstanarm	scripts/examples/rstanarm.jl	true	rstanarm:bball_nopooling	pass	pass	bball1970		unresolved-family		name_or_key_present	dead-source	pass	false	pass	true	pass	9d24b9c2d00a1aa038106632dc34eb627055560ea9c7a9485529457c7e6e70ae		MLB Batting 1970 — No Pooling	cbind(Hits, AB - Hits) ~ 0 + Player	true	SbPMX origin/main@a8fd3c02e1e2305683a56c91384701bfeba6b528:design/{ASKS.md,SbPMX.jl,mock_runtime.jl},compat/check-semantic-model-pipeline.jl		2026-07-28T21:07:09.536226+00:00	bball_nopooling	true	log_odds ~ 0 + Player\nHits ~ BinomialLogit(Hits + AB - Hits, log_odds)	pass	family is not explicit or defensibly inferred	direct	pass	unresolved-family	https://mc-stan.org/rstanarm/articles/pooling.html	@options + option_domain/option_records + semantic_card under semantic_app	cited_project_author_publisher_surface	https://vincentarelbundock.github.io/Rdatasets/csv/rstanarm/bball1970.csv	05c3f465e7987e8d7caa7e214fedddd90415a922	cbind(Hits, AB - Hits) ~ 0 + Player		binomial	pooling vignette: bball1970 no-pooling binomial model	direct population/likelihood route when the family and terms are supported	200	bridgestan-finite-density-gradient	274	synthetic n=12; positive continuous predictors; integer groups; family-valid outcome
confirmed	not-run	trials/cbind response lowered to explicit BinomialLogit	https://mc-stan.org/rstanarm/articles/pooling.html	The retrieved official/primary source contains the normalized claimed formula text.	confirmed	inferred-from-response-syntax	ordinary_brm	526	CatalogServer_default_unsubstantiated	3c1292b54a3aebe1	550	gaussian	renderer-default-contradicts semantic inference	-66.54212933375474	exact_text_present	not-probed	ebb0284f68ad57a62bd09f8559138bf81222ac0dbe53b3e73cf87f3fd8a68e9c	not_claimed	4				authoritative brm_descriptor/brm_execute; experimental SbPMX semantic_app mount adapter	ready	4f81fd6bbec4833fbdfe96e57477cc9183e5d14d1823f1e3d05ce7f255f06f58	rstanarm	scripts/examples/rstanarm.jl	true	rstanarm:bball_partial	pass	pass	bball1970		unresolved-family		name_or_key_present	dead-source	pass	false	pass	false	pass	a458efde1315acb1e076dd29f8c1ce9ea51def11e8781849fe79a0f9688d249a		MLB Batting 1970 — Partial Pooling (Hierarchical)	cbind(Hits, AB - Hits) ~ (1|Player)	true	SbPMX origin/main@a8fd3c02e1e2305683a56c91384701bfeba6b528:design/{ASKS.md,SbPMX.jl,mock_runtime.jl},compat/check-semantic-model-pipeline.jl		2026-07-28T21:07:09.536226+00:00	bball_partial	true	log_odds ~ (1|Player)\nHits ~ BinomialLogit(Hits + AB - Hits, log_odds)	pass	family is not explicit or defensibly inferred	direct	pass	unresolved-family	https://mc-stan.org/rstanarm/articles/pooling.html	@options + option_domain/option_records + semantic_card under semantic_app	cited_project_author_publisher_surface	https://vincentarelbundock.github.io/Rdatasets/csv/rstanarm/bball1970.csv	05c3f465e7987e8d7caa7e214fedddd90415a922	cbind(Hits, AB - Hits) ~ (1|Player)		binomial	text_offset=2619; matched_terms=batting,bball1970,hits,player; context_sha256=61f02db1bd365e7f	direct population/likelihood route when the family and terms are supported	200	bridgestan-finite-density-gradient	275	synthetic n=12; positive continuous predictors; integer groups; family-valid outcome
unverifiable	not-run	explicit Normal likelihood; residual scale estimated on log scale	https://bruno.nicenboim.me/bayescogsci/	Cited book root exposes navigation/TOC text but no stable row-level formula anchor; term overlap is insufficient.	unverifiable	inferred-from-name	ordinary_brm	30	CatalogServer_default_unsubstantiated	20facf2552720d60	552	gaussian	renderer-default-unsubstantiated; inference happens to agree	-7.817384082920588	insufficient_root_page_terms:0/2	not-probed	058d40d3dd9a3f9c15ed3c0718c8e0b892c199a0ebb051ad366723b601afbb2c	not_claimed	3				authoritative brm_descriptor/brm_execute; experimental SbPMX semantic_app mount adapter	ready	0da3ad5098c1564dc496c72497e159de860a3987c94ab887a5f4f2dada80a1c6	vasishth	scripts/examples/vasishth.jl	true	vasishth:pupil	pass	pass	pupil		unresolved-family		name_or_key_present	reachable-body-exceeded-8MB-audit-bound	pass	false	pass	false	pass	5f94f5feb19a4a92dd28015914559806ef096079e9703c24770c5c609e759d5a		Pupil Dilation Experiment — Gaussian Regression	p_size ~ 1 + c_load	true	SbPMX origin/main@a8fd3c02e1e2305683a56c91384701bfeba6b528:design/{ASKS.md,SbPMX.jl,mock_runtime.jl},compat/check-semantic-model-pipeline.jl		2026-07-28T21:07:08.657145+00:00	pupil	true	loc ~ 1 + c_load\nlog(sigma) ~ 1\np_size ~ Normal(loc, sigma)	pass	family is not explicit or defensibly inferred	direct	pass	unresolved-family	https://bruno.nicenboim.me/bayescogsci/	@options + option_domain/option_records + semantic_card under semantic_app	cited_project_author_publisher_surface	https://osf.io/z43dz/?action=download	05c3f465e7987e8d7caa7e214fedddd90415a922	p_size ~ 1 + c_load		gaussian	text_offset=2657; matched_terms=pupil; context_sha256=dc0c03f132244ae5	direct population/likelihood route when the family and terms are supported	200	bridgestan-finite-density-gradient	276	synthetic n=12; positive continuous predictors; integer groups; family-valid outcome
unverifiable	not-run	explicit LogNormal likelihood	https://bruno.nicenboim.me/bayescogsci/	Cited book root exposes navigation/TOC text but no stable row-level formula anchor; term overlap is insufficient.	unverifiable	inferred-from-name	ordinary_brm	67	CatalogServer_default_unsubstantiated	236d085e4d396649	554	gaussian	renderer-default-contradicts semantic inference	-12.375312807727603	insufficient_root_page_terms:0/1	not-probed	ced14ad134fd0f7eba65d0f289b43fd688592455798c22d140820855fb5806f4	not_claimed	3				authoritative brm_descriptor/brm_execute; experimental SbPMX semantic_app mount adapter	ready	0da3ad5098c1564dc496c72497e159de860a3987c94ab887a5f4f2dada80a1c6	vasishth	scripts/examples/vasishth.jl	true	vasishth:spacebar	pass	pass	spacebar		unresolved-family		name_or_key_present	synthetic-no-external-receipt	pass	false	pass	false	pass	a13e23f78ef59f4ec1eed17627c186316ac1531f2ca0928358976115d12894b3		Spacebar-Pressing Response Times — Lognormal Regression	t ~ 1 + c_trial	true	SbPMX origin/main@a8fd3c02e1e2305683a56c91384701bfeba6b528:design/{ASKS.md,SbPMX.jl,mock_runtime.jl},compat/check-semantic-model-pipeline.jl		2026-07-28T21:07:08.657145+00:00	spacebar	true	loc ~ 1 + c_trial\nlog(sigma) ~ 1\nt ~ LogNormal(loc, sigma)	pass	family is not explicit or defensibly inferred	direct	pass	unresolved-family	https://bruno.nicenboim.me/bayescogsci/	@options + option_domain/option_records + semantic_card under semantic_app	cited_project_author_publisher_surface	synthetic	05c3f465e7987e8d7caa7e214fedddd90415a922	t ~ 1 + c_trial		lognormal	text_offset=1980; matched_terms=pressing,regression; context_sha256=2f32c21d7a0de7e7	direct population/likelihood route when the family and terms are supported	200	bridgestan-finite-density-gradient	277	synthetic n=12; positive continuous predictors; integer groups; family-valid outcome
unverifiable	not-run	explicit Bernoulli-logit likelihood	https://bruno.nicenboim.me/bayescogsci/	Cited book root exposes navigation/TOC text but no stable row-level formula anchor; term overlap is insufficient.	unverifiable	inferred-from-name	ordinary_brm	104	CatalogServer_default_unsubstantiated	1c011f71ce0386ee	556	gaussian	renderer-default-contradicts semantic inference	-8.317766166719343	insufficient_root_page_terms:1/2	not-probed	157440ea0941e4a1af69d2929cd3e2a69e06ff9a8cc0a43079d694640f62f07d	not_claimed	2				authoritative brm_descriptor/brm_execute; experimental SbPMX semantic_app mount adapter	ready	0da3ad5098c1564dc496c72497e159de860a3987c94ab887a5f4f2dada80a1c6	vasishth	scripts/examples/vasishth.jl	true	vasishth:recall_wm	pass	pass	recall_wm		unresolved-family		name_or_key_present	reachable-data-or-description	pass	false	pass	false	pass	408f919a4de15107907237935656f1bd6c903c715ae526e29059fe6176a6e99a		Working Memory Recall Accuracy — Logistic Regression	correct ~ 1 + c_set_size	true	SbPMX origin/main@a8fd3c02e1e2305683a56c91384701bfeba6b528:design/{ASKS.md,SbPMX.jl,mock_runtime.jl},compat/check-semantic-model-pipeline.jl		2026-07-28T21:07:08.657145+00:00	recall_wm	true	log_odds ~ 1 + c_set_size\ncorrect ~ BernoulliLogit(log_odds)	pass	family is not explicit or defensibly inferred	direct	pass	unresolved-family	https://bruno.nicenboim.me/bayescogsci/	@options + option_domain/option_records + semantic_card under semantic_app	cited_project_author_publisher_surface	https://osf.io/6r9ka/?action=download	05c3f465e7987e8d7caa7e214fedddd90415a922	correct ~ 1 + c_set_size		bernoulli	text_offset=7078; matched_terms=accuracy,memory,working; context_sha256=5e8142b627513c3c	direct population/likelihood route when the family and terms are supported	200	bridgestan-finite-density-gradient	278	synthetic n=12; positive continuous predictors; integer groups; family-valid outcome
unverifiable	not-run	family is not explicit or defensibly inferred	https://bruno.nicenboim.me/bayescogsci/	Cited book root exposes navigation/TOC text but no stable row-level formula anchor; term overlap is insufficient.	unverifiable	unresolved	ordinary_brm	147	CatalogServer_default_unsubstantiated			gaussian	renderer-default-unsubstantiated; semantic family unresolved		insufficient_root_page_terms:1/3	not-probed		not_claimed					no executable descriptor until translation is resolved	unresolved-family	0da3ad5098c1564dc496c72497e159de860a3987c94ab887a5f4f2dada80a1c6	vasishth	scripts/examples/vasishth.jl	true	vasishth:n400_uncorr	not-run	not-run	n400		unresolved-family		name_or_key_present	reachable-data-or-description	not-run	false	not-run	false	not-run			N400 EEG — Uncorrelated Varying Slopes	n400 ~ c_cloze + (c_cloze || subj)	not-run	SbPMX origin/main@a8fd3c02e1e2305683a56c91384701bfeba6b528:design/{ASKS.md,SbPMX.jl,mock_runtime.jl},compat/check-semantic-model-pipeline.jl		2026-07-28T21:07:08.657145+00:00	n400_uncorr	true		not-run	family is not explicit or defensibly inferred	not-probed	not-run	unresolved-family	https://bruno.nicenboim.me/bayescogsci/	@options + option_domain/option_records + semantic_card under semantic_app	cited_project_author_publisher_surface	https://osf.io/q7dsk/?action=download	05c3f465e7987e8d7caa7e214fedddd90415a922	n400 ~ c_cloze + (c_cloze || subj)			text_offset=3381; matched_terms=n400,slopes,varying; context_sha256=04635c6336d488d7	direct population/likelihood route when the family and terms are supported	200	unresolved-family	279	synthetic n=12; positive continuous predictors; integer groups; family-valid outcome
unverifiable	not-run	family is not explicit or defensibly inferred	https://bruno.nicenboim.me/bayescogsci/	Cited book root exposes navigation/TOC text but no stable row-level formula anchor; term overlap is insufficient.	unverifiable	unresolved	ordinary_brm	164	CatalogServer_default_unsubstantiated			gaussian	renderer-default-unsubstantiated; semantic family unresolved		insufficient_root_page_terms:1/3	not-probed		not_claimed					no executable descriptor until translation is resolved	unresolved-family	0da3ad5098c1564dc496c72497e159de860a3987c94ab887a5f4f2dada80a1c6	vasishth	scripts/examples/vasishth.jl	true	vasishth:n400_corr	not-run	not-run	n400		unresolved-family		name_or_key_present	reachable-data-or-description	not-run	false	not-run	false	not-run			N400 EEG — Correlated Varying Slopes	n400 ~ c_cloze + (c_cloze | subj)	not-run	SbPMX origin/main@a8fd3c02e1e2305683a56c91384701bfeba6b528:design/{ASKS.md,SbPMX.jl,mock_runtime.jl},compat/check-semantic-model-pipeline.jl		2026-07-28T21:07:08.657145+00:00	n400_corr	true		not-run	family is not explicit or defensibly inferred	not-probed	not-run	unresolved-family	https://bruno.nicenboim.me/bayescogsci/	@options + option_domain/option_records + semantic_card under semantic_app	cited_project_author_publisher_surface	https://osf.io/q7dsk/?action=download	05c3f465e7987e8d7caa7e214fedddd90415a922	n400 ~ c_cloze + (c_cloze | subj)			text_offset=3381; matched_terms=correlated,n400,slopes,varying; context_sha256=04635c6336d488d7	direct population/likelihood route when the family and terms are supported	200	unresolved-family	280	synthetic n=12; positive continuous predictors; integer groups; family-valid outcome
unverifiable	not-run	family is not explicit or defensibly inferred	https://bruno.nicenboim.me/bayescogsci/	Cited book root exposes navigation/TOC text but no stable row-level formula anchor; term overlap is insufficient.	unverifiable	unresolved	ordinary_brm	181	CatalogServer_default_unsubstantiated			gaussian	renderer-default-unsubstantiated; semantic family unresolved		insufficient_root_page_terms:2/4	not-probed		not_claimed					no executable descriptor until translation is resolved	unresolved-family	0da3ad5098c1564dc496c72497e159de860a3987c94ab887a5f4f2dada80a1c6	vasishth	scripts/examples/vasishth.jl	true	vasishth:n400_crossed	not-run	not-run	n400		unresolved-family		name_or_key_present	reachable-data-or-description	not-run	false	not-run	false	not-run			N400 EEG — Crossed Random Effects	n400 ~ c_cloze + (c_cloze | subj) + (c_cloze | item)	not-run	SbPMX origin/main@a8fd3c02e1e2305683a56c91384701bfeba6b528:design/{ASKS.md,SbPMX.jl,mock_runtime.jl},compat/check-semantic-model-pipeline.jl		2026-07-28T21:07:08.657145+00:00	n400_crossed	true		not-run	family is not explicit or defensibly inferred	not-probed	not-run	unresolved-family	https://bruno.nicenboim.me/bayescogsci/	@options + option_domain/option_records + semantic_card under semantic_app	cited_project_author_publisher_surface	https://osf.io/q7dsk/?action=download	05c3f465e7987e8d7caa7e214fedddd90415a922	n400 ~ c_cloze + (c_cloze | subj) + (c_cloze | item)			text_offset=3381; matched_terms=item,n400; context_sha256=04635c6336d488d7	direct population/likelihood route when the family and terms are supported	200	unresolved-family	281	synthetic n=12; positive continuous predictors; integer groups; family-valid outcome
unverifiable	not-run	family is not explicit or defensibly inferred	https://bruno.nicenboim.me/bayescogsci/	Cited book root exposes navigation/TOC text but no stable row-level formula anchor; term overlap is insufficient.	unverifiable	unresolved	ordinary_brm	197	CatalogServer_default_unsubstantiated			gaussian	renderer-default-unsubstantiated; semantic family unresolved		insufficient_root_page_terms:2/4	not-probed		not_claimed					no executable descriptor until translation is resolved	unresolved-family	0da3ad5098c1564dc496c72497e159de860a3987c94ab887a5f4f2dada80a1c6	vasishth	scripts/examples/vasishth.jl	true	vasishth:n400_distr	not-run	not-run	n400		unresolved-family		name_or_key_present	reachable-data-or-description	not-run	false	not-run	false	not-run			N400 EEG — Distributional Model for Sigma	bf(n400 ~ c_cloze + (c_cloze | subj) + (c_cloze | item), sigma ~ 1 + (1 | subj))	not-run	SbPMX origin/main@a8fd3c02e1e2305683a56c91384701bfeba6b528:design/{ASKS.md,SbPMX.jl,mock_runtime.jl},compat/check-semantic-model-pipeline.jl		2026-07-28T21:07:08.657145+00:00	n400_distr	true		not-run	family is not explicit or defensibly inferred	not-probed	not-run	unresolved-family	https://bruno.nicenboim.me/bayescogsci/	@options + option_domain/option_records + semantic_card under semantic_app	cited_project_author_publisher_surface	https://osf.io/q7dsk/?action=download	05c3f465e7987e8d7caa7e214fedddd90415a922	bf(n400 ~ c_cloze + (c_cloze | subj) + (c_cloze | item), sigma ~ 1 + (1 | subj))			text_offset=3381; matched_terms=distributional,item,n400; context_sha256=04635c6336d488d7	direct population/likelihood route when the family and terms are supported	200	unresolved-family	282	synthetic n=12; positive continuous predictors; integer groups; family-valid outcome
unverifiable	not-run	explicit LogNormal likelihood	https://bruno.nicenboim.me/bayescogsci/	Cited book root exposes navigation/TOC text but no stable row-level formula anchor; term overlap is insufficient.	unverifiable	inferred-from-name	ordinary_brm	240	CatalogServer_default_unsubstantiated	af4e1acbcd0544bb	566	gaussian	renderer-default-contradicts semantic inference	-12.875312807727603	insufficient_root_page_terms:0/2	not-probed	56b4eca2cedb43f00b82bff3ee2179cfd6a221306153d1365eb7f340b936463c	not_claimed	6				authoritative brm_descriptor/brm_execute; experimental SbPMX semantic_app mount adapter	ready	0da3ad5098c1564dc496c72497e159de860a3987c94ab887a5f4f2dada80a1c6	vasishth	scripts/examples/vasishth.jl	true	vasishth:stroop	pass	pass	stroop		unresolved-family		name_or_key_present	reachable-data-or-description	pass	false	pass	false	pass	0eb2a6b71a24bf7b02f46abd5957cbf192a1327b3b9ba5ef47dba5ea256f2f94		Stroop Task — Lognormal Varying-Slopes Model	RT ~ c_cond + (c_cond | subj)	true	SbPMX origin/main@a8fd3c02e1e2305683a56c91384701bfeba6b528:design/{ASKS.md,SbPMX.jl,mock_runtime.jl},compat/check-semantic-model-pipeline.jl		2026-07-28T21:07:08.657145+00:00	stroop	true	loc ~ c_cond + (c_cond | subj)\nlog(sigma) ~ 1\nRT ~ LogNormal(loc, sigma)	pass	family is not explicit or defensibly inferred	direct	pass	unresolved-family	https://bruno.nicenboim.me/bayescogsci/	@options + option_domain/option_records + semantic_card under semantic_app	cited_project_author_publisher_surface	https://osf.io/n8xa7/?action=download	05c3f465e7987e8d7caa7e214fedddd90415a922	RT ~ c_cond + (c_cond | subj)		lognormal	text_offset=3811; matched_terms=slopes,stroop,varying; context_sha256=a06edce566caf0d3	direct population/likelihood route when the family and terms are supported	200	bridgestan-finite-density-gradient	283	synthetic n=12; positive continuous predictors; integer groups; family-valid outcome
unverifiable	not-run	family is not explicit or defensibly inferred	https://bruno.nicenboim.me/bayescogsci/	Cited book root exposes navigation/TOC text but no stable row-level formula anchor; term overlap is insufficient.	unverifiable	unresolved	ordinary_brm	281	CatalogServer_default_unsubstantiated			gaussian	renderer-default-unsubstantiated; semantic family unresolved		insufficient_root_page_terms:0/1	not-probed		not_claimed					no executable descriptor until translation is resolved	unresolved-family	0da3ad5098c1564dc496c72497e159de860a3987c94ab887a5f4f2dada80a1c6	vasishth	scripts/examples/vasishth.jl	true	vasishth:pooling_partial	not-run	not-run	pooling		unresolved-family		name_or_key_present	synthetic-no-external-receipt	not-run	false	not-run	false	not-run			Hierarchical Pooling — Partial Pooling	y ~ 1 + (1 | subj)	not-run	SbPMX origin/main@a8fd3c02e1e2305683a56c91384701bfeba6b528:design/{ASKS.md,SbPMX.jl,mock_runtime.jl},compat/check-semantic-model-pipeline.jl		2026-07-28T21:07:08.657145+00:00	pooling_partial	true		not-run	family is not explicit or defensibly inferred	not-probed	not-run	unresolved-family	https://bruno.nicenboim.me/bayescogsci/	@options + option_domain/option_records + semantic_card under semantic_app	cited_project_author_publisher_surface	synthetic	05c3f465e7987e8d7caa7e214fedddd90415a922	y ~ 1 + (1 | subj)			text_offset=3408; matched_terms=hierarchical,pooling; context_sha256=6e18afc0025cec7b	direct population/likelihood route when the family and terms are supported	200	unresolved-family	284	synthetic n=12; positive continuous predictors; integer groups; family-valid outcome
unverifiable	not-run	family is not explicit or defensibly inferred	https://bruno.nicenboim.me/bayescogsci/	Cited book root exposes navigation/TOC text but no stable row-level formula anchor; term overlap is insufficient.	unverifiable	unresolved	ordinary_brm	297	CatalogServer_default_unsubstantiated			gaussian	renderer-default-unsubstantiated; semantic family unresolved		insufficient_root_page_terms:0/0	not-probed		not_claimed					no executable descriptor until translation is resolved	unresolved-family	0da3ad5098c1564dc496c72497e159de860a3987c94ab887a5f4f2dada80a1c6	vasishth	scripts/examples/vasishth.jl	true	vasishth:pooling_complete	not-run	not-run	pooling		unresolved-family		name_or_key_present	synthetic-no-external-receipt	not-run	false	not-run	false	not-run			Hierarchical Pooling — Complete Pooling	y ~ 1	not-run	SbPMX origin/main@a8fd3c02e1e2305683a56c91384701bfeba6b528:design/{ASKS.md,SbPMX.jl,mock_runtime.jl},compat/check-semantic-model-pipeline.jl		2026-07-28T21:07:08.657145+00:00	pooling_complete	true		not-run	family is not explicit or defensibly inferred	not-probed	not-run	unresolved-family	https://bruno.nicenboim.me/bayescogsci/	@options + option_domain/option_records + semantic_card under semantic_app	cited_project_author_publisher_surface	synthetic	05c3f465e7987e8d7caa7e214fedddd90415a922	y ~ 1			text_offset=3408; matched_terms=complete,hierarchical,pooling; context_sha256=6e18afc0025cec7b	direct population/likelihood route when the family and terms are supported	200	unresolved-family	285	synthetic n=12; positive continuous predictors; integer groups; family-valid outcome
unverifiable	not-run	family is not explicit or defensibly inferred	https://bruno.nicenboim.me/bayescogsci/	Cited book root exposes navigation/TOC text but no stable row-level formula anchor; term overlap is insufficient.	unverifiable	unresolved	ordinary_brm	313	CatalogServer_default_unsubstantiated			gaussian	renderer-default-unsubstantiated; semantic family unresolved		insufficient_root_page_terms:1/2	not-probed		not_claimed					no executable descriptor until translation is resolved	unresolved-family	0da3ad5098c1564dc496c72497e159de860a3987c94ab887a5f4f2dada80a1c6	vasishth	scripts/examples/vasishth.jl	true	vasishth:pooling_none	not-run	not-run	pooling		unresolved-family		name_or_key_present	synthetic-no-external-receipt	not-run	false	not-run	false	not-run			Hierarchical Pooling — No Pooling	y ~ 0 + factor(subj)	not-run	SbPMX origin/main@a8fd3c02e1e2305683a56c91384701bfeba6b528:design/{ASKS.md,SbPMX.jl,mock_runtime.jl},compat/check-semantic-model-pipeline.jl		2026-07-28T21:07:08.657145+00:00	pooling_none	true		not-run	family is not explicit or defensibly inferred	not-probed	not-run	unresolved-family	https://bruno.nicenboim.me/bayescogsci/	@options + option_domain/option_records + semantic_card under semantic_app	cited_project_author_publisher_surface	synthetic	05c3f465e7987e8d7caa7e214fedddd90415a922	y ~ 0 + factor(subj)			text_offset=3408; matched_terms=factor,hierarchical,pooling; context_sha256=6e18afc0025cec7b	direct population/likelihood route when the family and terms are supported	200	unresolved-family	286	synthetic n=12; positive continuous predictors; integer groups; family-valid outcome
unverifiable	not-run	family is not explicit or defensibly inferred	https://bruno.nicenboim.me/bayescogsci/	Cited book root exposes navigation/TOC text but no stable row-level formula anchor; term overlap is insufficient.	unverifiable	unresolved	ordinary_brm	350	CatalogServer_default_unsubstantiated			gaussian	renderer-default-unsubstantiated; semantic family unresolved		insufficient_root_page_terms:0/0	not-probed		not_claimed					no executable descriptor until translation is resolved	unresolved-family	0da3ad5098c1564dc496c72497e159de860a3987c94ab887a5f4f2dada80a1c6	vasishth	scripts/examples/vasishth.jl	true	vasishth:contrasts1_treatment	not-run	not-run	contrasts1		unresolved-family		name_or_key_present	synthetic-no-external-receipt	not-run	false	not-run	false	not-run			Contrast Coding — Treatment Contrast	DV ~ F	not-run	SbPMX origin/main@a8fd3c02e1e2305683a56c91384701bfeba6b528:design/{ASKS.md,SbPMX.jl,mock_runtime.jl},compat/check-semantic-model-pipeline.jl		2026-07-28T21:07:08.657145+00:00	contrasts1_treatment	true		not-run	family is not explicit or defensibly inferred	not-probed	not-run	unresolved-family	https://bruno.nicenboim.me/bayescogsci/	@options + option_domain/option_records + semantic_card under semantic_app	cited_project_author_publisher_surface	synthetic	05c3f465e7987e8d7caa7e214fedddd90415a922	DV ~ F			text_offset=3994; matched_terms=coding,contrast,treatment; context_sha256=35c65b83c306ef95	direct population/likelihood route when the family and terms are supported	200	unresolved-family	287	synthetic n=12; positive continuous predictors; integer groups; family-valid outcome
unverifiable	not-run	family is not explicit or defensibly inferred	https://bruno.nicenboim.me/bayescogsci/	Cited book root exposes navigation/TOC text but no stable row-level formula anchor; term overlap is insufficient.	unverifiable	unresolved	ordinary_brm	366	CatalogServer_default_unsubstantiated			gaussian	renderer-default-unsubstantiated; semantic family unresolved		insufficient_root_page_terms:0/0	not-probed		not_claimed					no executable descriptor until translation is resolved	unresolved-family	0da3ad5098c1564dc496c72497e159de860a3987c94ab887a5f4f2dada80a1c6	vasishth	scripts/examples/vasishth.jl	true	vasishth:contrasts1_cellmeans	not-run	not-run	contrasts1		unresolved-family		name_or_key_present	synthetic-no-external-receipt	not-run	false	not-run	false	not-run			Contrast Coding — Cell-Means Parameterization	DV ~ -1 + F	not-run	SbPMX origin/main@a8fd3c02e1e2305683a56c91384701bfeba6b528:design/{ASKS.md,SbPMX.jl,mock_runtime.jl},compat/check-semantic-model-pipeline.jl		2026-07-28T21:07:08.657145+00:00	contrasts1_cellmeans	true		not-run	family is not explicit or defensibly inferred	not-probed	not-run	unresolved-family	https://bruno.nicenboim.me/bayescogsci/	@options + option_domain/option_records + semantic_card under semantic_app	cited_project_author_publisher_surface	synthetic	05c3f465e7987e8d7caa7e214fedddd90415a922	DV ~ -1 + F			text_offset=3994; matched_terms=cell,coding,contrast,means,parameterization; context_sha256=35c65b83c306ef95	direct population/likelihood route when the family and terms are supported	200	unresolved-family	288	synthetic n=12; positive continuous predictors; integer groups; family-valid outcome
unverifiable	not-run	family is not explicit or defensibly inferred	https://bruno.nicenboim.me/bayescogsci/	Cited book root exposes navigation/TOC text but no stable row-level formula anchor; term overlap is insufficient.	unverifiable	unresolved	ordinary_brm	382	CatalogServer_default_unsubstantiated			gaussian	renderer-default-unsubstantiated; semantic family unresolved		insufficient_root_page_terms:0/0	not-probed		not_claimed					no executable descriptor until translation is resolved	unresolved-family	0da3ad5098c1564dc496c72497e159de860a3987c94ab887a5f4f2dada80a1c6	vasishth	scripts/examples/vasishth.jl	true	vasishth:contrasts1_monotonic	not-run	not-run	contrasts1		unresolved-family		name_or_key_present	synthetic-no-external-receipt	not-run	false	not-run	false	not-run			Contrast Coding — Monotonic Effect	DV ~ 1 + mo(F)	not-run	SbPMX origin/main@a8fd3c02e1e2305683a56c91384701bfeba6b528:design/{ASKS.md,SbPMX.jl,mock_runtime.jl},compat/check-semantic-model-pipeline.jl		2026-07-28T21:07:08.657145+00:00	contrasts1_monotonic	true		not-run	family is not explicit or defensibly inferred	not-probed	not-run	unresolved-family	https://bruno.nicenboim.me/bayescogsci/	@options + option_domain/option_records + semantic_card under semantic_app	cited_project_author_publisher_surface	synthetic	05c3f465e7987e8d7caa7e214fedddd90415a922	DV ~ 1 + mo(F)			text_offset=3994; matched_terms=coding,contrast,effect,monotonic; context_sha256=35c65b83c306ef95	direct population/likelihood route when the family and terms are supported	200	unresolved-family	289	synthetic n=12; positive continuous predictors; integer groups; family-valid outcome
unverifiable	not-run	family is not explicit or defensibly inferred	https://bruno.nicenboim.me/bayescogsci/	Cited book root exposes navigation/TOC text but no stable row-level formula anchor; term overlap is insufficient.	unverifiable	unresolved	ordinary_brm	423	CatalogServer_default_unsubstantiated			gaussian	renderer-default-unsubstantiated; semantic family unresolved		insufficient_root_page_terms:0/0	not-probed		not_claimed					no executable descriptor until translation is resolved	unresolved-family	0da3ad5098c1564dc496c72497e159de860a3987c94ab887a5f4f2dada80a1c6	vasishth	scripts/examples/vasishth.jl	true	vasishth:contrasts2x2_factorial	not-run	not-run	contrasts2x2		unresolved-family		name_or_key_present	synthetic-no-external-receipt	not-run	false	not-run	false	not-run			2×2 Factorial — Full Factorial Model	DV ~ A * B	not-run	SbPMX origin/main@a8fd3c02e1e2305683a56c91384701bfeba6b528:design/{ASKS.md,SbPMX.jl,mock_runtime.jl},compat/check-semantic-model-pipeline.jl		2026-07-28T21:07:08.657145+00:00	contrasts2x2_factorial	true		not-run	family is not explicit or defensibly inferred	not-probed	not-run	unresolved-family	https://bruno.nicenboim.me/bayescogsci/	@options + option_domain/option_records + semantic_card under semantic_app	cited_project_author_publisher_surface	synthetic	05c3f465e7987e8d7caa7e214fedddd90415a922	DV ~ A * B			text_offset=4965; matched_terms=factorial; context_sha256=16820ec92d1e4218	direct population/likelihood route when the family and terms are supported	200	unresolved-family	290	synthetic n=12; positive continuous predictors; integer groups; family-valid outcome
unverifiable	not-run	family is not explicit or defensibly inferred	https://bruno.nicenboim.me/bayescogsci/	Cited book root exposes navigation/TOC text but no stable row-level formula anchor; term overlap is insufficient.	unverifiable	unresolved	ordinary_brm	439	CatalogServer_default_unsubstantiated			gaussian	renderer-default-unsubstantiated; semantic family unresolved		insufficient_root_page_terms:0/0	not-probed		not_claimed					no executable descriptor until translation is resolved	unresolved-family	0da3ad5098c1564dc496c72497e159de860a3987c94ab887a5f4f2dada80a1c6	vasishth	scripts/examples/vasishth.jl	true	vasishth:contrasts2x2_nested	not-run	not-run	contrasts2x2		unresolved-family		name_or_key_present	synthetic-no-external-receipt	not-run	false	not-run	false	not-run			2×2 Factorial — Nested Model	DV ~ B / A	not-run	SbPMX origin/main@a8fd3c02e1e2305683a56c91384701bfeba6b528:design/{ASKS.md,SbPMX.jl,mock_runtime.jl},compat/check-semantic-model-pipeline.jl		2026-07-28T21:07:08.657145+00:00	contrasts2x2_nested	true		not-run	family is not explicit or defensibly inferred	not-probed	not-run	unresolved-family	https://bruno.nicenboim.me/bayescogsci/	@options + option_domain/option_records + semantic_card under semantic_app	cited_project_author_publisher_surface	synthetic	05c3f465e7987e8d7caa7e214fedddd90415a922	DV ~ B / A			text_offset=4965; matched_terms=factorial,nested; context_sha256=16820ec92d1e4218	direct population/likelihood route when the family and terms are supported	200	unresolved-family	291	synthetic n=12; positive continuous predictors; integer groups; family-valid outcome
unverifiable	not-run	explicit Bernoulli-logit likelihood	https://bruno.nicenboim.me/bayescogsci/	Cited book root exposes navigation/TOC text but no stable row-level formula anchor; term overlap is insufficient.	unverifiable	inferred-from-name	ordinary_brm	455	CatalogServer_default_unsubstantiated	f143101afec00d48	584	gaussian	renderer-default-contradicts semantic inference	-8.317766166719343	insufficient_root_page_terms:0/1	not-probed	def04d80b90d2d2e8c5814760642c12b80ba15c227393f5688a3394dfbe2f5de	not_claimed	3				authoritative brm_descriptor/brm_execute; experimental SbPMX semantic_app mount adapter	ready	0da3ad5098c1564dc496c72497e159de860a3987c94ab887a5f4f2dada80a1c6	vasishth	scripts/examples/vasishth.jl	true	vasishth:contrasts2x2_logistic	pass	pass	contrasts2x2		unresolved-family		name_or_key_present	synthetic-no-external-receipt	pass	false	pass	false	pass	c93db3090ff854c23d7c9217630b732ea0699203347ed5a45f93118d8b76a002		2×2 Factorial — Logistic Regression	pDV ~ A * B	true	SbPMX origin/main@a8fd3c02e1e2305683a56c91384701bfeba6b528:design/{ASKS.md,SbPMX.jl,mock_runtime.jl},compat/check-semantic-model-pipeline.jl		2026-07-28T21:07:08.657145+00:00	contrasts2x2_logistic	true	log_odds ~ A + B + (A & B)\npDV ~ BernoulliLogit(log_odds)	pass	family is not explicit or defensibly inferred	direct	pass	unresolved-family	https://bruno.nicenboim.me/bayescogsci/	@options + option_domain/option_records + semantic_card under semantic_app	cited_project_author_publisher_surface	synthetic	05c3f465e7987e8d7caa7e214fedddd90415a922	pDV ~ A * B		bernoulli	text_offset=4965; matched_terms=factorial; context_sha256=16820ec92d1e4218	direct population/likelihood route when the family and terms are supported	200	bridgestan-finite-density-gradient	292	synthetic n=12; positive continuous predictors; integer groups; family-valid outcome
unverifiable	not-run	family is not explicit or defensibly inferred	https://bruno.nicenboim.me/bayescogsci/	Cited book root exposes navigation/TOC text but no stable row-level formula anchor; term overlap is insufficient.	unverifiable	unresolved	ordinary_brm	499	CatalogServer_default_unsubstantiated			gaussian	renderer-default-unsubstantiated; semantic family unresolved		insufficient_root_page_terms:2/3	not-probed		not_claimed					no executable descriptor until translation is resolved	unresolved-family	0da3ad5098c1564dc496c72497e159de860a3987c94ab887a5f4f2dada80a1c6	vasishth	scripts/examples/vasishth.jl	true	vasishth:meta_sbi	not-run	not-run	meta_sbi		unresolved-family		name_or_key_present	reachable-data-or-description	not-run	false	not-run	false	not-run			Meta-Analysis — Random Effects Model	effect | resp_se(SE, sigma = FALSE) ~ 1 + (1 | study_id)	not-run	SbPMX origin/main@a8fd3c02e1e2305683a56c91384701bfeba6b528:design/{ASKS.md,SbPMX.jl,mock_runtime.jl},compat/check-semantic-model-pipeline.jl		2026-07-28T21:07:08.657145+00:00	meta_sbi	true		not-run	family is not explicit or defensibly inferred	not-probed	not-run	unresolved-family	https://bruno.nicenboim.me/bayescogsci/	@options + option_domain/option_records + semantic_card under semantic_app	cited_project_author_publisher_surface	https://osf.io/du3qp/?action=download	05c3f465e7987e8d7caa7e214fedddd90415a922	effect | resp_se(SE, sigma = FALSE) ~ 1 + (1 | study_id)			text_offset=30; matched_terms=analysis,random; context_sha256=272356c594e5fcad	direct population/likelihood route when the family and terms are supported	200	unresolved-family	293	synthetic n=12; positive continuous predictors; integer groups; family-valid outcome
unverifiable	not-run	explicit Normal likelihood; residual scale estimated on log scale	https://bruno.nicenboim.me/bayescogsci/	Cited book root exposes navigation/TOC text but no stable row-level formula anchor; term overlap is insufficient.	unverifiable	inferred-from-name	ordinary_brm	541	CatalogServer_default_unsubstantiated	5a663465bb9e4d57	588	gaussian	renderer-default-unsubstantiated; inference happens to agree	-7.817384082920588	insufficient_root_page_terms:0/2	not-probed	12670bedfe4057386f930071812f04524a9980a81494ff979c8d5724541ceb5f	not_claimed	2				authoritative brm_descriptor/brm_execute; experimental SbPMX semantic_app mount adapter	ready	0da3ad5098c1564dc496c72497e159de860a3987c94ab887a5f4f2dada80a1c6	vasishth	scripts/examples/vasishth.jl	true	vasishth:indiv_diff_naive	pass	pass	indiv_diff		unresolved-family		name_or_key_present	reachable-data-or-description	pass	false	pass	false	pass	8a20426a8902b0c03fac2fcdd37f802c54bf03465eacffadf153707fefe8acee		Individual Differences — Naive OLS	mean_rspeed ~ c_mean_pcu	true	SbPMX origin/main@a8fd3c02e1e2305683a56c91384701bfeba6b528:design/{ASKS.md,SbPMX.jl,mock_runtime.jl},compat/check-semantic-model-pipeline.jl		2026-07-28T21:07:08.657145+00:00	indiv_diff_naive	true	loc ~ c_mean_pcu\nlog(sigma) ~ 1\nmean_rspeed ~ Normal(loc, sigma)	pass	family is not explicit or defensibly inferred	direct	pass	unresolved-family	https://bruno.nicenboim.me/bayescogsci/	@options + option_domain/option_records + semantic_card under semantic_app	cited_project_author_publisher_surface	https://osf.io/du3qp/?action=download	05c3f465e7987e8d7caa7e214fedddd90415a922	mean_rspeed ~ c_mean_pcu		gaussian	text_offset=7044; matched_terms=individual; context_sha256=5a6aca1b85321831	direct population/likelihood route when the family and terms are supported	200	bridgestan-finite-density-gradient	294	synthetic n=12; positive continuous predictors; integer groups; family-valid outcome
unverifiable	not-run	family is not explicit or defensibly inferred	https://bruno.nicenboim.me/bayescogsci/	Cited book root exposes navigation/TOC text but no stable row-level formula anchor; term overlap is insufficient.	unverifiable	unresolved	ordinary_brm	557	CatalogServer_default_unsubstantiated			gaussian	renderer-default-unsubstantiated; semantic family unresolved		insufficient_root_page_terms:1/5	not-probed		not_claimed					no executable descriptor until translation is resolved	unresolved-family	0da3ad5098c1564dc496c72497e159de860a3987c94ab887a5f4f2dada80a1c6	vasishth	scripts/examples/vasishth.jl	true	vasishth:indiv_diff_me	not-run	not-run	indiv_diff		unresolved-family		name_or_key_present	reachable-data-or-description	not-run	false	not-run	false	not-run			Individual Differences — Measurement Error Model	mean_rspeed | resp_se(se_rspeed, sigma = TRUE) ~ me(c_mean_pcu, se_pcu)	not-run	SbPMX origin/main@a8fd3c02e1e2305683a56c91384701bfeba6b528:design/{ASKS.md,SbPMX.jl,mock_runtime.jl},compat/check-semantic-model-pipeline.jl		2026-07-28T21:07:08.657145+00:00	indiv_diff_me	true		not-run	family is not explicit or defensibly inferred	not-probed	not-run	unresolved-family	https://bruno.nicenboim.me/bayescogsci/	@options + option_domain/option_records + semantic_card under semantic_app	cited_project_author_publisher_surface	https://osf.io/du3qp/?action=download	05c3f465e7987e8d7caa7e214fedddd90415a922	mean_rspeed | resp_se(se_rspeed, sigma = TRUE) ~ me(c_mean_pcu, se_pcu)			text_offset=7044; matched_terms=error,individual,measurement; context_sha256=5a6aca1b85321831	direct population/likelihood route when the family and terms are supported	200	unresolved-family	295	synthetic n=12; positive continuous predictors; integer groups; family-valid outcome
confirmed	not-run	family is not explicit or defensibly inferred	https://venpopov.github.io/bmm/articles/bmm_mixture_models.html	The retrieved official/primary source contains the normalized claimed formula text.	confirmed	unresolved	brm_kernel	64	CatalogServer_default_unsubstantiated			gaussian	renderer-default-unsubstantiated; semantic family unresolved		exact_text_present	not-probed		not_claimed					authoritative kernel-capable BRMDescriptor substrate; row-specific experimental semantic_app adapter required	unresolved-family	94d3dddc560dab3bd667ef9f5925d94c62986d7b1a898be4f936aafc2ea3b780	bmm	scripts/examples/bmm.jl	true	bmm:mixture2p_setsize	not-run	not-run	bays2009_synth		unresolved-family		name_or_key_present	synthetic-no-external-receipt	not-run	false	not-run	false	not-run			Mixture2p — Two-Parameter Mixture Model (Set Size Effects)	thetat ~ 0 + set_size + (0 + set_size | id); kappa ~ 0 + set_size + (0 + set_size | id)	not-run	SbPMX origin/main@a8fd3c02e1e2305683a56c91384701bfeba6b528:design/{ASKS.md,SbPMX.jl,mock_runtime.jl},compat/check-semantic-model-pipeline.jl		2026-07-28T21:07:10.506686+00:00	mixture2p_setsize	true		not-run	family is not explicit or defensibly inferred	not-probed	not-run	unresolved-family	https://venpopov.com/bmm/articles/bmm_mixture_models.html	@options + option_domain/option_records + semantic_card under semantic_app	cited_project_author_publisher_surface	synthetic	05c3f465e7987e8d7caa7e214fedddd90415a922	thetat ~ 0 + set_size + (0 + set_size | id); kappa ~ 0 + set_size + (0 + set_size | id)			text_offset=304; matched_terms=mixture,mixture2p,model,parameter,two; context_sha256=8acdd559218600da	faithful-candidate: group-local measurement-model parameters; likelihood cell still bespoke	200	unresolved-family	296	synthetic n=12; positive continuous predictors; integer groups; family-valid outcome
confirmed	not-run	family is not explicit or defensibly inferred	https://venpopov.github.io/bmm/articles/bmm_mixture_models.html	The retrieved official/primary source contains the normalized claimed formula text.	confirmed	unresolved	brm_kernel	92	CatalogServer_default_unsubstantiated			gaussian	renderer-default-unsubstantiated; semantic family unresolved		exact_text_present	not-probed		not_claimed					authoritative kernel-capable BRMDescriptor substrate; row-specific experimental semantic_app adapter required	unresolved-family	94d3dddc560dab3bd667ef9f5925d94c62986d7b1a898be4f936aafc2ea3b780	bmm	scripts/examples/bmm.jl	true	bmm:mixture3p_setsize	not-run	not-run	bays2009_synth		unresolved-family		name_or_key_present	synthetic-no-external-receipt	not-run	false	not-run	false	not-run			Mixture3p — Three-Parameter Mixture Model (Non-Target Swaps)	thetat ~ 0 + set_size + (0 + set_size | id); thetant ~ 0 + set_size + (0 + set_size | id); kappa ~ 0 + set_size + (0 + set_size | id)	not-run	SbPMX origin/main@a8fd3c02e1e2305683a56c91384701bfeba6b528:design/{ASKS.md,SbPMX.jl,mock_runtime.jl},compat/check-semantic-model-pipeline.jl		2026-07-28T21:07:10.506686+00:00	mixture3p_setsize	true		not-run	family is not explicit or defensibly inferred	not-probed	not-run	unresolved-family	https://venpopov.com/bmm/articles/bmm_mixture_models.html	@options + option_domain/option_records + semantic_card under semantic_app	cited_project_author_publisher_surface	synthetic	05c3f465e7987e8d7caa7e214fedddd90415a922	thetat ~ 0 + set_size + (0 + set_size | id); thetant ~ 0 + set_size + (0 + set_size | id); kappa ~ 0 + set_size + (0 + set_size | id)			text_offset=2056; matched_terms=kappa,mixture3p,non,target; context_sha256=8b6fd683436daffe	faithful-candidate: group-local measurement-model parameters; likelihood cell still bespoke	200	unresolved-family	297	synthetic n=12; positive continuous predictors; integer groups; family-valid outcome
confirmed	not-run	family is not explicit or defensibly inferred	https://venpopov.github.io/bmm/articles/bmm_sdm_simple.html	The retrieved official/primary source contains the normalized claimed formula text.	confirmed	unresolved	brm_kernel	149	CatalogServer_default_unsubstantiated			gaussian	renderer-default-unsubstantiated; semantic family unresolved		exact_text_present	not-probed		not_claimed					authoritative kernel-capable BRMDescriptor substrate; row-specific experimental semantic_app adapter required	unresolved-family	ad66d7e4537a123137fbcb012c1f1e98fe0581e873b6be86bc91e171c347dcb1	bmm	scripts/examples/bmm.jl	true	bmm:sdm_condition	not-run	not-run	sdm_synth		unresolved-family		name_or_key_present	synthetic-no-external-receipt	not-run	false	not-run	false	not-run			SDM — Signal Discrimination Model (Condition Effects)	c ~ 0 + cond; kappa ~ 0 + cond	not-run	SbPMX origin/main@a8fd3c02e1e2305683a56c91384701bfeba6b528:design/{ASKS.md,SbPMX.jl,mock_runtime.jl},compat/check-semantic-model-pipeline.jl		2026-07-28T21:07:10.519856+00:00	sdm_condition	true		not-run	family is not explicit or defensibly inferred	not-probed	not-run	unresolved-family	https://venpopov.com/bmm/articles/bmm_sdm_simple.html	@options + option_domain/option_records + semantic_card under semantic_app	cited_project_author_publisher_surface	synthetic	05c3f465e7987e8d7caa7e214fedddd90415a922	c ~ 0 + cond; kappa ~ 0 + cond			text_offset=33; matched_terms=discrimination,model,sdm,signal; context_sha256=940076ea42039941	faithful-candidate: group-local measurement-model parameters; likelihood cell still bespoke	200	unresolved-family	298	synthetic n=12; positive continuous predictors; integer groups; family-valid outcome
confirmed	not-run	family is not explicit or defensibly inferred	https://venpopov.github.io/bmm/articles/bmm_imm.html	The retrieved official/primary source contains the normalized claimed formula text.	confirmed	unresolved	brm_kernel	219	CatalogServer_default_unsubstantiated			gaussian	renderer-default-unsubstantiated; semantic family unresolved		exact_text_present	not-probed		not_claimed					authoritative kernel-capable BRMDescriptor substrate; row-specific experimental semantic_app adapter required	unresolved-family	c4b15c50ca0952de9e5714c219af342de8836efdea4fc9f802aae0c0bd0fa3e4	bmm	scripts/examples/bmm.jl	true	bmm:imm_full_condition	not-run	not-run	imm_synth		unresolved-family		name_or_key_present	synthetic-no-external-receipt	not-run	false	not-run	false	not-run			IMM Full — Interference Measurement Model (All Four Parameters)	c ~ 0 + cond; a ~ 0 + cond; s ~ 0 + cond; kappa ~ 0 + cond	not-run	SbPMX origin/main@a8fd3c02e1e2305683a56c91384701bfeba6b528:design/{ASKS.md,SbPMX.jl,mock_runtime.jl},compat/check-semantic-model-pipeline.jl		2026-07-28T21:07:10.490475+00:00	imm_full_condition	true		not-run	family is not explicit or defensibly inferred	not-probed	not-run	unresolved-family	https://venpopov.com/bmm/articles/bmm_imm.html	@options + option_domain/option_records + semantic_card under semantic_app	cited_project_author_publisher_surface	synthetic	05c3f465e7987e8d7caa7e214fedddd90415a922	c ~ 0 + cond; a ~ 0 + cond; s ~ 0 + cond; kappa ~ 0 + cond			text_offset=36; matched_terms=imm,interference,measurement,model; context_sha256=e5104adb7999fb04	faithful-candidate: group-local measurement-model parameters; likelihood cell still bespoke	200	unresolved-family	299	synthetic n=12; positive continuous predictors; integer groups; family-valid outcome
adapted-but-defensible	not-run	family is not explicit or defensibly inferred	https://jsocolar.github.io/flocker/articles/flocker_tutorial.html	The tutorial explicitly gives the same occupancy and detection formulas with species-varying coefficients.	confirmed	unresolved	stanblocks_plate	73	CatalogServer_default_unsubstantiated			gaussian	renderer-default-unsubstantiated; semantic family unresolved		partial_semantic_terms:4/5	not-probed		not_claimed					StanBlocks plate substrate; no authoritative BRM descriptor for this row; experimental semantic_app adapter required	unresolved-family	f743402bfca80aa2382ddc6bd3693a28f65d99f81ec0ad82c5ec9f5671151b1d	flocker	scripts/examples/flocker.jl	true	flocker:single_season_repvarying	not-run	not-run	fd_rep_varying		unresolved-family		name_or_key_present	synthetic-no-external-receipt	not-run	false	not-run	true	not-run			Single-Season Occupancy — Multi-Species with Event Covariates	occ: ~ uc1 + (1 + uc1 | species); det: ~ uc1 + ec1 + (1 + uc1 + ec1 | species)	not-run	SbPMX origin/main@a8fd3c02e1e2305683a56c91384701bfeba6b528:design/{ASKS.md,SbPMX.jl,mock_runtime.jl},compat/check-semantic-model-pipeline.jl		2026-07-28T21:07:09.422927+00:00	single_season_repvarying	true		not-run	family is not explicit or defensibly inferred	not-probed	not-run	unresolved-family	https://jsocolar.github.io/flocker/articles/flocker_tutorial.html	@options + option_domain/option_records + semantic_card under semantic_app	cited_project_author_publisher_surface	synthetic	05c3f465e7987e8d7caa7e214fedddd90415a922	occ: ~ uc1 + (1 + uc1 | species); det: ~ uc1 + ec1 + (1 + uc1 + ec1 | species)			flocker tutorial: rep_varying formula block	faithful-candidate: structured latent/time-series cells exceed an ordinary population formula	200	unresolved-family	300	synthetic n=12; positive continuous predictors; integer groups; family-valid outcome
adapted-but-defensible	not-run	family is not explicit or defensibly inferred	https://jsocolar.github.io/flocker/articles/flocker_tutorial.html	The tutorial explicitly gives the same constant-effect occupancy and detection formulas.	confirmed	unresolved	stanblocks_plate	102	CatalogServer_default_unsubstantiated			gaussian	renderer-default-unsubstantiated; semantic family unresolved		partial_semantic_terms:3/4	not-probed		not_claimed					StanBlocks plate substrate; no authoritative BRM descriptor for this row; experimental semantic_app adapter required	unresolved-family	f743402bfca80aa2382ddc6bd3693a28f65d99f81ec0ad82c5ec9f5671151b1d	flocker	scripts/examples/flocker.jl	true	flocker:single_season_repconstant	not-run	not-run	fd_rep_varying		unresolved-family		name_or_key_present	synthetic-no-external-receipt	not-run	false	not-run	true	not-run			Single-Season Occupancy — Multi-Species, No Event Covariates	occ: ~ uc1 + (1 + uc1 | species); det: ~ uc1 + (1 + uc1 | species)	not-run	SbPMX origin/main@a8fd3c02e1e2305683a56c91384701bfeba6b528:design/{ASKS.md,SbPMX.jl,mock_runtime.jl},compat/check-semantic-model-pipeline.jl		2026-07-28T21:07:09.422927+00:00	single_season_repconstant	true		not-run	family is not explicit or defensibly inferred	not-probed	not-run	unresolved-family	https://jsocolar.github.io/flocker/articles/flocker_tutorial.html	@options + option_domain/option_records + semantic_card under semantic_app	cited_project_author_publisher_surface	synthetic	05c3f465e7987e8d7caa7e214fedddd90415a922	occ: ~ uc1 + (1 + uc1 | species); det: ~ uc1 + (1 + uc1 | species)			flocker tutorial: rep_constant formula block	faithful-candidate: structured latent/time-series cells exceed an ordinary population formula	200	unresolved-family	301	synthetic n=12; positive continuous predictors; integer groups; family-valid outcome
adapted-but-defensible	not-run	family is not explicit or defensibly inferred	https://jsocolar.github.io/flocker/articles/flocker_tutorial.html	The tutorial explicitly specifies the same occupancy, detection, colonization, and extinction formulas.	confirmed	unresolved	stanblocks_plate	175	CatalogServer_default_unsubstantiated			gaussian	renderer-default-unsubstantiated; semantic family unresolved		partial_semantic_terms:3/5	not-probed		not_claimed					StanBlocks plate substrate; no authoritative BRM descriptor for this row; experimental semantic_app adapter required	unresolved-family	f743402bfca80aa2382ddc6bd3693a28f65d99f81ec0ad82c5ec9f5671151b1d	flocker	scripts/examples/flocker.jl	true	flocker:colex_explicit	not-run	not-run	fd_multi		unresolved-family		name_or_key_present	synthetic-no-external-receipt	not-run	false	not-run	true	not-run			Colonisation-Extinction — Explicit Initial Occupancy	occ: ~ uc1; det: ~ uc1 + ec1; col: ~ uc1; ex: ~ uc1	not-run	SbPMX origin/main@a8fd3c02e1e2305683a56c91384701bfeba6b528:design/{ASKS.md,SbPMX.jl,mock_runtime.jl},compat/check-semantic-model-pipeline.jl		2026-07-28T21:07:09.422927+00:00	colex_explicit	true		not-run	family is not explicit or defensibly inferred	not-probed	not-run	unresolved-family	https://jsocolar.github.io/flocker/articles/flocker_tutorial.html	@options + option_domain/option_records + semantic_card under semantic_app	cited_project_author_publisher_surface	synthetic	05c3f465e7987e8d7caa7e214fedddd90415a922	occ: ~ uc1; det: ~ uc1 + ec1; col: ~ uc1; ex: ~ uc1			flocker tutorial: multi_colex formula block	faithful-candidate: structured latent/time-series cells exceed an ordinary population formula	200	unresolved-family	302	synthetic n=12; positive continuous predictors; integer groups; family-valid outcome
unverifiable	not-run	family is not explicit or defensibly inferred	https://jsocolar.github.io/flocker/articles/flocker_tutorial.html	Retrieved source does not expose enough formula-specific evidence to confirm or refute the catalog claim conservatively.	unverifiable	unresolved	stanblocks_plate	199	CatalogServer_default_unsubstantiated			gaussian	renderer-default-unsubstantiated; semantic family unresolved		insufficient_terms:2/4	not-probed		not_claimed					StanBlocks plate substrate; no authoritative BRM descriptor for this row; experimental semantic_app adapter required	unresolved-family	f743402bfca80aa2382ddc6bd3693a28f65d99f81ec0ad82c5ec9f5671151b1d	flocker	scripts/examples/flocker.jl	true	flocker:colex_equilibrium	not-run	not-run	fd_multi		unresolved-family		name_or_key_present	synthetic-no-external-receipt	not-run	false	not-run	false	not-run			Colonisation-Extinction — Equilibrium Initial Occupancy	det: ~ uc1 + ec1; col: ~ uc1; ex: ~ uc1	not-run	SbPMX origin/main@a8fd3c02e1e2305683a56c91384701bfeba6b528:design/{ASKS.md,SbPMX.jl,mock_runtime.jl},compat/check-semantic-model-pipeline.jl		2026-07-28T21:07:09.422927+00:00	colex_equilibrium	true		not-run	family is not explicit or defensibly inferred	not-probed	not-run	unresolved-family	https://jsocolar.github.io/flocker/articles/flocker_tutorial.html	@options + option_domain/option_records + semantic_card under semantic_app	cited_project_author_publisher_surface	synthetic	05c3f465e7987e8d7caa7e214fedddd90415a922	det: ~ uc1 + ec1; col: ~ uc1; ex: ~ uc1			text_offset=7618; matched_terms=ec1,extinction,uc1; context_sha256=be85c1023b3b2173	faithful-candidate: structured latent/time-series cells exceed an ordinary population formula	200	unresolved-family	303	synthetic n=12; positive continuous predictors; integer groups; family-valid outcome
unverifiable	not-run	requires a faithful stanblocks_plate implementation; no ordinary-formula substitute	https://jsocolar.github.io/flocker/articles/flocker_tutorial.html	Retrieved source does not expose enough formula-specific evidence to confirm or refute the catalog claim conservatively.	unverifiable	inferred-from-name	stanblocks_plate	221	CatalogServer_default_unsubstantiated			gaussian	renderer-default-contradicts semantic inference		insufficient_terms:2/5	not-probed		not_claimed					StanBlocks plate substrate; no authoritative BRM descriptor for this row; experimental semantic_app adapter required	route-specific	f743402bfca80aa2382ddc6bd3693a28f65d99f81ec0ad82c5ec9f5671151b1d	flocker	scripts/examples/flocker.jl	true	flocker:autologistic_equilibrium	not-run	not-run	fd_multi		unresolved-family		name_or_key_present	synthetic-no-external-receipt	not-run	false	not-run	false	not-run			Autologistic Occupancy — Equilibrium Initial Occupancy	det: ~ uc1 + ec1; col: ~ uc1; auto: ~ 1	not-run	SbPMX origin/main@a8fd3c02e1e2305683a56c91384701bfeba6b528:design/{ASKS.md,SbPMX.jl,mock_runtime.jl},compat/check-semantic-model-pipeline.jl		2026-07-28T21:07:09.422927+00:00	autologistic_equilibrium	true		not-run	family is not explicit or defensibly inferred	not-probed	not-run	unresolved-family	https://jsocolar.github.io/flocker/articles/flocker_tutorial.html	@options + option_domain/option_records + semantic_card under semantic_app	cited_project_author_publisher_surface	synthetic	05c3f465e7987e8d7caa7e214fedddd90415a922	det: ~ uc1 + ec1; col: ~ uc1; auto: ~ 1		bernoulli	text_offset=7618; matched_terms=autologistic,ec1,uc1; context_sha256=be85c1023b3b2173	faithful-candidate: structured latent/time-series cells exceed an ordinary population formula	200	route-specific	304	synthetic n=12; positive continuous predictors; integer groups; family-valid outcome
adapted-but-defensible	not-run	family is not explicit or defensibly inferred	https://jsocolar.github.io/flocker/articles/flocker_tutorial.html	The tutorial explicitly gives the catalog multispecies augmented formulas.	confirmed	unresolved	stanblocks_plate	311	CatalogServer_default_unsubstantiated			gaussian	renderer-default-unsubstantiated; semantic family unresolved		partial_semantic_terms:4/5	not-probed		not_claimed					StanBlocks plate substrate; no authoritative BRM descriptor for this row; experimental semantic_app adapter required	unresolved-family	f743402bfca80aa2382ddc6bd3693a28f65d99f81ec0ad82c5ec9f5671151b1d	flocker	scripts/examples/flocker.jl	true	flocker:augmented_multispecies	not-run	not-run	fd_augmented		unresolved-family		name_or_key_present	synthetic-no-external-receipt	not-run	false	not-run	true	not-run			Data-Augmented Occupancy — Species Richness Estimation	occ: ~ (1 | ff_species); det: ~ uc1 + ec1 + (1 + uc1 + ec1 | ff_species)	not-run	SbPMX origin/main@a8fd3c02e1e2305683a56c91384701bfeba6b528:design/{ASKS.md,SbPMX.jl,mock_runtime.jl},compat/check-semantic-model-pipeline.jl		2026-07-28T21:07:09.422927+00:00	augmented_multispecies	true		not-run	family is not explicit or defensibly inferred	not-probed	not-run	unresolved-family	https://jsocolar.github.io/flocker/articles/flocker_tutorial.html	@options + option_domain/option_records + semantic_card under semantic_app	cited_project_author_publisher_surface	synthetic	05c3f465e7987e8d7caa7e214fedddd90415a922	occ: ~ (1 | ff_species); det: ~ uc1 + ec1 + (1 + uc1 + ec1 | ff_species)			flocker tutorial: augmented multispecies formula block	faithful-candidate: structured latent/time-series cells exceed an ordinary population formula	200	unresolved-family	305	synthetic n=12; positive continuous predictors; integer groups; family-valid outcome
confirmed	not-run	requires a faithful stanblocks_plate implementation; no ordinary-formula substitute	https://nicholasjclark.github.io/mvgam/articles/mvgam_overview.html	The retrieved official/primary source contains the normalized claimed formula text.	confirmed	inferred-from-name	stanblocks_plate	83	CatalogServer_default_unsubstantiated			gaussian	renderer-default-contradicts semantic inference		exact_text_present	not-probed		not_claimed					StanBlocks plate substrate; no authoritative BRM descriptor for this row; experimental semantic_app adapter required	route-specific	b0b7617d9d0a07e1786a4166f73f1f08e3c82f87c9be1982807d68bb50e78cde	mvgam	scripts/examples/mvgam.jl	true	mvgam:portal_glm_re	not-run	not-run	portal_synth		unresolved-family		name_or_key_present	synthetic-no-external-receipt	not-run	false	not-run	false	not-run			Poisson GLM — Hierarchical Year Random Effects	count ~ s(year_fac, bs = "re") - 1	not-run	SbPMX origin/main@a8fd3c02e1e2305683a56c91384701bfeba6b528:design/{ASKS.md,SbPMX.jl,mock_runtime.jl},compat/check-semantic-model-pipeline.jl		2026-07-28T21:07:09.793350+00:00	portal_glm_re	true		not-run	family is not explicit or defensibly inferred	not-probed	not-run	unresolved-family	https://nicholasjclark.github.io/mvgam/articles/mvgam_overview.html	@options + option_domain/option_records + semantic_card under semantic_app	cited_project_author_publisher_surface	synthetic	05c3f465e7987e8d7caa7e214fedddd90415a922	count ~ s(year_fac, bs = "re") - 1		poisson	text_offset=5761; matched_terms=count,random; context_sha256=21c5491f0e6c04ee	faithful-candidate: structured latent/time-series cells exceed an ordinary population formula	200	route-specific	306	synthetic n=12; positive continuous predictors; integer groups; family-valid outcome
adapted-but-defensible	not-run	requires a faithful stanblocks_plate implementation; no ordinary-formula substitute	https://nicholasjclark.github.io/mvgam/articles/mvgam_overview.html	The source puts s(ndvi_ma12, k=6) in the observation formula and adds an AR latent residual. The catalog moves the NDVI smooth into trend_formula and makes the observation formula intercept-only.	mismatch	inferred-from-name	stanblocks_plate	103	CatalogServer_default_unsubstantiated			gaussian	renderer-default-contradicts semantic inference		partial_semantic_terms:3/4	not-probed		not_claimed					StanBlocks plate substrate; no authoritative BRM descriptor for this row; experimental semantic_app adapter required	route-specific	b0b7617d9d0a07e1786a4166f73f1f08e3c82f87c9be1982807d68bb50e78cde	mvgam	scripts/examples/mvgam.jl	true	mvgam:portal_ar_ndvi	not-run	not-run	portal_synth		unresolved-family		name_or_key_present	synthetic-no-external-receipt	not-run	false	not-run	true	not-run			Poisson GAM — NDVI Smooth + AR(1) Latent Trend	obs: count ~ 1 | trend: ~ s(ndvi_ma12, k = 6) [AR()]	not-run	SbPMX origin/main@a8fd3c02e1e2305683a56c91384701bfeba6b528:design/{ASKS.md,SbPMX.jl,mock_runtime.jl},compat/check-semantic-model-pipeline.jl		2026-07-28T21:07:09.793350+00:00	portal_ar_ndvi	true		not-run	family is not explicit or defensibly inferred	not-probed	not-run	unresolved-family	https://nicholasjclark.github.io/mvgam/articles/mvgam_overview.html	@options + option_domain/option_records + semantic_card under semantic_app	cited_project_author_publisher_surface	synthetic	05c3f465e7987e8d7caa7e214fedddd90415a922	obs: count ~ 1 | trend: ~ s(ndvi_ma12, k = 6) [AR()]	Use count ~ s(ndvi_ma12, k = 6) with trend_model = AR() for the cited model.	poisson	mvgam_overview HTML lines 1440-1465 (model4)	faithful-candidate: structured latent/time-series cells exceed an ordinary population formula	200	route-specific	307	synthetic n=12; positive continuous predictors; integer groups; family-valid outcome
adapted-but-defensible	not-run	family is not explicit or defensibly inferred	https://nicholasjclark.github.io/mvgam/articles/shared_states.html	The source example has three simulated series, maps only the first two to one shared trend, and uses k=6. The catalog claims five species all sharing one trend and changes k to 8.	mismatch	unresolved	stanblocks_plate	351	CatalogServer_default_unsubstantiated			gaussian	renderer-default-unsubstantiated; semantic family unresolved		partial_semantic_terms:3/5	not-probed		not_claimed					StanBlocks plate substrate; no authoritative BRM descriptor for this row; experimental semantic_app adapter required	unresolved-family	7dc2a5989b77c6ee638afbfd95d3e46c2b4a49d76c92b10f7e757e440fae266f	mvgam	scripts/examples/mvgam.jl	true	mvgam:portal_shared_trend	not-run	not-run	portal_synth		unresolved-family		name_or_key_present	synthetic-no-external-receipt	not-run	false	not-run	true	not-run			Shared Latent Trend — Multi-Series Seasonal AR(1)	obs: count ~ series - 1 | trend: ~ s(season, bs = "cc", k = 8) [AR()]	not-run	SbPMX origin/main@a8fd3c02e1e2305683a56c91384701bfeba6b528:design/{ASKS.md,SbPMX.jl,mock_runtime.jl},compat/check-semantic-model-pipeline.jl		2026-07-28T21:07:09.796581+00:00	portal_shared_trend	true		not-run	family is not explicit or defensibly inferred	not-probed	not-run	unresolved-family	https://nicholasjclark.github.io/mvgam/articles/shared_states.html	@options + option_domain/option_records + semantic_card under semantic_app	cited_project_author_publisher_surface	synthetic	05c3f465e7987e8d7caa7e214fedddd90415a922	obs: count ~ series - 1 | trend: ~ s(season, bs = "cc", k = 8) [AR()]	"Use the page's three-series trend_map and trend_formula ~ s(season, bs=""cc"", k=6), or cite a source for the five-series adaptation."		shared_states HTML lines 118-184 and 334-350	faithful-candidate: structured latent/time-series cells exceed an ordinary population formula	200	unresolved-family	308	synthetic n=12; positive continuous predictors; integer groups; family-valid outcome
adapted-but-defensible	not-run	requires a faithful stanblocks_plate implementation; no ordinary-formula substitute	https://nicholasjclark.github.io/mvgam/articles/trend_formulas.html	The correlated-VAR section uses the same empty observation formula, shared plus trend-specific temperature-by-month tensor smooths, Gaussian family, and VAR(cor=TRUE). The page's forumla label is a presentation typo; its displayed model confirms the intended formula.	confirmed	inferred-from-name	stanblocks_plate	180	CatalogServer_default_unsubstantiated			gaussian	renderer-default-unsubstantiated; inference happens to agree		partial_semantic_terms:6/6	not-probed		not_claimed					StanBlocks plate substrate; no authoritative BRM descriptor for this row; experimental semantic_app adapter required	route-specific	3e9708296a12f3eb1fb9df12772575500b8c554285aa313baf385bffb6ff081f	mvgam	scripts/examples/mvgam.jl	true	mvgam:plankton_var	not-run	not-run	plankton_synth		unresolved-family		name_or_key_present	synthetic-no-external-receipt	not-run	false	not-run	true	not-run			Gaussian VAR — Tensor-Product Environmental Smooths	obs: y ~ -1 | trend: ~ te(temp, month, k = c(4, 4)) + te(temp, month, k = c(4, 4), by = trend) - 1 [VAR(cor = TRUE)]	not-run	SbPMX origin/main@a8fd3c02e1e2305683a56c91384701bfeba6b528:design/{ASKS.md,SbPMX.jl,mock_runtime.jl},compat/check-semantic-model-pipeline.jl		2026-07-28T21:07:09.817308+00:00	plankton_var	true		not-run	family is not explicit or defensibly inferred	not-probed	not-run	unresolved-family	https://nicholasjclark.github.io/mvgam/articles/trend_formulas.html	@options + option_domain/option_records + semantic_card under semantic_app	cited_project_author_publisher_surface	synthetic	05c3f465e7987e8d7caa7e214fedddd90415a922	obs: y ~ -1 | trend: ~ te(temp, month, k = c(4, 4)) + te(temp, month, k = c(4, 4), by = trend) - 1 [VAR(cor = TRUE)]		gaussian	trend_formulas HTML lines 653-667; displayed model lines 484-498	faithful-candidate: structured latent/time-series cells exceed an ordinary population formula	200	route-specific	309	synthetic n=12; positive continuous predictors; integer groups; family-valid outcome
adapted-but-defensible	not-run	family is not explicit or defensibly inferred	https://nicholasjclark.github.io/mvgam/articles/time_varying_effects.html	The source model exactly combines survival ~ 1, dynamic(CUI.apr, k=25, scale=FALSE)-1, AR(), and a beta observation family.	confirmed	unresolved	stanblocks_plate	248	CatalogServer_default_unsubstantiated			gaussian	renderer-default-unsubstantiated; semantic family unresolved		partial_semantic_terms:6/7	not-probed		not_claimed					StanBlocks plate substrate; no authoritative BRM descriptor for this row; experimental semantic_app adapter required	unresolved-family	63fc3eb4b911de31533e6b4fede016e2191ce456e09eda98a23dd2cc32ad3d19	mvgam	scripts/examples/mvgam.jl	true	mvgam:salmon_beta_ar	not-run	not-run	salmon_synth		unresolved-family		name_or_key_present	synthetic-no-external-receipt	not-run	false	not-run	true	not-run			Beta AR(1) — Time-Varying Upwelling Effect on Salmon Survival	obs: survival ~ 1 | trend: ~ dynamic(CUI.apr, k = 25, scale = FALSE) - 1 [AR()]	not-run	SbPMX origin/main@a8fd3c02e1e2305683a56c91384701bfeba6b528:design/{ASKS.md,SbPMX.jl,mock_runtime.jl},compat/check-semantic-model-pipeline.jl		2026-07-28T21:07:09.815158+00:00	salmon_beta_ar	true		not-run	family is not explicit or defensibly inferred	not-probed	not-run	unresolved-family	https://nicholasjclark.github.io/mvgam/articles/time_varying_effects.html	@options + option_domain/option_records + semantic_card under semantic_app	cited_project_author_publisher_surface	synthetic	05c3f465e7987e8d7caa7e214fedddd90415a922	obs: survival ~ 1 | trend: ~ dynamic(CUI.apr, k = 25, scale = FALSE) - 1 [AR()]			time_varying_effects HTML lines 514-531 and 536-549	faithful-candidate: structured latent/time-series cells exceed an ordinary population formula	200	unresolved-family	310	synthetic n=12; positive continuous predictors; integer groups; family-valid outcome
adapted-but-defensible	not-run	family is not explicit or defensibly inferred	https://nicholasjclark.github.io/mvgam/articles/nmixtures.html	The source N-mixture call exactly matches the two smooth detection effects and the smooth plus random-effect abundance submodel.	confirmed	unresolved	stanblocks_plate	323	CatalogServer_default_unsubstantiated			gaussian	renderer-default-unsubstantiated; semantic family unresolved		partial_semantic_terms:7/7	not-probed		not_claimed					StanBlocks plate substrate; no authoritative BRM descriptor for this row; experimental semantic_app adapter required	unresolved-family	761e3c6197d7083c51c85c0e9b77c2af5ce2746c03b0bae9fec9d8c6f2891e81	mvgam	scripts/examples/mvgam.jl	true	mvgam:nmix_detection	not-run	not-run	nmix_synth		unresolved-family		name_or_key_present	synthetic-no-external-receipt	not-run	false	not-run	true	not-run			N-Mixture — Smooth Detection and Abundance Sub-Models	obs: y ~ s(det_cov, k = 4) + s(det_cov2, k = 4) | trend: ~ s(abund_cov, k = 4) + s(abund_fac, bs = "re") [nmix()]	not-run	SbPMX origin/main@a8fd3c02e1e2305683a56c91384701bfeba6b528:design/{ASKS.md,SbPMX.jl,mock_runtime.jl},compat/check-semantic-model-pipeline.jl		2026-07-28T21:07:09.794041+00:00	nmix_detection	true		not-run	family is not explicit or defensibly inferred	not-probed	not-run	unresolved-family	https://nicholasjclark.github.io/mvgam/articles/nmixtures.html	@options + option_domain/option_records + semantic_card under semantic_app	cited_project_author_publisher_surface	synthetic	05c3f465e7987e8d7caa7e214fedddd90415a922	obs: y ~ s(det_cov, k = 4) + s(det_cov2, k = 4) | trend: ~ s(abund_cov, k = 4) + s(abund_fac, bs = "re") [nmix()]			nmixtures: fitted model call containing det_cov, det_cov2, abund_cov, and abund_fac	faithful-candidate: structured latent/time-series cells exceed an ordinary population formula	200	unresolved-family	311	synthetic n=12; positive continuous predictors; integer groups; family-valid outcome
unverifiable	not-run	explicit Normal likelihood; residual scale estimated on log scale	https://cran.r-project.org/web/packages/lme4/vignettes/lmer.pdf	Retrieved source does not expose enough formula-specific evidence to confirm or refute the catalog claim conservatively.	unverifiable	explicit	ordinary_brm	103	explicit_metadata	2452f528381dcb8a	623	gaussian	none	-8.317384082920588	insufficient_terms:0/3	direct	1edfbb7abc19fd827115bbadf4019793a276980bcd69189649d239fdef65dca1	not_observed	6			2452f528381dcb8a	authoritative brm_descriptor/brm_execute; experimental SbPMX semantic_app mount adapter	ready	60474d07bdb3a511f804a6cd2e73494fd8eb5713f532e2382f69c5dea2e8782e	lme4	scripts/examples/lme4.jl	true	lme4:sleepstudy_slope	pass	pass	sleepstudy	loc ~ Days + (Days | Subject)\nlog(sigma) ~ 1\nReaction ~ Normal(loc, sigma)	bridgestan-finite-density-gradient		not_observed	reachable-data-or-description	pass	false	pass	false	pass	10700045c592d160a38026706e4100f7cc13aaf308d1da67b053c48a32bbb51b		Sleep Deprivation — Correlated Random Slopes	Reaction ~ Days + (Days | Subject)	true	SbPMX origin/main@a8fd3c02e1e2305683a56c91384701bfeba6b528:design/{ASKS.md,SbPMX.jl,mock_runtime.jl},compat/check-semantic-model-pipeline.jl	gaussian	2026-07-28T21:07:08.672557+00:00	sleepstudy_slope	true	loc ~ Days + (Days | Subject)\nlog(sigma) ~ 1\nReaction ~ Normal(loc, sigma)	pass	explicit Normal likelihood; residual scale estimated on log scale	inherited-identical-probe	pass	ready	https://cran.r-project.org/web/packages/lme4/vignettes/lmer.pdf	@options + option_domain/option_records + semantic_card under semantic_app	cited_project_author_publisher_surface	https://vincentarelbundock.github.io/Rdatasets/csv/lme4/sleepstudy.csv	05c3f465e7987e8d7caa7e214fedddd90415a922	Reaction ~ Days + (Days | Subject)		gaussian		direct population/likelihood route when the family and terms are supported	200	bridgestan-finite-density-gradient	312	synthetic n=12; positive continuous predictors; integer groups; family-valid outcome
unverifiable	not-run	explicit Normal likelihood; residual scale estimated on log scale	https://cran.r-project.org/web/packages/lme4/vignettes/lmer.pdf	Retrieved source does not expose enough formula-specific evidence to confirm or refute the catalog claim conservatively.	unverifiable	explicit	ordinary_brm	123	explicit_metadata	e23bf57c4cab1c2a	625	gaussian	none	-8.317384082920588	insufficient_terms:0/3	direct	b38209d151d3f5aedf96e2a1ed406226958fdbdea63c726116e9e1e35b994b33	not_observed	6			e23bf57c4cab1c2a	authoritative brm_descriptor/brm_execute; experimental SbPMX semantic_app mount adapter	ready	60474d07bdb3a511f804a6cd2e73494fd8eb5713f532e2382f69c5dea2e8782e	lme4	scripts/examples/lme4.jl	true	lme4:sleepstudy_uncorr	pass	pass	sleepstudy	loc ~ Days + (Days || Subject)\nlog(sigma) ~ 1\nReaction ~ Normal(loc, sigma)	bridgestan-finite-density-gradient		not_observed	reachable-data-or-description	pass	false	pass	false	pass	ced47d65c94052483ac0379c968ca5c5c8de131228fa40c12aecf2bcc064fd0d		Sleep Deprivation — Uncorrelated Random Slopes	Reaction ~ Days + (Days || Subject)	true	SbPMX origin/main@a8fd3c02e1e2305683a56c91384701bfeba6b528:design/{ASKS.md,SbPMX.jl,mock_runtime.jl},compat/check-semantic-model-pipeline.jl	gaussian	2026-07-28T21:07:08.672557+00:00	sleepstudy_uncorr	true	loc ~ Days + (Days || Subject)\nlog(sigma) ~ 1\nReaction ~ Normal(loc, sigma)	pass	explicit Normal likelihood; residual scale estimated on log scale	inherited-identical-probe	pass	ready	https://cran.r-project.org/web/packages/lme4/vignettes/lmer.pdf	@options + option_domain/option_records + semantic_card under semantic_app	cited_project_author_publisher_surface	https://vincentarelbundock.github.io/Rdatasets/csv/lme4/sleepstudy.csv	05c3f465e7987e8d7caa7e214fedddd90415a922	Reaction ~ Days + (Days || Subject)		gaussian		direct population/likelihood route when the family and terms are supported	200	bridgestan-finite-density-gradient	313	synthetic n=12; positive continuous predictors; integer groups; family-valid outcome
unverifiable	not-run	explicit Normal likelihood; residual scale estimated on log scale	https://doi.org/10.18637/jss.v067.i01	Retrieved source does not expose enough formula-specific evidence to confirm or refute the catalog claim conservatively.	unverifiable	explicit	ordinary_brm	144	explicit_metadata	2e57618ea27d703b	627	gaussian	none	-8.47744637392999	insufficient_terms:0/2	direct	797addf7481a8fc4dee4901d773cd11db24d4e81dc913e8b2281f53d0fb6c7b9	not_observed	6			2e57618ea27d703b	authoritative brm_descriptor/brm_execute; experimental SbPMX semantic_app mount adapter	ready	f8896f4f4e07e9374273dc8bf5cf41a2a1b669b105281e393b193e56fcab1f1f	lme4	scripts/examples/lme4.jl	true	lme4:dyestuff_re	pass	pass	dyestuff	loc ~ 1 + (1 | Batch)\nlog(sigma) ~ 1\nYield ~ Normal(loc, sigma)	bridgestan-finite-density-gradient		name_or_key_present	reachable-data-or-description	pass	false	pass	false	pass	af911d285af8ae0f32cb4e093fed059ba6835f79fa3c21d7726a30d994ab6d82		Dyestuff — Minimal Random-Intercept LMM	Yield ~ 1 + (1 | Batch)	true	SbPMX origin/main@a8fd3c02e1e2305683a56c91384701bfeba6b528:design/{ASKS.md,SbPMX.jl,mock_runtime.jl},compat/check-semantic-model-pipeline.jl	gaussian	2026-07-28T21:07:08.675823+00:00	dyestuff_re	true	loc ~ 1 + (1 | Batch)\nlog(sigma) ~ 1\nYield ~ Normal(loc, sigma)	pass	explicit Normal likelihood; residual scale estimated on log scale	inherited-identical-probe	pass	ready	https://www.jstatsoft.org/article/view/v067i01	@options + option_domain/option_records + semantic_card under semantic_app	cited_project_author_publisher_surface	https://vincentarelbundock.github.io/Rdatasets/csv/lme4/Dyestuff.csv	05c3f465e7987e8d7caa7e214fedddd90415a922	Yield ~ 1 + (1 | Batch)		gaussian	text_offset=828; matched_terms=random; context_sha256=d4d494ca9c17b710	direct population/likelihood route when the family and terms are supported	200	bridgestan-finite-density-gradient	314	synthetic n=12; positive continuous predictors; integer groups; family-valid outcome
unverifiable	not-run	trials/cbind response lowered to explicit BinomialLogit	https://doi.org/10.18637/jss.v067.i01	Retrieved source does not expose enough formula-specific evidence to confirm or refute the catalog claim conservatively.	unverifiable	explicit	ordinary_brm	164	explicit_metadata	fa16ba09e8368d26	629	binomial	none	-66.54212933375474	insufficient_terms:0/5	direct	a09d174bf05731c41de06ae135c9cdb5cfcf016224c1be0740b119099c795e2f	not_observed	5			fa16ba09e8368d26	authoritative brm_descriptor/brm_execute; experimental SbPMX semantic_app mount adapter	ready	f8896f4f4e07e9374273dc8bf5cf41a2a1b669b105281e393b193e56fcab1f1f	lme4	scripts/examples/lme4.jl	true	lme4:lme4_cbpp_glmm	pass	pass	lme4_cbpp	log_odds ~ period + (1 | herd)\nincidence ~ BinomialLogit(incidence + size - incidence, log_odds)	bridgestan-finite-density-gradient		name_or_key_present	reachable-data-or-description	pass	false	pass	false	pass	a2995e834297a856c8023d2b6b1d7794a6c4dcfd7e3ccaed2d97201f95d69d92		CBPP — Binomial GLMM (lme4 syntax)	cbind(incidence, size - incidence) ~ period + (1 | herd)	true	SbPMX origin/main@a8fd3c02e1e2305683a56c91384701bfeba6b528:design/{ASKS.md,SbPMX.jl,mock_runtime.jl},compat/check-semantic-model-pipeline.jl	binomial	2026-07-28T21:07:08.675823+00:00	lme4_cbpp_glmm	true	log_odds ~ period + (1 | herd)\nincidence ~ BinomialLogit(incidence + size - incidence, log_odds)	pass	trials/cbind response lowered to explicit BinomialLogit	inherited-identical-probe	pass	ready	https://www.jstatsoft.org/article/view/v067i01	@options + option_domain/option_records + semantic_card under semantic_app	cited_project_author_publisher_surface	https://vincentarelbundock.github.io/Rdatasets/csv/lme4/cbpp.csv	05c3f465e7987e8d7caa7e214fedddd90415a922	cbind(incidence, size - incidence) ~ period + (1 | herd)		binomial	text_offset=42; matched_terms=lme4; context_sha256=730673dc67fbe355	direct population/likelihood route when the family and terms are supported	200	bridgestan-finite-density-gradient	315	synthetic n=12; positive continuous predictors; integer groups; family-valid outcome
unverifiable	not-run	explicit Normal likelihood; residual scale estimated on log scale	https://doi.org/10.18637/jss.v067.i01	Retrieved source does not expose enough formula-specific evidence to confirm or refute the catalog claim conservatively.	unverifiable	explicit	ordinary_brm	187	explicit_metadata	2d6a71b02ebf0946	631	gaussian	none	-8.47744637392999	insufficient_terms:0/3	direct	bfc7e523b5254a4e21b87f537c99f918cd15970a0cd3a489af64b0b27f3c54f8	not_observed	10			2d6a71b02ebf0946	authoritative brm_descriptor/brm_execute; experimental SbPMX semantic_app mount adapter	ready	f8896f4f4e07e9374273dc8bf5cf41a2a1b669b105281e393b193e56fcab1f1f	lme4	scripts/examples/lme4.jl	true	lme4:penicillin_crossed	pass	pass	penicillin	loc ~ 1 + (1 | plate) + (1 | sample)\nlog(sigma) ~ 1\ndiameter ~ Normal(loc, sigma)	bridgestan-finite-density-gradient		name_or_key_present	reachable-data-or-description	pass	false	pass	false	pass	867bdd59c0cb7e32a81524b23e538360ea634a1b95bdb7702d3af8667d651a70		Penicillin — Crossed Random Intercepts	diameter ~ 1 + (1 | plate) + (1 | sample)	true	SbPMX origin/main@a8fd3c02e1e2305683a56c91384701bfeba6b528:design/{ASKS.md,SbPMX.jl,mock_runtime.jl},compat/check-semantic-model-pipeline.jl	gaussian	2026-07-28T21:07:08.675823+00:00	penicillin_crossed	true	loc ~ 1 + (1 | plate) + (1 | sample)\nlog(sigma) ~ 1\ndiameter ~ Normal(loc, sigma)	pass	explicit Normal likelihood; residual scale estimated on log scale	inherited-identical-probe	pass	ready	https://www.jstatsoft.org/article/view/v067i01	@options + option_domain/option_records + semantic_card under semantic_app	cited_project_author_publisher_surface	https://vincentarelbundock.github.io/Rdatasets/csv/lme4/Penicillin.csv	05c3f465e7987e8d7caa7e214fedddd90415a922	diameter ~ 1 + (1 | plate) + (1 | sample)		gaussian	text_offset=828; matched_terms=random; context_sha256=d4d494ca9c17b710	direct population/likelihood route when the family and terms are supported	200	bridgestan-finite-density-gradient	316	synthetic n=12; positive continuous predictors; integer groups; family-valid outcome
unverifiable	not-run	nested/composite grouping factors require an explicit derived group id or reviewed gr(...; by=...) design	https://doi.org/10.18637/jss.v067.i01	Retrieved source does not expose enough formula-specific evidence to confirm or refute the catalog claim conservatively.	unverifiable	explicit	ordinary_brm	207	explicit_metadata			gaussian	none		insufficient_terms:0/3	not-probed		not_observed					no executable descriptor until translation is resolved	unsupported	f8896f4f4e07e9374273dc8bf5cf41a2a1b669b105281e393b193e56fcab1f1f	lme4	scripts/examples/lme4.jl	true	lme4:pastes_nested	not-run	not-run	pastes		unsupported		name_or_key_present	reachable-data-or-description	not-run	false	not-run	false	not-run			Pastes — Nested Random Effects	strength ~ (1 | batch/cask)	not-run	SbPMX origin/main@a8fd3c02e1e2305683a56c91384701bfeba6b528:design/{ASKS.md,SbPMX.jl,mock_runtime.jl},compat/check-semantic-model-pipeline.jl	gaussian	2026-07-28T21:07:08.675823+00:00	pastes_nested	true		not-run	nested/composite grouping factors require an explicit derived group id or reviewed gr(...; by=...) design	not-probed	not-run	unsupported	https://www.jstatsoft.org/article/view/v067i01	@options + option_domain/option_records + semantic_card under semantic_app	cited_project_author_publisher_surface	https://vincentarelbundock.github.io/Rdatasets/csv/lme4/Pastes.csv	05c3f465e7987e8d7caa7e214fedddd90415a922	strength ~ (1 | batch/cask)		gaussian	text_offset=828; matched_terms=random; context_sha256=d4d494ca9c17b710	direct population/likelihood route when the family and terms are supported	200	unsupported	317	synthetic n=12; positive continuous predictors; integer groups; family-valid outcome
unverifiable	not-run	binomial size is absent; refusing to guess Bernoulli versus grouped Binomial	https://doi.org/10.18637/jss.v067.i01	Retrieved source does not expose enough formula-specific evidence to confirm or refute the catalog claim conservatively.	unverifiable	explicit	ordinary_brm	227	explicit_metadata			binomial	none		insufficient_terms:0/5	not-probed		not_observed					no executable descriptor until translation is resolved	unsupported	f8896f4f4e07e9374273dc8bf5cf41a2a1b669b105281e393b193e56fcab1f1f	lme4	scripts/examples/lme4.jl	true	lme4:verbagg_crossed	not-run	not-run	verbagg		unsupported		name_or_key_present	reachable-data-or-description	not-run	false	not-run	false	not-run			Verbal Aggression — Bernoulli GLMM, Crossed Random Effects	r2 ~ Anger + Gender + btype + situ + (1 | id) + (1 | item)	not-run	SbPMX origin/main@a8fd3c02e1e2305683a56c91384701bfeba6b528:design/{ASKS.md,SbPMX.jl,mock_runtime.jl},compat/check-semantic-model-pipeline.jl	binomial	2026-07-28T21:07:08.675823+00:00	verbagg_crossed	true		not-run	binomial size is absent; refusing to guess Bernoulli versus grouped Binomial	not-probed	not-run	unsupported	https://www.jstatsoft.org/article/view/v067i01	@options + option_domain/option_records + semantic_card under semantic_app	cited_project_author_publisher_surface	https://vincentarelbundock.github.io/Rdatasets/csv/lme4/VerbAgg.csv	05c3f465e7987e8d7caa7e214fedddd90415a922	r2 ~ Anger + Gender + btype + situ + (1 | id) + (1 | item)		binomial	text_offset=828; matched_terms=random; context_sha256=d4d494ca9c17b710	direct population/likelihood route when the family and terms are supported	200	unsupported	318	synthetic n=12; positive continuous predictors; integer groups; family-valid outcome
unverifiable	not-run	binomial size is absent; refusing to guess Bernoulli versus grouped Binomial	https://cran.r-project.org/package=lme4	Retrieved source does not expose enough formula-specific evidence to confirm or refute the catalog claim conservatively.	unverifiable	explicit	ordinary_brm	250	explicit_metadata			binomial	none		insufficient_terms:1/5	not-probed		not_observed					no executable descriptor until translation is resolved	unsupported	9b773393d8025ed77ecc71827823f7f2c7414dce9141ddaf1f7d2bf9d2659144	lme4	scripts/examples/lme4.jl	true	lme4:contraception_urban	not-run	not-run	contraception		unsupported		name_or_key_present	reachable-data-or-description	not-run	false	not-run	false	not-run			Contraception — Binomial GLMM with Random Slopes	use ~ age + I(age^2) + livch + urban + (urban | district)	not-run	SbPMX origin/main@a8fd3c02e1e2305683a56c91384701bfeba6b528:design/{ASKS.md,SbPMX.jl,mock_runtime.jl},compat/check-semantic-model-pipeline.jl	binomial	2026-07-28T21:07:08.657201+00:00	contraception_urban	true		not-run	binomial size is absent; refusing to guess Bernoulli versus grouped Binomial	not-probed	not-run	unsupported	https://cran.r-project.org/web/packages/lme4/index.html	@options + option_domain/option_records + semantic_card under semantic_app	cited_project_author_publisher_surface	https://vincentarelbundock.github.io/Rdatasets/csv/mlmRev/Contraception.csv	05c3f465e7987e8d7caa7e214fedddd90415a922	use ~ age + I(age^2) + livch + urban + (urban | district)		binomial	text_offset=6718; matched_terms=use; context_sha256=6e2225a2efaa5227	direct population/likelihood route when the family and terms are supported	200	unsupported	319	synthetic n=12; positive continuous predictors; integer groups; family-valid outcome
confirmed	not-run	explicit Normal likelihood; residual scale estimated on log scale	https://juliastats.org/MixedModels.jl/stable/constructors/	The retrieved official/primary source contains the normalized claimed formula text.	confirmed	explicit	ordinary_brm	93	explicit_metadata	2e57618ea27d703b	627	gaussian	none	-8.47744637392999	exact_text_present	inherited-identical-probe	797addf7481a8fc4dee4901d773cd11db24d4e81dc913e8b2281f53d0fb6c7b9	explicit_token_present	6			2e57618ea27d703b	authoritative brm_descriptor/brm_execute; experimental SbPMX semantic_app mount adapter	ready	0f6390175fa9f0133ae9150f500ce5bdd3ee2e101849b0c5578fc10cbee8284e	mixed_models_jl	scripts/examples/mixed_models_jl.jl	true	mixed_models_jl:dyestuff_re	pass	pass	dyestuff	loc ~ 1 + (1 | Batch)\nlog(sigma) ~ 1\nYield ~ Normal(loc, sigma)	bridgestan-finite-density-gradient		name_or_key_present	reachable-data-or-description	pass	false	pass	false	pass	af911d285af8ae0f32cb4e093fed059ba6835f79fa3c21d7726a30d994ab6d82		Dyestuff — Minimal Random-Intercept LMM	Yield ~ 1 + (1 | Batch)	true	SbPMX origin/main@a8fd3c02e1e2305683a56c91384701bfeba6b528:design/{ASKS.md,SbPMX.jl,mock_runtime.jl},compat/check-semantic-model-pipeline.jl	gaussian	2026-07-28T21:07:09.466472+00:00	dyestuff_re	true	loc ~ 1 + (1 | Batch)\nlog(sigma) ~ 1\nYield ~ Normal(loc, sigma)	pass	explicit Normal likelihood; residual scale estimated on log scale	inherited-identical-probe	pass	ready	https://juliastats.org/MixedModels.jl/stable/constructors/	@options + option_domain/option_records + semantic_card under semantic_app	cited_project_author_publisher_surface	https://vincentarelbundock.github.io/Rdatasets/csv/lme4/Dyestuff.csv	05c3f465e7987e8d7caa7e214fedddd90415a922	Yield ~ 1 + (1 | Batch)		gaussian	text_offset=1500; matched_terms=batch,dyestuff,yield; context_sha256=0bedac9d24450ebf	direct population/likelihood route when the family and terms are supported	200	bridgestan-finite-density-gradient	320	synthetic n=12; positive continuous predictors; integer groups; family-valid outcome
adapted-but-defensible	not-run	explicit Normal likelihood; residual scale estimated on log scale	https://juliastats.org/MixedModels.jl/stable/constructors/	The source fits the same correlated subject intercept/slope model using lowercase MixedModelsDatasets columns; the catalog uses the uppercase names from its cited RDatasets mirror.	adapted-but-defensible	explicit	ordinary_brm	116	explicit_metadata	92b351bc82a93696	641	gaussian	none	-8.817384082920588	partial_semantic_terms:3/3	direct	7e307e49245e8472642f4d2d6c48e8a8535d796f750c3acccc6487abe5b1b358	explicit_token_present	12			92b351bc82a93696	authoritative brm_descriptor/brm_execute; experimental SbPMX semantic_app mount adapter	ready	0f6390175fa9f0133ae9150f500ce5bdd3ee2e101849b0c5578fc10cbee8284e	mixed_models_jl	scripts/examples/mixed_models_jl.jl	true	mixed_models_jl:sleepstudy_slope	pass	pass	sleepstudy	loc ~ 1 + Days + (1 + Days | Subject)\nlog(sigma) ~ 1\nReaction ~ Normal(loc, sigma)	bridgestan-finite-density-gradient		name_or_key_present	reachable-data-or-description	pass	false	pass	true	pass	08d681a280f6f567fe72e25e32f3926851a28395552746a34194f0a4c51c8991		Sleep Deprivation — Correlated Random Slopes	Reaction ~ 1 + Days + (1 + Days | Subject)	true	SbPMX origin/main@a8fd3c02e1e2305683a56c91384701bfeba6b528:design/{ASKS.md,SbPMX.jl,mock_runtime.jl},compat/check-semantic-model-pipeline.jl	gaussian	2026-07-28T21:07:09.466472+00:00	sleepstudy_slope	true	loc ~ 1 + Days + (1 + Days | Subject)\nlog(sigma) ~ 1\nReaction ~ Normal(loc, sigma)	pass	explicit Normal likelihood; residual scale estimated on log scale	inherited-identical-probe	pass	ready	https://juliastats.org/MixedModels.jl/stable/constructors/	@options + option_domain/option_records + semantic_card under semantic_app	cited_project_author_publisher_surface	https://vincentarelbundock.github.io/Rdatasets/csv/lme4/sleepstudy.csv	05c3f465e7987e8d7caa7e214fedddd90415a922	Reaction ~ 1 + Days + (1 + Days | Subject)	Record reaction/days/subj to Reaction/Days/Subject as a dataset adapter.	gaussian	MixedModels constructors: @formula(reaction ~ 1 + days + (1 + days | subj))	direct population/likelihood route when the family and terms are supported	200	bridgestan-finite-density-gradient	321	synthetic n=12; positive continuous predictors; integer groups; family-valid outcome
adapted-but-defensible	not-run	explicit Normal likelihood; residual scale estimated on log scale	https://juliastats.org/MixedModels.jl/stable/constructors/	The source fits the same zero-correlation subject intercept/slope model; differences are only the lowercase package columns versus uppercase mirror columns.	adapted-but-defensible	explicit	ordinary_brm	136	explicit_metadata	c2484e29f4372185	643	gaussian	none	-8.317384082920588	partial_semantic_terms:4/4	direct	eb9838958973b83dc1220a75c415821278bb71ee8f574fe477b232e01c20c410	explicit_token_present	11			c2484e29f4372185	authoritative brm_descriptor/brm_execute; experimental SbPMX semantic_app mount adapter	ready	0f6390175fa9f0133ae9150f500ce5bdd3ee2e101849b0c5578fc10cbee8284e	mixed_models_jl	scripts/examples/mixed_models_jl.jl	true	mixed_models_jl:sleepstudy_zerocorr	pass	pass	sleepstudy	loc ~ 1 + Days + (1 + Days  || Subject)\nlog(sigma) ~ 1\nReaction ~ Normal(loc, sigma)	bridgestan-finite-density-gradient		name_or_key_present	reachable-data-or-description	pass	false	pass	true	pass	1834c17a8513f16c97026452853d2a98f0ca74c3b4f69909eb7c5e54179d1d4e		Sleep Deprivation — Uncorrelated Random Slopes (zerocorr)	Reaction ~ 1 + Days + zerocorr(1 + Days | Subject)	true	SbPMX origin/main@a8fd3c02e1e2305683a56c91384701bfeba6b528:design/{ASKS.md,SbPMX.jl,mock_runtime.jl},compat/check-semantic-model-pipeline.jl	gaussian	2026-07-28T21:07:09.466472+00:00	sleepstudy_zerocorr	true	loc ~ 1 + Days + (1 + Days  || Subject)\nlog(sigma) ~ 1\nReaction ~ Normal(loc, sigma)	pass	explicit Normal likelihood; residual scale estimated on log scale	inherited-identical-probe	pass	ready	https://juliastats.org/MixedModels.jl/stable/constructors/	@options + option_domain/option_records + semantic_card under semantic_app	cited_project_author_publisher_surface	https://vincentarelbundock.github.io/Rdatasets/csv/lme4/sleepstudy.csv	05c3f465e7987e8d7caa7e214fedddd90415a922	Reaction ~ 1 + Days + zerocorr(1 + Days | Subject)	Record reaction/days/subj to Reaction/Days/Subject as a dataset adapter.	gaussian	MixedModels constructors: zerocorr sleepstudy formula block	direct population/likelihood route when the family and terms are supported	200	bridgestan-finite-density-gradient	322	synthetic n=12; positive continuous predictors; integer groups; family-valid outcome
confirmed	not-run	explicit Normal likelihood; residual scale estimated on log scale	https://juliastats.org/MixedModels.jl/stable/constructors/	The retrieved official/primary source contains the normalized claimed formula text.	confirmed	explicit	ordinary_brm	157	explicit_metadata	2d6a71b02ebf0946	631	gaussian	none	-8.47744637392999	exact_text_present	inherited-identical-probe	bfc7e523b5254a4e21b87f537c99f918cd15970a0cd3a489af64b0b27f3c54f8	explicit_token_present	10			2d6a71b02ebf0946	authoritative brm_descriptor/brm_execute; experimental SbPMX semantic_app mount adapter	ready	0f6390175fa9f0133ae9150f500ce5bdd3ee2e101849b0c5578fc10cbee8284e	mixed_models_jl	scripts/examples/mixed_models_jl.jl	true	mixed_models_jl:penicillin_crossed	pass	pass	penicillin	loc ~ 1 + (1 | plate) + (1 | sample)\nlog(sigma) ~ 1\ndiameter ~ Normal(loc, sigma)	bridgestan-finite-density-gradient		name_or_key_present	reachable-data-or-description	pass	false	pass	false	pass	867bdd59c0cb7e32a81524b23e538360ea634a1b95bdb7702d3af8667d651a70		Penicillin — Crossed Random Intercepts	diameter ~ 1 + (1 | plate) + (1 | sample)	true	SbPMX origin/main@a8fd3c02e1e2305683a56c91384701bfeba6b528:design/{ASKS.md,SbPMX.jl,mock_runtime.jl},compat/check-semantic-model-pipeline.jl	gaussian	2026-07-28T21:07:09.466472+00:00	penicillin_crossed	true	loc ~ 1 + (1 | plate) + (1 | sample)\nlog(sigma) ~ 1\ndiameter ~ Normal(loc, sigma)	pass	explicit Normal likelihood; residual scale estimated on log scale	inherited-identical-probe	pass	ready	https://juliastats.org/MixedModels.jl/stable/constructors/	@options + option_domain/option_records + semantic_card under semantic_app	cited_project_author_publisher_surface	https://vincentarelbundock.github.io/Rdatasets/csv/lme4/Penicillin.csv	05c3f465e7987e8d7caa7e214fedddd90415a922	diameter ~ 1 + (1 | plate) + (1 | sample)		gaussian	text_offset=10643; matched_terms=crossed,diameter,penicillin,plate; context_sha256=c97be0ed39e6a549	direct population/likelihood route when the family and terms are supported	200	bridgestan-finite-density-gradient	323	synthetic n=12; positive continuous predictors; integer groups; family-valid outcome
confirmed	not-run	nested/composite grouping factors require an explicit derived group id or reviewed gr(...; by=...) design	https://juliastats.org/MixedModels.jl/stable/constructors/	The retrieved official/primary source contains the normalized claimed formula text.	confirmed	explicit	ordinary_brm	178	explicit_metadata			gaussian	none		exact_text_present	not-probed		explicit_token_present					no executable descriptor until translation is resolved	unsupported	0f6390175fa9f0133ae9150f500ce5bdd3ee2e101849b0c5578fc10cbee8284e	mixed_models_jl	scripts/examples/mixed_models_jl.jl	true	mixed_models_jl:pastes_nested	not-run	not-run	pastes		unsupported		name_or_key_present	reachable-data-or-description	not-run	false	not-run	false	not-run			Pastes — Nested Random Effects	strength ~ 1 + (1 | batch/cask)	not-run	SbPMX origin/main@a8fd3c02e1e2305683a56c91384701bfeba6b528:design/{ASKS.md,SbPMX.jl,mock_runtime.jl},compat/check-semantic-model-pipeline.jl	gaussian	2026-07-28T21:07:09.466472+00:00	pastes_nested	true		not-run	nested/composite grouping factors require an explicit derived group id or reviewed gr(...; by=...) design	not-probed	not-run	unsupported	https://juliastats.org/MixedModels.jl/stable/constructors/	@options + option_domain/option_records + semantic_card under semantic_app	cited_project_author_publisher_surface	https://vincentarelbundock.github.io/Rdatasets/csv/lme4/Pastes.csv	05c3f465e7987e8d7caa7e214fedddd90415a922	strength ~ 1 + (1 | batch/cask)		gaussian	text_offset=11654; matched_terms=cask,pastes,strength; context_sha256=82c831b76ec3e771	direct population/likelihood route when the family and terms are supported	200	unsupported	324	synthetic n=12; positive continuous predictors; integer groups; family-valid outcome
adapted-but-defensible	not-run	explicit Bernoulli-logit likelihood	https://juliastats.org/MixedModels.jl/stable/constructors/	The cited constructor includes mode as a fixed effect in addition to anger, gender, btype, and situ. The catalog silently drops mode.	mismatch	explicit	ordinary_brm	198	explicit_metadata	feb3223bcfd28635	649	bernoulli	none	-8.317766166719343	partial_semantic_terms:5/5	direct	8e6068bb1b0e93f146fcce63bfcd3d56c65ee2d4c9d6f156f3e21d15662ace9e	explicit_token_present	13			feb3223bcfd28635	authoritative brm_descriptor/brm_execute; experimental SbPMX semantic_app mount adapter	ready	0f6390175fa9f0133ae9150f500ce5bdd3ee2e101849b0c5578fc10cbee8284e	mixed_models_jl	scripts/examples/mixed_models_jl.jl	true	mixed_models_jl:verbagg_crossed	pass	pass	verbagg	log_odds ~ 1 + Anger + Gender + btype + situ + (1 | id) + (1 | item)\nr2 ~ BernoulliLogit(log_odds)	bridgestan-finite-density-gradient		name_or_key_present	reachable-data-or-description	pass	false	pass	true	pass	e14782de09b909385d745668fc23760031890435e40a6cbb75312217e04da787		Verbal Aggression — Bernoulli GLMM, Crossed Random Effects	r2 ~ 1 + Anger + Gender + btype + situ + (1 | id) + (1 | item)	true	SbPMX origin/main@a8fd3c02e1e2305683a56c91384701bfeba6b528:design/{ASKS.md,SbPMX.jl,mock_runtime.jl},compat/check-semantic-model-pipeline.jl	bernoulli	2026-07-28T21:07:09.466472+00:00	verbagg_crossed	true	log_odds ~ 1 + Anger + Gender + btype + situ + (1 | id) + (1 | item)\nr2 ~ BernoulliLogit(log_odds)	pass	explicit Bernoulli-logit likelihood	inherited-identical-probe	pass	ready	https://juliastats.org/MixedModels.jl/stable/constructors/	@options + option_domain/option_records + semantic_card under semantic_app	cited_project_author_publisher_surface	https://vincentarelbundock.github.io/Rdatasets/csv/lme4/VerbAgg.csv	05c3f465e7987e8d7caa7e214fedddd90415a922	r2 ~ 1 + Anger + Gender + btype + situ + (1 | id) + (1 | item)	Add mode to the fixed effects; id is a defensible mirror-column rename of source subj.	bernoulli	MixedModels constructors: verbaggform definition	direct population/likelihood route when the family and terms are supported	200	bridgestan-finite-density-gradient	325	synthetic n=12; positive continuous predictors; integer groups; family-valid outcome
adapted-but-defensible	not-run	explicit Bernoulli-logit likelihood	https://juliastats.org/MixedModels.jl/stable/constructors/	The catalog matches the source Bernoulli formula after renaming the source grouping column dist to the RDatasets mirror column district.	adapted-but-defensible	explicit	ordinary_brm	222	explicit_metadata	3b421411e7c75354	651	bernoulli	none	-8.317766166719343	partial_semantic_terms:5/6	direct	ab84ee54a44442dbbac9e7ea8ea5af92d790cdf718733c02fd83ad9aa0e59080	explicit_token_present	9			3b421411e7c75354	authoritative brm_descriptor/brm_execute; experimental SbPMX semantic_app mount adapter	ready	0f6390175fa9f0133ae9150f500ce5bdd3ee2e101849b0c5578fc10cbee8284e	mixed_models_jl	scripts/examples/mixed_models_jl.jl	true	mixed_models_jl:contraception_glmm	pass	pass	contraception	log_odds ~ 1 + age + abs2(age) + livch + urban + (1 | district)\nuse ~ BernoulliLogit(log_odds)	bridgestan-finite-density-gradient		name_or_key_present	reachable-data-or-description	pass	false	pass	true	pass	8ba5d2be59451ea09b192340ca447384c660ce3578f493521e2e3cc813d97244		Contraception — Bernoulli GLMM with Polynomial Age	use ~ 1 + age + abs2(age) + livch + urban + (1 | district)	true	SbPMX origin/main@a8fd3c02e1e2305683a56c91384701bfeba6b528:design/{ASKS.md,SbPMX.jl,mock_runtime.jl},compat/check-semantic-model-pipeline.jl	bernoulli	2026-07-28T21:07:09.466472+00:00	contraception_glmm	true	log_odds ~ 1 + age + abs2(age) + livch + urban + (1 | district)\nuse ~ BernoulliLogit(log_odds)	pass	explicit Bernoulli-logit likelihood	inherited-identical-probe	pass	ready	https://juliastats.org/MixedModels.jl/stable/constructors/	@options + option_domain/option_records + semantic_card under semantic_app	cited_project_author_publisher_surface	https://vincentarelbundock.github.io/Rdatasets/csv/mlmRev/Contraception.csv	05c3f465e7987e8d7caa7e214fedddd90415a922	use ~ 1 + age + abs2(age) + livch + urban + (1 | district)	Document dist-to-district as a dataset adapter.	bernoulli	MixedModels constructors: contraform definition	direct population/likelihood route when the family and terms are supported	200	bridgestan-finite-density-gradient	326	synthetic n=12; positive continuous predictors; integer groups; family-valid outcome
confirmed	not-run	explicit Normal likelihood; residual scale estimated on log scale	https://becarioprecario.bitbucket.io/inla-gitbook/ch-INLA.html	The retrieved official/primary source contains the normalized claimed formula text.	confirmed	inferred-from-name	ordinary_brm	176	CatalogServer_default_unsubstantiated	10d1285306b0b750	654	gaussian	renderer-default-unsubstantiated; inference happens to agree	-5.690109601815348	exact_text_present	not-probed	301e50f6651b51a7f7fdba95f61f6f74ecd0c73a1125c79d0124dd448aa4c095	not_claimed	5				authoritative brm_descriptor/brm_execute; experimental SbPMX semantic_app mount adapter	ready	195fcd448f4afaee7f1d238d80a182debe2a6d24a636cfc0a0977046733eec25	inla	scripts/examples/inla.jl	true	inla:cement_lm	pass	pass	cement		unresolved-family		name_or_key_present	reachable-data-or-description	pass	false	pass	false	pass	bf9c6c45902baa99d2d69481ef3c5360155a4bb0c5ef2b7aad667924530cb9f9		Cement — Gaussian Linear Model (no random effects)	y ~ x1 + x2 + x3 + x4	true	SbPMX origin/main@a8fd3c02e1e2305683a56c91384701bfeba6b528:design/{ASKS.md,SbPMX.jl,mock_runtime.jl},compat/check-semantic-model-pipeline.jl		2026-07-28T21:07:08.640235+00:00	cement_lm	true	loc ~ x1 + x2 + x3 + x4\nlog(sigma) ~ 1\ny ~ Normal(loc, sigma)	pass	family is not explicit or defensibly inferred	direct	pass	unresolved-family	https://becarioprecario.bitbucket.io/inla-gitbook/ch-INLA.html	@options + option_domain/option_records + semantic_card under semantic_app	cited_project_author_publisher_surface	https://vincentarelbundock.github.io/Rdatasets/csv/MASS/cement.csv	05c3f465e7987e8d7caa7e214fedddd90415a922	y ~ x1 + x2 + x3 + x4		gaussian	text_offset=671; matched_terms=effects,linear,model,random; context_sha256=f403faea660e1a5a	direct population/likelihood route when the family and terms are supported	200	bridgestan-finite-density-gradient	327	synthetic n=12; positive continuous predictors; integer groups; family-valid outcome
adapted-but-defensible	not-run	requires a faithful stanblocks_plate implementation; no ordinary-formula substitute	https://becarioprecario.bitbucket.io/inla-gitbook/ch-multilevel.html	The cited chapter analyzes the faraway penicillin data as yield ~ treat + iid(blend). The catalog instead uses the distinct lme4 Penicillin assay data with diameter, sample, and plate.	mismatch	inferred-from-name	stanblocks_plate	194	CatalogServer_default_unsubstantiated			gaussian	renderer-default-unsubstantiated; inference happens to agree		partial_semantic_terms:3/5	not-probed		not_claimed					StanBlocks plate substrate; no authoritative BRM descriptor for this row; experimental semantic_app adapter required	route-specific	092a00599dd5202917f56382661fa06c92d1def7d7384e8626de66a37c8642cd	inla	scripts/examples/inla.jl	true	inla:penicillin_iid	not-run	not-run	penicillin		unresolved-family		name_or_key_present	reachable-data-or-description	not-run	false	not-run	true	not-run			Penicillin — Gaussian GLMM with IID Random Intercept	diameter ~ 1 + sample + f(plate_id, model = 'iid')	not-run	SbPMX origin/main@a8fd3c02e1e2305683a56c91384701bfeba6b528:design/{ASKS.md,SbPMX.jl,mock_runtime.jl},compat/check-semantic-model-pipeline.jl		2026-07-28T21:07:08.641594+00:00	penicillin_iid	true		not-run	family is not explicit or defensibly inferred	not-probed	not-run	unresolved-family	https://becarioprecario.bitbucket.io/inla-gitbook/ch-multilevel.html	@options + option_domain/option_records + semantic_card under semantic_app	cited_project_author_publisher_surface	https://vincentarelbundock.github.io/Rdatasets/csv/lme4/Penicillin.csv	05c3f465e7987e8d7caa7e214fedddd90415a922	diameter ~ 1 + sample + f(plate_id, model = 'iid')	"Use yield ~ 1 + treat + f(blend, model=""iid"") for this citation, or cite a source for the lme4 Penicillin adaptation."	gaussian	ch-multilevel HTML lines 462-554	faithful-candidate: INLA latent/group term requires an explicit plate declaration	200	route-specific	328	synthetic n=12; positive continuous predictors; integer groups; family-valid outcome
adapted-but-defensible	not-run	requires a faithful stanblocks_plate implementation; no ordinary-formula substitute	https://becarioprecario.bitbucket.io/inla-gitbook/ch-multilevel.html	The cited model is Reaction ~ 1 + Days + iid(Subject); subject_id is a mechanical index rename for the same grouping factor.	adapted-but-defensible	inferred-from-name	stanblocks_plate	209	CatalogServer_default_unsubstantiated			gaussian	renderer-default-unsubstantiated; inference happens to agree		partial_semantic_terms:4/5	not-probed		not_claimed					StanBlocks plate substrate; no authoritative BRM descriptor for this row; experimental semantic_app adapter required	route-specific	092a00599dd5202917f56382661fa06c92d1def7d7384e8626de66a37c8642cd	inla	scripts/examples/inla.jl	true	inla:sleepstudy_iid	not-run	not-run	sleepstudy_inla		unresolved-family		name_or_key_present	reachable-data-or-description	not-run	false	not-run	true	not-run			Sleep Deprivation — Gaussian GLMM with IID Random Intercept	Reaction ~ 1 + Days + f(subject_id, model = 'iid')	not-run	SbPMX origin/main@a8fd3c02e1e2305683a56c91384701bfeba6b528:design/{ASKS.md,SbPMX.jl,mock_runtime.jl},compat/check-semantic-model-pipeline.jl		2026-07-28T21:07:08.641594+00:00	sleepstudy_iid	true		not-run	family is not explicit or defensibly inferred	not-probed	not-run	unresolved-family	https://becarioprecario.bitbucket.io/inla-gitbook/ch-multilevel.html	@options + option_domain/option_records + semantic_card under semantic_app	cited_project_author_publisher_surface	https://vincentarelbundock.github.io/Rdatasets/csv/lme4/sleepstudy.csv	05c3f465e7987e8d7caa7e214fedddd90415a922	Reaction ~ 1 + Days + f(subject_id, model = 'iid')	Document Subject-to-subject_id preprocessing.	gaussian	ch-multilevel HTML lines 1160-1164	faithful-candidate: INLA latent/group term requires an explicit plate declaration	200	route-specific	329	synthetic n=12; positive continuous predictors; integer groups; family-valid outcome
adapted-but-defensible	not-run	requires a faithful stanblocks_plate implementation; no ordinary-formula substitute	https://becarioprecario.bitbucket.io/inla-gitbook/ch-multilevel.html	The cited model is Reaction ~ 1 + f(Subject, Days, iid); subject_id is a mechanical grouping-index rename.	adapted-but-defensible	inferred-from-name	stanblocks_plate	224	CatalogServer_default_unsubstantiated			gaussian	renderer-default-unsubstantiated; inference happens to agree		partial_semantic_terms:4/5	not-probed		not_claimed					StanBlocks plate substrate; no authoritative BRM descriptor for this row; experimental semantic_app adapter required	route-specific	092a00599dd5202917f56382661fa06c92d1def7d7384e8626de66a37c8642cd	inla	scripts/examples/inla.jl	true	inla:sleepstudy_slopes	not-run	not-run	sleepstudy_inla		unresolved-family		name_or_key_present	reachable-data-or-description	not-run	false	not-run	true	not-run			Sleep Deprivation — Gaussian GLMM with IID Random Slopes	Reaction ~ 1 + f(subject_id, Days, model = 'iid')	not-run	SbPMX origin/main@a8fd3c02e1e2305683a56c91384701bfeba6b528:design/{ASKS.md,SbPMX.jl,mock_runtime.jl},compat/check-semantic-model-pipeline.jl		2026-07-28T21:07:08.641594+00:00	sleepstudy_slopes	true		not-run	family is not explicit or defensibly inferred	not-probed	not-run	unresolved-family	https://becarioprecario.bitbucket.io/inla-gitbook/ch-multilevel.html	@options + option_domain/option_records + semantic_card under semantic_app	cited_project_author_publisher_surface	https://vincentarelbundock.github.io/Rdatasets/csv/lme4/sleepstudy.csv	05c3f465e7987e8d7caa7e214fedddd90415a922	Reaction ~ 1 + f(subject_id, Days, model = 'iid')	Document Subject-to-subject_id preprocessing.	gaussian	ch-multilevel HTML lines 1198-1211	faithful-candidate: INLA latent/group term requires an explicit plate declaration	200	route-specific	330	synthetic n=12; positive continuous predictors; integer groups; family-valid outcome
adapted-but-defensible	not-run	family is not explicit or defensibly inferred	https://becarioprecario.bitbucket.io/inla-gitbook/ch-temporal.html	The cited page does not analyze AirPassengers; its RW1 example uses climate temperature with an intercept and explicit constr=FALSE. The catalog removes the intercept while leaving the default constrained latent field, contradicting its claim that the random walk absorbs the intercept.	mismatch	unresolved	stanblocks_plate	241	CatalogServer_default_unsubstantiated			gaussian	renderer-default-unsubstantiated; semantic family unresolved		partial_semantic_terms:2/3	not-probed		not_claimed					StanBlocks plate substrate; no authoritative BRM descriptor for this row; experimental semantic_app adapter required	unresolved-family	a3faa1dd1b298c23c52ebeffbe232fc9b36e1889710ab3b0b93fd8e0e9ffa4ab	inla	scripts/examples/inla.jl	true	inla:airp_rw1	not-run	not-run	airpassengers		unresolved-family		name_or_key_present	synthetic-no-external-receipt	not-run	false	not-run	true	not-run			Airline Passengers — Random Walk (RW1) Temporal Smoothing	log_y ~ 0 + f(t, model = 'rw1')	not-run	SbPMX origin/main@a8fd3c02e1e2305683a56c91384701bfeba6b528:design/{ASKS.md,SbPMX.jl,mock_runtime.jl},compat/check-semantic-model-pipeline.jl		2026-07-28T21:07:08.656916+00:00	airp_rw1	true		not-run	family is not explicit or defensibly inferred	not-probed	not-run	unresolved-family	https://becarioprecario.bitbucket.io/inla-gitbook/ch-temporal.html	@options + option_domain/option_records + semantic_card under semantic_app	cited_project_author_publisher_surface	synthetic	05c3f465e7987e8d7caa7e214fedddd90415a922	log_y ~ 0 + f(t, model = 'rw1')	Add an intercept for the constrained RW1, or explicitly justify and configure an unconstrained parameterization; cite an AirPassengers fit.		ch-temporal HTML lines 618-626	faithful-candidate: INLA latent/group term requires an explicit plate declaration	200	unresolved-family	331	synthetic n=12; positive continuous predictors; integer groups; family-valid outcome
adapted-but-defensible	not-run	family is not explicit or defensibly inferred	https://becarioprecario.bitbucket.io/inla-gitbook/ch-temporal.html	The cited page supplies no AirPassengers RW2 fit, and the catalog removes the intercept while using the default constrained RW2, so the stated intercept-absorption rationale is unsupported.	mismatch	unresolved	stanblocks_plate	257	CatalogServer_default_unsubstantiated			gaussian	renderer-default-unsubstantiated; semantic family unresolved		partial_semantic_terms:2/3	not-probed		not_claimed					StanBlocks plate substrate; no authoritative BRM descriptor for this row; experimental semantic_app adapter required	unresolved-family	a3faa1dd1b298c23c52ebeffbe232fc9b36e1889710ab3b0b93fd8e0e9ffa4ab	inla	scripts/examples/inla.jl	true	inla:airp_rw2	not-run	not-run	airpassengers		unresolved-family		name_or_key_present	synthetic-no-external-receipt	not-run	false	not-run	true	not-run			Airline Passengers — Random Walk (RW2) Temporal Smoothing	log_y ~ 0 + f(t, model = 'rw2')	not-run	SbPMX origin/main@a8fd3c02e1e2305683a56c91384701bfeba6b528:design/{ASKS.md,SbPMX.jl,mock_runtime.jl},compat/check-semantic-model-pipeline.jl		2026-07-28T21:07:08.656916+00:00	airp_rw2	true		not-run	family is not explicit or defensibly inferred	not-probed	not-run	unresolved-family	https://becarioprecario.bitbucket.io/inla-gitbook/ch-temporal.html	@options + option_domain/option_records + semantic_card under semantic_app	cited_project_author_publisher_surface	synthetic	05c3f465e7987e8d7caa7e214fedddd90415a922	log_y ~ 0 + f(t, model = 'rw2')	Add an intercept for the constrained RW2 or cite and reproduce a verified AirPassengers RW2 parameterization.		ch-temporal: model taxonomy only; no catalog AirPassengers RW2 fit	faithful-candidate: INLA latent/group term requires an explicit plate declaration	200	unresolved-family	332	synthetic n=12; positive continuous predictors; integer groups; family-valid outcome
adapted-but-defensible	not-run	family is not explicit or defensibly inferred	https://becarioprecario.bitbucket.io/inla-gitbook/ch-temporal.html	The source AR1 examples include an intercept and use climate or earthquake data. The catalog drops the intercept from a zero-mean proper AR1 effect and cites no AirPassengers fit.	mismatch	unresolved	stanblocks_plate	272	CatalogServer_default_unsubstantiated			gaussian	renderer-default-unsubstantiated; semantic family unresolved		partial_semantic_terms:2/3	not-probed		not_claimed					StanBlocks plate substrate; no authoritative BRM descriptor for this row; experimental semantic_app adapter required	unresolved-family	a3faa1dd1b298c23c52ebeffbe232fc9b36e1889710ab3b0b93fd8e0e9ffa4ab	inla	scripts/examples/inla.jl	true	inla:airp_ar1	not-run	not-run	airpassengers		unresolved-family		name_or_key_present	synthetic-no-external-receipt	not-run	false	not-run	true	not-run			Airline Passengers — AR(1) Temporal Process	log_y ~ 0 + f(t, model = 'ar1')	not-run	SbPMX origin/main@a8fd3c02e1e2305683a56c91384701bfeba6b528:design/{ASKS.md,SbPMX.jl,mock_runtime.jl},compat/check-semantic-model-pipeline.jl		2026-07-28T21:07:08.656916+00:00	airp_ar1	true		not-run	family is not explicit or defensibly inferred	not-probed	not-run	unresolved-family	https://becarioprecario.bitbucket.io/inla-gitbook/ch-temporal.html	@options + option_domain/option_records + semantic_card under semantic_app	cited_project_author_publisher_surface	synthetic	05c3f465e7987e8d7caa7e214fedddd90415a922	log_y ~ 0 + f(t, model = 'ar1')	"Use log_y ~ 1 + f(t, model=""ar1"") unless the response is explicitly centered, and cite the actual AirPassengers adaptation."		ch-temporal HTML lines 509-520	faithful-candidate: INLA latent/group term requires an explicit plate declaration	200	unresolved-family	333	synthetic n=12; positive continuous predictors; integer groups; family-valid outcome
adapted-but-defensible	not-run	family is not explicit or defensibly inferred	https://becarioprecario.bitbucket.io/inla-gitbook/ch-temporal.html	The cited page does not fit the claimed AirPassengers seasonal model, and the no-intercept formula leaves a centered seasonal effect as the entire mean without evidence or centering.	mismatch	unresolved	stanblocks_plate	287	CatalogServer_default_unsubstantiated			gaussian	renderer-default-unsubstantiated; semantic family unresolved		partial_semantic_terms:3/5	not-probed		not_claimed					StanBlocks plate substrate; no authoritative BRM descriptor for this row; experimental semantic_app adapter required	unresolved-family	a3faa1dd1b298c23c52ebeffbe232fc9b36e1889710ab3b0b93fd8e0e9ffa4ab	inla	scripts/examples/inla.jl	true	inla:airp_seasonal	not-run	not-run	airpassengers		unresolved-family		name_or_key_present	synthetic-no-external-receipt	not-run	false	not-run	true	not-run			Airline Passengers — Seasonal Latent Field	log_y ~ 0 + f(t, model = 'seasonal', season.length = 12)	not-run	SbPMX origin/main@a8fd3c02e1e2305683a56c91384701bfeba6b528:design/{ASKS.md,SbPMX.jl,mock_runtime.jl},compat/check-semantic-model-pipeline.jl		2026-07-28T21:07:08.656916+00:00	airp_seasonal	true		not-run	family is not explicit or defensibly inferred	not-probed	not-run	unresolved-family	https://becarioprecario.bitbucket.io/inla-gitbook/ch-temporal.html	@options + option_domain/option_records + semantic_card under semantic_app	cited_project_author_publisher_surface	synthetic	05c3f465e7987e8d7caa7e214fedddd90415a922	log_y ~ 0 + f(t, model = 'seasonal', season.length = 12)	Use an intercept with the seasonal effect unless a centered-response construction is documented; provide a direct AirPassengers source.		ch-temporal: seasonal model appears only in navigation/model taxonomy	faithful-candidate: INLA latent/group term requires an explicit plate declaration	200	unresolved-family	334	synthetic n=12; positive continuous predictors; integer groups; family-valid outcome
adapted-but-defensible	not-run	response expression needs an explicit data-derivation step	https://becarioprecario.bitbucket.io/inla-gitbook/ch-survival.html	The source Weibull model uses rescaled time and only celltype plus trt (with no intercept). The catalog adds karno, diagtime, age, and prior without source support.	mismatch	inferred-from-name	ordinary_brm	304	CatalogServer_default_unsubstantiated			gaussian	renderer-default-contradicts semantic inference		partial_semantic_terms:10/10	not-probed		not_claimed					no executable descriptor until translation is resolved	unsupported	26e578fc88e00d1a6704c396767828a934d547123b00fb24774d4fc7e1cdc6f6	inla	scripts/examples/inla.jl	true	inla:veteran_weibull	not-run	not-run	veteran		unresolved-family		name_or_key_present	reachable-data-or-description	not-run	false	not-run	true	not-run			VA Lung Cancer — Weibull Survival Model	inla.surv(time, status) ~ trt + celltype + karno + diagtime + age + prior	not-run	SbPMX origin/main@a8fd3c02e1e2305683a56c91384701bfeba6b528:design/{ASKS.md,SbPMX.jl,mock_runtime.jl},compat/check-semantic-model-pipeline.jl		2026-07-28T21:07:08.655105+00:00	veteran_weibull	true		not-run	family is not explicit or defensibly inferred	not-probed	not-run	unresolved-family	https://becarioprecario.bitbucket.io/inla-gitbook/ch-survival.html	@options + option_domain/option_records + semantic_card under semantic_app	cited_project_author_publisher_surface	https://vincentarelbundock.github.io/Rdatasets/csv/survival/veteran.csv	05c3f465e7987e8d7caa7e214fedddd90415a922	inla.surv(time, status) ~ trt + celltype + karno + diagtime + age + prior	Use the cited sinla.vet ~ -1 + celltype + trt Weibull model, or cite a separate full-covariate model.	weibull	ch-survival HTML lines 944-954	direct population/likelihood route when the family and terms are supported	200	unsupported	335	synthetic n=12; positive continuous predictors; integer groups; family-valid outcome
confirmed	not-run	family is not explicit or defensibly inferred	https://becarioprecario.bitbucket.io/inla-gitbook/ch-smoothing.html	The retrieved official/primary source contains the normalized claimed formula text.	confirmed	unresolved	stanblocks_plate	325	CatalogServer_default_unsubstantiated			gaussian	renderer-default-unsubstantiated; semantic family unresolved		exact_text_present	not-probed		not_claimed					StanBlocks plate substrate; no authoritative BRM descriptor for this row; experimental semantic_app adapter required	unresolved-family	233ab3291ffb3588cdd58e8771e0f79d1f924765c67c5f7fdbef96d2a1331e88	inla	scripts/examples/inla.jl	true	inla:lidar_rw2	not-run	not-run	lidar		unresolved-family		name_or_key_present	dead-source	not-run	false	not-run	false	not-run			LIDAR — Nonparametric Regression via RW2	logratio ~ -1 + f(range, model = 'rw2', constr = FALSE)	not-run	SbPMX origin/main@a8fd3c02e1e2305683a56c91384701bfeba6b528:design/{ASKS.md,SbPMX.jl,mock_runtime.jl},compat/check-semantic-model-pipeline.jl		2026-07-28T21:07:08.642013+00:00	lidar_rw2	true		not-run	family is not explicit or defensibly inferred	not-probed	not-run	unresolved-family	https://becarioprecario.bitbucket.io/inla-gitbook/ch-smoothing.html	@options + option_domain/option_records + semantic_card under semantic_app	cited_project_author_publisher_surface	https://vincentarelbundock.github.io/Rdatasets/csv/SemiPar/lidar.csv	05c3f465e7987e8d7caa7e214fedddd90415a922	logratio ~ -1 + f(range, model = 'rw2', constr = FALSE)			text_offset=1600; matched_terms=constr,rw2; context_sha256=54472cdc853695ac	faithful-candidate: INLA latent/group term requires an explicit plate declaration	200	unresolved-family	336	synthetic n=12; positive continuous predictors; integer groups; family-valid outcome
adapted-but-defensible	not-run	family is not explicit or defensibly inferred	https://becarioprecario.bitbucket.io/inla-gitbook/ch-INLA.html	The retrieved cited chapter lists the binomial likelihood but contains no surg dataset, hospital random-effect formula, or row-level trial-count example supporting this claim.	unverifiable	unresolved	stanblocks_plate	344	CatalogServer_default_unsubstantiated			gaussian	renderer-default-unsubstantiated; semantic family unresolved		partial_semantic_terms:2/3	not-probed		not_claimed					StanBlocks plate substrate; no authoritative BRM descriptor for this row; experimental semantic_app adapter required	unresolved-family	195fcd448f4afaee7f1d238d80a182debe2a6d24a636cfc0a0977046733eec25	inla	scripts/examples/inla.jl	true	inla:surg_binomial	not-run	not-run	surg		unresolved-family		name_or_key_present	synthetic-no-external-receipt	not-run	false	not-run	true	not-run			Hospital Mortality — Binomial IID Overdispersion	r ~ f(hospital, model = 'iid')	not-run	SbPMX origin/main@a8fd3c02e1e2305683a56c91384701bfeba6b528:design/{ASKS.md,SbPMX.jl,mock_runtime.jl},compat/check-semantic-model-pipeline.jl		2026-07-28T21:07:08.640235+00:00	surg_binomial	true		not-run	family is not explicit or defensibly inferred	not-probed	not-run	unresolved-family	https://becarioprecario.bitbucket.io/inla-gitbook/ch-INLA.html	@options + option_domain/option_records + semantic_card under semantic_app	cited_project_author_publisher_surface	synthetic	05c3f465e7987e8d7caa7e214fedddd90415a922	r ~ f(hospital, model = 'iid')	Provide a primary source for the surg hospital model and its ntrials specification.		ch-INLA: likelihood table around HTML lines 892-905; no surg occurrence	faithful-candidate: INLA latent/group term requires an explicit plate declaration	200	unresolved-family	337	synthetic n=12; positive continuous predictors; integer groups; family-valid outcome
adapted-but-defensible	not-run	requires a faithful stanblocks_plate implementation; no ordinary-formula substitute	https://becarioprecario.bitbucket.io/inla-gitbook/ch-spatial.html	The source uses corrected CMEDV2, squares NOX and RM, logs DIS, RAD, and LSTAT, and then adds the Besag effect. The catalog replaces those transformed predictors with mostly raw terms.	mismatch	inferred-from-name	stanblocks_plate	360	CatalogServer_default_unsubstantiated			gaussian	renderer-default-unsubstantiated; inference happens to agree		partial_semantic_terms:14/15	not-probed		not_claimed					StanBlocks plate substrate; no authoritative BRM descriptor for this row; experimental semantic_app adapter required	route-specific	709f3842be5848fd9e662ff2751525d86da4f4c287d32844e601557c371ca894	inla	scripts/examples/inla.jl	true	inla:boston_besag	not-run	not-run	boston_housing		unresolved-family		name_or_key_present	reachable-data-or-description	not-run	false	not-run	true	not-run			Boston Housing — Gaussian Spatial (ICAR / Besag)	log(medv) ~ crim + zn + indus + chas + nox + rm + age + dis + rad + tax + ptratio + black + lstat + f(id, model = 'besag', graph = W)	not-run	SbPMX origin/main@a8fd3c02e1e2305683a56c91384701bfeba6b528:design/{ASKS.md,SbPMX.jl,mock_runtime.jl},compat/check-semantic-model-pipeline.jl		2026-07-28T21:07:08.653672+00:00	boston_besag	true		not-run	family is not explicit or defensibly inferred	not-probed	not-run	unresolved-family	https://becarioprecario.bitbucket.io/inla-gitbook/ch-spatial.html	@options + option_domain/option_records + semantic_card under semantic_app	cited_project_author_publisher_surface	https://vincentarelbundock.github.io/Rdatasets/csv/MASS/Boston.csv	05c3f465e7987e8d7caa7e214fedddd90415a922	log(medv) ~ crim + zn + indus + chas + nox + rm + age + dis + rad + tax + ptratio + black + lstat + f(id, model = 'besag', graph = W)	"Use the source boston.form transformations plus f(ID, model=""besag"", graph=W.boston)."	gaussian	ch-spatial HTML lines 895-904 and 1027-1033	faithful-candidate: INLA latent/group term requires an explicit plate declaration	200	route-specific	338	synthetic n=12; positive continuous predictors; integer groups; family-valid outcome
dead-source	not-run	multiple component formulas require an explicit joint declaration	https://cran.r-project.org/web/packages/MCMCglmm/vignettes/Overview.pdf	Citation retrieval failed (HTTP 404, curl 0).	dead-source	inferred-from-name	ordinary_brm	119	CatalogServer_default_unsubstantiated			gaussian	renderer-default-unsubstantiated; inference happens to agree		not_evaluable	not-probed		not_evaluable					no executable descriptor until translation is resolved	unsupported	6b008b843616a692e0e3906902fe414ebce338a54b6dad5cd863a5bd2cd03cb2	mcmcglmm	scripts/examples/mcmcglmm.jl	true	mcmcglmm:plodia_iid	not-run	not-run	plodiaPO		unresolved-family		not_evaluable	dead-source	not-run	false	not-run	false	not-run			Phenoloxidase — Gaussian GLMM with Full-Sib Family Random Effect	fixed: PO ~ 1; random: ~FSfamily	not-run	SbPMX origin/main@a8fd3c02e1e2305683a56c91384701bfeba6b528:design/{ASKS.md,SbPMX.jl,mock_runtime.jl},compat/check-semantic-model-pipeline.jl		2026-07-28T21:07:08.667139+00:00	plodia_iid	true		not-run	family is not explicit or defensibly inferred	not-probed	not-run	unresolved-family	https://cran.r-project.org/web/packages/MCMCglmm/vignettes/Overview.pdf	@options + option_domain/option_records + semantic_card under semantic_app	cited_project_author_publisher_surface	https://vincentarelbundock.github.io/Rdatasets/csv/MCMCglmm/PlodiaPO.csv	05c3f465e7987e8d7caa7e214fedddd90415a922	fixed: PO ~ 1; random: ~FSfamily	Dead vignette path has a reachable official package manual (HTTP 200 checked 2026-07-28): https://stat.ethz.ch/CRAN/web/packages/MCMCglmm/MCMCglmm.pdf	gaussian		direct population/likelihood route when the family and terms are supported	404	unsupported	339	synthetic n=12; positive continuous predictors; integer groups; family-valid outcome
dead-source	not-run	multiple component formulas require an explicit joint declaration	https://jarrodhadfield.github.io/MCMCglmm/course-notes/	Citation retrieval failed (HTTP 404, curl 0).	dead-source	inferred-from-name	ordinary_brm	137	CatalogServer_default_unsubstantiated			gaussian	renderer-default-unsubstantiated; inference happens to agree		not_evaluable	not-probed		not_evaluable					no executable descriptor until translation is resolved	unsupported	89fc9f0b1c8d8f0783c493d8f9f011910e2daed613774e835fb370c41bcd06e7	mcmcglmm	scripts/examples/mcmcglmm.jl	true	mcmcglmm:btdata_iid	not-run	not-run	btdata		unresolved-family		not_evaluable	dead-source	not-run	false	not-run	false	not-run			Blue Tit Tarsus — Gaussian GLMM with Foster-Nest Random Intercept	fixed: tarsus ~ sex + hatchdate; random: ~fosternest	not-run	SbPMX origin/main@a8fd3c02e1e2305683a56c91384701bfeba6b528:design/{ASKS.md,SbPMX.jl,mock_runtime.jl},compat/check-semantic-model-pipeline.jl		2026-07-28T21:07:09.386943+00:00	btdata_iid	true		not-run	family is not explicit or defensibly inferred	not-probed	not-run	unresolved-family	https://jarrodhadfield.github.io/MCMCglmm/course-notes/	@options + option_domain/option_records + semantic_card under semantic_app	cited_surface_not_independently_authenticated	https://vincentarelbundock.github.io/Rdatasets/csv/MCMCglmm/BTdata.csv	05c3f465e7987e8d7caa7e214fedddd90415a922	fixed: tarsus ~ sex + hatchdate; random: ~fosternest	Dead GitHub Pages path has a reachable author/package replacement (HTTP 200 checked 2026-07-28): https://jarrodhadfield.r-universe.dev/articles/MCMCglmm/CourseNotes.html	gaussian		direct population/likelihood route when the family and terms are supported	404	unsupported	340	synthetic n=12; positive continuous predictors; integer groups; family-valid outcome
dead-source	not-run	family is not explicit or defensibly inferred	https://jarrodhadfield.github.io/MCMCglmm/course-notes/	Citation retrieval failed (HTTP 404, curl 0).	dead-source	unresolved	stanblocks_plate	152	CatalogServer_default_unsubstantiated			gaussian	renderer-default-unsubstantiated; semantic family unresolved		not_evaluable	not-probed		not_evaluable					StanBlocks plate substrate; no authoritative BRM descriptor for this row; experimental semantic_app adapter required	unresolved-family	89fc9f0b1c8d8f0783c493d8f9f011910e2daed613774e835fb370c41bcd06e7	mcmcglmm	scripts/examples/mcmcglmm.jl	true	mcmcglmm:btdata_animal	not-run	not-run	btdata		unresolved-family		not_evaluable	dead-source	not-run	false	not-run	false	not-run			Blue Tit Tarsus — Animal Model (Additive Genetic Variance)	fixed: tarsus ~ sex + hatchdate; random: ~fosternest + animal	not-run	SbPMX origin/main@a8fd3c02e1e2305683a56c91384701bfeba6b528:design/{ASKS.md,SbPMX.jl,mock_runtime.jl},compat/check-semantic-model-pipeline.jl		2026-07-28T21:07:09.386943+00:00	btdata_animal	true		not-run	family is not explicit or defensibly inferred	not-probed	not-run	unresolved-family	https://jarrodhadfield.github.io/MCMCglmm/course-notes/	@options + option_domain/option_records + semantic_card under semantic_app	cited_surface_not_independently_authenticated	https://vincentarelbundock.github.io/Rdatasets/csv/MCMCglmm/BTdata.csv	05c3f465e7987e8d7caa7e214fedddd90415a922	fixed: tarsus ~ sex + hatchdate; random: ~fosternest + animal	Dead GitHub Pages path has a reachable author/package replacement (HTTP 200 checked 2026-07-28): https://jarrodhadfield.r-universe.dev/articles/MCMCglmm/CourseNotes.html			faithful-candidate: relationship/cross-response covariance	404	unresolved-family	341	synthetic n=12; positive continuous predictors; integer groups; family-valid outcome
dead-source	not-run	multiple component formulas require an explicit joint declaration	https://jarrodhadfield.github.io/MCMCglmm/course-notes/	Citation retrieval failed (HTTP 404, curl 0).	dead-source	inferred-from-name	ordinary_brm	171	CatalogServer_default_unsubstantiated			gaussian	renderer-default-unsubstantiated; inference happens to agree		not_evaluable	not-probed		not_evaluable					no executable descriptor until translation is resolved	unsupported	89fc9f0b1c8d8f0783c493d8f9f011910e2daed613774e835fb370c41bcd06e7	mcmcglmm	scripts/examples/mcmcglmm.jl	true	mcmcglmm:chickweight_rslope	not-run	not-run	chickweight		unresolved-family		not_evaluable	reachable-data-or-description	not-run	false	not-run	false	not-run			Chick Growth — Random Regression (Unstructured G-matrix)	fixed: weight ~ Time + I(Time^2) + Diet:Time; random: ~us(1 + Time):Chick	not-run	SbPMX origin/main@a8fd3c02e1e2305683a56c91384701bfeba6b528:design/{ASKS.md,SbPMX.jl,mock_runtime.jl},compat/check-semantic-model-pipeline.jl		2026-07-28T21:07:09.386943+00:00	chickweight_rslope	true		not-run	family is not explicit or defensibly inferred	not-probed	not-run	unresolved-family	https://jarrodhadfield.github.io/MCMCglmm/course-notes/	@options + option_domain/option_records + semantic_card under semantic_app	cited_surface_not_independently_authenticated	https://vincentarelbundock.github.io/Rdatasets/csv/datasets/ChickWeight.csv	05c3f465e7987e8d7caa7e214fedddd90415a922	fixed: weight ~ Time + I(Time^2) + Diet:Time; random: ~us(1 + Time):Chick	Dead GitHub Pages path has a reachable author/package replacement (HTTP 200 checked 2026-07-28): https://jarrodhadfield.r-universe.dev/articles/MCMCglmm/CourseNotes.html	gaussian		direct population/likelihood route when the family and terms are supported	404	unsupported	342	synthetic n=12; positive continuous predictors; integer groups; family-valid outcome
dead-source	not-run	requires a faithful stanblocks_plate implementation; no ordinary-formula substitute	https://jarrodhadfield.github.io/MCMCglmm/course-notes/	Citation retrieval failed (HTTP 404, curl 0).	dead-source	inferred-from-response-syntax	stanblocks_plate	192	CatalogServer_default_unsubstantiated			gaussian	renderer-default-contradicts semantic inference		not_evaluable	not-probed		not_evaluable					StanBlocks plate substrate; no authoritative BRM descriptor for this row; experimental semantic_app adapter required	route-specific	89fc9f0b1c8d8f0783c493d8f9f011910e2daed613774e835fb370c41bcd06e7	mcmcglmm	scripts/examples/mcmcglmm.jl	true	mcmcglmm:btdata_bivariate	not-run	not-run	btdata		unresolved-family		not_evaluable	dead-source	not-run	false	not-run	false	not-run			Blue Tit Bivariate — Multivariate Gaussian Animal Model	fixed: cbind(tarsus, back) ~ trait - 1 + trait:sex + trait:hatchdate; random: ~us(trait):fosternest + us(trait):animal; rcov: ~us(trait):units	not-run	SbPMX origin/main@a8fd3c02e1e2305683a56c91384701bfeba6b528:design/{ASKS.md,SbPMX.jl,mock_runtime.jl},compat/check-semantic-model-pipeline.jl		2026-07-28T21:07:09.386943+00:00	btdata_bivariate	true		not-run	family is not explicit or defensibly inferred	not-probed	not-run	unresolved-family	https://jarrodhadfield.github.io/MCMCglmm/course-notes/	@options + option_domain/option_records + semantic_card under semantic_app	cited_surface_not_independently_authenticated	https://vincentarelbundock.github.io/Rdatasets/csv/MCMCglmm/BTdata.csv	05c3f465e7987e8d7caa7e214fedddd90415a922	fixed: cbind(tarsus, back) ~ trait - 1 + trait:sex + trait:hatchdate; random: ~us(trait):fosternest + us(trait):animal; rcov: ~us(trait):units	Dead GitHub Pages path has a reachable author/package replacement (HTTP 200 checked 2026-07-28): https://jarrodhadfield.r-universe.dev/articles/MCMCglmm/CourseNotes.html	binomial		faithful-candidate: relationship/cross-response covariance	404	route-specific	343	synthetic n=12; positive continuous predictors; integer groups; family-valid outcome
dead-source	not-run	requires a faithful stanblocks_plate implementation; no ordinary-formula substitute	https://jarrodhadfield.github.io/MCMCglmm/course-notes/	Citation retrieval failed (HTTP 404, curl 0).	dead-source	inferred-from-response-syntax	stanblocks_plate	212	CatalogServer_default_unsubstantiated			gaussian	renderer-default-contradicts semantic inference		not_evaluable	not-probed		not_evaluable					StanBlocks plate substrate; no authoritative BRM descriptor for this row; experimental semantic_app adapter required	route-specific	89fc9f0b1c8d8f0783c493d8f9f011910e2daed613774e835fb370c41bcd06e7	mcmcglmm	scripts/examples/mcmcglmm.jl	true	mcmcglmm:pbcseq_bivariate	not-run	not-run	pbcseq		unresolved-family		not_evaluable	reachable-data-or-description	not-run	false	not-run	false	not-run			PBC — Bivariate Gaussian + Threshold Joint Model	fixed: cbind(log_bili, ascites) ~ trait - 1 + trait:(age + sex); random: ~us(trait):id; rcov: ~us(trait):units	not-run	SbPMX origin/main@a8fd3c02e1e2305683a56c91384701bfeba6b528:design/{ASKS.md,SbPMX.jl,mock_runtime.jl},compat/check-semantic-model-pipeline.jl		2026-07-28T21:07:09.386943+00:00	pbcseq_bivariate	true		not-run	family is not explicit or defensibly inferred	not-probed	not-run	unresolved-family	https://jarrodhadfield.github.io/MCMCglmm/course-notes/	@options + option_domain/option_records + semantic_card under semantic_app	cited_surface_not_independently_authenticated	https://vincentarelbundock.github.io/Rdatasets/csv/survival/pbcseq.csv	05c3f465e7987e8d7caa7e214fedddd90415a922	fixed: cbind(log_bili, ascites) ~ trait - 1 + trait:(age + sex); random: ~us(trait):id; rcov: ~us(trait):units	Dead GitHub Pages path has a reachable author/package replacement (HTTP 200 checked 2026-07-28): https://jarrodhadfield.r-universe.dev/articles/MCMCglmm/CourseNotes.html	binomial		faithful-candidate: relationship/cross-response covariance	404	route-specific	344	synthetic n=12; positive continuous predictors; integer groups; family-valid outcome
dead-source	not-run	multiple component formulas require an explicit joint declaration	https://jarrodhadfield.github.io/MCMCglmm/course-notes/	Citation retrieval failed (HTTP 404, curl 0).	dead-source	inferred-from-name	ordinary_brm	234	CatalogServer_default_unsubstantiated			gaussian	renderer-default-contradicts semantic inference		not_evaluable	not-probed		not_evaluable					no executable descriptor until translation is resolved	unsupported	89fc9f0b1c8d8f0783c493d8f9f011910e2daed613774e835fb370c41bcd06e7	mcmcglmm	scripts/examples/mcmcglmm.jl	true	mcmcglmm:sshorns_ordinal	not-run	not-run	sshorns		unresolved-family		not_evaluable	dead-source	not-run	false	not-run	false	not-run			Soay Sheep Horn Type — Ordinal Threshold Model	fixed: horn ~ sex; random: ~id	not-run	SbPMX origin/main@a8fd3c02e1e2305683a56c91384701bfeba6b528:design/{ASKS.md,SbPMX.jl,mock_runtime.jl},compat/check-semantic-model-pipeline.jl		2026-07-28T21:07:09.386943+00:00	sshorns_ordinal	true		not-run	family is not explicit or defensibly inferred	not-probed	not-run	unresolved-family	https://jarrodhadfield.github.io/MCMCglmm/course-notes/	@options + option_domain/option_records + semantic_card under semantic_app	cited_surface_not_independently_authenticated	https://vincentarelbundock.github.io/Rdatasets/csv/MCMCglmm/SShorns.csv	05c3f465e7987e8d7caa7e214fedddd90415a922	fixed: horn ~ sex; random: ~id	Dead GitHub Pages path has a reachable author/package replacement (HTTP 200 checked 2026-07-28): https://jarrodhadfield.r-universe.dev/articles/MCMCglmm/CourseNotes.html	ordered_logistic		direct population/likelihood route when the family and terms are supported	404	unsupported	345	synthetic n=12; positive continuous predictors; integer groups; family-valid outcome
dead-source	not-run	multiple component formulas require an explicit joint declaration	https://cran.r-project.org/web/packages/glmmTMB/vignettes/glmmTMB.html	Citation retrieval failed (HTTP 404, curl 0).	dead-source	inferred-from-name	ordinary_brm	156	CatalogServer_default_unsubstantiated			gaussian	renderer-default-contradicts semantic inference		not_evaluable	not-probed		not_evaluable					no executable descriptor until translation is resolved	unsupported	6b008b843616a692e0e3906902fe414ebce338a54b6dad5cd863a5bd2cd03cb2	glmmtmb	scripts/examples/glmmtmb.jl	true	glmmtmb:owls_zip	not-run	not-run	owls		unresolved-family		not_evaluable	dead-source	not-run	false	not-run	false	not-run			Barn Owls — Zero-Inflated Poisson GLMM	NCalls ~ (FT + ArrivalTime)*SexParent + offset(log_brood) + (1|Nest); zi: ~1	not-run	SbPMX origin/main@a8fd3c02e1e2305683a56c91384701bfeba6b528:design/{ASKS.md,SbPMX.jl,mock_runtime.jl},compat/check-semantic-model-pipeline.jl		2026-07-28T21:07:08.670334+00:00	owls_zip	true		not-run	family is not explicit or defensibly inferred	not-probed	not-run	unresolved-family	https://cran.r-project.org/web/packages/glmmTMB/vignettes/glmmTMB.html	@options + option_domain/option_records + semantic_card under semantic_app	cited_project_author_publisher_surface	https://vincentarelbundock.github.io/Rdatasets/csv/glmmTMB/Owls.csv	05c3f465e7987e8d7caa7e214fedddd90415a922	NCalls ~ (FT + ArrivalTime)*SexParent + offset(log_brood) + (1|Nest); zi: ~1	Dead CRAN path has a reachable official replacement candidate (HTTP 200 checked 2026-07-28): https://glmmtmb.github.io/glmmTMB/articles/glmmTMB.html	poisson		direct population/likelihood route when the family and terms are supported	404	unsupported	346	synthetic n=12; positive continuous predictors; integer groups; family-valid outcome
dead-source	not-run	multiple component formulas require an explicit joint declaration	https://cran.r-project.org/web/packages/glmmTMB/vignettes/glmmTMB.html	Citation retrieval failed (HTTP 404, curl 0).	dead-source	inferred-from-name	ordinary_brm	175	CatalogServer_default_unsubstantiated			gaussian	renderer-default-contradicts semantic inference		not_evaluable	not-probed		not_evaluable					no executable descriptor until translation is resolved	unsupported	6b008b843616a692e0e3906902fe414ebce338a54b6dad5cd863a5bd2cd03cb2	glmmtmb	scripts/examples/glmmtmb.jl	true	glmmtmb:owls_zinb2	not-run	not-run	owls		unresolved-family		not_evaluable	dead-source	not-run	false	not-run	false	not-run			Barn Owls — Zero-Inflated Negative Binomial (NB2) GLMM	NCalls ~ (FT + ArrivalTime)*SexParent + offset(log_brood) + (1|Nest); zi: ~1	not-run	SbPMX origin/main@a8fd3c02e1e2305683a56c91384701bfeba6b528:design/{ASKS.md,SbPMX.jl,mock_runtime.jl},compat/check-semantic-model-pipeline.jl		2026-07-28T21:07:08.670334+00:00	owls_zinb2	true		not-run	family is not explicit or defensibly inferred	not-probed	not-run	unresolved-family	https://cran.r-project.org/web/packages/glmmTMB/vignettes/glmmTMB.html	@options + option_domain/option_records + semantic_card under semantic_app	cited_project_author_publisher_surface	https://vincentarelbundock.github.io/Rdatasets/csv/glmmTMB/Owls.csv	05c3f465e7987e8d7caa7e214fedddd90415a922	NCalls ~ (FT + ArrivalTime)*SexParent + offset(log_brood) + (1|Nest); zi: ~1	Dead CRAN path has a reachable official replacement candidate (HTTP 200 checked 2026-07-28): https://glmmtmb.github.io/glmmTMB/articles/glmmTMB.html	negativebinomial		direct population/likelihood route when the family and terms are supported	404	unsupported	347	synthetic n=12; positive continuous predictors; integer groups; family-valid outcome
dead-source	not-run	multiple component formulas require an explicit joint declaration	https://cran.r-project.org/web/packages/glmmTMB/vignettes/glmmTMB.html	Citation retrieval failed (HTTP 404, curl 0).	dead-source	inferred-from-name	ordinary_brm	194	CatalogServer_default_unsubstantiated			gaussian	renderer-default-contradicts semantic inference		not_evaluable	not-probed		not_evaluable					no executable descriptor until translation is resolved	unsupported	6b008b843616a692e0e3906902fe414ebce338a54b6dad5cd863a5bd2cd03cb2	glmmtmb	scripts/examples/glmmtmb.jl	true	glmmtmb:owls_zinb1	not-run	not-run	owls		unresolved-family		not_evaluable	dead-source	not-run	false	not-run	false	not-run			Barn Owls — Zero-Inflated Negative Binomial (NB1) GLMM	NCalls ~ (FT + ArrivalTime)*SexParent + BroodSize + (1|Nest); zi: ~1	not-run	SbPMX origin/main@a8fd3c02e1e2305683a56c91384701bfeba6b528:design/{ASKS.md,SbPMX.jl,mock_runtime.jl},compat/check-semantic-model-pipeline.jl		2026-07-28T21:07:08.670334+00:00	owls_zinb1	true		not-run	family is not explicit or defensibly inferred	not-probed	not-run	unresolved-family	https://cran.r-project.org/web/packages/glmmTMB/vignettes/glmmTMB.html	@options + option_domain/option_records + semantic_card under semantic_app	cited_project_author_publisher_surface	https://vincentarelbundock.github.io/Rdatasets/csv/glmmTMB/Owls.csv	05c3f465e7987e8d7caa7e214fedddd90415a922	NCalls ~ (FT + ArrivalTime)*SexParent + BroodSize + (1|Nest); zi: ~1	Dead CRAN path has a reachable official replacement candidate (HTTP 200 checked 2026-07-28): https://glmmtmb.github.io/glmmTMB/articles/glmmTMB.html	negativebinomial		direct population/likelihood route when the family and terms are supported	404	unsupported	348	synthetic n=12; positive continuous predictors; integer groups; family-valid outcome
dead-source	not-run	multiple component formulas require an explicit joint declaration	https://cran.r-project.org/web/packages/glmmTMB/vignettes/glmmTMB.html	Citation retrieval failed (HTTP 404, curl 0).	dead-source	inferred-from-name	ordinary_brm	212	CatalogServer_default_unsubstantiated			gaussian	renderer-default-contradicts semantic inference		not_evaluable	not-probed		not_evaluable					no executable descriptor until translation is resolved	unsupported	6b008b843616a692e0e3906902fe414ebce338a54b6dad5cd863a5bd2cd03cb2	glmmtmb	scripts/examples/glmmtmb.jl	true	glmmtmb:owls_hurdle	not-run	not-run	owls		unresolved-family		not_evaluable	dead-source	not-run	false	not-run	false	not-run			Barn Owls — Hurdle NB1 GLMM	NCalls ~ (FT + ArrivalTime)*SexParent + BroodSize + (1|Nest); zi: ~.	not-run	SbPMX origin/main@a8fd3c02e1e2305683a56c91384701bfeba6b528:design/{ASKS.md,SbPMX.jl,mock_runtime.jl},compat/check-semantic-model-pipeline.jl		2026-07-28T21:07:08.670334+00:00	owls_hurdle	true		not-run	family is not explicit or defensibly inferred	not-probed	not-run	unresolved-family	https://cran.r-project.org/web/packages/glmmTMB/vignettes/glmmTMB.html	@options + option_domain/option_records + semantic_card under semantic_app	cited_project_author_publisher_surface	https://vincentarelbundock.github.io/Rdatasets/csv/glmmTMB/Owls.csv	05c3f465e7987e8d7caa7e214fedddd90415a922	NCalls ~ (FT + ArrivalTime)*SexParent + BroodSize + (1|Nest); zi: ~.	Dead CRAN path has a reachable official replacement candidate (HTTP 200 checked 2026-07-28): https://glmmtmb.github.io/glmmTMB/articles/glmmTMB.html	negativebinomial		direct population/likelihood route when the family and terms are supported	404	unsupported	349	synthetic n=12; positive continuous predictors; integer groups; family-valid outcome
dead-source	not-run	multiple component formulas require an explicit joint declaration	https://cran.r-project.org/web/packages/glmmTMB/vignettes/glmmTMB.html	Citation retrieval failed (HTTP 404, curl 0).	dead-source	inferred-from-name	ordinary_brm	233	CatalogServer_default_unsubstantiated			gaussian	renderer-default-contradicts semantic inference		not_evaluable	not-probed		not_evaluable					no executable descriptor until translation is resolved	unsupported	6b008b843616a692e0e3906902fe414ebce338a54b6dad5cd863a5bd2cd03cb2	glmmtmb	scripts/examples/glmmtmb.jl	true	glmmtmb:salamanders_zinb2	not-run	not-run	salamanders		unresolved-family		not_evaluable	dead-source	not-run	false	not-run	false	not-run			Salamanders — ZI NB2 with Species-Varying Zero-Inflation	count ~ spp + (1|site); zi: ~spp	not-run	SbPMX origin/main@a8fd3c02e1e2305683a56c91384701bfeba6b528:design/{ASKS.md,SbPMX.jl,mock_runtime.jl},compat/check-semantic-model-pipeline.jl		2026-07-28T21:07:08.670334+00:00	salamanders_zinb2	true		not-run	family is not explicit or defensibly inferred	not-probed	not-run	unresolved-family	https://cran.r-project.org/web/packages/glmmTMB/vignettes/glmmTMB.html	@options + option_domain/option_records + semantic_card under semantic_app	cited_project_author_publisher_surface	https://vincentarelbundock.github.io/Rdatasets/csv/glmmTMB/Salamanders.csv	05c3f465e7987e8d7caa7e214fedddd90415a922	count ~ spp + (1|site); zi: ~spp	Dead CRAN path has a reachable official replacement candidate (HTTP 200 checked 2026-07-28): https://glmmtmb.github.io/glmmTMB/articles/glmmTMB.html	negativebinomial		direct population/likelihood route when the family and terms are supported	404	unsupported	350	synthetic n=12; positive continuous predictors; integer groups; family-valid outcome
dead-source	not-run	multiple component formulas require an explicit joint declaration	https://cran.r-project.org/web/packages/glmmTMB/vignettes/glmmTMB.html	Citation retrieval failed (HTTP 404, curl 0).	dead-source	inferred-from-name	ordinary_brm	249	CatalogServer_default_unsubstantiated			gaussian	renderer-default-contradicts semantic inference		not_evaluable	not-probed		not_evaluable					no executable descriptor until translation is resolved	unsupported	6b008b843616a692e0e3906902fe414ebce338a54b6dad5cd863a5bd2cd03cb2	glmmtmb	scripts/examples/glmmtmb.jl	true	glmmtmb:salamanders_genpois	not-run	not-run	salamanders		unresolved-family		not_evaluable	dead-source	not-run	false	not-run	false	not-run			Salamanders — Generalised Poisson with ZI	count ~ spp + mined + (1|site); zi: ~spp + mined	not-run	SbPMX origin/main@a8fd3c02e1e2305683a56c91384701bfeba6b528:design/{ASKS.md,SbPMX.jl,mock_runtime.jl},compat/check-semantic-model-pipeline.jl		2026-07-28T21:07:08.670334+00:00	salamanders_genpois	true		not-run	family is not explicit or defensibly inferred	not-probed	not-run	unresolved-family	https://cran.r-project.org/web/packages/glmmTMB/vignettes/glmmTMB.html	@options + option_domain/option_records + semantic_card under semantic_app	cited_project_author_publisher_surface	https://vincentarelbundock.github.io/Rdatasets/csv/glmmTMB/Salamanders.csv	05c3f465e7987e8d7caa7e214fedddd90415a922	count ~ spp + mined + (1|site); zi: ~spp + mined	Dead CRAN path has a reachable official replacement candidate (HTTP 200 checked 2026-07-28): https://glmmtmb.github.io/glmmTMB/articles/glmmTMB.html	poisson		direct population/likelihood route when the family and terms are supported	404	unsupported	351	synthetic n=12; positive continuous predictors; integer groups; family-valid outcome
dead-source	not-run	multiple component formulas require an explicit joint declaration	https://cran.r-project.org/web/packages/glmmTMB/vignettes/glmmTMB.html	Citation retrieval failed (HTTP 404, curl 0).	dead-source	inferred-from-name	ordinary_brm	266	CatalogServer_default_unsubstantiated			gaussian	renderer-default-contradicts semantic inference		not_evaluable	not-probed		not_evaluable					no executable descriptor until translation is resolved	unsupported	6b008b843616a692e0e3906902fe414ebce338a54b6dad5cd863a5bd2cd03cb2	glmmtmb	scripts/examples/glmmtmb.jl	true	glmmtmb:beta_disp	not-run	not-run	beta_sim		unresolved-family		not_evaluable	synthetic-no-external-receipt	not-run	false	not-run	false	not-run			Beta Regression — Dispersion as Function of Predictor	y ~ x; disp: ~x	not-run	SbPMX origin/main@a8fd3c02e1e2305683a56c91384701bfeba6b528:design/{ASKS.md,SbPMX.jl,mock_runtime.jl},compat/check-semantic-model-pipeline.jl		2026-07-28T21:07:08.670334+00:00	beta_disp	true		not-run	family is not explicit or defensibly inferred	not-probed	not-run	unresolved-family	https://cran.r-project.org/web/packages/glmmTMB/vignettes/glmmTMB.html	@options + option_domain/option_records + semantic_card under semantic_app	cited_project_author_publisher_surface	synthetic	05c3f465e7987e8d7caa7e214fedddd90415a922	y ~ x; disp: ~x	Dead CRAN path has a reachable official replacement candidate (HTTP 200 checked 2026-07-28): https://glmmtmb.github.io/glmmTMB/articles/glmmTMB.html	beta		direct population/likelihood route when the family and terms are supported	404	unsupported	352	synthetic n=12; positive continuous predictors; integer groups; family-valid outcome
confirmed	not-run	family is not explicit or defensibly inferred	https://cran.r-project.org/web/packages/glmmTMB/vignettes/covstruct.html	The retrieved official/primary source contains the normalized claimed formula text.	confirmed	unresolved	stanblocks_plate	284	CatalogServer_default_unsubstantiated			gaussian	renderer-default-unsubstantiated; semantic family unresolved		exact_text_present	not-probed		not_claimed					StanBlocks plate substrate; no authoritative BRM descriptor for this row; experimental semantic_app adapter required	unresolved-family	8a6b9148e65ec9ea3294dfea8d55899d9ad7bc7acd48a481c25629f826f5aada	glmmtmb	scripts/examples/glmmtmb.jl	true	glmmtmb:ar1_covar	not-run	not-run	ar1_sim		unresolved-family		name_or_key_present	synthetic-no-external-receipt	not-run	false	not-run	false	not-run			Grouped Time Series — AR(1) Random-Effect Covariance	y ~ ar1(times + 0 | group)	not-run	SbPMX origin/main@a8fd3c02e1e2305683a56c91384701bfeba6b528:design/{ASKS.md,SbPMX.jl,mock_runtime.jl},compat/check-semantic-model-pipeline.jl		2026-07-28T21:07:08.667733+00:00	ar1_covar	true		not-run	family is not explicit or defensibly inferred	not-probed	not-run	unresolved-family	https://cran.r-project.org/web/packages/glmmTMB/vignettes/covstruct.html	@options + option_domain/option_records + semantic_card under semantic_app	cited_project_author_publisher_surface	synthetic	05c3f465e7987e8d7caa7e214fedddd90415a922	y ~ ar1(times + 0 | group)			text_offset=2993; matched_terms=group,series,time,times; context_sha256=31f0ecf387054a91	faithful-candidate: structured covariance is not an ordinary IID group effect	200	unresolved-family	353	synthetic n=12; positive continuous predictors; integer groups; family-valid outcome
confirmed	not-run	family is not explicit or defensibly inferred	https://cran.r-project.org/web/packages/glmmTMB/vignettes/covstruct.html	The retrieved official/primary source contains the normalized claimed formula text.	confirmed	unresolved	stanblocks_plate	301	CatalogServer_default_unsubstantiated			gaussian	renderer-default-unsubstantiated; semantic family unresolved		exact_text_present	not-probed		not_claimed					StanBlocks plate substrate; no authoritative BRM descriptor for this row; experimental semantic_app adapter required	unresolved-family	8a6b9148e65ec9ea3294dfea8d55899d9ad7bc7acd48a481c25629f826f5aada	glmmtmb	scripts/examples/glmmtmb.jl	true	glmmtmb:volcano_spatial	not-run	not-run	volcano_spatial		unresolved-family		name_or_key_present	synthetic-no-external-receipt	not-run	false	not-run	false	not-run			Volcanic Topography — Spatial Exponential Covariance	z ~ 1 + exp(pos + 0 | group)	not-run	SbPMX origin/main@a8fd3c02e1e2305683a56c91384701bfeba6b528:design/{ASKS.md,SbPMX.jl,mock_runtime.jl},compat/check-semantic-model-pipeline.jl		2026-07-28T21:07:08.667733+00:00	volcano_spatial	true		not-run	family is not explicit or defensibly inferred	not-probed	not-run	unresolved-family	https://cran.r-project.org/web/packages/glmmTMB/vignettes/covstruct.html	@options + option_domain/option_records + semantic_card under semantic_app	cited_project_author_publisher_surface	synthetic	05c3f465e7987e8d7caa7e214fedddd90415a922	z ~ 1 + exp(pos + 0 | group)			text_offset=371; matched_terms=covariance,exponential,pos,spatial; context_sha256=223affbae4d457c0	faithful-candidate: structured covariance is not an ordinary IID group effect	200	unresolved-family	354	synthetic n=12; positive continuous predictors; integer groups; family-valid outcome
confirmed	not-run	explicit log-link Poisson likelihood; offset(...) becomes ordinary log exposure	https://juliastats.org/GLM.jl/stable/examples/	The retrieved official/primary source contains the normalized claimed formula text.	confirmed	explicit	ordinary_brm	86	explicit_metadata	a00ee871dfdfb029	709	poisson	none	-12.0	exact_text_present	direct	0483e6b364a89a02c42f55014ae9c9863160c995753424a99e83181438dc6f12	explicit_token_present	2			a00ee871dfdfb029	authoritative brm_descriptor/brm_execute; experimental SbPMX semantic_app mount adapter	ready	d523a82afe66b728d8a585fbebdbf0d1d0aa825933e80eb8b9fd0382b2e00939	glm_jl	scripts/examples/glm_jl.jl	true	glm_jl:dobson_poisson	pass	pass	dobson_poisson	log_rate ~ Outcome + Treatment\nCounts ~ Poisson(exp(log_rate))	bridgestan-finite-density-gradient		name_or_key_present	synthetic-no-external-receipt	pass	false	pass	false	pass	d566911aa868eb55c1ffb053b3945daafe9215cd9f7cb5be8715da7c540de715		Dobson Poisson — Log-Linear GLM	Counts ~ Outcome + Treatment	true	SbPMX origin/main@a8fd3c02e1e2305683a56c91384701bfeba6b528:design/{ASKS.md,SbPMX.jl,mock_runtime.jl},compat/check-semantic-model-pipeline.jl	poisson	2026-07-28T21:07:09.463977+00:00	dobson_poisson	true	log_rate ~ Outcome + Treatment\nCounts ~ Poisson(exp(log_rate))	pass	explicit log-link Poisson likelihood; offset(...) becomes ordinary log exposure	inherited-identical-probe	pass	ready	https://juliastats.org/GLM.jl/stable/examples/	@options + option_domain/option_records + semantic_card under semantic_app	cited_project_author_publisher_surface	synthetic	05c3f465e7987e8d7caa7e214fedddd90415a922	Counts ~ Outcome + Treatment		poisson	text_offset=9226; matched_terms=counts,dobson,outcome,treatment; context_sha256=8df790dfd678bf4b	direct population/likelihood route when the family and terms are supported	200	bridgestan-finite-density-gradient	355	synthetic n=12; positive continuous predictors; integer groups; family-valid outcome
confirmed	not-run	current NegativeBinomial Julia/Stan parameterizations are documented as non-identical	https://juliastats.org/GLM.jl/stable/examples/	The retrieved official/primary source contains the normalized claimed formula text.	confirmed	explicit	ordinary_brm	106	explicit_metadata			negativebinomial	none		exact_text_present	not-probed		explicit_token_present					no executable descriptor until translation is resolved	unsupported	d523a82afe66b728d8a585fbebdbf0d1d0aa825933e80eb8b9fd0382b2e00939	glm_jl	scripts/examples/glm_jl.jl	true	glm_jl:quine_nb	not-run	not-run	quine		unsupported		name_or_key_present	reachable-data-or-description	not-run	false	not-run	false	not-run			Quine — Negative Binomial GLM	Days ~ Eth + Sex + Age + Lrn	not-run	SbPMX origin/main@a8fd3c02e1e2305683a56c91384701bfeba6b528:design/{ASKS.md,SbPMX.jl,mock_runtime.jl},compat/check-semantic-model-pipeline.jl	negativebinomial	2026-07-28T21:07:09.463977+00:00	quine_nb	true		not-run	current NegativeBinomial Julia/Stan parameterizations are documented as non-identical	not-probed	not-run	unsupported	https://juliastats.org/GLM.jl/stable/examples/	@options + option_domain/option_records + semantic_card under semantic_app	cited_project_author_publisher_surface	https://vincentarelbundock.github.io/Rdatasets/csv/MASS/quine.csv	05c3f465e7987e8d7caa7e214fedddd90415a922	Days ~ Eth + Sex + Age + Lrn		negativebinomial	text_offset=2826; matched_terms=age,days,eth,lrn,quine,sex; context_sha256=e26eea7b07a3fcd7	direct population/likelihood route when the family and terms are supported	200	unsupported	356	synthetic n=12; positive continuous predictors; integer groups; family-valid outcome
confirmed	not-run	explicit log-link Poisson likelihood; offset(...) becomes ordinary log exposure	https://juliastats.org/GLM.jl/stable/examples/	The retrieved official/primary source contains the normalized claimed formula text.	confirmed	explicit	ordinary_brm	188	explicit_metadata	9882102699f34ca7	713	poisson	none	-12.0	exact_text_present	direct	086445e455a33df3f0fc23a695a4ebe5bb9c5c227ae3ab3badec53d11579d536	explicit_token_present	4			9882102699f34ca7	authoritative brm_descriptor/brm_execute; experimental SbPMX semantic_app mount adapter	ready	d523a82afe66b728d8a585fbebdbf0d1d0aa825933e80eb8b9fd0382b2e00939	glm_jl	scripts/examples/glm_jl.jl	true	glm_jl:quine_poisson	pass	pass	quine	log_rate ~ Eth + Sex + Age + Lrn\nDays ~ Poisson(exp(log_rate))	bridgestan-finite-density-gradient		name_or_key_present	reachable-data-or-description	pass	false	pass	false	pass	e5e436866661a4ec93c4edd1db82ba3036d62cc1b73d535e4039ae47a13b7adf		Quine — Poisson GLM (vs. Negative Binomial)	Days ~ Eth + Sex + Age + Lrn	true	SbPMX origin/main@a8fd3c02e1e2305683a56c91384701bfeba6b528:design/{ASKS.md,SbPMX.jl,mock_runtime.jl},compat/check-semantic-model-pipeline.jl	poisson	2026-07-28T21:07:09.463977+00:00	quine_poisson	true	log_rate ~ Eth + Sex + Age + Lrn\nDays ~ Poisson(exp(log_rate))	pass	explicit log-link Poisson likelihood; offset(...) becomes ordinary log exposure	inherited-identical-probe	pass	ready	https://juliastats.org/GLM.jl/stable/examples/	@options + option_domain/option_records + semantic_card under semantic_app	cited_project_author_publisher_surface	https://vincentarelbundock.github.io/Rdatasets/csv/MASS/quine.csv	05c3f465e7987e8d7caa7e214fedddd90415a922	Days ~ Eth + Sex + Age + Lrn		poisson	text_offset=2826; matched_terms=age,days,eth,lrn,quine,sex; context_sha256=e26eea7b07a3fcd7	direct population/likelihood route when the family and terms are supported	200	bridgestan-finite-density-gradient	357	synthetic n=12; positive continuous predictors; integer groups; family-valid outcome
unverifiable	not-run	explicit Normal likelihood; residual scale estimated on log scale	https://juliastats.org/GLM.jl/stable/	Retrieved source does not expose enough formula-specific evidence to confirm or refute the catalog claim conservatively.	unverifiable	explicit	ordinary_brm	126	explicit_metadata	e731e0197d671976	715	gaussian	none	-3.8069883206128132	insufficient_terms:0/3	direct	64b9b2531fab9dee134ff0367630619eee96681815e6f05db658a457753112cf	not_observed	3			e731e0197d671976	authoritative brm_descriptor/brm_execute; experimental SbPMX semantic_app mount adapter	ready	35b84b6f638f1f33a1e883e060b32634715336773a0594050f511a3c9e1f7e56	glm_jl	scripts/examples/glm_jl.jl	true	glm_jl:trees_lm	pass	pass	trees	loc ~ Height + Girth\nlog(sigma) ~ 1\nVolume ~ Normal(loc, sigma)	bridgestan-finite-density-gradient		name_or_key_present	reachable-data-or-description	pass	false	pass	false	pass	954fc8535fb8540c62021ab015eafc4034b64696efb14e481a68910b6e5cfe5a		Trees — Gaussian GLM (OLS)	Volume ~ Height + Girth	true	SbPMX origin/main@a8fd3c02e1e2305683a56c91384701bfeba6b528:design/{ASKS.md,SbPMX.jl,mock_runtime.jl},compat/check-semantic-model-pipeline.jl	gaussian	2026-07-28T21:07:09.444117+00:00	trees_lm	true	loc ~ Height + Girth\nlog(sigma) ~ 1\nVolume ~ Normal(loc, sigma)	pass	explicit Normal likelihood; residual scale estimated on log scale	inherited-identical-probe	pass	ready	https://juliastats.org/GLM.jl/stable/	@options + option_domain/option_records + semantic_card under semantic_app	cited_project_author_publisher_surface	https://vincentarelbundock.github.io/Rdatasets/csv/datasets/trees.csv	05c3f465e7987e8d7caa7e214fedddd90415a922	Volume ~ Height + Girth		gaussian	text_offset=7; matched_terms=glm; context_sha256=42f93c971c469193	direct population/likelihood route when the family and terms are supported	200	bridgestan-finite-density-gradient	358	synthetic n=12; positive continuous predictors; integer groups; family-valid outcome
unverifiable	not-run	binomial size is absent; refusing to guess Bernoulli versus grouped Binomial	https://juliastats.org/GLM.jl/stable/	Retrieved source does not expose enough formula-specific evidence to confirm or refute the catalog claim conservatively.	unverifiable	explicit	ordinary_brm	146	explicit_metadata			binomial	none		insufficient_terms:1/6	not-probed		explicit_token_present					no executable descriptor until translation is resolved	unsupported	35b84b6f638f1f33a1e883e060b32634715336773a0594050f511a3c9e1f7e56	glm_jl	scripts/examples/glm_jl.jl	true	glm_jl:pima_logistic	not-run	not-run	pima_tr		unsupported		name_or_key_present	reachable-data-or-description	not-run	false	not-run	false	not-run			Pima Diabetes — Logistic Regression	type ~ npreg + glu + bp + bmi + ped + age	not-run	SbPMX origin/main@a8fd3c02e1e2305683a56c91384701bfeba6b528:design/{ASKS.md,SbPMX.jl,mock_runtime.jl},compat/check-semantic-model-pipeline.jl	binomial	2026-07-28T21:07:09.444117+00:00	pima_logistic	true		not-run	binomial size is absent; refusing to guess Bernoulli versus grouped Binomial	not-probed	not-run	unsupported	https://juliastats.org/GLM.jl/stable/	@options + option_domain/option_records + semantic_card under semantic_app	cited_project_author_publisher_surface	https://vincentarelbundock.github.io/Rdatasets/csv/MASS/Pima.tr.csv	05c3f465e7987e8d7caa7e214fedddd90415a922	type ~ npreg + glu + bp + bmi + ped + age		binomial	text_offset=1687; matched_terms=regression,type; context_sha256=e6b15a3188779530	direct population/likelihood route when the family and terms are supported	200	unsupported	359	synthetic n=12; positive continuous predictors; integer groups; family-valid outcome
unverifiable	not-run	explicit Normal likelihood; residual scale estimated on log scale	https://juliastats.org/GLM.jl/stable/	Retrieved source does not expose enough formula-specific evidence to confirm or refute the catalog claim conservatively.	unverifiable	explicit	ordinary_brm	168	explicit_metadata	fa4d82f86fb6f5fe	719	gaussian	none	-5.690109601815348	insufficient_terms:0/4	direct	40009ed228ce07e0071b0f76ad3c4d7e3a3efbd6ebf190129968114592894360	not_observed	5			fa4d82f86fb6f5fe	authoritative brm_descriptor/brm_execute; experimental SbPMX semantic_app mount adapter	ready	35b84b6f638f1f33a1e883e060b32634715336773a0594050f511a3c9e1f7e56	glm_jl	scripts/examples/glm_jl.jl	true	glm_jl:savings_ols	pass	pass	lifecycle_savings	loc ~ Pop15 + Pop75 + DPI + DDPI\nlog(sigma) ~ 1\nSR ~ Normal(loc, sigma)	bridgestan-finite-density-gradient		name_or_key_present	reachable-data-or-description	pass	false	pass	false	pass	6655827d730104e43e54cb75c5f014f66709872d0d219d580fced92cb3813ddf		Life-Cycle Savings — Multiple Linear Regression	SR ~ Pop15 + Pop75 + DPI + DDPI	true	SbPMX origin/main@a8fd3c02e1e2305683a56c91384701bfeba6b528:design/{ASKS.md,SbPMX.jl,mock_runtime.jl},compat/check-semantic-model-pipeline.jl	gaussian	2026-07-28T21:07:09.444117+00:00	savings_ols	true	loc ~ Pop15 + Pop75 + DPI + DDPI\nlog(sigma) ~ 1\nSR ~ Normal(loc, sigma)	pass	explicit Normal likelihood; residual scale estimated on log scale	inherited-identical-probe	pass	ready	https://juliastats.org/GLM.jl/stable/	@options + option_domain/option_records + semantic_card under semantic_app	cited_project_author_publisher_surface	https://vincentarelbundock.github.io/Rdatasets/csv/datasets/LifeCycleSavings.csv	05c3f465e7987e8d7caa7e214fedddd90415a922	SR ~ Pop15 + Pop75 + DPI + DDPI		gaussian	text_offset=249; matched_terms=linear; context_sha256=3e356054f539c110	direct population/likelihood route when the family and terms are supported	200	bridgestan-finite-density-gradient	360	synthetic n=12; positive continuous predictors; integer groups; family-valid outcome
