warmuphmc	warmuphmc_draws	evidence_kind	brmi_parse	stanc	stan_transpile	semantic_route	stan_code_sha256	family_selected	variant	probe_id	gradient_finite	evidence_from	descriptor	key	deployed	static_error_stage	static_error	translation_status	log_density	runtime_error	stan_data_sha256	sbbrmi_lower	dimension	historical_formula	warmuphmc_error	family_selected_provenance	source	bridgestan_instantiate	current_brm_body	row_index	data_shape_assumptions	brmi_eval
not-run		not-probed	not-run	not-run	not-run	ordinary_brm			exact-metadata		not-run		not-run	escs	true			unresolved-family				not-run		drugs ~ o + c + e + a + n		unresolved	bambi	not-run		1	synthetic n=12; positive continuous predictors; integer groups; family-valid outcome	not-run
not-run		direct	pass	pass	pass	ordinary_brm	ff360b57fddd06f6dd9d434abbdd4296a11c7feb900f03251789572d554a1bf4	gaussian	inferred-family	1de46a383b6fd66d	true	2	pass	escs	true			ready	-6.641951786101243		d5765f001f2fc70f3bc4494a7e148397f8c428784a2b77e6433a717d0bc238c4	pass	6	drugs ~ o + c + e + a + n		inferred-from-description	bambi	pass	loc ~ o + c + e + a + n\nlog(sigma) ~ 1\ndrugs ~ Normal(loc, sigma)	1	synthetic n=12; positive continuous predictors; integer groups; family-valid outcome	pass
not-run		not-probed	not-run	not-run	not-run	ordinary_brm			exact-metadata		not-run		not-run	cherry_blossoms_explicit	true			unresolved-family				not-run		doy ~ bs(year, knots=iknots, intercept=True)		unresolved	bambi	not-run		2	synthetic n=12; positive continuous predictors; integer groups; family-valid outcome	not-run
not-run		not-probed	not-run	not-run	not-run	ordinary_brm		gaussian	inferred-family		not-run		not-run	cherry_blossoms_explicit	true			unsupported				not-run		doy ~ bs(year, knots=iknots, intercept=True)		inferred-from-description	bambi	not-run		2	synthetic n=12; positive continuous predictors; integer groups; family-valid outcome	not-run
not-run		not-probed	not-run	not-run	not-run	ordinary_brm			exact-metadata		not-run		not-run	cherry_blossoms_absorbed	true			unresolved-family				not-run		doy ~ bs(year, knots=iknots)		unresolved	bambi	not-run		3	synthetic n=12; positive continuous predictors; integer groups; family-valid outcome	not-run
not-run		not-probed	not-run	not-run	not-run	ordinary_brm		gaussian	inferred-family		not-run		not-run	cherry_blossoms_absorbed	true			unsupported				not-run		doy ~ bs(year, knots=iknots)		inferred-from-description	bambi	not-run		3	synthetic n=12; positive continuous predictors; integer groups; family-valid outcome	not-run
not-run		not-probed	not-run	not-run	not-run	ordinary_brm			exact-metadata		not-run		not-run	dietox	true			unresolved-family				not-run		Weight ~ Time + (Time|Pig)		unresolved	bambi	not-run		4	synthetic n=12; positive continuous predictors; integer groups; family-valid outcome	not-run
not-run		direct	pass	pass	pass	ordinary_brm	f775e281d2707ac0d685e8a2d1b7d54ea7cda287b076d970a2f47664c986580f	gaussian	inferred-family	e633874c6aa03216	true	8	pass	dietox	true			ready	-8.317384082920588		27e4a80934d5d43af7f04a3b599f2b919897ca4019f4f7b0359496c0561e0939	pass	6	Weight ~ Time + (Time|Pig)		inferred-from-description	bambi	pass	loc ~ Time + (Time|Pig)\nlog(sigma) ~ 1\nWeight ~ Normal(loc, sigma)	4	synthetic n=12; positive continuous predictors; integer groups; family-valid outcome	pass
not-run		not-probed	not-run	not-run	not-run	ordinary_brm			exact-metadata		not-run		not-run	sleepstudy	true			unresolved-family				not-run		Reaction ~ 1 + Days + (Days | Subject)		unresolved	bambi	not-run		5	synthetic n=12; positive continuous predictors; integer groups; family-valid outcome	not-run
not-run		direct	pass	pass	pass	ordinary_brm	c234a305f43ff86987704aca7d99883449aaa5d29c4008f6084cd8a7f971e096	gaussian	inferred-family	120c7abcf006cdf4	true	10	pass	sleepstudy	true			ready	-8.317384082920588		1edfbb7abc19fd827115bbadf4019793a276980bcd69189649d239fdef65dca1	pass	7	Reaction ~ 1 + Days + (Days | Subject)		inferred-from-description	bambi	pass	loc ~ 1 + Days + (Days | Subject)\nlog(sigma) ~ 1\nReaction ~ Normal(loc, sigma)	5	synthetic n=12; positive continuous predictors; integer groups; family-valid outcome	pass
not-run		not-probed	not-run	not-run	not-run	ordinary_brm			exact-metadata		not-run		not-run	radon_pooled	true			unresolved-family				not-run		log_radon ~ 0 + floor		unresolved	bambi	not-run		6	synthetic n=12; positive continuous predictors; integer groups; family-valid outcome	not-run
not-run		direct	pass	pass	pass	ordinary_brm	4b52b2624b2d878fbaeec21e188814f8b4167035882458058ee22a3aa2c76e02	gaussian	inferred-family	e4fd4161c4711597	true	12	pass	radon_pooled	true			ready	-7.817384082920588		b4cfc1bb7bf164c423983db7d9c6e06c3cb16637504e3ccdb2272f878f01ec16	pass	2	log_radon ~ 0 + floor		inferred-from-description	bambi	pass	loc ~ 0 + floor\nlog(sigma) ~ 1\nlog_radon ~ Normal(loc, sigma)	6	synthetic n=12; positive continuous predictors; integer groups; family-valid outcome	pass
not-run		not-probed	not-run	not-run	not-run	ordinary_brm			exact-metadata		not-run		not-run	radon_nopooling	true			unresolved-family				not-run		log_radon ~ 0 + county:floor		unresolved	bambi	not-run		7	synthetic n=12; positive continuous predictors; integer groups; family-valid outcome	not-run
not-run		direct	pass	pass	pass	ordinary_brm	8f2a37ee2fbc509c892f978aaeb523dae01ae78fa45585cff61a59d0aa8083e3	gaussian	inferred-family	f66156a0512117f2	true	14	pass	radon_nopooling	true			ready	-3.8069883206128132		e8700a3971454ddc27dc5401bae43dd07efed661be6906bf15034826c8a1aade	pass	2	log_radon ~ 0 + county:floor		inferred-from-description	bambi	pass	loc ~ 0 + county & floor\nlog(sigma) ~ 1\nlog_radon ~ Normal(loc, sigma)	7	synthetic n=12; positive continuous predictors; integer groups; family-valid outcome	pass
not-run		not-probed	not-run	not-run	not-run	ordinary_brm			exact-metadata		not-run		not-run	radon_partial	true			unresolved-family				not-run		log_radon ~ 1 + (1|county)		unresolved	bambi	not-run		8	synthetic n=12; positive continuous predictors; integer groups; family-valid outcome	not-run
not-run		direct	pass	pass	pass	ordinary_brm	cdd785639a1743ba8874e60815beee900005ed1abd97bcfb4c5ac68109f53c45	gaussian	inferred-family	028bfd95057ed5a1	true	16	pass	radon_partial	true			ready	-8.47744637392999		9c7f9604748a5de7aab16c2849dab2949f58bf3350e0708aca7e26c546f8b58d	pass	6	log_radon ~ 1 + (1|county)		inferred-from-description	bambi	pass	loc ~ 1 + (1|county)\nlog(sigma) ~ 1\nlog_radon ~ Normal(loc, sigma)	8	synthetic n=12; positive continuous predictors; integer groups; family-valid outcome	pass
not-run		not-probed	not-run	not-run	not-run	ordinary_brm			exact-metadata		not-run		not-run	radon_floor	true			unresolved-family				not-run		log_radon ~ 1 + floor + (1|county)		unresolved	bambi	not-run		9	synthetic n=12; positive continuous predictors; integer groups; family-valid outcome	not-run
not-run		direct	pass	pass	pass	ordinary_brm	0c00e69534d1b1dd58cb916ff105e14b96410f43e992baa7d897beba2ca07037	gaussian	inferred-family	b56724233a9c414d	true	18	pass	radon_floor	true			ready	-7.817384082920588		6a3fb93de56743080df55bbaf2cf1642fb8e0b4b60d31e23b75f514054501aed	pass	7	log_radon ~ 1 + floor + (1|county)		inferred-from-description	bambi	pass	loc ~ 1 + floor + (1|county)\nlog(sigma) ~ 1\nlog_radon ~ Normal(loc, sigma)	9	synthetic n=12; positive continuous predictors; integer groups; family-valid outcome	pass
not-run		not-probed	not-run	not-run	not-run	ordinary_brm			exact-metadata		not-run		not-run	radon_slopes	true			unresolved-family				not-run		log_radon ~ floor + (floor|county)		unresolved	bambi	not-run		10	synthetic n=12; positive continuous predictors; integer groups; family-valid outcome	not-run
not-run		direct	pass	pass	pass	ordinary_brm	9cff9b063dd3f71b0e58587a853214b559815aeeac3d7787cb22445dbc3e071a	gaussian	inferred-family	78f4dc75e92b683c	true	20	pass	radon_slopes	true			ready	-8.317384082920588		d7f695d0ab8330e5d645a8f497e7c496fdb9c0bb4f31491d272a6f1be19d623f	pass	6	log_radon ~ floor + (floor|county)		inferred-from-description	bambi	pass	loc ~ floor + (floor|county)\nlog(sigma) ~ 1\nlog_radon ~ Normal(loc, sigma)	10	synthetic n=12; positive continuous predictors; integer groups; family-valid outcome	pass
not-run		not-probed	not-run	not-run	not-run	ordinary_brm			exact-metadata		not-run		not-run	radon_county_pred	true			unresolved-family				not-run		log_radon ~ floor + log_u + (1|county)		unresolved	bambi	not-run		11	synthetic n=12; positive continuous predictors; integer groups; family-valid outcome	not-run
not-run		direct	pass	pass	pass	ordinary_brm	5ca014d4696093f88712ff8490ee41f6161213fd84da15d6afd2999088c89824	gaussian	inferred-family	eb96fda1c41710fe	true	22	pass	radon_county_pred	true			ready	-3.8069883206128132		28c680f53e605ef263fa164d528e713e47523371a78bf5e330569a7c4bf688eb	pass	7	log_radon ~ floor + log_u + (1|county)		inferred-from-description	bambi	pass	loc ~ floor + log_u + (1|county)\nlog(sigma) ~ 1\nlog_radon ~ Normal(loc, sigma)	11	synthetic n=12; positive continuous predictors; integer groups; family-valid outcome	pass
not-run		not-probed	not-run	not-run	not-run	ordinary_brm			exact-metadata		not-run		not-run	strack_rrr_simple	true			unresolved-family				not-run		value ~ condition + (1|uid)		unresolved	bambi	not-run		12	synthetic n=12; positive continuous predictors; integer groups; family-valid outcome	not-run
not-run		direct	pass	pass	pass	ordinary_brm	a9bb78235ba2acfdccd14b6865ee54299358736f62d7126b94d9af08ed153a12	gaussian	inferred-family	f300aae241e42e94	true	24	pass	strack_rrr_simple	true			ready	-7.817384082920588		9fb4180ccbc6793e6530af494bc42ac9863b628ee28eaa3da4029b54caea14be	pass	6	value ~ condition + (1|uid)		inferred-from-description	bambi	pass	loc ~ condition + (1|uid)\nlog(sigma) ~ 1\nvalue ~ Normal(loc, sigma)	12	synthetic n=12; positive continuous predictors; integer groups; family-valid outcome	pass
not-run		not-probed	not-run	not-run	not-run	ordinary_brm			exact-metadata		not-run		not-run	strack_rrr_full	true			unresolved-family				not-run		value ~ condition + age + gender + (1|uid) + (condition|study) + (condition|stimulus)		unresolved	bambi	not-run		13	synthetic n=12; positive continuous predictors; integer groups; family-valid outcome	not-run
not-run		direct	pass	pass	pass	ordinary_brm	79c859151228b600220b2b7f10cc872ac060416ad414807b604416944045a195	gaussian	inferred-family	49e10b0e231ac524	true	26	pass	strack_rrr_full	true			ready	-2.5583030664754682		825f5f0ff797fcf95022ab2df9f19c339ecaa0f37e83417e322812873d186043	pass	16	value ~ condition + age + gender + (1|uid) + (condition|study) + (condition|stimulus)		inferred-from-description	bambi	pass	loc ~ condition + age + gender + (1|uid) + (condition|study) + (condition|stimulus)\nlog(sigma) ~ 1\nvalue ~ Normal(loc, sigma)	13	synthetic n=12; positive continuous predictors; integer groups; family-valid outcome	pass
not-run		not-probed	not-run	not-run	not-run	ordinary_brm			exact-metadata		not-run		not-run	shooter_rate_simple	true			unresolved-family				not-run		rate ~ S(race) * S(object) + (S(race) * S(object) | subject)		unresolved	bambi	not-run		14	synthetic n=12; positive continuous predictors; integer groups; family-valid outcome	not-run
not-run		not-probed	not-run	not-run	not-run	ordinary_brm		gaussian	inferred-family		not-run		not-run	shooter_rate_simple	true			unsupported				not-run		rate ~ S(race) * S(object) + (S(race) * S(object) | subject)		inferred-from-description	bambi	not-run		14	synthetic n=12; positive continuous predictors; integer groups; family-valid outcome	not-run
not-run		not-probed	not-run	not-run	not-run	ordinary_brm			exact-metadata		not-run		not-run	shooter_rate_target	true			unresolved-family				not-run		rate ~ S(race) * S(object) + (S(race) * S(object) | subject) + (S(object) | target)		unresolved	bambi	not-run		15	synthetic n=12; positive continuous predictors; integer groups; family-valid outcome	not-run
not-run		not-probed	not-run	not-run	not-run	ordinary_brm		gaussian	inferred-family		not-run		not-run	shooter_rate_target	true			unsupported				not-run		rate ~ S(race) * S(object) + (S(race) * S(object) | subject) + (S(object) | target)		inferred-from-description	bambi	not-run		15	synthetic n=12; positive continuous predictors; integer groups; family-valid outcome	not-run
not-run		not-probed	not-run	not-run	not-run	ordinary_brm			exact-metadata		not-run		not-run	shooter_binary	true			unresolved-family				not-run		shoot_or_not[shoot] ~ S(race)*S(object) + (S(race)*S(object) | subject) + (S(object) | target)		unresolved	bambi	not-run		16	synthetic n=12; positive continuous predictors; integer groups; family-valid outcome	not-run
not-run		not-probed	not-run	not-run	not-run	ordinary_brm		bernoulli	inferred-family		not-run		not-run	shooter_binary	true			unsupported				not-run		shoot_or_not[shoot] ~ S(race)*S(object) + (S(race)*S(object) | subject) + (S(object) | target)		inferred-from-description	bambi	not-run		16	synthetic n=12; positive continuous predictors; integer groups; family-valid outcome	not-run
not-run		not-probed	not-run	not-run	not-run	ordinary_brm			exact-metadata		not-run		not-run	fixed_random_naive	true			unresolved-family				not-run		y ~ x + z		unresolved	bambi	not-run		17	synthetic n=12; positive continuous predictors; integer groups; family-valid outcome	not-run
not-run		direct	pass	pass	pass	ordinary_brm	796f6253cff10172da33f605c950e641d3b4cf3fda07044106acb7d8383714ce	bernoulli	inferred-family	94080b000d8beca3	true	34	pass	fixed_random_naive	true			ready	-8.317766166719343		08d1619285d63cadc966690f7f7b90728f1bb9fe775aa52eeee6b2d759d8b329	pass	2	y ~ x + z		inferred-from-description	bambi	pass	log_odds ~ x + z\ny ~ BernoulliLogit(log_odds)	17	synthetic n=12; positive continuous predictors; integer groups; family-valid outcome	pass
not-run		not-probed	not-run	not-run	not-run	ordinary_brm			exact-metadata		not-run		not-run	fixed_random_fe	true			unresolved-family				not-run		y ~ 0 + C(group) + x + z		unresolved	bambi	not-run		18	synthetic n=12; positive continuous predictors; integer groups; family-valid outcome	not-run
not-run		direct	pass	pass	pass	ordinary_brm	45602a63779662937bdcbbe62edff9de140ae90b6bceae8ac0875b3d385e1231	bernoulli	inferred-family	845d72471ba99ef7	true	36	pass	fixed_random_fe	true			ready	-8.317766166719343		c82590ed1dfcf6a3fd987ba0eb7bd4721e3ae2e68854faca0bc0b07b8556e7a8	pass	4	y ~ 0 + C(group) + x + z		inferred-from-description	bambi	pass	log_odds ~ 0 + group + x + z\ny ~ BernoulliLogit(log_odds)	18	synthetic n=12; positive continuous predictors; integer groups; family-valid outcome	pass
not-run		not-probed	not-run	not-run	not-run	ordinary_brm			exact-metadata		not-run		not-run	fixed_random_re	true			unresolved-family				not-run		y ~ x + z + (1|group)		unresolved	bambi	not-run		19	synthetic n=12; positive continuous predictors; integer groups; family-valid outcome	not-run
not-run		direct	pass	pass	pass	ordinary_brm	993b9b4885dddfd45ef6af8b3abb9856e7ef64f0ac30ac04892661b0f10aa164	bernoulli	inferred-family	126e85a74fc6645b	true	38	pass	fixed_random_re	true			ready	-8.317766166719343		50fde2b851ade1187a3b1105c2359cf22443fff37f1f294e21419438bff12d82	pass	6	y ~ x + z + (1|group)		inferred-from-description	bambi	pass	log_odds ~ x + z + (1|group)\ny ~ BernoulliLogit(log_odds)	19	synthetic n=12; positive continuous predictors; integer groups; family-valid outcome	pass
not-run		not-probed	not-run	not-run	not-run	ordinary_brm			exact-metadata		not-run		not-run	fixed_random_mundlak	true			unresolved-family				not-run		y ~ x + z + xbar + (1|group)		unresolved	bambi	not-run		20	synthetic n=12; positive continuous predictors; integer groups; family-valid outcome	not-run
not-run		direct	pass	pass	pass	ordinary_brm	544297fc465c12ca5954d1d817d5ff6ec1d102ad5e4efd47c9b808dc70add3b5	bernoulli	inferred-family	62d1aebc981f4219	true	40	pass	fixed_random_mundlak	true			ready	-8.317766166719343		a6e2fad6e2fc6afc50041652816562f5a45d099dfa213d25729430137c55903f	pass	7	y ~ x + z + xbar + (1|group)		inferred-from-description	bambi	pass	log_odds ~ x + z + xbar + (1|group)\ny ~ BernoulliLogit(log_odds)	20	synthetic n=12; positive continuous predictors; integer groups; family-valid outcome	pass
not-run		not-probed	not-run	not-run	not-run	ordinary_brm			exact-metadata		not-run		not-run	t_regression_gaussian	true			unresolved-family				not-run		y ~ x		unresolved	bambi	not-run		21	synthetic n=12; positive continuous predictors; integer groups; family-valid outcome	not-run
not-run		direct	pass	pass	pass	ordinary_brm	bd16d2c179883196a07e5ee5e7a599683a0864a3a90ee56902e8c65676bffac3	gaussian	inferred-family	a458f12f272bf78b	true	42	pass	t_regression_gaussian	true			ready	-7.817384082920588		28d5c8d51b2b49c4c2a58cd6c4a4a15574427da8e534c122c6b752d742c27e19	pass	2	y ~ x		inferred-from-description	bambi	pass	loc ~ x\nlog(sigma) ~ 1\ny ~ Normal(loc, sigma)	21	synthetic n=12; positive continuous predictors; integer groups; family-valid outcome	pass
not-run		not-probed	not-run	not-run	not-run	ordinary_brm			exact-metadata		not-run		not-run	t_regression_t	true			unresolved-family				not-run		y ~ x		unresolved	bambi	not-run		22	synthetic n=12; positive continuous predictors; integer groups; family-valid outcome	not-run
not-run		not-probed	not-run	not-run	not-run	ordinary_brm		t	inferred-family		not-run		not-run	t_regression_t	true			unsupported				not-run		y ~ x		inferred-from-description	bambi	not-run		22	synthetic n=12; positive continuous predictors; integer groups; family-valid outcome	not-run
not-run		not-probed	not-run	not-run	not-run	ordinary_brm			exact-metadata		not-run		not-run	predict_new_groups	true			unresolved-family				not-run		fvc ~ 0 + weeks + smoking_status + (0 + weeks | patient)		unresolved	bambi	not-run		23	synthetic n=12; positive continuous predictors; integer groups; family-valid outcome	not-run
not-run		direct	pass	pass	pass	ordinary_brm	43adbcab8fa98d91c10269a62057bacc40395d12a6351505a598fc31f5bf0642	gaussian	inferred-family	181998d886e20088	true	46	pass	predict_new_groups	true			ready	-4.306988320612813		034f9eb90448fbfb2330ca36eef3e17ed3d11647bb0124f956e8ec1c9536ce4e	pass	7	fvc ~ 0 + weeks + smoking_status + (0 + weeks | patient)		inferred-from-description	bambi	pass	loc ~ 0 + weeks + smoking_status + (0 + weeks | patient)\nlog(sigma) ~ 1\nfvc ~ Normal(loc, sigma)	23	synthetic n=12; positive continuous predictors; integer groups; family-valid outcome	pass
not-run		not-probed	not-run	not-run	not-run	ordinary_brm			exact-metadata		not-run		not-run	poly_falling_explicit	true			unresolved-family				not-run		x ~ I(t**2) + 1		unresolved	bambi	not-run		24	synthetic n=12; positive continuous predictors; integer groups; family-valid outcome	not-run
not-run		direct	pass	pass	pass	ordinary_brm	132a97d24b1ebacf641b83da2d1d4d91e5b321f8cad36d712ced9236a08fb53a	gaussian	inferred-family	a3d635d38339cc8f	true	48	pass	poly_falling_explicit	true			ready	-7.817384082920588		f650edcea3bf39b53f421271bcb8b450f8ce898af40628f5e0828ccfdc5f9f6c	pass	3	x ~ I(t**2) + 1		inferred-from-description	bambi	pass	loc ~ protect(t^2) + 1\nlog(sigma) ~ 1\nx ~ Normal(loc, sigma)	24	synthetic n=12; positive continuous predictors; integer groups; family-valid outcome	pass
not-run		not-probed	not-run	not-run	not-run	ordinary_brm			exact-metadata		not-run		not-run	poly_falling_alt	true			unresolved-family				not-run		x ~ {t**2} + 1		unresolved	bambi	not-run		25	synthetic n=12; positive continuous predictors; integer groups; family-valid outcome	not-run
not-run		inherited-identical-probe	pass	pass	pass	ordinary_brm	132a97d24b1ebacf641b83da2d1d4d91e5b321f8cad36d712ced9236a08fb53a	gaussian	inferred-family	a3d635d38339cc8f	true	48	pass	poly_falling_alt	true			ready	-7.817384082920588		f650edcea3bf39b53f421271bcb8b450f8ce898af40628f5e0828ccfdc5f9f6c	pass	3	x ~ {t**2} + 1		inferred-from-description	bambi	pass	loc ~ protect(t^2) + 1\nlog(sigma) ~ 1\nx ~ Normal(loc, sigma)	25	synthetic n=12; positive continuous predictors; integer groups; family-valid outcome	pass
not-run		not-probed	not-run	not-run	not-run	ordinary_brm			exact-metadata		not-run		not-run	poly_falling_precomp	true			unresolved-family				not-run		x ~ tsquared + 1		unresolved	bambi	not-run		26	synthetic n=12; positive continuous predictors; integer groups; family-valid outcome	not-run
not-run		direct	pass	pass	pass	ordinary_brm	15ef5cb4e72e690c62f461e05aa457b46b3d223330cb5f113e22cd4235d60463	gaussian	inferred-family	c5af9e9b5a1eae86	true	52	pass	poly_falling_precomp	true			ready	-7.817384082920588		e68a29c95706e70af1af6f359ff57cf4d2239683652d105116350a19f62ce114	pass	3	x ~ tsquared + 1		inferred-from-description	bambi	pass	loc ~ tsquared + 1\nlog(sigma) ~ 1\nx ~ Normal(loc, sigma)	26	synthetic n=12; positive continuous predictors; integer groups; family-valid outcome	pass
not-run		not-probed	not-run	not-run	not-run	ordinary_brm			exact-metadata		not-run		not-run	poly_projectile_power	true			unresolved-family				not-run		x ~ I(t**2) + t + 1		unresolved	bambi	not-run		27	synthetic n=12; positive continuous predictors; integer groups; family-valid outcome	not-run
not-run		direct	pass	pass	pass	ordinary_brm	a1f0101acb96ae6d11ea15d531969e01be7c88173623b78ff6065154cc861784	gaussian	inferred-family	b4e43a7ca2279f5f	true	54	pass	poly_projectile_power	true			ready	-7.817384082920588		41b3eb9e7c42c58abdce031a736dd0183066fdb7e65190cb29395b898b7dc584	pass	4	x ~ I(t**2) + t + 1		inferred-from-description	bambi	pass	loc ~ protect(t^2) + t + 1\nlog(sigma) ~ 1\nx ~ Normal(loc, sigma)	27	synthetic n=12; positive continuous predictors; integer groups; family-valid outcome	pass
not-run		not-probed	not-run	not-run	not-run	ordinary_brm			exact-metadata		not-run		not-run	poly_projectile_poly	true			unresolved-family				not-run		x ~ poly(t, 2, raw=True)		unresolved	bambi	not-run		28	synthetic n=12; positive continuous predictors; integer groups; family-valid outcome	not-run
not-run		not-probed	not-run	not-run	not-run	ordinary_brm		gaussian	inferred-family		not-run		not-run	poly_projectile_poly	true			unsupported				not-run		x ~ poly(t, 2, raw=True)		inferred-from-description	bambi	not-run		28	synthetic n=12; positive continuous predictors; integer groups; family-valid outcome	not-run
not-run		not-probed	not-run	not-run	not-run	ordinary_brm			exact-metadata		not-run		not-run	poly_planets	true			unresolved-family				not-run		Height ~ I(Time**2):Planet + Time + 0		unresolved	bambi	not-run		29	synthetic n=12; positive continuous predictors; integer groups; family-valid outcome	not-run
not-run		not-probed	not-run	not-run	not-run	ordinary_brm		gaussian	inferred-family		not-run		not-run	poly_planets	true			unsupported				not-run		Height ~ I(Time**2):Planet + Time + 0		inferred-from-description	bambi	not-run		29	synthetic n=12; positive continuous predictors; integer groups; family-valid outcome	not-run
not-run		not-probed	not-run	not-run	not-run	ordinary_brm			exact-metadata		not-run		not-run	logistic_anes	true			unresolved-family				not-run		vote['clinton'] ~ party_id + party_id:age		unresolved	bambi	not-run		30	synthetic n=12; positive continuous predictors; integer groups; family-valid outcome	not-run
not-run		not-probed	not-run	not-run	not-run	ordinary_brm		bernoulli	inferred-family		not-run		not-run	logistic_anes	true			unsupported				not-run		vote['clinton'] ~ party_id + party_id:age		inferred-from-description	bambi	not-run		30	synthetic n=12; positive continuous predictors; integer groups; family-valid outcome	not-run
not-run		not-probed	not-run	not-run	not-run	ordinary_brm			exact-metadata		not-run		not-run	model_comparison_linear	true			unresolved-family				not-run		income['>50K'] ~ sex + race + scale(age) + scale(hs_week)		unresolved	bambi	not-run		31	synthetic n=12; positive continuous predictors; integer groups; family-valid outcome	not-run
not-run		not-probed	not-run	not-run	not-run	ordinary_brm		bernoulli	inferred-family		not-run		not-run	model_comparison_linear	true			unsupported				not-run		income['>50K'] ~ sex + race + scale(age) + scale(hs_week)		inferred-from-description	bambi	not-run		31	synthetic n=12; positive continuous predictors; integer groups; family-valid outcome	not-run
not-run		not-probed	not-run	not-run	not-run	ordinary_brm			exact-metadata		not-run		not-run	model_comparison_quad	true			unresolved-family				not-run		income['>50K'] ~ sex + race + scale(age) + I(scale(age)**2) + scale(hs_week) + I(scale(hs_week)**2)		unresolved	bambi	not-run		32	synthetic n=12; positive continuous predictors; integer groups; family-valid outcome	not-run
not-run		not-probed	not-run	not-run	not-run	ordinary_brm		bernoulli	inferred-family		not-run		not-run	model_comparison_quad	true			unsupported				not-run		income['>50K'] ~ sex + race + scale(age) + I(scale(age)**2) + scale(hs_week) + I(scale(hs_week)**2)		inferred-from-description	bambi	not-run		32	synthetic n=12; positive continuous predictors; integer groups; family-valid outcome	not-run
not-run		not-probed	not-run	not-run	not-run	ordinary_brm			exact-metadata		not-run		not-run	model_comparison_cubic	true			unresolved-family				not-run		income['>50K'] ~ sex + race + scale(age) + I(scale(age)**2) + I(scale(age)**3) + scale(hs_week) + I(scale(hs_week)**2) + I(scale(hs_week)**3)		unresolved	bambi	not-run		33	synthetic n=12; positive continuous predictors; integer groups; family-valid outcome	not-run
not-run		not-probed	not-run	not-run	not-run	ordinary_brm		bernoulli	inferred-family		not-run		not-run	model_comparison_cubic	true			unsupported				not-run		income['>50K'] ~ sex + race + scale(age) + I(scale(age)**2) + I(scale(age)**3) + scale(hs_week) + I(scale(hs_week)**2) + I(scale(hs_week)**3)		inferred-from-description	bambi	not-run		33	synthetic n=12; positive continuous predictors; integer groups; family-valid outcome	not-run
not-run		not-probed	not-run	not-run	not-run	ordinary_brm			exact-metadata		not-run		not-run	hierarchical_binomial_nopooling	true			unresolved-family				not-run		p(H, AB) ~ 0 + playerID		unresolved	bambi	not-run		34	synthetic n=12; positive continuous predictors; integer groups; family-valid outcome	not-run
not-run		direct	pass	pass	pass	ordinary_brm	33b2c5a420030258852e2a428c2853478d367a75261cb19d8340fe4060d6f3a2	binomial	inferred-family	ecbdaff7608cdc65	true	68	pass	hierarchical_binomial_nopooling	true			ready	-66.54212933375474		7b286d62d91adac6cbc87098e583506bb95f4b09428eaee402236e482cf8bfaf	pass	1	p(H, AB) ~ 0 + playerID		inferred-from-description	bambi	pass	log_odds ~ 0 + playerID\nH ~ BinomialLogit(AB, log_odds)	34	synthetic n=12; positive continuous predictors; integer groups; family-valid outcome	pass
not-run		not-probed	not-run	not-run	not-run	ordinary_brm			exact-metadata		not-run		not-run	hierarchical_binomial_partial	true			unresolved-family				not-run		p(H, AB) ~ 1 + (1|playerID)		unresolved	bambi	not-run		35	synthetic n=12; positive continuous predictors; integer groups; family-valid outcome	not-run
not-run		direct	pass	pass	pass	ordinary_brm	128155bba619e64c51d69ae5a54e958f5847221ab340dee7a982a761715d2263	binomial	inferred-family	0ace46915d77415f	true	70	pass	hierarchical_binomial_partial	true			ready	-66.54212933375474		54710fc8d13aecf2f2b9fd11218657ff52b2c4ce9399cb4e909c4b32e1cc8984	pass	5	p(H, AB) ~ 1 + (1|playerID)		inferred-from-description	bambi	pass	log_odds ~ 1 + (1|playerID)\nH ~ BinomialLogit(AB, log_odds)	35	synthetic n=12; positive continuous predictors; integer groups; family-valid outcome	pass
not-run		not-probed	not-run	not-run	not-run	ordinary_brm			exact-metadata		not-run		not-run	alternative_links_logit	true			unresolved-family				not-run		p(y, n) ~ x		unresolved	bambi	not-run		36	synthetic n=12; positive continuous predictors; integer groups; family-valid outcome	not-run
not-run		direct	pass	pass	pass	ordinary_brm	866f749e6ce1d1cee62aa13d21eb991c687c5054dc596dd5e45ddef10c184542	binomial	inferred-family	87ee880b79582a60	true	72	pass	alternative_links_logit	true			ready	-66.54212933375474		12e44e4781fdc23b4ba7bdaf89e4fa5dbefa52d67af8548271af33351c0e7864	pass	1	p(y, n) ~ x		inferred-from-description	bambi	pass	log_odds ~ x\ny ~ BinomialLogit(n, log_odds)	36	synthetic n=12; positive continuous predictors; integer groups; family-valid outcome	pass
not-run		not-probed	not-run	not-run	not-run	ordinary_brm			exact-metadata		not-run		not-run	alternative_links_probit	true			unresolved-family				not-run		p(y, n) ~ x		unresolved	bambi	not-run		37	synthetic n=12; positive continuous predictors; integer groups; family-valid outcome	not-run
not-run		inherited-identical-probe	pass	pass	pass	ordinary_brm	866f749e6ce1d1cee62aa13d21eb991c687c5054dc596dd5e45ddef10c184542	binomial	inferred-family	87ee880b79582a60	true	72	pass	alternative_links_probit	true			ready	-66.54212933375474		12e44e4781fdc23b4ba7bdaf89e4fa5dbefa52d67af8548271af33351c0e7864	pass	1	p(y, n) ~ x		inferred-from-description	bambi	pass	log_odds ~ x\ny ~ BinomialLogit(n, log_odds)	37	synthetic n=12; positive continuous predictors; integer groups; family-valid outcome	pass
not-run		not-probed	not-run	not-run	not-run	ordinary_brm			exact-metadata		not-run		not-run	alternative_links_cloglog	true			unresolved-family				not-run		p(y, n) ~ x		unresolved	bambi	not-run		38	synthetic n=12; positive continuous predictors; integer groups; family-valid outcome	not-run
not-run		inherited-identical-probe	pass	pass	pass	ordinary_brm	866f749e6ce1d1cee62aa13d21eb991c687c5054dc596dd5e45ddef10c184542	binomial	inferred-family	87ee880b79582a60	true	72	pass	alternative_links_cloglog	true			ready	-66.54212933375474		12e44e4781fdc23b4ba7bdaf89e4fa5dbefa52d67af8548271af33351c0e7864	pass	1	p(y, n) ~ x		inferred-from-description	bambi	pass	log_odds ~ x\ny ~ BinomialLogit(n, log_odds)	38	synthetic n=12; positive continuous predictors; integer groups; family-valid outcome	pass
not-run		not-probed	not-run	not-run	not-run	ordinary_brm			exact-metadata		not-run		not-run	wald_gamma_wald	true			unresolved-family				not-run		claimcst0 ~ C(agecat) + gender + area		unresolved	bambi	not-run		39	synthetic n=12; positive continuous predictors; integer groups; family-valid outcome	not-run
not-run		not-probed	not-run	not-run	not-run	ordinary_brm		wald	inferred-family		not-run		not-run	wald_gamma_wald	true			unsupported				not-run		claimcst0 ~ C(agecat) + gender + area		inferred-from-description	bambi	not-run		39	synthetic n=12; positive continuous predictors; integer groups; family-valid outcome	not-run
not-run		not-probed	not-run	not-run	not-run	ordinary_brm			exact-metadata		not-run		not-run	wald_gamma_gamma	true			unresolved-family				not-run		claimcst0 ~ agecat + gender + area		unresolved	bambi	not-run		40	synthetic n=12; positive continuous predictors; integer groups; family-valid outcome	not-run
not-run		direct	pass	pass	pass	ordinary_brm	f0799731a99ebde93052316576eb68056558495e6d81e017bb088c4f6672f7b5	gamma	inferred-family	faaf50b115ae466a	true	80	pass	wald_gamma_gamma	true			ready	-7.603557068658984		25f38c15f122a3a7f740e23095edfc4139f9dfdf5450f67ca04fc1fa65cd00d2	pass	4	claimcst0 ~ agecat + gender + area		inferred-from-description	bambi	pass	log(mu) ~ agecat + gender + area\nlog(shape) ~ 1\nrate = shape / mu\nclaimcst0 ~ Gamma(shape, rate)	40	synthetic n=12; positive continuous predictors; integer groups; family-valid outcome	pass
not-run		not-probed	not-run	not-run	not-run	ordinary_brm			exact-metadata		not-run		not-run	negative_binomial_main	true			unresolved-family				not-run		daysabs ~ 0 + prog + scale(math)		unresolved	bambi	not-run		41	synthetic n=12; positive continuous predictors; integer groups; family-valid outcome	not-run
not-run		not-probed	not-run	not-run	not-run	ordinary_brm		negativebinomial	inferred-family		not-run		not-run	negative_binomial_main	true			unsupported				not-run		daysabs ~ 0 + prog + scale(math)		inferred-from-description	bambi	not-run		41	synthetic n=12; positive continuous predictors; integer groups; family-valid outcome	not-run
not-run		not-probed	not-run	not-run	not-run	ordinary_brm			exact-metadata		not-run		not-run	negative_binomial_interaction	true			unresolved-family				not-run		daysabs ~ 0 + prog + scale(math) + prog:scale(math)		unresolved	bambi	not-run		42	synthetic n=12; positive continuous predictors; integer groups; family-valid outcome	not-run
not-run		not-probed	not-run	not-run	not-run	ordinary_brm		negativebinomial	inferred-family		not-run		not-run	negative_binomial_interaction	true			unsupported				not-run		daysabs ~ 0 + prog + scale(math) + prog:scale(math)		inferred-from-description	bambi	not-run		42	synthetic n=12; positive continuous predictors; integer groups; family-valid outcome	not-run
not-run		not-probed	not-run	not-run	not-run	ordinary_brm			exact-metadata		not-run		not-run	count_roaches_poisson	true			unresolved-family				not-run		y ~ roach1 + treatment + senior + offset(log(exposure2))		unresolved	bambi	not-run		43	synthetic n=12; positive continuous predictors; integer groups; family-valid outcome	not-run
not-run		direct	pass	pass	pass	ordinary_brm	c89b56aaec2be486b0f2702cca5867fa2af78f38c60ab2406138a968f7c3c42b	poisson	inferred-family	a3d48c3db122f2d3	true	86	pass	count_roaches_poisson	true			ready	-12.0		99c386d39bfd5b98d08c3101bcf636841b70d1f092a9d7e81f17cb50850036d7	pass	4	y ~ roach1 + treatment + senior + offset(log(exposure2))		inferred-from-description	bambi	pass	log_rate ~ roach1 + treatment + senior + log(exposure2)\ny ~ Poisson(exp(log_rate))	43	synthetic n=12; positive continuous predictors; integer groups; family-valid outcome	pass
not-run		not-probed	not-run	not-run	not-run	ordinary_brm			exact-metadata		not-run		not-run	count_roaches_nb	true			unresolved-family				not-run		y ~ roach1 + treatment + senior + offset(log(exposure2))		unresolved	bambi	not-run		44	synthetic n=12; positive continuous predictors; integer groups; family-valid outcome	not-run
not-run		not-probed	not-run	not-run	not-run	ordinary_brm		negativebinomial	inferred-family		not-run		not-run	count_roaches_nb	true			unsupported				not-run		y ~ roach1 + treatment + senior + offset(log(exposure2))		inferred-from-description	bambi	not-run		44	synthetic n=12; positive continuous predictors; integer groups; family-valid outcome	not-run
not-run		not-probed	not-run	not-run	not-run	ordinary_brm			exact-metadata		not-run		not-run	beta_probs_intercept	true			unresolved-family				not-run		probabilities ~ 1		unresolved	bambi	not-run		45	synthetic n=12; positive continuous predictors; integer groups; family-valid outcome	not-run
not-run		direct	pass	pass	pass	ordinary_brm	912a33768d202ae70c1c229ef8449cce45877441593cec5ee83ab30d819d4250	beta	inferred-family	3593b54707d8db08	true	90	pass	beta_probs_intercept	true			ready	-3.342077309841285		3ea12d3272d366600885d80324a91e90a82dbcb147b0ce9248b3afd3b2fcbdcb	pass	2	probabilities ~ 1		inferred-from-description	bambi	pass	logit(mu) ~ 1\nlog(phi) ~ 1\nprobabilities ~ Beta(mu * phi, (1 - mu) * phi)	45	synthetic n=12; positive continuous predictors; integer groups; family-valid outcome	pass
not-run		not-probed	not-run	not-run	not-run	ordinary_brm			exact-metadata		not-run		not-run	beta_coin	true			unresolved-family				not-run		p ~ delta_d		unresolved	bambi	not-run		46	synthetic n=12; positive continuous predictors; integer groups; family-valid outcome	not-run
not-run		direct	pass	pass	pass	ordinary_brm	cff73644473e6c807dc8ca8134b70a37df4faa40fe07b2804ffa5cbc538faeb3	beta	inferred-family	9d7e206f1be52225	true	92	pass	beta_coin	true			ready	-3.342077309841285		b959e4ad8acf88ba232bcd35f9008aed9714e1a504548360aa37496b7c0d90a5	pass	2	p ~ delta_d		inferred-from-description	bambi	pass	logit(mu) ~ delta_d\nlog(phi) ~ 1\np ~ Beta(mu * phi, (1 - mu) * phi)	46	synthetic n=12; positive continuous predictors; integer groups; family-valid outcome	pass
not-run		not-probed	not-run	not-run	not-run	ordinary_brm			exact-metadata		not-run		not-run	beta_batting_intercept	true			unresolved-family				not-run		batting_avg ~ 1		unresolved	bambi	not-run		47	synthetic n=12; positive continuous predictors; integer groups; family-valid outcome	not-run
not-run		direct	pass	pass	pass	ordinary_brm	7e39d1fa87531dc1aa23e9ca5dd544d3cdc455800aa7161ef6c7b6ed8778e2fd	beta	inferred-family	9ff55a833eafc31a	true	94	pass	beta_batting_intercept	true			ready	-3.342077309841285		681da8b6194d397f5464741e949b3193c1667b11d635c0a9500c2619e98af517	pass	2	batting_avg ~ 1		inferred-from-description	bambi	pass	logit(mu) ~ 1\nlog(phi) ~ 1\nbatting_avg ~ Beta(mu * phi, (1 - mu) * phi)	47	synthetic n=12; positive continuous predictors; integer groups; family-valid outcome	pass
not-run		not-probed	not-run	not-run	not-run	ordinary_brm			exact-metadata		not-run		not-run	beta_batting_shift	true			unresolved-family				not-run		batting_avg ~ batting_avg_shift		unresolved	bambi	not-run		48	synthetic n=12; positive continuous predictors; integer groups; family-valid outcome	not-run
not-run		direct	pass	pass	pass	ordinary_brm	fe1b0bf85d9dbecbfdb1ac41d614acaa5c94ac4743076de126040dbc63ec5a65	beta	inferred-family	0ed402108b95669b	true	96	pass	beta_batting_shift	true			ready	-3.342077309841285		708e14505fd89df2346f53bc011b8a4d53cbc8f09384c5159cb292a7f81ac1c6	pass	2	batting_avg ~ batting_avg_shift		inferred-from-description	bambi	pass	logit(mu) ~ batting_avg_shift\nlog(phi) ~ 1\nbatting_avg ~ Beta(mu * phi, (1 - mu) * phi)	48	synthetic n=12; positive continuous predictors; integer groups; family-valid outcome	pass
not-run		not-probed	not-run	not-run	not-run	ordinary_brm			exact-metadata		not-run		not-run	categorical_toy	true			unresolved-family				not-run		y ~ x		unresolved	bambi	not-run		49	synthetic n=12; positive continuous predictors; integer groups; family-valid outcome	not-run
not-run		not-probed	not-run	not-run	not-run	ordinary_brm		categorical	inferred-family		not-run		not-run	categorical_toy	true			unsupported				not-run		y ~ x		inferred-from-description	bambi	not-run		49	synthetic n=12; positive continuous predictors; integer groups; family-valid outcome	not-run
not-run		not-probed	not-run	not-run	not-run	ordinary_brm			exact-metadata		not-run		not-run	categorical_iris	true			unresolved-family				not-run		species ~ sepal_length + sepal_width + petal_length + petal_width		unresolved	bambi	not-run		50	synthetic n=12; positive continuous predictors; integer groups; family-valid outcome	not-run
not-run		not-probed	not-run	not-run	not-run	ordinary_brm		categorical	inferred-family		not-run		not-run	categorical_iris	true			unsupported				not-run		species ~ sepal_length + sepal_width + petal_length + petal_width		inferred-from-description	bambi	not-run		50	synthetic n=12; positive continuous predictors; integer groups; family-valid outcome	not-run
not-run		not-probed	not-run	not-run	not-run	ordinary_brm			exact-metadata		not-run		not-run	categorical_alligator	true			unresolved-family				not-run		choice ~ length + sex		unresolved	bambi	not-run		51	synthetic n=12; positive continuous predictors; integer groups; family-valid outcome	not-run
not-run		not-probed	not-run	not-run	not-run	ordinary_brm		categorical	inferred-family		not-run		not-run	categorical_alligator	true			unsupported				not-run		choice ~ length + sex		inferred-from-description	bambi	not-run		51	synthetic n=12; positive continuous predictors; integer groups; family-valid outcome	not-run
not-run		not-probed	not-run	not-run	not-run	ordinary_brm			exact-metadata		not-run		not-run	circular_vonmises	true			unresolved-family				not-run		direction ~ distance		unresolved	bambi	not-run		52	synthetic n=12; positive continuous predictors; integer groups; family-valid outcome	not-run
not-run		not-probed	not-run	not-run	not-run	ordinary_brm		vonmises	inferred-family		not-run		not-run	circular_vonmises	true			unsupported				not-run		direction ~ distance		inferred-from-description	bambi	not-run		52	synthetic n=12; positive continuous predictors; integer groups; family-valid outcome	not-run
not-run		not-probed	not-run	not-run	not-run	ordinary_brm			exact-metadata		not-run		not-run	circular_gaussian	true			unresolved-family				not-run		direction ~ distance		unresolved	bambi	not-run		53	synthetic n=12; positive continuous predictors; integer groups; family-valid outcome	not-run
not-run		direct	pass	pass	pass	ordinary_brm	ced2aadce7b1ea5d83e632ab90e0d563d465edccdd5c777a692c696a12ffb7ea	gaussian	inferred-family	059698c311f11ec5	true	106	pass	circular_gaussian	true			ready	-7.817384082920588		3ee6b766ae16f1dd5d2f3ebd64264765eabcc2a2e4fd058a924ac84eea8fd2c4	pass	2	direction ~ distance		inferred-from-description	bambi	pass	loc ~ distance\nlog(sigma) ~ 1\ndirection ~ Normal(loc, sigma)	53	synthetic n=12; positive continuous predictors; integer groups; family-valid outcome	pass
not-run		not-probed	not-run	not-run	not-run	ordinary_brm			exact-metadata		not-run		not-run	quantile_p10	true			unresolved-family				not-run		bmi ~ bs(age, knots=knots)		unresolved	bambi	not-run		54	synthetic n=12; positive continuous predictors; integer groups; family-valid outcome	not-run
not-run		not-probed	not-run	not-run	not-run	ordinary_brm		asymmetriclaplace	inferred-family		not-run		not-run	quantile_p10	true			unsupported				not-run		bmi ~ bs(age, knots=knots)		inferred-from-description	bambi	not-run		54	synthetic n=12; positive continuous predictors; integer groups; family-valid outcome	not-run
not-run		not-probed	not-run	not-run	not-run	ordinary_brm			exact-metadata		not-run		not-run	quantile_p50	true			unresolved-family				not-run		bmi ~ bs(age, knots=knots)		unresolved	bambi	not-run		55	synthetic n=12; positive continuous predictors; integer groups; family-valid outcome	not-run
not-run		not-probed	not-run	not-run	not-run	ordinary_brm		asymmetriclaplace	inferred-family		not-run		not-run	quantile_p50	true			unsupported				not-run		bmi ~ bs(age, knots=knots)		inferred-from-description	bambi	not-run		55	synthetic n=12; positive continuous predictors; integer groups; family-valid outcome	not-run
not-run		not-probed	not-run	not-run	not-run	ordinary_brm			exact-metadata		not-run		not-run	quantile_p90	true			unresolved-family				not-run		bmi ~ bs(age, knots=knots)		unresolved	bambi	not-run		56	synthetic n=12; positive continuous predictors; integer groups; family-valid outcome	not-run
not-run		not-probed	not-run	not-run	not-run	ordinary_brm		asymmetriclaplace	inferred-family		not-run		not-run	quantile_p90	true			unsupported				not-run		bmi ~ bs(age, knots=knots)		inferred-from-description	bambi	not-run		56	synthetic n=12; positive continuous predictors; integer groups; family-valid outcome	not-run
not-run		not-probed	not-run	not-run	not-run	ordinary_brm			exact-metadata		not-run		not-run	quantile_gaussian	true			unresolved-family				not-run		bmi ~ bs(age, knots=knots)		unresolved	bambi	not-run		57	synthetic n=12; positive continuous predictors; integer groups; family-valid outcome	not-run
not-run		not-probed	not-run	not-run	not-run	ordinary_brm		gaussian	inferred-family		not-run		not-run	quantile_gaussian	true			unsupported				not-run		bmi ~ bs(age, knots=knots)		inferred-from-description	bambi	not-run		57	synthetic n=12; positive continuous predictors; integer groups; family-valid outcome	not-run
not-run		not-probed	not-run	not-run	not-run	ordinary_brm			exact-metadata		not-run		not-run	mister_p	true			unresolved-family				not-run		p(abortion, n) ~ male + repvote + (1|state) + (1|eth) + (1|edu) + (1|male:eth) + (1|edu:age) + (1|edu:eth)		unresolved	bambi	not-run		58	synthetic n=12; positive continuous predictors; integer groups; family-valid outcome	not-run
not-run		not-probed	not-run	not-run	not-run	ordinary_brm		binomial	inferred-family		not-run		not-run	mister_p	true			unsupported				not-run		p(abortion, n) ~ male + repvote + (1|state) + (1|eth) + (1|edu) + (1|male:eth) + (1|edu:age) + (1|edu:eth)		inferred-from-description	bambi	not-run		58	synthetic n=12; positive continuous predictors; integer groups; family-valid outcome	not-run
not-run		not-probed	not-run	not-run	not-run	ordinary_brm			exact-metadata		not-run		not-run	zip_mu	true			unresolved-family				not-run		count ~ livebait + camper + persons + child		unresolved	bambi	not-run		59	synthetic n=12; positive continuous predictors; integer groups; family-valid outcome	not-run
not-run		not-probed	not-run	not-run	not-run	ordinary_brm		zero_inflated_poisson	inferred-family		not-run		not-run	zip_mu	true			unsupported				not-run		count ~ livebait + camper + persons + child		inferred-from-description	bambi	not-run		59	synthetic n=12; positive continuous predictors; integer groups; family-valid outcome	not-run
not-run		not-probed	not-run	not-run	not-run	ordinary_brm			exact-metadata		not-run		not-run	zip_psi	true			unresolved-family				not-run		psi ~ livebait + camper + persons + child		unresolved	bambi	not-run		60	synthetic n=12; positive continuous predictors; integer groups; family-valid outcome	not-run
not-run		not-probed	not-run	not-run	not-run	ordinary_brm		zero_inflated_poisson	inferred-family		not-run		not-run	zip_psi	true			unsupported				not-run		psi ~ livebait + camper + persons + child		inferred-from-description	bambi	not-run		60	synthetic n=12; positive continuous predictors; integer groups; family-valid outcome	not-run
not-run		not-probed	not-run	not-run	not-run	ordinary_brm			exact-metadata		not-run		not-run	hurdle_mu	true			unresolved-family				not-run		count ~ livebait + camper + persons + child		unresolved	bambi	not-run		61	synthetic n=12; positive continuous predictors; integer groups; family-valid outcome	not-run
not-run		not-probed	not-run	not-run	not-run	ordinary_brm		hurdle_poisson	inferred-family		not-run		not-run	hurdle_mu	true			unsupported				not-run		count ~ livebait + camper + persons + child		inferred-from-description	bambi	not-run		61	synthetic n=12; positive continuous predictors; integer groups; family-valid outcome	not-run
not-run		not-probed	not-run	not-run	not-run	ordinary_brm			exact-metadata		not-run		not-run	hurdle_psi	true			unresolved-family				not-run		psi ~ livebait + camper + persons + child		unresolved	bambi	not-run		62	synthetic n=12; positive continuous predictors; integer groups; family-valid outcome	not-run
not-run		not-probed	not-run	not-run	not-run	ordinary_brm		hurdle_poisson	inferred-family		not-run		not-run	hurdle_psi	true			unsupported				not-run		psi ~ livebait + camper + persons + child		inferred-from-description	bambi	not-run		62	synthetic n=12; positive continuous predictors; integer groups; family-valid outcome	not-run
not-run		not-probed	not-run	not-run	not-run	ordinary_brm			exact-metadata		not-run		not-run	ordinal_trolley_intercept	true			unresolved-family				not-run		response ~ 0		unresolved	bambi	not-run		63	synthetic n=12; positive continuous predictors; integer groups; family-valid outcome	not-run
not-run		not-probed	not-run	not-run	not-run	ordinary_brm		cumulative	inferred-family		not-run		not-run	ordinal_trolley_intercept	true			unsupported				not-run		response ~ 0		inferred-from-description	bambi	not-run		63	synthetic n=12; positive continuous predictors; integer groups; family-valid outcome	not-run
not-run		not-probed	not-run	not-run	not-run	ordinary_brm			exact-metadata		not-run		not-run	ordinal_trolley_effects	true			unresolved-family				not-run		response ~ 0 + action + intention + contact + action:intention + contact:intention		unresolved	bambi	not-run		64	synthetic n=12; positive continuous predictors; integer groups; family-valid outcome	not-run
not-run		not-probed	not-run	not-run	not-run	ordinary_brm		cumulative	inferred-family		not-run		not-run	ordinal_trolley_effects	true			unsupported				not-run		response ~ 0 + action + intention + contact + action:intention + contact:intention		inferred-from-description	bambi	not-run		64	synthetic n=12; positive continuous predictors; integer groups; family-valid outcome	not-run
not-run		not-probed	not-run	not-run	not-run	ordinary_brm			exact-metadata		not-run		not-run	ordinal_hr_years	true			unresolved-family				not-run		YearsAtCompany ~ 0 + TotalWorkingYears		unresolved	bambi	not-run		65	synthetic n=12; positive continuous predictors; integer groups; family-valid outcome	not-run
not-run		not-probed	not-run	not-run	not-run	ordinary_brm		sratio	inferred-family		not-run		not-run	ordinal_hr_years	true			unsupported				not-run		YearsAtCompany ~ 0 + TotalWorkingYears		inferred-from-description	bambi	not-run		65	synthetic n=12; positive continuous predictors; integer groups; family-valid outcome	not-run
not-run		not-probed	not-run	not-run	not-run	ordinary_brm			exact-metadata		not-run		not-run	distributional_const_alpha	true			unresolved-family				not-run		y ~ x		unresolved	bambi	not-run		66	synthetic n=12; positive continuous predictors; integer groups; family-valid outcome	not-run
not-run		direct	pass	pass	pass	ordinary_brm	41940bffdbea299a63cdb4e978ee3a1e960acfa8991b9024b1b7b99fdbb28671	gamma	inferred-family	f5d2232b77de538f	true	132	pass	distributional_const_alpha	true			ready	-10.37931844461955		e5dd46ca399dc61d38a5e97d7f061d4b396a19c142ec620e85ee7b60aacfbacb	pass	2	y ~ x		inferred-from-description	bambi	pass	log(mu) ~ x\nlog(shape) ~ 1\nrate = shape / mu\ny ~ Gamma(shape, rate)	66	synthetic n=12; positive continuous predictors; integer groups; family-valid outcome	pass
not-run		not-probed	not-run	not-run	not-run	ordinary_brm			exact-metadata		not-run		not-run	distributional_var_alpha	true			unresolved-family				not-run		y ~ x  +  alpha ~ x		unresolved	bambi	not-run		67	synthetic n=12; positive continuous predictors; integer groups; family-valid outcome	not-run
not-run		not-probed	not-run	not-run	not-run	ordinary_brm		gamma	inferred-family		not-run		not-run	distributional_var_alpha	true			unsupported				not-run		y ~ x  +  alpha ~ x		inferred-from-description	bambi	not-run		67	synthetic n=12; positive continuous predictors; integer groups; family-valid outcome	not-run
not-run		not-probed	not-run	not-run	not-run	ordinary_brm			exact-metadata		not-run		not-run	distributional_bikes	true			unresolved-family				not-run		count ~ 0 + bs(hour, 8, intercept=True)  +  alpha ~ 0 + bs(hour, 8, intercept=True)		unresolved	bambi	not-run		68	synthetic n=12; positive continuous predictors; integer groups; family-valid outcome	not-run
not-run		not-probed	not-run	not-run	not-run	ordinary_brm		gamma	inferred-family		not-run		not-run	distributional_bikes	true			unsupported				not-run		count ~ 0 + bs(hour, 8, intercept=True)  +  alpha ~ 0 + bs(hour, 8, intercept=True)		inferred-from-description	bambi	not-run		68	synthetic n=12; positive continuous predictors; integer groups; family-valid outcome	not-run
not-run		not-probed	not-run	not-run	not-run	ordinary_brm			exact-metadata		not-run		not-run	hsgp_1d_basic	true			unresolved-family				not-run		y ~ 0 + hsgp(x, m=10, c=2)		unresolved	bambi	not-run		69	synthetic n=12; positive continuous predictors; integer groups; family-valid outcome	not-run
not-run		not-probed	not-run	not-run	not-run	ordinary_brm		gaussian	inferred-family		not-run		not-run	hsgp_1d_basic	true			unsupported				not-run		y ~ 0 + hsgp(x, m=10, c=2)		inferred-from-description	bambi	not-run		69	synthetic n=12; positive continuous predictors; integer groups; family-valid outcome	not-run
not-run		not-probed	not-run	not-run	not-run	ordinary_brm			exact-metadata		not-run		not-run	hsgp_1d_centered	true			unresolved-family				not-run		y ~ 0 + hsgp(x, m=10, c=2, centered=True)		unresolved	bambi	not-run		70	synthetic n=12; positive continuous predictors; integer groups; family-valid outcome	not-run
not-run		not-probed	not-run	not-run	not-run	ordinary_brm		gaussian	inferred-family		not-run		not-run	hsgp_1d_centered	true			unsupported				not-run		y ~ 0 + hsgp(x, m=10, c=2, centered=True)		inferred-from-description	bambi	not-run		70	synthetic n=12; positive continuous predictors; integer groups; family-valid outcome	not-run
not-run		not-probed	not-run	not-run	not-run	ordinary_brm			exact-metadata		not-run		not-run	hsgp_1d_by_group	true			unresolved-family				not-run		y ~ 0 + hsgp(x2, by=fac, m=12, c=1.5)		unresolved	bambi	not-run		71	synthetic n=12; positive continuous predictors; integer groups; family-valid outcome	not-run
not-run		not-probed	not-run	not-run	not-run	ordinary_brm		gaussian	inferred-family		not-run		not-run	hsgp_1d_by_group	true			unsupported				not-run		y ~ 0 + hsgp(x2, by=fac, m=12, c=1.5)		inferred-from-description	bambi	not-run		71	synthetic n=12; positive continuous predictors; integer groups; family-valid outcome	not-run
not-run		not-probed	not-run	not-run	not-run	ordinary_brm			exact-metadata		not-run		not-run	hsgp_1d_nocov	true			unresolved-family				not-run		y ~ 0 + hsgp(x2, by=fac, m=12, c=1.5, share_cov=False)		unresolved	bambi	not-run		72	synthetic n=12; positive continuous predictors; integer groups; family-valid outcome	not-run
not-run		not-probed	not-run	not-run	not-run	ordinary_brm		gaussian	inferred-family		not-run		not-run	hsgp_1d_nocov	true			unsupported				not-run		y ~ 0 + hsgp(x2, by=fac, m=12, c=1.5, share_cov=False)		inferred-from-description	bambi	not-run		72	synthetic n=12; positive continuous predictors; integer groups; family-valid outcome	not-run
not-run		not-probed	not-run	not-run	not-run	ordinary_brm			exact-metadata		not-run		not-run	hsgp_2d_iso	true			unresolved-family				not-run		outcome ~ 0 + hsgp(x, y, c=1.5, m=10)		unresolved	bambi	not-run		73	synthetic n=12; positive continuous predictors; integer groups; family-valid outcome	not-run
not-run		not-probed	not-run	not-run	not-run	ordinary_brm		gaussian	inferred-family		not-run		not-run	hsgp_2d_iso	true			unsupported				not-run		outcome ~ 0 + hsgp(x, y, c=1.5, m=10)		inferred-from-description	bambi	not-run		73	synthetic n=12; positive continuous predictors; integer groups; family-valid outcome	not-run
not-run		not-probed	not-run	not-run	not-run	ordinary_brm			exact-metadata		not-run		not-run	hsgp_2d_by_group	true			unresolved-family				not-run		outcome ~ 0 + hsgp(x, y, by=group, c=1.5, m=10)		unresolved	bambi	not-run		74	synthetic n=12; positive continuous predictors; integer groups; family-valid outcome	not-run
not-run		not-probed	not-run	not-run	not-run	ordinary_brm		gaussian	inferred-family		not-run		not-run	hsgp_2d_by_group	true			unsupported				not-run		outcome ~ 0 + hsgp(x, y, by=group, c=1.5, m=10)		inferred-from-description	bambi	not-run		74	synthetic n=12; positive continuous predictors; integer groups; family-valid outcome	not-run
not-run		not-probed	not-run	not-run	not-run	ordinary_brm			exact-metadata		not-run		not-run	hsgp_2d_nocov	true			unresolved-family				not-run		outcome ~ 0 + hsgp(x, y, by=group, c=1.5, m=10, share_cov=False)		unresolved	bambi	not-run		75	synthetic n=12; positive continuous predictors; integer groups; family-valid outcome	not-run
not-run		not-probed	not-run	not-run	not-run	ordinary_brm		gaussian	inferred-family		not-run		not-run	hsgp_2d_nocov	true			unsupported				not-run		outcome ~ 0 + hsgp(x, y, by=group, c=1.5, m=10, share_cov=False)		inferred-from-description	bambi	not-run		75	synthetic n=12; positive continuous predictors; integer groups; family-valid outcome	not-run
not-run		not-probed	not-run	not-run	not-run	ordinary_brm			exact-metadata		not-run		not-run	hsgp_2d_aniso	true			unresolved-family				not-run		outcome ~ 0 + hsgp(x, y, c=1.5, m=10, iso=False)		unresolved	bambi	not-run		76	synthetic n=12; positive continuous predictors; integer groups; family-valid outcome	not-run
not-run		not-probed	not-run	not-run	not-run	ordinary_brm		gaussian	inferred-family		not-run		not-run	hsgp_2d_aniso	true			unsupported				not-run		outcome ~ 0 + hsgp(x, y, c=1.5, m=10, iso=False)		inferred-from-description	bambi	not-run		76	synthetic n=12; positive continuous predictors; integer groups; family-valid outcome	not-run
not-run		not-probed	not-run	not-run	not-run	ordinary_brm			exact-metadata		not-run		not-run	hsgp_2d_poisson	true			unresolved-family				not-run		Count ~ 0 + Year + X1:Year + (1|Site) + hsgp(Lon, Lat, by=Year, m=5, c=1.5)		unresolved	bambi	not-run		77	synthetic n=12; positive continuous predictors; integer groups; family-valid outcome	not-run
not-run		not-probed	not-run	not-run	not-run	ordinary_brm		poisson	inferred-family		not-run		not-run	hsgp_2d_poisson	true			unsupported				not-run		Count ~ 0 + Year + X1:Year + (1|Site) + hsgp(Lon, Lat, by=Year, m=5, c=1.5)		inferred-from-description	bambi	not-run		77	synthetic n=12; positive continuous predictors; integer groups; family-valid outcome	not-run
not-run		not-probed	not-run	not-run	not-run	ordinary_brm			exact-metadata		not-run		not-run	survival_intercept	true			unresolved-family				not-run		censored(days_to_event / 31, adopt) ~ 1		unresolved	bambi	not-run		78	synthetic n=12; positive continuous predictors; integer groups; family-valid outcome	not-run
not-run		not-probed	not-run	not-run	not-run	ordinary_brm		exponential	inferred-family		not-run		not-run	survival_intercept	true			unsupported				not-run		censored(days_to_event / 31, adopt) ~ 1		inferred-from-description	bambi	not-run		78	synthetic n=12; positive continuous predictors; integer groups; family-valid outcome	not-run
not-run		not-probed	not-run	not-run	not-run	ordinary_brm			exact-metadata		not-run		not-run	survival_color	true			unresolved-family				not-run		censored(days_to_event / 31, adopt) ~ 0 + color_id		unresolved	bambi	not-run		79	synthetic n=12; positive continuous predictors; integer groups; family-valid outcome	not-run
not-run		not-probed	not-run	not-run	not-run	ordinary_brm		exponential	inferred-family		not-run		not-run	survival_color	true			unsupported				not-run		censored(days_to_event / 31, adopt) ~ 0 + color_id		inferred-from-description	bambi	not-run		79	synthetic n=12; positive continuous predictors; integer groups; family-valid outcome	not-run
not-run		not-probed	not-run	not-run	not-run	ordinary_brm			exact-metadata		not-run		not-run	survival_disc_sim	true			unresolved-family				not-run		event ~ treatment + age + time		unresolved	bambi	not-run		80	synthetic n=12; positive continuous predictors; integer groups; family-valid outcome	not-run
not-run		direct	pass	pass	pass	ordinary_brm	765764bf40236e38f1bedaf85f1fc425415b7a83baf539d6291889e7ca8d2ddb	bernoulli	inferred-family	20e89bddf9084727	true	160	pass	survival_disc_sim	true			ready	-8.317766166719343		a78e6c94a0f1151370973d7519f4d6fcd03a1ea3c35bcd60cbda427a5391457f	pass	3	event ~ treatment + age + time		inferred-from-description	bambi	pass	log_odds ~ treatment + age + time\nevent ~ BernoulliLogit(log_odds)	80	synthetic n=12; positive continuous predictors; integer groups; family-valid outcome	pass
not-run		not-probed	not-run	not-run	not-run	ordinary_brm			exact-metadata		not-run		not-run	survival_disc_binomial	true			unresolved-family				not-run		p(events, at_risk) ~ sex + socBranch + period + scale(birth_decade)		unresolved	bambi	not-run		81	synthetic n=12; positive continuous predictors; integer groups; family-valid outcome	not-run
not-run		direct	pass	pass	pass	ordinary_brm	ff28aad58064615ee18eb133d6df42ffd916e8e4c19f7e7783827bff95b044e2	binomial	inferred-family	72cc32f5335700df	true	162	pass	survival_disc_binomial	true			ready	-66.54212933375474		4e9c48bdca1164cc1bb4813f95d1d1128dde85de7122035e085b408b68fc4455	pass	4	p(events, at_risk) ~ sex + socBranch + period + scale(birth_decade)		inferred-from-description	bambi	pass	log_odds ~ sex + socBranch + period + zscale(birth_decade)\nevents ~ BinomialLogit(at_risk, log_odds)	81	synthetic n=12; positive continuous predictors; integer groups; family-valid outcome	pass
not-run		not-probed	not-run	not-run	not-run	ordinary_brm			exact-metadata		not-run		not-run	survival_disc_spline	true			unresolved-family				not-run		p(events, at_risk) ~ sex + socBranch + bs(period, df=4) + scale(birth_decade)		unresolved	bambi	not-run		82	synthetic n=12; positive continuous predictors; integer groups; family-valid outcome	not-run
not-run		not-probed	not-run	not-run	not-run	ordinary_brm		binomial	inferred-family		not-run		not-run	survival_disc_spline	true			unsupported				not-run		p(events, at_risk) ~ sex + socBranch + bs(period, df=4) + scale(birth_decade)		inferred-from-description	bambi	not-run		82	synthetic n=12; positive continuous predictors; integer groups; family-valid outcome	not-run
not-run		not-probed	not-run	not-run	not-run	ordinary_brm			exact-metadata		not-run		not-run	survival_disc_poisson	true			unresolved-family				not-run		events ~ sex + socBranch + period + scale(birth_decade) + offset(log(at_risk))		unresolved	bambi	not-run		83	synthetic n=12; positive continuous predictors; integer groups; family-valid outcome	not-run
not-run		direct	pass	pass	pass	ordinary_brm	c719f8f900a8c4cae4352f2e683382cce9df170f5e8e2d97c8a1d90f86d6045d	poisson	inferred-family	e468a91e3933e460	true	166	pass	survival_disc_poisson	true			ready	-12.0		5d21dc742365cf4be9f7ef8dcc383fdce617a583858ae7450764b335dc5092a8	pass	5	events ~ sex + socBranch + period + scale(birth_decade) + offset(log(at_risk))		inferred-from-description	bambi	pass	log_rate ~ sex + socBranch + period + zscale(birth_decade) + log(at_risk)\nevents ~ Poisson(exp(log_rate))	83	synthetic n=12; positive continuous predictors; integer groups; family-valid outcome	pass
not-run		not-probed	not-run	not-run	not-run	ordinary_brm			exact-metadata		not-run		not-run	survival_cont_weibull	true			unresolved-family				not-run		censored(time, censoring) ~ treatment + age		unresolved	bambi	not-run		84	synthetic n=12; positive continuous predictors; integer groups; family-valid outcome	not-run
not-run		not-probed	not-run	not-run	not-run	ordinary_brm		weibull	inferred-family		not-run		not-run	survival_cont_weibull	true			unsupported				not-run		censored(time, censoring) ~ treatment + age		inferred-from-description	bambi	not-run		84	synthetic n=12; positive continuous predictors; integer groups; family-valid outcome	not-run
not-run		not-probed	not-run	not-run	not-run	ordinary_brm			exact-metadata		not-run		not-run	survival_cont_retention_fe	true			unresolved-family				not-run		censored(month, censoring) ~ C(gender) + C(level) + C(field) + sentiment + intention		unresolved	bambi	not-run		85	synthetic n=12; positive continuous predictors; integer groups; family-valid outcome	not-run
not-run		not-probed	not-run	not-run	not-run	ordinary_brm		weibull	inferred-family		not-run		not-run	survival_cont_retention_fe	true			unsupported				not-run		censored(month, censoring) ~ C(gender) + C(level) + C(field) + sentiment + intention		inferred-from-description	bambi	not-run		85	synthetic n=12; positive continuous predictors; integer groups; family-valid outcome	not-run
not-run		not-probed	not-run	not-run	not-run	ordinary_brm			exact-metadata		not-run		not-run	survival_cont_retention_re	true			unresolved-family				not-run		censored(month, censoring) ~ C(gender) + C(level) + sentiment + intention + (1|field)		unresolved	bambi	not-run		86	synthetic n=12; positive continuous predictors; integer groups; family-valid outcome	not-run
not-run		not-probed	not-run	not-run	not-run	ordinary_brm		weibull	inferred-family		not-run		not-run	survival_cont_retention_re	true			unsupported				not-run		censored(month, censoring) ~ C(gender) + C(level) + sentiment + intention + (1|field)		inferred-from-description	bambi	not-run		86	synthetic n=12; positive continuous predictors; integer groups; family-valid outcome	not-run
not-run		not-probed	not-run	not-run	not-run	ordinary_brm			exact-metadata		not-run		not-run	orthopoly_explicit	true			unresolved-family				not-run		x ~ I(t**2) + t + 1		unresolved	bambi	not-run		87	synthetic n=12; positive continuous predictors; integer groups; family-valid outcome	not-run
not-run		inherited-identical-probe	pass	pass	pass	ordinary_brm	a1f0101acb96ae6d11ea15d531969e01be7c88173623b78ff6065154cc861784	gaussian	inferred-family	b4e43a7ca2279f5f	true	54	pass	orthopoly_explicit	true			ready	-7.817384082920588		41b3eb9e7c42c58abdce031a736dd0183066fdb7e65190cb29395b898b7dc584	pass	4	x ~ I(t**2) + t + 1		inferred-from-description	bambi	pass	loc ~ protect(t^2) + t + 1\nlog(sigma) ~ 1\nx ~ Normal(loc, sigma)	87	synthetic n=12; positive continuous predictors; integer groups; family-valid outcome	pass
not-run		not-probed	not-run	not-run	not-run	ordinary_brm			exact-metadata		not-run		not-run	orthopoly_poly	true			unresolved-family				not-run		x ~ poly(t, 2) + 1		unresolved	bambi	not-run		88	synthetic n=12; positive continuous predictors; integer groups; family-valid outcome	not-run
not-run		not-probed	not-run	not-run	not-run	ordinary_brm		gaussian	inferred-family		not-run		not-run	orthopoly_poly	true			unsupported				not-run		x ~ poly(t, 2) + 1		inferred-from-description	bambi	not-run		88	synthetic n=12; positive continuous predictors; integer groups; family-valid outcome	not-run
not-run		not-probed	not-run	not-run	not-run	ordinary_brm			exact-metadata		not-run		not-run	orthopoly_linear	true			unresolved-family				not-run		mpg ~ horsepower		unresolved	bambi	not-run		89	synthetic n=12; positive continuous predictors; integer groups; family-valid outcome	not-run
not-run		direct	pass	pass	pass	ordinary_brm	b46f6c01b396315f998d7da77c25846d008cb2f7b055eaee4b5a856ca4865101	gaussian	inferred-family	775959795892889a	true	178	pass	orthopoly_linear	true			ready	-7.817384082920588		5a442e3cf95feb29bb999412bce1ba427534dc0f33cd54fdd38b5734fd0b9aa9	pass	2	mpg ~ horsepower		inferred-from-description	bambi	pass	loc ~ horsepower\nlog(sigma) ~ 1\nmpg ~ Normal(loc, sigma)	89	synthetic n=12; positive continuous predictors; integer groups; family-valid outcome	pass
not-run		not-probed	not-run	not-run	not-run	ordinary_brm			exact-metadata		not-run		not-run	orthopoly_quad	true			unresolved-family				not-run		mpg ~ poly(horsepower, 2)		unresolved	bambi	not-run		90	synthetic n=12; positive continuous predictors; integer groups; family-valid outcome	not-run
not-run		not-probed	not-run	not-run	not-run	ordinary_brm		gaussian	inferred-family		not-run		not-run	orthopoly_quad	true			unsupported				not-run		mpg ~ poly(horsepower, 2)		inferred-from-description	bambi	not-run		90	synthetic n=12; positive continuous predictors; integer groups; family-valid outcome	not-run
not-run		not-probed	not-run	not-run	not-run	ordinary_brm			exact-metadata		not-run		not-run	orthopoly_compare	true			unresolved-family				not-run		mpg ~ poly(horsepower, degree)		unresolved	bambi	not-run		91	synthetic n=12; positive continuous predictors; integer groups; family-valid outcome	not-run
not-run		not-probed	not-run	not-run	not-run	ordinary_brm		gaussian	inferred-family		not-run		not-run	orthopoly_compare	true			unsupported				not-run		mpg ~ poly(horsepower, degree)		inferred-from-description	bambi	not-run		91	synthetic n=12; positive continuous predictors; integer groups; family-valid outcome	not-run
not-run		not-probed	not-run	not-run	not-run	ordinary_brm			exact-metadata		not-run		not-run	plot_pred_linear	true			unresolved-family				not-run		mpg ~ 0 + hp * wt + cyl + gear		unresolved	bambi	not-run		92	synthetic n=12; positive continuous predictors; integer groups; family-valid outcome	not-run
not-run		direct	pass	pass	pass	ordinary_brm	b9a1543abf6556595aca10f135dcae9f3ce118cfafb227e1b1eb4da26bdf1abb	gaussian	inferred-family	6d3510485f8bd377	true	184	pass	plot_pred_linear	true			ready	-5.690109601815348		cab193db25e2364150efb58bb0168a16a97dadd31af18920498dc30639d9afd6	pass	6	mpg ~ 0 + hp * wt + cyl + gear		inferred-from-description	bambi	pass	loc ~ 0 + hp + wt + (hp & wt) + cyl + gear\nlog(sigma) ~ 1\nmpg ~ Normal(loc, sigma)	92	synthetic n=12; positive continuous predictors; integer groups; family-valid outcome	pass
not-run		not-probed	not-run	not-run	not-run	ordinary_brm			exact-metadata		not-run		not-run	plot_pred_nb	true			unresolved-family				not-run		daysabs ~ 0 + prog + scale(math) + prog:scale(math)		unresolved	bambi	not-run		93	synthetic n=12; positive continuous predictors; integer groups; family-valid outcome	not-run
not-run		not-probed	not-run	not-run	not-run	ordinary_brm		negativebinomial	inferred-family		not-run		not-run	plot_pred_nb	true			unsupported				not-run		daysabs ~ 0 + prog + scale(math) + prog:scale(math)		inferred-from-description	bambi	not-run		93	synthetic n=12; positive continuous predictors; integer groups; family-valid outcome	not-run
not-run		not-probed	not-run	not-run	not-run	ordinary_brm			exact-metadata		not-run		not-run	plot_pred_logistic	true			unresolved-family				not-run		certified_fresh ~ 0 + scale(length) * style		unresolved	bambi	not-run		94	synthetic n=12; positive continuous predictors; integer groups; family-valid outcome	not-run
not-run		not-probed	not-run	not-run	not-run	ordinary_brm		bernoulli	inferred-family		not-run		not-run	plot_pred_logistic	true			unsupported				not-run		certified_fresh ~ 0 + scale(length) * style		inferred-from-description	bambi	not-run		94	synthetic n=12; positive continuous predictors; integer groups; family-valid outcome	not-run
not-run		not-probed	not-run	not-run	not-run	ordinary_brm			exact-metadata		not-run		not-run	plot_pred_distr	true			unresolved-family				not-run		y ~ x  +  alpha ~ x		unresolved	bambi	not-run		95	synthetic n=12; positive continuous predictors; integer groups; family-valid outcome	not-run
not-run		not-probed	not-run	not-run	not-run	ordinary_brm		gamma	inferred-family		not-run		not-run	plot_pred_distr	true			unsupported				not-run		y ~ x  +  alpha ~ x		inferred-from-description	bambi	not-run		95	synthetic n=12; positive continuous predictors; integer groups; family-valid outcome	not-run
not-run		not-probed	not-run	not-run	not-run	ordinary_brm			exact-metadata		not-run		not-run	plot_comp_zip	true			unresolved-family				not-run		count ~ livebait + camper + persons + child		unresolved	bambi	not-run		96	synthetic n=12; positive continuous predictors; integer groups; family-valid outcome	not-run
not-run		not-probed	not-run	not-run	not-run	ordinary_brm		zero_inflated_poisson	inferred-family		not-run		not-run	plot_comp_zip	true			unsupported				not-run		count ~ livebait + camper + persons + child		inferred-from-description	bambi	not-run		96	synthetic n=12; positive continuous predictors; integer groups; family-valid outcome	not-run
not-run		not-probed	not-run	not-run	not-run	ordinary_brm			exact-metadata		not-run		not-run	plot_comp_logistic	true			unresolved-family				not-run		Survived ~ PClass * SexCode * Age		unresolved	bambi	not-run		97	synthetic n=12; positive continuous predictors; integer groups; family-valid outcome	not-run
not-run		not-probed	not-run	not-run	not-run	ordinary_brm		bernoulli	inferred-family		not-run		not-run	plot_comp_logistic	true			unsupported				not-run		Survived ~ PClass * SexCode * Age		inferred-from-description	bambi	not-run		97	synthetic n=12; positive continuous predictors; integer groups; family-valid outcome	not-run
not-run		not-probed	not-run	not-run	not-run	ordinary_brm			exact-metadata		not-run		not-run	plot_slopes_main	true			unresolved-family				not-run		switch ~ dist100 + arsenic + educ4		unresolved	bambi	not-run		98	synthetic n=12; positive continuous predictors; integer groups; family-valid outcome	not-run
not-run		direct	pass	pass	pass	ordinary_brm	1e550813ccc486483d0a0ed61fb35e9c6ce055114e425cc7b1b740117d89a875	bernoulli	inferred-family	26221c4ef3b81a0c	true	196	pass	plot_slopes_main	true			ready	-8.317766166719343		71d865f83b1318e96c36eda26d8cd2945c4ceff442e961e10719f37c26c8d81e	pass	3	switch ~ dist100 + arsenic + educ4		inferred-from-description	bambi	pass	log_odds ~ dist100 + arsenic + educ4\nswitch ~ BernoulliLogit(log_odds)	98	synthetic n=12; positive continuous predictors; integer groups; family-valid outcome	pass
not-run		not-probed	not-run	not-run	not-run	ordinary_brm			exact-metadata		not-run		not-run	plot_slopes_interaction	true			unresolved-family				not-run		switch ~ dist100 + arsenic + educ4 + dist100:educ4 + arsenic:educ4		unresolved	bambi	not-run		99	synthetic n=12; positive continuous predictors; integer groups; family-valid outcome	not-run
not-run		direct	pass	pass	pass	ordinary_brm	63fa5ee63d62bc98bb640d2df9c4d36781255e64b47e9748a3d75deda595318d	bernoulli	inferred-family	dbb03538237c488a	true	198	pass	plot_slopes_interaction	true			ready	-8.317766166719343		19a7a3a3975a1ce161452ff210f7d23f180959c3b2debe9bee06d5dd088d2b78	pass	5	switch ~ dist100 + arsenic + educ4 + dist100:educ4 + arsenic:educ4		inferred-from-description	bambi	pass	log_odds ~ dist100 + arsenic + educ4 + dist100 & educ4 + arsenic & educ4\nswitch ~ BernoulliLogit(log_odds)	99	synthetic n=12; positive continuous predictors; integer groups; family-valid outcome	pass
not-run		not-probed	not-run	not-run	not-run	ordinary_brm			exact-metadata		not-run		not-run	alternative_samplers	true			unresolved-family				not-run		y ~ x		unresolved	bambi	not-run		100	synthetic n=12; positive continuous predictors; integer groups; family-valid outcome	not-run
not-run		inherited-identical-probe	pass	pass	pass	ordinary_brm	bd16d2c179883196a07e5ee5e7a599683a0864a3a90ee56902e8c65676bffac3	gaussian	inferred-family	a458f12f272bf78b	true	42	pass	alternative_samplers	true			ready	-7.817384082920588		28d5c8d51b2b49c4c2a58cd6c4a4a15574427da8e534c122c6b752d742c27e19	pass	2	y ~ x		inferred-from-description	bambi	pass	loc ~ x\nlog(sigma) ~ 1\ny ~ Normal(loc, sigma)	100	synthetic n=12; positive continuous predictors; integer groups; family-valid outcome	pass
not-run		not-probed	not-run	not-run	not-run	ordinary_brm			exact-metadata		not-run		not-run	cbpp_binomial	true			unresolved-family				not-run		incidence | trials(size) ~ period + (1|herd)		unresolved	brms	not-run		101	synthetic n=12; positive continuous predictors; integer groups; family-valid outcome	not-run
not-run		direct	pass	pass	pass	ordinary_brm	70cb5a10af42f9a29010277053d1f9cdc3e8726ed302d37b1441bac98dc04dcd	binomial	inferred-family	de618aa28ac60164	true	202	pass	cbpp_binomial	true			ready	-66.54212933375474		bb9bc4724bfab2cae230ff2b8e6788dd8216a36fbec392d8dd3b7bc3285d8689	pass	5	incidence | trials(size) ~ period + (1|herd)		inferred-from-response-syntax	brms	pass	log_odds ~ period + (1|herd)\nincidence ~ BinomialLogit(size, log_odds)	101	synthetic n=12; positive continuous predictors; integer groups; family-valid outcome	pass
not-run		not-probed	not-run	not-run	not-run	ordinary_brm			exact-metadata		not-run		not-run	cbpp_beta_binomial	true			unresolved-family				not-run		incidence | vint(size) ~ period + (1|herd)		unresolved	brms	not-run		102	synthetic n=12; positive continuous predictors; integer groups; family-valid outcome	not-run
not-run		not-probed	not-run	not-run	not-run	ordinary_brm			inferred-family		not-run		not-run	cbpp_beta_binomial	true			unresolved-family				not-run		incidence | vint(size) ~ period + (1|herd)		unresolved	brms	not-run		102	synthetic n=12; positive continuous predictors; integer groups; family-valid outcome	not-run
not-run		not-probed	not-run	not-run	not-run	ordinary_brm			exact-metadata		not-run		not-run	distreg_normal	true			unresolved-family				not-run		bf(symptom_post ~ group, sigma ~ group)		unresolved	brms	not-run		103	synthetic n=12; positive continuous predictors; integer groups; family-valid outcome	not-run
not-run		not-probed	not-run	not-run	not-run	ordinary_brm			inferred-family		not-run		not-run	distreg_normal	true			unresolved-family				not-run		bf(symptom_post ~ group, sigma ~ group)		unresolved	brms	not-run		103	synthetic n=12; positive continuous predictors; integer groups; family-valid outcome	not-run
not-run		not-probed	not-run	not-run	not-run	ordinary_brm			exact-metadata		not-run		not-run	distreg_nb	true			unresolved-family				not-run		count ~ persons + child + camper		unresolved	brms	not-run		104	synthetic n=12; positive continuous predictors; integer groups; family-valid outcome	not-run
not-run		not-probed	not-run	not-run	not-run	ordinary_brm		negativebinomial	inferred-family		not-run		not-run	distreg_nb	true			unsupported				not-run		count ~ persons + child + camper		inferred-from-name	brms	not-run		104	synthetic n=12; positive continuous predictors; integer groups; family-valid outcome	not-run
not-run		not-probed	not-run	not-run	not-run	ordinary_brm			exact-metadata		not-run		not-run	distreg_zip	true			unresolved-family				not-run		bf(count ~ persons + child + camper, zi ~ child)		unresolved	brms	not-run		105	synthetic n=12; positive continuous predictors; integer groups; family-valid outcome	not-run
not-run		not-probed	not-run	not-run	not-run	ordinary_brm		poisson	inferred-family		not-run		not-run	distreg_zip	true			unsupported				not-run		bf(count ~ persons + child + camper, zi ~ child)		inferred-from-name	brms	not-run		105	synthetic n=12; positive continuous predictors; integer groups; family-valid outcome	not-run
not-run		not-probed	not-run	not-run	not-run	ordinary_brm			exact-metadata		not-run		not-run	distreg_gam	true			unresolved-family				not-run		bf(y ~ s(x1) + s(x2) + (1|fac), sigma ~ s(x0) + (1|fac))		unresolved	brms	not-run		106	synthetic n=12; positive continuous predictors; integer groups; family-valid outcome	not-run
not-run		not-probed	not-run	not-run	not-run	ordinary_brm			inferred-family		not-run		not-run	distreg_gam	true			unresolved-family				not-run		bf(y ~ s(x1) + s(x2) + (1|fac), sigma ~ s(x0) + (1|fac))		unresolved	brms	not-run		106	synthetic n=12; positive continuous predictors; integer groups; family-valid outcome	not-run
not-run		not-probed	not-run	not-run	not-run	ordinary_brm			exact-metadata		not-run		not-run	nhanes_imputed	true			unresolved-family				not-run		bmi ~ age * chl		unresolved	brms	not-run		107	synthetic n=12; positive continuous predictors; integer groups; family-valid outcome	not-run
not-run		not-probed	not-run	not-run	not-run	ordinary_brm			inferred-family		not-run		not-run	nhanes_imputed	true			unresolved-family				not-run		bmi ~ age * chl		unresolved	brms	not-run		107	synthetic n=12; positive continuous predictors; integer groups; family-valid outcome	not-run
not-run		not-probed	not-run	not-run	not-run	ordinary_brm			exact-metadata		not-run		not-run	nhanes_joint	true			unresolved-family				not-run		bf(bmi | mi() ~ age * mi(chl)) + bf(chl | mi() ~ age) + set_rescor(FALSE)		unresolved	brms	not-run		108	synthetic n=12; positive continuous predictors; integer groups; family-valid outcome	not-run
not-run		not-probed	not-run	not-run	not-run	ordinary_brm			inferred-family		not-run		not-run	nhanes_joint	true			unresolved-family				not-run		bf(bmi | mi() ~ age * mi(chl)) + bf(chl | mi() ~ age) + set_rescor(FALSE)		unresolved	brms	not-run		108	synthetic n=12; positive continuous predictors; integer groups; family-valid outcome	not-run
not-run		not-probed	not-run	not-run	not-run	ordinary_brm			exact-metadata		not-run		not-run	nhanes_error	true			unresolved-family				not-run		bf(bmi | mi() ~ age * mi(chl)) + bf(chl | mi(se = se_chl) ~ age) + set_rescor(FALSE)		unresolved	brms	not-run		109	synthetic n=12; positive continuous predictors; integer groups; family-valid outcome	not-run
not-run		not-probed	not-run	not-run	not-run	ordinary_brm			inferred-family		not-run		not-run	nhanes_error	true			unresolved-family				not-run		bf(bmi | mi() ~ age * mi(chl)) + bf(chl | mi(se = se_chl) ~ age) + set_rescor(FALSE)		unresolved	brms	not-run		109	synthetic n=12; positive continuous predictors; integer groups; family-valid outcome	not-run
not-run		not-probed	not-run	not-run	not-run	ordinary_brm			exact-metadata		not-run		not-run	income_mo	true			unresolved-family				not-run		ls ~ mo(income)		unresolved	brms	not-run		110	synthetic n=12; positive continuous predictors; integer groups; family-valid outcome	not-run
not-run		not-probed	not-run	not-run	not-run	ordinary_brm			inferred-family		not-run		not-run	income_mo	true			unresolved-family				not-run		ls ~ mo(income)		unresolved	brms	not-run		110	synthetic n=12; positive continuous predictors; integer groups; family-valid outcome	not-run
not-run		not-probed	not-run	not-run	not-run	ordinary_brm			exact-metadata		not-run		not-run	income_num	true			unresolved-family				not-run		ls ~ income_num		unresolved	brms	not-run		111	synthetic n=12; positive continuous predictors; integer groups; family-valid outcome	not-run
not-run		not-probed	not-run	not-run	not-run	ordinary_brm			inferred-family		not-run		not-run	income_num	true			unresolved-family				not-run		ls ~ income_num		unresolved	brms	not-run		111	synthetic n=12; positive continuous predictors; integer groups; family-valid outcome	not-run
not-run		not-probed	not-run	not-run	not-run	ordinary_brm			exact-metadata		not-run		not-run	income_nominal	true			unresolved-family				not-run		ls ~ income		unresolved	brms	not-run		112	synthetic n=12; positive continuous predictors; integer groups; family-valid outcome	not-run
not-run		not-probed	not-run	not-run	not-run	ordinary_brm			inferred-family		not-run		not-run	income_nominal	true			unresolved-family				not-run		ls ~ income		unresolved	brms	not-run		112	synthetic n=12; positive continuous predictors; integer groups; family-valid outcome	not-run
not-run		not-probed	not-run	not-run	not-run	ordinary_brm			exact-metadata		not-run		not-run	income_mo_age	true			unresolved-family				not-run		ls ~ mo(income) * age		unresolved	brms	not-run		113	synthetic n=12; positive continuous predictors; integer groups; family-valid outcome	not-run
not-run		not-probed	not-run	not-run	not-run	ordinary_brm			inferred-family		not-run		not-run	income_mo_age	true			unresolved-family				not-run		ls ~ mo(income) * age		unresolved	brms	not-run		113	synthetic n=12; positive continuous predictors; integer groups; family-valid outcome	not-run
not-run		not-probed	not-run	not-run	not-run	ordinary_brm			exact-metadata		not-run		not-run	income_mo_city	true			unresolved-family				not-run		ls ~ mo(income) * age + (mo(income) | city)		unresolved	brms	not-run		114	synthetic n=12; positive continuous predictors; integer groups; family-valid outcome	not-run
not-run		not-probed	not-run	not-run	not-run	ordinary_brm			inferred-family		not-run		not-run	income_mo_city	true			unresolved-family				not-run		ls ~ mo(income) * age + (mo(income) | city)		unresolved	brms	not-run		114	synthetic n=12; positive continuous predictors; integer groups; family-valid outcome	not-run
not-run		not-probed	not-run	not-run	not-run	ordinary_brm			exact-metadata		not-run		not-run	btdata_compact	true			unresolved-family				not-run		bf(mvbind(tarsus, back) ~ sex + hatchdate + (1|p|fosternest) + (1|q|dam)) + set_rescor(TRUE)		unresolved	brms	not-run		115	synthetic n=12; positive continuous predictors; integer groups; family-valid outcome	not-run
not-run		not-probed	not-run	not-run	not-run	ordinary_brm			inferred-family		not-run		not-run	btdata_compact	true			unresolved-family				not-run		bf(mvbind(tarsus, back) ~ sex + hatchdate + (1|p|fosternest) + (1|q|dam)) + set_rescor(TRUE)		unresolved	brms	not-run		115	synthetic n=12; positive continuous predictors; integer groups; family-valid outcome	not-run
not-run		not-probed	not-run	not-run	not-run	ordinary_brm			exact-metadata		not-run		not-run	btdata_explicit	true			unresolved-family				not-run		bf(tarsus ~ sex + hatchdate + (1|p|fosternest) + (1|q|dam)) + bf(back ~ sex + hatchdate + (1|p|fosternest) + (1|q|dam)) + set_rescor(TRUE)		unresolved	brms	not-run		116	synthetic n=12; positive continuous predictors; integer groups; family-valid outcome	not-run
not-run		not-probed	not-run	not-run	not-run	ordinary_brm			inferred-family		not-run		not-run	btdata_explicit	true			unresolved-family				not-run		bf(tarsus ~ sex + hatchdate + (1|p|fosternest) + (1|q|dam)) + bf(back ~ sex + hatchdate + (1|p|fosternest) + (1|q|dam)) + set_rescor(TRUE)		unresolved	brms	not-run		116	synthetic n=12; positive continuous predictors; integer groups; family-valid outcome	not-run
not-run		not-probed	not-run	not-run	not-run	ordinary_brm			exact-metadata		not-run		not-run	btdata_spline	true			unresolved-family				not-run		bf(tarsus ~ sex + s(hatchdate, k=5) + (1|p|fosternest) + (1|q|dam), family = skew_normal()) + bf(back ~ sex + s(hatchdate, k=5) + (1|p|fosternest) + (1|q|dam)) + set_rescor(TRUE)		unresolved	brms	not-run		117	synthetic n=12; positive continuous predictors; integer groups; family-valid outcome	not-run
not-run		not-probed	not-run	not-run	not-run	ordinary_brm			inferred-family		not-run		not-run	btdata_spline	true			unresolved-family				not-run		bf(tarsus ~ sex + s(hatchdate, k=5) + (1|p|fosternest) + (1|q|dam), family = skew_normal()) + bf(back ~ sex + s(hatchdate, k=5) + (1|p|fosternest) + (1|q|dam)) + set_rescor(TRUE)		unresolved	brms	not-run		117	synthetic n=12; positive continuous predictors; integer groups; family-valid outcome	not-run
not-run		not-probed	not-run	not-run	not-run	ordinary_brm			exact-metadata		not-run		not-run	nonlinear_exp	true			unresolved-family				not-run		bf(y ~ b1 * exp(b2 * x), b1 + b2 ~ 1, nl = TRUE)		unresolved	brms	not-run		118	synthetic n=12; positive continuous predictors; integer groups; family-valid outcome	not-run
not-run		not-probed	not-run	not-run	not-run	ordinary_brm			inferred-family		not-run		not-run	nonlinear_exp	true			unresolved-family				not-run		bf(y ~ b1 * exp(b2 * x), b1 + b2 ~ 1, nl = TRUE)		unresolved	brms	not-run		118	synthetic n=12; positive continuous predictors; integer groups; family-valid outcome	not-run
not-run		not-probed	not-run	not-run	not-run	ordinary_brm			exact-metadata		not-run		not-run	nonlinear_linear	true			unresolved-family				not-run		y ~ x		unresolved	brms	not-run		119	synthetic n=12; positive continuous predictors; integer groups; family-valid outcome	not-run
not-run		not-probed	not-run	not-run	not-run	ordinary_brm			inferred-family		not-run		not-run	nonlinear_linear	true			unresolved-family				not-run		y ~ x		unresolved	brms	not-run		119	synthetic n=12; positive continuous predictors; integer groups; family-valid outcome	not-run
not-run		not-probed	not-run	not-run	not-run	ordinary_brm			exact-metadata		not-run		not-run	nonlinear_loss	true			unresolved-family				not-run		bf(cum ~ ult * (1 - exp(-(dev/theta)^omega)), ult ~ 1 + (1|AY), omega ~ 1, theta ~ 1, nl = TRUE)		unresolved	brms	not-run		120	synthetic n=12; positive continuous predictors; integer groups; family-valid outcome	not-run
not-run		not-probed	not-run	not-run	not-run	ordinary_brm		weibull	inferred-family		not-run		not-run	nonlinear_loss	true			unsupported				not-run		bf(cum ~ ult * (1 - exp(-(dev/theta)^omega)), ult ~ 1 + (1|AY), omega ~ 1, theta ~ 1, nl = TRUE)		inferred-from-name	brms	not-run		120	synthetic n=12; positive continuous predictors; integer groups; family-valid outcome	not-run
not-run		not-probed	not-run	not-run	not-run	stanblocks_plate			exact-metadata		not-run		not-run	phylo_simple_re	true			unresolved-family				not-run		phen ~ cofactor + (1|gr(phylo, cov = A))		unresolved	brms	not-run		121	synthetic n=12; positive continuous predictors; integer groups; family-valid outcome	not-run
not-run		not-probed	not-run	not-run	not-run	stanblocks_plate			inferred-family		not-run		not-run	phylo_simple_re	true			unresolved-family				not-run		phen ~ cofactor + (1|gr(phylo, cov = A))		unresolved	brms	not-run		121	synthetic n=12; positive continuous predictors; integer groups; family-valid outcome	not-run
not-run		not-probed	not-run	not-run	not-run	stanblocks_plate			exact-metadata		not-run		not-run	phylo_simple_resid	true			unresolved-family				not-run		phen ~ cofactor + (1|gr(phylo, cov = A)) + (1|phylo)		unresolved	brms	not-run		122	synthetic n=12; positive continuous predictors; integer groups; family-valid outcome	not-run
not-run		not-probed	not-run	not-run	not-run	stanblocks_plate			inferred-family		not-run		not-run	phylo_simple_resid	true			unresolved-family				not-run		phen ~ cofactor + (1|gr(phylo, cov = A)) + (1|phylo)		unresolved	brms	not-run		122	synthetic n=12; positive continuous predictors; integer groups; family-valid outcome	not-run
not-run		not-probed	not-run	not-run	not-run	stanblocks_plate			exact-metadata		not-run		not-run	phylo_repeat_re	true			unresolved-family				not-run		phen ~ cofactor + (1|gr(phylo, cov = A)) + (1|species)		unresolved	brms	not-run		123	synthetic n=12; positive continuous predictors; integer groups; family-valid outcome	not-run
not-run		not-probed	not-run	not-run	not-run	stanblocks_plate			inferred-family		not-run		not-run	phylo_repeat_re	true			unresolved-family				not-run		phen ~ cofactor + (1|gr(phylo, cov = A)) + (1|species)		unresolved	brms	not-run		123	synthetic n=12; positive continuous predictors; integer groups; family-valid outcome	not-run
not-run		not-probed	not-run	not-run	not-run	stanblocks_plate			exact-metadata		not-run		not-run	phylo_effect	true			unresolved-family				not-run		Zr | se(sqrt(1/(N-3))) ~ 1 + (1|gr(phylo, cov = A))		unresolved	brms	not-run		124	synthetic n=12; positive continuous predictors; integer groups; family-valid outcome	not-run
not-run		not-probed	not-run	not-run	not-run	stanblocks_plate			inferred-family		not-run		not-run	phylo_effect	true			unresolved-family				not-run		Zr | se(sqrt(1/(N-3))) ~ 1 + (1|gr(phylo, cov = A))		unresolved	brms	not-run		124	synthetic n=12; positive continuous predictors; integer groups; family-valid outcome	not-run
not-run		not-probed	not-run	not-run	not-run	stanblocks_plate			exact-metadata		not-run		not-run	phylo_pois	true			unresolved-family				not-run		phen_pois ~ cofactor + (1|gr(phylo, cov = A))		unresolved	brms	not-run		125	synthetic n=12; positive continuous predictors; integer groups; family-valid outcome	not-run
not-run		not-probed	not-run	not-run	not-run	stanblocks_plate		poisson	inferred-family		not-run		not-run	phylo_pois	true			route-specific				not-run		phen_pois ~ cofactor + (1|gr(phylo, cov = A))		inferred-from-name	brms	not-run		125	synthetic n=12; positive continuous predictors; integer groups; family-valid outcome	not-run
not-run		not-probed	not-run	not-run	not-run	ordinary_brm			exact-metadata		not-run		not-run	globe	true			unresolved-family				not-run		w | trials(n) ~ 0 + Intercept		unresolved	mcelreath	not-run		126	synthetic n=12; positive continuous predictors; integer groups; family-valid outcome	not-run
not-run		direct	pass	pass	pass	ordinary_brm	78b9f320b66cc246dcf34bb7935c007dab8b4e91f0e82a3a766e403984283624	binomial	inferred-family	8ea9c35750ea257e	true	252	pass	globe	true			ready	-66.54212933375474		e088104ccfcd26b43c753f4482334e20a4606f37f40b48be0719128c163cfe66	pass	1	w | trials(n) ~ 0 + Intercept		inferred-from-response-syntax	mcelreath	pass	log_odds ~ 0 + Intercept\nw ~ BinomialLogit(n, log_odds)	126	synthetic n=12; positive continuous predictors; integer groups; family-valid outcome	pass
not-run		not-probed	not-run	not-run	not-run	ordinary_brm			exact-metadata		not-run		not-run	howell1_intercept	true			unresolved-family				not-run		height ~ 1		unresolved	mcelreath	not-run		127	synthetic n=12; positive continuous predictors; integer groups; family-valid outcome	not-run
not-run		direct	pass	pass	pass	ordinary_brm	e70a409ebe899e16d06bd39aa56cce1051771195da0ae8c8cd25a53f613f62b3	gaussian	inferred-family	5f838e768841e78b	true	254	pass	howell1_intercept	true			ready	-8.47744637392999		7059a319b4c12edfb4b483c4b8151d3019d93e18fbd499b21c5ccf315332f8f2	pass	2	height ~ 1		inferred-from-name	mcelreath	pass	loc ~ 1\nlog(sigma) ~ 1\nheight ~ Normal(loc, sigma)	127	synthetic n=12; positive continuous predictors; integer groups; family-valid outcome	pass
not-run		not-probed	not-run	not-run	not-run	ordinary_brm			exact-metadata		not-run		not-run	howell1_linear	true			unresolved-family				not-run		height ~ 1 + weight_c		unresolved	mcelreath	not-run		128	synthetic n=12; positive continuous predictors; integer groups; family-valid outcome	not-run
not-run		direct	pass	pass	pass	ordinary_brm	c4313a85b145fc05adf3216366b08024be29890141af6c20acf3f21d675b3e29	gaussian	inferred-family	10fa1c93d870604a	true	256	pass	howell1_linear	true			ready	-7.817384082920588		cb9e30d7d986d23b5b5d39f2306383f4d185f221dafbd7ebf8ff24c903933b6b	pass	3	height ~ 1 + weight_c		inferred-from-name	mcelreath	pass	loc ~ 1 + weight_c\nlog(sigma) ~ 1\nheight ~ Normal(loc, sigma)	128	synthetic n=12; positive continuous predictors; integer groups; family-valid outcome	pass
not-run		not-probed	not-run	not-run	not-run	ordinary_brm			exact-metadata		not-run		not-run	howell1_quad	true			unresolved-family				not-run		height ~ 1 + weight_s + weight_s2		unresolved	mcelreath	not-run		129	synthetic n=12; positive continuous predictors; integer groups; family-valid outcome	not-run
not-run		direct	pass	pass	pass	ordinary_brm	328acb2fd108219e954d7230b17dfd92a387e437801a91ea61ae8939df8c7a07	gaussian	inferred-family	3b44e3e6f0ad1753	true	258	pass	howell1_quad	true			ready	-3.8069883206128132		df743f8cc8edf7b61a85d2be02a020f776bb13286c0225af1bdccecacf033e1d	pass	4	height ~ 1 + weight_s + weight_s2		inferred-from-name	mcelreath	pass	loc ~ 1 + weight_s + weight_s2\nlog(sigma) ~ 1\nheight ~ Normal(loc, sigma)	129	synthetic n=12; positive continuous predictors; integer groups; family-valid outcome	pass
not-run		not-probed	not-run	not-run	not-run	ordinary_brm			exact-metadata		not-run		not-run	howell1_cubic	true			unresolved-family				not-run		height ~ 1 + weight_s + weight_s2 + weight_s3		unresolved	mcelreath	not-run		130	synthetic n=12; positive continuous predictors; integer groups; family-valid outcome	not-run
not-run		direct	pass	pass	pass	ordinary_brm	ea837c7f7f4fb106f36f1d229039562cce9aefc7b9ddadc0e6ec729b38b282f5	gaussian	inferred-family	3e66034d9cbc2fb9	true	260	pass	howell1_cubic	true			ready	-1.5583030664754685		e8c129823f3d972b8536fea28634706a83fbdd5a7b02212b2848fea682c0d4d8	pass	5	height ~ 1 + weight_s + weight_s2 + weight_s3		inferred-from-name	mcelreath	pass	loc ~ 1 + weight_s + weight_s2 + weight_s3\nlog(sigma) ~ 1\nheight ~ Normal(loc, sigma)	130	synthetic n=12; positive continuous predictors; integer groups; family-valid outcome	pass
not-run		not-probed	not-run	not-run	not-run	ordinary_brm			exact-metadata		not-run		not-run	howell1_nl	true			unresolved-family				not-run		bf(height ~ a + exp(lb) * weight_c, a ~ 1, lb ~ 1, nl = TRUE)		unresolved	mcelreath	not-run		131	synthetic n=12; positive continuous predictors; integer groups; family-valid outcome	not-run
not-run		not-probed	not-run	not-run	not-run	ordinary_brm		gaussian	inferred-family		not-run		not-run	howell1_nl	true			unsupported				not-run		bf(height ~ a + exp(lb) * weight_c, a ~ 1, lb ~ 1, nl = TRUE)		inferred-from-name	mcelreath	not-run		131	synthetic n=12; positive continuous predictors; integer groups; family-valid outcome	not-run
not-run		not-probed	not-run	not-run	not-run	ordinary_brm			exact-metadata		not-run		not-run	howell1_volume	true			unresolved-family				not-run		bf(w ~ log(3.141593 * k * p^2 * h^3), k + p ~ 1, nl = TRUE)		unresolved	mcelreath	not-run		132	synthetic n=12; positive continuous predictors; integer groups; family-valid outcome	not-run
not-run		not-probed	not-run	not-run	not-run	ordinary_brm		gaussian	inferred-family		not-run		not-run	howell1_volume	true			unsupported				not-run		bf(w ~ log(3.141593 * k * p^2 * h^3), k + p ~ 1, nl = TRUE)		inferred-from-name	mcelreath	not-run		132	synthetic n=12; positive continuous predictors; integer groups; family-valid outcome	not-run
not-run		not-probed	not-run	not-run	not-run	ordinary_brm			exact-metadata		not-run		not-run	cherry_blossoms	true			unresolved-family				not-run		doy ~ 1 + B		unresolved	mcelreath	not-run		133	synthetic n=12; positive continuous predictors; integer groups; family-valid outcome	not-run
not-run		not-probed	not-run	not-run	not-run	ordinary_brm			inferred-family		not-run		not-run	cherry_blossoms	true			unresolved-family				not-run		doy ~ 1 + B		unresolved	mcelreath	not-run		133	synthetic n=12; positive continuous predictors; integer groups; family-valid outcome	not-run
not-run		not-probed	not-run	not-run	not-run	ordinary_brm			exact-metadata		not-run		not-run	waffle_divorce_a	true			unresolved-family				not-run		D ~ 1 + A		unresolved	mcelreath	not-run		134	synthetic n=12; positive continuous predictors; integer groups; family-valid outcome	not-run
not-run		not-probed	not-run	not-run	not-run	ordinary_brm			inferred-family		not-run		not-run	waffle_divorce_a	true			unresolved-family				not-run		D ~ 1 + A		unresolved	mcelreath	not-run		134	synthetic n=12; positive continuous predictors; integer groups; family-valid outcome	not-run
not-run		not-probed	not-run	not-run	not-run	ordinary_brm			exact-metadata		not-run		not-run	waffle_divorce_m	true			unresolved-family				not-run		D ~ 1 + M		unresolved	mcelreath	not-run		135	synthetic n=12; positive continuous predictors; integer groups; family-valid outcome	not-run
not-run		not-probed	not-run	not-run	not-run	ordinary_brm			inferred-family		not-run		not-run	waffle_divorce_m	true			unresolved-family				not-run		D ~ 1 + M		unresolved	mcelreath	not-run		135	synthetic n=12; positive continuous predictors; integer groups; family-valid outcome	not-run
not-run		not-probed	not-run	not-run	not-run	ordinary_brm			exact-metadata		not-run		not-run	waffle_divorce_am	true			unresolved-family				not-run		D ~ 1 + M + A		unresolved	mcelreath	not-run		136	synthetic n=12; positive continuous predictors; integer groups; family-valid outcome	not-run
not-run		not-probed	not-run	not-run	not-run	ordinary_brm			inferred-family		not-run		not-run	waffle_divorce_am	true			unresolved-family				not-run		D ~ 1 + M + A		unresolved	mcelreath	not-run		136	synthetic n=12; positive continuous predictors; integer groups; family-valid outcome	not-run
not-run		not-probed	not-run	not-run	not-run	ordinary_brm			exact-metadata		not-run		not-run	waffle_divorce_mediator	true			unresolved-family				not-run		M ~ 1 + A		unresolved	mcelreath	not-run		137	synthetic n=12; positive continuous predictors; integer groups; family-valid outcome	not-run
not-run		not-probed	not-run	not-run	not-run	ordinary_brm			inferred-family		not-run		not-run	waffle_divorce_mediator	true			unresolved-family				not-run		M ~ 1 + A		unresolved	mcelreath	not-run		137	synthetic n=12; positive continuous predictors; integer groups; family-valid outcome	not-run
not-run		not-probed	not-run	not-run	not-run	ordinary_brm			exact-metadata		not-run		not-run	waffle_divorce_multivariate	true			unresolved-family				not-run		bf(D ~ 1 + M + A) + bf(M ~ 1 + A) + set_rescor(FALSE)		unresolved	mcelreath	not-run		138	synthetic n=12; positive continuous predictors; integer groups; family-valid outcome	not-run
not-run		not-probed	not-run	not-run	not-run	ordinary_brm			inferred-family		not-run		not-run	waffle_divorce_multivariate	true			unresolved-family				not-run		bf(D ~ 1 + M + A) + bf(M ~ 1 + A) + set_rescor(FALSE)		unresolved	mcelreath	not-run		138	synthetic n=12; positive continuous predictors; integer groups; family-valid outcome	not-run
not-run		not-probed	not-run	not-run	not-run	ordinary_brm			exact-metadata		not-run		not-run	waffle_divorce_meas_err	true			unresolved-family				not-run		D_obs | mi(D_sd) ~ 1 + A + M		unresolved	mcelreath	not-run		139	synthetic n=12; positive continuous predictors; integer groups; family-valid outcome	not-run
not-run		not-probed	not-run	not-run	not-run	ordinary_brm			inferred-family		not-run		not-run	waffle_divorce_meas_err	true			unresolved-family				not-run		D_obs | mi(D_sd) ~ 1 + A + M		unresolved	mcelreath	not-run		139	synthetic n=12; positive continuous predictors; integer groups; family-valid outcome	not-run
not-run		not-probed	not-run	not-run	not-run	ordinary_brm			exact-metadata		not-run		not-run	milk_neo	true			unresolved-family				not-run		kcal_s ~ 1 + neo_s		unresolved	mcelreath	not-run		140	synthetic n=12; positive continuous predictors; integer groups; family-valid outcome	not-run
not-run		not-probed	not-run	not-run	not-run	ordinary_brm			inferred-family		not-run		not-run	milk_neo	true			unresolved-family				not-run		kcal_s ~ 1 + neo_s		unresolved	mcelreath	not-run		140	synthetic n=12; positive continuous predictors; integer groups; family-valid outcome	not-run
not-run		not-probed	not-run	not-run	not-run	ordinary_brm			exact-metadata		not-run		not-run	milk_mass	true			unresolved-family				not-run		kcal_s ~ 1 + logmass_s		unresolved	mcelreath	not-run		141	synthetic n=12; positive continuous predictors; integer groups; family-valid outcome	not-run
not-run		not-probed	not-run	not-run	not-run	ordinary_brm			inferred-family		not-run		not-run	milk_mass	true			unresolved-family				not-run		kcal_s ~ 1 + logmass_s		unresolved	mcelreath	not-run		141	synthetic n=12; positive continuous predictors; integer groups; family-valid outcome	not-run
not-run		not-probed	not-run	not-run	not-run	ordinary_brm			exact-metadata		not-run		not-run	milk_both	true			unresolved-family				not-run		kcal_s ~ 1 + neo_s + logmass_s		unresolved	mcelreath	not-run		142	synthetic n=12; positive continuous predictors; integer groups; family-valid outcome	not-run
not-run		not-probed	not-run	not-run	not-run	ordinary_brm			inferred-family		not-run		not-run	milk_both	true			unresolved-family				not-run		kcal_s ~ 1 + neo_s + logmass_s		unresolved	mcelreath	not-run		142	synthetic n=12; positive continuous predictors; integer groups; family-valid outcome	not-run
not-run		not-probed	not-run	not-run	not-run	ordinary_brm			exact-metadata		not-run		not-run	milk_clade	true			unresolved-family				not-run		kcal_s ~ 0 + clade		unresolved	mcelreath	not-run		143	synthetic n=12; positive continuous predictors; integer groups; family-valid outcome	not-run
not-run		not-probed	not-run	not-run	not-run	ordinary_brm			inferred-family		not-run		not-run	milk_clade	true			unresolved-family				not-run		kcal_s ~ 0 + clade		unresolved	mcelreath	not-run		143	synthetic n=12; positive continuous predictors; integer groups; family-valid outcome	not-run
not-run		not-probed	not-run	not-run	not-run	ordinary_brm			exact-metadata		not-run		not-run	milk_mi	true			unresolved-family				not-run		bf(k ~ 1 + mi(b) + m) + bf(b | mi() ~ 1) + set_rescor(FALSE)		unresolved	mcelreath	not-run		144	synthetic n=12; positive continuous predictors; integer groups; family-valid outcome	not-run
not-run		not-probed	not-run	not-run	not-run	ordinary_brm			inferred-family		not-run		not-run	milk_mi	true			unresolved-family				not-run		bf(k ~ 1 + mi(b) + m) + bf(b | mi() ~ 1) + set_rescor(FALSE)		unresolved	mcelreath	not-run		144	synthetic n=12; positive continuous predictors; integer groups; family-valid outcome	not-run
not-run		not-probed	not-run	not-run	not-run	ordinary_brm			exact-metadata		not-run		not-run	plant_growth_baseline	true			unresolved-family				not-run		h1 ~ 0 + h0		unresolved	mcelreath	not-run		145	synthetic n=12; positive continuous predictors; integer groups; family-valid outcome	not-run
not-run		not-probed	not-run	not-run	not-run	ordinary_brm			inferred-family		not-run		not-run	plant_growth_baseline	true			unresolved-family				not-run		h1 ~ 0 + h0		unresolved	mcelreath	not-run		145	synthetic n=12; positive continuous predictors; integer groups; family-valid outcome	not-run
not-run		not-probed	not-run	not-run	not-run	ordinary_brm			exact-metadata		not-run		not-run	plant_growth_biased	true			unresolved-family				not-run		bf(h1 ~ h0 * (a + t * treatment + f * fungus), a + t + f ~ 1, nl = TRUE)		unresolved	mcelreath	not-run		146	synthetic n=12; positive continuous predictors; integer groups; family-valid outcome	not-run
not-run		not-probed	not-run	not-run	not-run	ordinary_brm			inferred-family		not-run		not-run	plant_growth_biased	true			unresolved-family				not-run		bf(h1 ~ h0 * (a + t * treatment + f * fungus), a + t + f ~ 1, nl = TRUE)		unresolved	mcelreath	not-run		146	synthetic n=12; positive continuous predictors; integer groups; family-valid outcome	not-run
not-run		not-probed	not-run	not-run	not-run	ordinary_brm			exact-metadata		not-run		not-run	plant_growth_causal	true			unresolved-family				not-run		bf(h1 ~ h0 * (a + t * treatment), a + t ~ 1, nl = TRUE)		unresolved	mcelreath	not-run		147	synthetic n=12; positive continuous predictors; integer groups; family-valid outcome	not-run
not-run		not-probed	not-run	not-run	not-run	ordinary_brm			inferred-family		not-run		not-run	plant_growth_causal	true			unresolved-family				not-run		bf(h1 ~ h0 * (a + t * treatment), a + t ~ 1, nl = TRUE)		unresolved	mcelreath	not-run		147	synthetic n=12; positive continuous predictors; integer groups; family-valid outcome	not-run
not-run		not-probed	not-run	not-run	not-run	ordinary_brm			exact-metadata		not-run		not-run	happiness_collider	true			unresolved-family				not-run		happiness ~ 0 + mid + a		unresolved	mcelreath	not-run		148	synthetic n=12; positive continuous predictors; integer groups; family-valid outcome	not-run
not-run		not-probed	not-run	not-run	not-run	ordinary_brm			inferred-family		not-run		not-run	happiness_collider	true			unresolved-family				not-run		happiness ~ 0 + mid + a		unresolved	mcelreath	not-run		148	synthetic n=12; positive continuous predictors; integer groups; family-valid outcome	not-run
not-run		not-probed	not-run	not-run	not-run	ordinary_brm			exact-metadata		not-run		not-run	happiness_causal	true			unresolved-family				not-run		happiness ~ 0 + Intercept + a		unresolved	mcelreath	not-run		149	synthetic n=12; positive continuous predictors; integer groups; family-valid outcome	not-run
not-run		not-probed	not-run	not-run	not-run	ordinary_brm			inferred-family		not-run		not-run	happiness_causal	true			unresolved-family				not-run		happiness ~ 0 + Intercept + a		unresolved	mcelreath	not-run		149	synthetic n=12; positive continuous predictors; integer groups; family-valid outcome	not-run
not-run		not-probed	not-run	not-run	not-run	ordinary_brm			exact-metadata		not-run		not-run	rugged_pooled	true			unresolved-family				not-run		log_gdp_std ~ 1 + rugged_std_c		unresolved	mcelreath	not-run		150	synthetic n=12; positive continuous predictors; integer groups; family-valid outcome	not-run
not-run		not-probed	not-run	not-run	not-run	ordinary_brm			inferred-family		not-run		not-run	rugged_pooled	true			unresolved-family				not-run		log_gdp_std ~ 1 + rugged_std_c		unresolved	mcelreath	not-run		150	synthetic n=12; positive continuous predictors; integer groups; family-valid outcome	not-run
not-run		not-probed	not-run	not-run	not-run	ordinary_brm			exact-metadata		not-run		not-run	rugged_continent	true			unresolved-family				not-run		log_gdp_std ~ 0 + cid + rugged_std_c		unresolved	mcelreath	not-run		151	synthetic n=12; positive continuous predictors; integer groups; family-valid outcome	not-run
not-run		not-probed	not-run	not-run	not-run	ordinary_brm			inferred-family		not-run		not-run	rugged_continent	true			unresolved-family				not-run		log_gdp_std ~ 0 + cid + rugged_std_c		unresolved	mcelreath	not-run		151	synthetic n=12; positive continuous predictors; integer groups; family-valid outcome	not-run
not-run		not-probed	not-run	not-run	not-run	ordinary_brm			exact-metadata		not-run		not-run	rugged_nl	true			unresolved-family				not-run		bf(log_gdp_std ~ 0 + a + b * rugged_std_c, a ~ 0 + cid, b ~ 0 + cid, nl = TRUE)		unresolved	mcelreath	not-run		152	synthetic n=12; positive continuous predictors; integer groups; family-valid outcome	not-run
not-run		not-probed	not-run	not-run	not-run	ordinary_brm			inferred-family		not-run		not-run	rugged_nl	true			unresolved-family				not-run		bf(log_gdp_std ~ 0 + a + b * rugged_std_c, a ~ 0 + cid, b ~ 0 + cid, nl = TRUE)		unresolved	mcelreath	not-run		152	synthetic n=12; positive continuous predictors; integer groups; family-valid outcome	not-run
not-run		not-probed	not-run	not-run	not-run	ordinary_brm			exact-metadata		not-run		not-run	tulips_additive	true			unresolved-family				not-run		blooms_std ~ 1 + water_cent + shade_cent		unresolved	mcelreath	not-run		153	synthetic n=12; positive continuous predictors; integer groups; family-valid outcome	not-run
not-run		not-probed	not-run	not-run	not-run	ordinary_brm			inferred-family		not-run		not-run	tulips_additive	true			unresolved-family				not-run		blooms_std ~ 1 + water_cent + shade_cent		unresolved	mcelreath	not-run		153	synthetic n=12; positive continuous predictors; integer groups; family-valid outcome	not-run
not-run		not-probed	not-run	not-run	not-run	ordinary_brm			exact-metadata		not-run		not-run	tulips_interaction	true			unresolved-family				not-run		blooms_std ~ 1 + water_cent + shade_cent + water_cent:shade_cent		unresolved	mcelreath	not-run		154	synthetic n=12; positive continuous predictors; integer groups; family-valid outcome	not-run
not-run		not-probed	not-run	not-run	not-run	ordinary_brm			inferred-family		not-run		not-run	tulips_interaction	true			unresolved-family				not-run		blooms_std ~ 1 + water_cent + shade_cent + water_cent:shade_cent		unresolved	mcelreath	not-run		154	synthetic n=12; positive continuous predictors; integer groups; family-valid outcome	not-run
not-run		not-probed	not-run	not-run	not-run	ordinary_brm			exact-metadata		not-run		not-run	hetero	true			unresolved-family				not-run		bf(y ~ 1, sigma ~ 1 + x)		unresolved	mcelreath	not-run		155	synthetic n=12; positive continuous predictors; integer groups; family-valid outcome	not-run
not-run		not-probed	not-run	not-run	not-run	ordinary_brm		gaussian	inferred-family		not-run		not-run	hetero	true			unsupported				not-run		bf(y ~ 1, sigma ~ 1 + x)		inferred-from-name	mcelreath	not-run		155	synthetic n=12; positive continuous predictors; integer groups; family-valid outcome	not-run
not-run		not-probed	not-run	not-run	not-run	ordinary_brm			exact-metadata		not-run		not-run	chimpanzees_intercept	true			unresolved-family				not-run		pulled_left | trials(1) ~ 1		unresolved	mcelreath	not-run		156	synthetic n=12; positive continuous predictors; integer groups; family-valid outcome	not-run
not-run		direct	pass	not-run	not-run	ordinary_brm		binomial	inferred-family	76bbe339f438cf60	not-run	312	fail	chimpanzees_intercept	true	descriptor	AssertionError: tracetype not defined for pulled_left_gen::anything = binomial_logit_rng(::array[] tokenof, ::int, ::vector)::anything! Stacktrace:   [1] show(io::StanBlocks.StanIO{IOBuffer}, x::StanBlocks.CanonicalExpr{Val{:(=)}, Tuple{StanBlocks.StanExpr{Symbol, StanBlocks.StanType{anything, 0}}, StanBlocks.StanExpr{StanBlocks.CanonicalExpr{typeof(StanBlocks.builtin.binomial_logit_rng), Tuple{StanBlocks.StanExpr{DataType, StanBlocks.StanType{tokenof, 1}}, StanBlocks.StanExpr{Int64, StanBlocks.StanType{int, 0}}, StanBlocks.StanExpr{Symbol, StanBlocks.StanType{vector, 1}}}}, StanBlocks.StanType{anything, 0}}}})     @ StanBlocks ~/github/nsiccha/StanBlocks.jl/src/slic_stan/show.jl:124   [2] print(io::StanBlocks.StanIO{IOBuffer}, x::StanBlocks.CanonicalExpr{Val{:(=)}, Tuple{StanBlocks.StanExpr{Symbol, StanBlocks.StanType{anything, 0}}, StanBlocks.StanExpr{StanBlocks.CanonicalExpr{typeof(StanBlocks.builtin.binomial_logit_rng), Tuple{StanBlocks.StanExpr{DataType, StanBlocks.StanType{tokenof, 1}}, StanBlocks.StanExpr{Int64, StanBlocks.StanType{int, 0}}, StanBlocks.StanExpr{Symbol, StanBlocks.StanType{vector, 1}}}}, StanBlocks.StanType{anything, 0}}}})     @ Base ./strings/io.jl:35   [3]…	ready				pass		pulled_left | trials(1) ~ 1		inferred-from-response-syntax	mcelreath	not-run	log_odds ~ 1\npulled_left ~ BinomialLogit(1, log_odds)	156	synthetic n=12; positive continuous predictors; integer groups; family-valid outcome	pass
not-run		not-probed	not-run	not-run	not-run	ordinary_brm			exact-metadata		not-run		not-run	chimpanzees_actors	true			unresolved-family				not-run		bf(pulled_left | trials(1) ~ a + b, a ~ 0 + actor, b ~ 0 + treatment, nl = TRUE)		unresolved	mcelreath	not-run		157	synthetic n=12; positive continuous predictors; integer groups; family-valid outcome	not-run
not-run		not-probed	not-run	not-run	not-run	ordinary_brm		binomial	inferred-family		not-run		not-run	chimpanzees_actors	true			unsupported				not-run		bf(pulled_left | trials(1) ~ a + b, a ~ 0 + actor, b ~ 0 + treatment, nl = TRUE)		inferred-from-response-syntax	mcelreath	not-run		157	synthetic n=12; positive continuous predictors; integer groups; family-valid outcome	not-run
not-run		not-probed	not-run	not-run	not-run	ordinary_brm			exact-metadata		not-run		not-run	chimpanzees_multilevel	true			unresolved-family				not-run		bf(pulled_left | trials(1) ~ a + b, a ~ 1 + (1 | actor) + (1 | block), b ~ 0 + treatment, nl = TRUE)		unresolved	mcelreath	not-run		158	synthetic n=12; positive continuous predictors; integer groups; family-valid outcome	not-run
not-run		not-probed	not-run	not-run	not-run	ordinary_brm		binomial	inferred-family		not-run		not-run	chimpanzees_multilevel	true			unsupported				not-run		bf(pulled_left | trials(1) ~ a + b, a ~ 1 + (1 | actor) + (1 | block), b ~ 0 + treatment, nl = TRUE)		inferred-from-response-syntax	mcelreath	not-run		158	synthetic n=12; positive continuous predictors; integer groups; family-valid outcome	not-run
not-run		not-probed	not-run	not-run	not-run	ordinary_brm			exact-metadata		not-run		not-run	chimpanzees_slopes	true			unresolved-family				not-run		pulled_left | trials(1) ~ 0 + treatment + (0 + treatment | actor) + (0 + treatment | block)		unresolved	mcelreath	not-run		159	synthetic n=12; positive continuous predictors; integer groups; family-valid outcome	not-run
not-run		direct	pass	not-run	not-run	ordinary_brm		binomial	inferred-family	b540549e09b58419	not-run	318	fail	chimpanzees_slopes	true	descriptor	AssertionError: tracetype not defined for pulled_left_gen::anything = binomial_logit_rng(::array[] tokenof, ::int, ::vector)::anything! Stacktrace:   [1] show(io::StanBlocks.StanIO{IOBuffer}, x::StanBlocks.CanonicalExpr{Val{:(=)}, Tuple{StanBlocks.StanExpr{Symbol, StanBlocks.StanType{anything, 0}}, StanBlocks.StanExpr{StanBlocks.CanonicalExpr{typeof(StanBlocks.builtin.binomial_logit_rng), Tuple{StanBlocks.StanExpr{DataType, StanBlocks.StanType{tokenof, 1}}, StanBlocks.StanExpr{Int64, StanBlocks.StanType{int, 0}}, StanBlocks.StanExpr{Symbol, StanBlocks.StanType{vector, 1}}}}, StanBlocks.StanType{anything, 0}}}})     @ StanBlocks ~/github/nsiccha/StanBlocks.jl/src/slic_stan/show.jl:124   [2] print(io::StanBlocks.StanIO{IOBuffer}, x::StanBlocks.CanonicalExpr{Val{:(=)}, Tuple{StanBlocks.StanExpr{Symbol, StanBlocks.StanType{anything, 0}}, StanBlocks.StanExpr{StanBlocks.CanonicalExpr{typeof(StanBlocks.builtin.binomial_logit_rng), Tuple{StanBlocks.StanExpr{DataType, StanBlocks.StanType{tokenof, 1}}, StanBlocks.StanExpr{Int64, StanBlocks.StanType{int, 0}}, StanBlocks.StanExpr{Symbol, StanBlocks.StanType{vector, 1}}}}, StanBlocks.StanType{anything, 0}}}})     @ Base ./strings/io.jl:35   [3]…	ready				pass		pulled_left | trials(1) ~ 0 + treatment + (0 + treatment | actor) + (0 + treatment | block)		inferred-from-response-syntax	mcelreath	not-run	log_odds ~ 0 + treatment + (0 + treatment | actor) + (0 + treatment | block)\npulled_left ~ BinomialLogit(1, log_odds)	159	synthetic n=12; positive continuous predictors; integer groups; family-valid outcome	pass
not-run		not-probed	not-run	not-run	not-run	ordinary_brm			exact-metadata		not-run		not-run	ucbadmit_gender	true			unresolved-family				not-run		admit | trials(applications) ~ 0 + gid		unresolved	mcelreath	not-run		160	synthetic n=12; positive continuous predictors; integer groups; family-valid outcome	not-run
not-run		direct	pass	pass	pass	ordinary_brm	001934bef3088d463b51bb7e52fb732b6e5d1a51a897623d2a0e42ad0711e93e	binomial	inferred-family	7c69d47e95b4733a	true	320	pass	ucbadmit_gender	true			ready	-66.54212933375474		3686c61329cccc576c1d4a57147e0dc9f17c2cf873d2134af393a142052fcfce	pass	1	admit | trials(applications) ~ 0 + gid		inferred-from-response-syntax	mcelreath	pass	log_odds ~ 0 + gid\nadmit ~ BinomialLogit(applications, log_odds)	160	synthetic n=12; positive continuous predictors; integer groups; family-valid outcome	pass
not-run		not-probed	not-run	not-run	not-run	ordinary_brm			exact-metadata		not-run		not-run	ucbadmit_dept	true			unresolved-family				not-run		bf(admit | trials(applications) ~ a + d, a ~ 0 + gid, d ~ 0 + dept, nl = TRUE)		unresolved	mcelreath	not-run		161	synthetic n=12; positive continuous predictors; integer groups; family-valid outcome	not-run
not-run		not-probed	not-run	not-run	not-run	ordinary_brm		binomial	inferred-family		not-run		not-run	ucbadmit_dept	true			unsupported				not-run		bf(admit | trials(applications) ~ a + d, a ~ 0 + gid, d ~ 0 + dept, nl = TRUE)		inferred-from-response-syntax	mcelreath	not-run		161	synthetic n=12; positive continuous predictors; integer groups; family-valid outcome	not-run
not-run		not-probed	not-run	not-run	not-run	ordinary_brm			exact-metadata		not-run		not-run	ucbadmit_beta_binomial	true			unresolved-family				not-run		admit | vint(applications) ~ 0 + gid		unresolved	mcelreath	not-run		162	synthetic n=12; positive continuous predictors; integer groups; family-valid outcome	not-run
not-run		not-probed	not-run	not-run	not-run	ordinary_brm			inferred-family		not-run		not-run	ucbadmit_beta_binomial	true			unresolved-family				not-run		admit | vint(applications) ~ 0 + gid		unresolved	mcelreath	not-run		162	synthetic n=12; positive continuous predictors; integer groups; family-valid outcome	not-run
not-run		not-probed	not-run	not-run	not-run	ordinary_brm			exact-metadata		not-run		not-run	kline_intercept	true			unresolved-family				not-run		total_tools ~ 1		unresolved	mcelreath	not-run		163	synthetic n=12; positive continuous predictors; integer groups; family-valid outcome	not-run
not-run		direct	pass	pass	pass	ordinary_brm	5025ef05ca03e29b5e275974a77b2ae3a85c7a57ed88fa9672136b64d0545d94	poisson	inferred-family	aec38c987289aa79	true	326	pass	kline_intercept	true			ready	-12.0		0bccc3721c4953228da47b03c82904201a5a963c347e0042029090d477d70cc4	pass	1	total_tools ~ 1		inferred-from-name	mcelreath	pass	log_rate ~ 1\ntotal_tools ~ Poisson(exp(log_rate))	163	synthetic n=12; positive continuous predictors; integer groups; family-valid outcome	pass
not-run		not-probed	not-run	not-run	not-run	ordinary_brm			exact-metadata		not-run		not-run	kline_contact	true			unresolved-family				not-run		bf(total_tools ~ a + b * log_pop_std, a + b ~ 0 + cid, nl = TRUE)		unresolved	mcelreath	not-run		164	synthetic n=12; positive continuous predictors; integer groups; family-valid outcome	not-run
not-run		not-probed	not-run	not-run	not-run	ordinary_brm			inferred-family		not-run		not-run	kline_contact	true			unresolved-family				not-run		bf(total_tools ~ a + b * log_pop_std, a + b ~ 0 + cid, nl = TRUE)		unresolved	mcelreath	not-run		164	synthetic n=12; positive continuous predictors; integer groups; family-valid outcome	not-run
not-run		not-probed	not-run	not-run	not-run	ordinary_brm			exact-metadata		not-run		not-run	kline_power	true			unresolved-family				not-run		bf(total_tools ~ exp(a) * population^b / g, a + b ~ 0 + cid, g ~ 1, nl = TRUE)		unresolved	mcelreath	not-run		165	synthetic n=12; positive continuous predictors; integer groups; family-valid outcome	not-run
not-run		not-probed	not-run	not-run	not-run	ordinary_brm			inferred-family		not-run		not-run	kline_power	true			unresolved-family				not-run		bf(total_tools ~ exp(a) * population^b / g, a + b ~ 0 + cid, g ~ 1, nl = TRUE)		unresolved	mcelreath	not-run		165	synthetic n=12; positive continuous predictors; integer groups; family-valid outcome	not-run
not-run		not-probed	not-run	not-run	not-run	ordinary_brm			exact-metadata		not-run		not-run	kline2	true			unresolved-family				not-run		bf(total_tools ~ exp(a) * population^b / g, a ~ 1 + gp(lat_adj, lon2_adj, scale=FALSE), b + g ~ 1, nl = TRUE)		unresolved	mcelreath	not-run		166	synthetic n=12; positive continuous predictors; integer groups; family-valid outcome	not-run
not-run		not-probed	not-run	not-run	not-run	ordinary_brm		gaussian	inferred-family		not-run		not-run	kline2	true			unsupported				not-run		bf(total_tools ~ exp(a) * population^b / g, a ~ 1 + gp(lat_adj, lon2_adj, scale=FALSE), b + g ~ 1, nl = TRUE)		inferred-from-name	mcelreath	not-run		166	synthetic n=12; positive continuous predictors; integer groups; family-valid outcome	not-run
not-run		not-probed	not-run	not-run	not-run	ordinary_brm			exact-metadata		not-run		not-run	trolley_intercept	true			unresolved-family				not-run		response ~ 1		unresolved	mcelreath	not-run		167	synthetic n=12; positive continuous predictors; integer groups; family-valid outcome	not-run
not-run		direct	pass	pass	pass	ordinary_brm	d92569726be1f4546655eb31022164bc06c2555f6d75dd00e33e85887f3fc998	ordered_logistic	inferred-family	dddbb9f6327a21da	true	334	pass	trolley_intercept	true			ready	-21.052072147049337		b9565a548fe0f2f9137c2edc49748ca9bcf06fe55cc6c9b57bfd3a385aca9e94	pass	4	response ~ 1		inferred-from-name	mcelreath	pass	loc ~ 1\nresponse ~ OrderedLogistic(loc)	167	synthetic n=12; positive continuous predictors; integer groups; family-valid outcome	pass
not-run		not-probed	not-run	not-run	not-run	ordinary_brm			exact-metadata		not-run		not-run	trolley_effects	true			unresolved-family				not-run		response ~ 1 + action + contact + intention + intention:action + intention:contact		unresolved	mcelreath	not-run		168	synthetic n=12; positive continuous predictors; integer groups; family-valid outcome	not-run
not-run		direct	pass	pass	pass	ordinary_brm	11e655bb379d38c0ade7c0556b65b87a41ef6838084a8fe2301fe89a19034d68	ordered_logistic	inferred-family	1842e69d5ac1bcc6	true	336	pass	trolley_effects	true			ready	-21.052072147049337		c55f911ff3e67235cdff113f0aee2949054be47d89d729db72fc3cd3d14bbb21	pass	9	response ~ 1 + action + contact + intention + intention:action + intention:contact		inferred-from-name	mcelreath	pass	loc ~ 1 + action + contact + intention + intention & action + intention & contact\nresponse ~ OrderedLogistic(loc)	168	synthetic n=12; positive continuous predictors; integer groups; family-valid outcome	pass
not-run		not-probed	not-run	not-run	not-run	ordinary_brm			exact-metadata		not-run		not-run	trolley_edu	true			unresolved-family				not-run		response ~ 1 + action + contact + intention + mo(edu_new)		unresolved	mcelreath	not-run		169	synthetic n=12; positive continuous predictors; integer groups; family-valid outcome	not-run
not-run		direct	pass	pass	pass	ordinary_brm	c416bf9da6ba309cff487f14388eb155f254c20178bfbbf434bac9e3ae89dad4	ordered_logistic	inferred-family	ffd046e372a094df	true	338	pass	trolley_edu	true			ready	-22.091792917889254		75d1337706cc30a80cf1b3a3e812d17044a85f36d67ce9866c435e113487039b	pass	9	response ~ 1 + action + contact + intention + mo(edu_new)		inferred-from-name	mcelreath	pass	loc ~ 1 + action + contact + intention + mo(edu_new)\nresponse ~ OrderedLogistic(loc)	169	synthetic n=12; positive continuous predictors; integer groups; family-valid outcome	pass
not-run		not-probed	not-run	not-run	not-run	ordinary_brm			exact-metadata		not-run		not-run	reedfrogs_nopooling	true			unresolved-family				not-run		surv | trials(density) ~ 0 + factor(tank)		unresolved	mcelreath	not-run		170	synthetic n=12; positive continuous predictors; integer groups; family-valid outcome	not-run
not-run		direct	pass	pass	pass	ordinary_brm	e35a47b0fceedb5837c96cd55ad933d2f95259cdd41b4ce792e9e7d75fc8df53	binomial	inferred-family	7e497efac561a091	true	340	pass	reedfrogs_nopooling	true			ready	-66.54212933375474		589ebf8dbd12754f9fafac7e2926238678f6747b85912eaffa203db62673bea4	pass	2	surv | trials(density) ~ 0 + factor(tank)		inferred-from-response-syntax	mcelreath	pass	log_odds ~ 0 + factor(tank)\nsurv ~ BinomialLogit(density, log_odds)	170	synthetic n=12; positive continuous predictors; integer groups; family-valid outcome	pass
not-run		not-probed	not-run	not-run	not-run	ordinary_brm			exact-metadata		not-run		not-run	reedfrogs_partial	true			unresolved-family				not-run		surv | trials(density) ~ 1 + (1 | tank)		unresolved	mcelreath	not-run		171	synthetic n=12; positive continuous predictors; integer groups; family-valid outcome	not-run
not-run		direct	pass	pass	pass	ordinary_brm	905860bc0b0b2a109850fa78aa2cbbe20e8af8e8c0c5c659f33bd1b338e9625c	binomial	inferred-family	d0b2939b0c3507dc	true	342	pass	reedfrogs_partial	true			ready	-66.54212933375474		8eb6f1142f7e859ee85dfc105b931d8db351c0d2173bfbdbaa312f40d93d4cfc	pass	5	surv | trials(density) ~ 1 + (1 | tank)		inferred-from-response-syntax	mcelreath	pass	log_odds ~ 1 + (1 | tank)\nsurv ~ BinomialLogit(density, log_odds)	171	synthetic n=12; positive continuous predictors; integer groups; family-valid outcome	pass
not-run		not-probed	not-run	not-run	not-run	ordinary_brm			exact-metadata		not-run		not-run	cafe	true			unresolved-family				not-run		wait ~ 1 + afternoon + (1 + afternoon | cafe)		unresolved	mcelreath	not-run		172	synthetic n=12; positive continuous predictors; integer groups; family-valid outcome	not-run
not-run		not-probed	not-run	not-run	not-run	ordinary_brm			inferred-family		not-run		not-run	cafe	true			unresolved-family				not-run		wait ~ 1 + afternoon + (1 + afternoon | cafe)		unresolved	mcelreath	not-run		172	synthetic n=12; positive continuous predictors; integer groups; family-valid outcome	not-run
not-run		not-probed	not-run	not-run	not-run	ordinary_brm			exact-metadata		not-run		not-run	primates301_ols	true			unresolved-family				not-run		b ~ 1 + m + g		unresolved	mcelreath	not-run		173	synthetic n=12; positive continuous predictors; integer groups; family-valid outcome	not-run
not-run		direct	pass	pass	pass	ordinary_brm	83ec3dd4bcacec20b8ed9d65af7520a31e9640b9e40b7ad5b94baaddec930459	gaussian	inferred-family	404e1a92a6d03f3e	true	346	pass	primates301_ols	true			ready	-3.8069883206128132		17f48ef74cd1b8a1f10fc3411b8186e500798461d1fa9adeb8cf3c084fdf7dd0	pass	4	b ~ 1 + m + g		inferred-from-name	mcelreath	pass	loc ~ 1 + m + g\nlog(sigma) ~ 1\nb ~ Normal(loc, sigma)	173	synthetic n=12; positive continuous predictors; integer groups; family-valid outcome	pass
not-run		not-probed	not-run	not-run	not-run	stanblocks_plate			exact-metadata		not-run		not-run	primates301_phylo	true			unresolved-family				not-run		b ~ 1 + m + g + fcor(R)		unresolved	mcelreath	not-run		174	synthetic n=12; positive continuous predictors; integer groups; family-valid outcome	not-run
not-run		not-probed	not-run	not-run	not-run	stanblocks_plate			inferred-family		not-run		not-run	primates301_phylo	true			unresolved-family				not-run		b ~ 1 + m + g + fcor(R)		unresolved	mcelreath	not-run		174	synthetic n=12; positive continuous predictors; integer groups; family-valid outcome	not-run
not-run		not-probed	not-run	not-run	not-run	ordinary_brm			exact-metadata		not-run		not-run	moralizing_gods	true			unresolved-family				not-run		moralizing_gods | trials(1) ~ 1 + writing		unresolved	mcelreath	not-run		175	synthetic n=12; positive continuous predictors; integer groups; family-valid outcome	not-run
not-run		direct	pass	not-run	not-run	ordinary_brm		binomial	inferred-family	b37c8d11c6537a7b	not-run	350	fail	moralizing_gods	true	descriptor	AssertionError: tracetype not defined for moralizing_gods_gen::anything = binomial_logit_rng(::array[] tokenof, ::int, ::vector)::anything! Stacktrace:   [1] show(io::StanBlocks.StanIO{IOBuffer}, x::StanBlocks.CanonicalExpr{Val{:(=)}, Tuple{StanBlocks.StanExpr{Symbol, StanBlocks.StanType{anything, 0}}, StanBlocks.StanExpr{StanBlocks.CanonicalExpr{typeof(StanBlocks.builtin.binomial_logit_rng), Tuple{StanBlocks.StanExpr{DataType, StanBlocks.StanType{tokenof, 1}}, StanBlocks.StanExpr{Int64, StanBlocks.StanType{int, 0}}, StanBlocks.StanExpr{Symbol, StanBlocks.StanType{vector, 1}}}}, StanBlocks.StanType{anything, 0}}}})     @ StanBlocks ~/github/nsiccha/StanBlocks.jl/src/slic_stan/show.jl:124   [2] print(io::StanBlocks.StanIO{IOBuffer}, x::StanBlocks.CanonicalExpr{Val{:(=)}, Tuple{StanBlocks.StanExpr{Symbol, StanBlocks.StanType{anything, 0}}, StanBlocks.StanExpr{StanBlocks.CanonicalExpr{typeof(StanBlocks.builtin.binomial_logit_rng), Tuple{StanBlocks.StanExpr{DataType, StanBlocks.StanType{tokenof, 1}}, StanBlocks.StanExpr{Int64, StanBlocks.StanType{int, 0}}, StanBlocks.StanExpr{Symbol, StanBlocks.StanType{vector, 1}}}}, StanBlocks.StanType{anything, 0}}}})     @ Base ./strings/io.jl:35  …	ready				pass		moralizing_gods | trials(1) ~ 1 + writing		inferred-from-response-syntax	mcelreath	not-run	log_odds ~ 1 + writing\nmoralizing_gods ~ BinomialLogit(1, log_odds)	175	synthetic n=12; positive continuous predictors; integer groups; family-valid outcome	pass
not-run		not-probed	not-run	not-run	not-run	ordinary_brm			exact-metadata		not-run		not-run	panda_nuts	true			unresolved-family				not-run		bf(n_panda ~ seconds * phi * (1 - exp(-k * age_s))^theta, phi + k + theta ~ 1, nl = TRUE)		unresolved	mcelreath	not-run		176	synthetic n=12; positive continuous predictors; integer groups; family-valid outcome	not-run
not-run		not-probed	not-run	not-run	not-run	ordinary_brm			inferred-family		not-run		not-run	panda_nuts	true			unresolved-family				not-run		bf(n_panda ~ seconds * phi * (1 - exp(-k * age_s))^theta, phi + k + theta ~ 1, nl = TRUE)		unresolved	mcelreath	not-run		176	synthetic n=12; positive continuous predictors; integer groups; family-valid outcome	not-run
not-run		not-probed	not-run	not-run	not-run	ordinary_brm			exact-metadata		not-run		not-run	lynx_hare_ar	true			unresolved-family				not-run		Hare ~ 1 + ar(time = Year, p = 1)		unresolved	mcelreath	not-run		177	synthetic n=12; positive continuous predictors; integer groups; family-valid outcome	not-run
not-run		not-probed	not-run	not-run	not-run	ordinary_brm			inferred-family		not-run		not-run	lynx_hare_ar	true			unresolved-family				not-run		Hare ~ 1 + ar(time = Year, p = 1)		unresolved	mcelreath	not-run		177	synthetic n=12; positive continuous predictors; integer groups; family-valid outcome	not-run
not-run		not-probed	not-run	not-run	not-run	ordinary_brm			exact-metadata		not-run		not-run	lynx_hare_lag	true			unresolved-family				not-run		Hare ~ 1 + Hare_1		unresolved	mcelreath	not-run		178	synthetic n=12; positive continuous predictors; integer groups; family-valid outcome	not-run
not-run		not-probed	not-run	not-run	not-run	ordinary_brm			inferred-family		not-run		not-run	lynx_hare_lag	true			unresolved-family				not-run		Hare ~ 1 + Hare_1		unresolved	mcelreath	not-run		178	synthetic n=12; positive continuous predictors; integer groups; family-valid outcome	not-run
not-run		not-probed	not-run	not-run	not-run	ordinary_brm			exact-metadata		not-run		not-run	lynx_hare_mi	true			unresolved-family				not-run		bf(Hare ~ 1 + mi(Hare_1)) + bf(Hare_1 | mi() ~ 1) + set_rescor(FALSE)		unresolved	mcelreath	not-run		179	synthetic n=12; positive continuous predictors; integer groups; family-valid outcome	not-run
not-run		not-probed	not-run	not-run	not-run	ordinary_brm			inferred-family		not-run		not-run	lynx_hare_mi	true			unresolved-family				not-run		bf(Hare ~ 1 + mi(Hare_1)) + bf(Hare_1 | mi() ~ 1) + set_rescor(FALSE)		unresolved	mcelreath	not-run		179	synthetic n=12; positive continuous predictors; integer groups; family-valid outcome	not-run
not-run		not-probed	not-run	not-run	not-run	ordinary_brm			exact-metadata		not-run		not-run	lynx_hare_var	true			unresolved-family				not-run		bf(Hare ~ 0 + Intercept + Hare_1 + Lynx_1) + bf(Lynx ~ 0 + Intercept + Lynx_1 + Hare_1) + set_rescor(FALSE)		unresolved	mcelreath	not-run		180	synthetic n=12; positive continuous predictors; integer groups; family-valid outcome	not-run
not-run		not-probed	not-run	not-run	not-run	ordinary_brm			inferred-family		not-run		not-run	lynx_hare_var	true			unresolved-family				not-run		bf(Hare ~ 0 + Intercept + Hare_1 + Lynx_1) + bf(Lynx ~ 0 + Intercept + Lynx_1 + Hare_1) + set_rescor(FALSE)		unresolved	mcelreath	not-run		180	synthetic n=12; positive continuous predictors; integer groups; family-valid outcome	not-run
not-run		not-probed	not-run	not-run	not-run	ordinary_brm			exact-metadata		not-run		not-run	mcelreath_btdata_intercept	true			unresolved-family				not-run		mvbind(tarsus, back) ~ 1		unresolved	mcelreath	not-run		181	synthetic n=12; positive continuous predictors; integer groups; family-valid outcome	not-run
not-run		not-probed	not-run	not-run	not-run	ordinary_brm			inferred-family		not-run		not-run	mcelreath_btdata_intercept	true			unresolved-family				not-run		mvbind(tarsus, back) ~ 1		unresolved	mcelreath	not-run		181	synthetic n=12; positive continuous predictors; integer groups; family-valid outcome	not-run
not-run		not-probed	not-run	not-run	not-run	ordinary_brm			exact-metadata		not-run		not-run	mcelreath_btdata_full	true			unresolved-family				not-run		mvbind(tarsus, back) ~ sex + hatchdate + (1 | p | fosternest) + (1 | q | dam)		unresolved	mcelreath	not-run		182	synthetic n=12; positive continuous predictors; integer groups; family-valid outcome	not-run
not-run		not-probed	not-run	not-run	not-run	ordinary_brm			inferred-family		not-run		not-run	mcelreath_btdata_full	true			unresolved-family				not-run		mvbind(tarsus, back) ~ sex + hatchdate + (1 | p | fosternest) + (1 | q | dam)		unresolved	mcelreath	not-run		182	synthetic n=12; positive continuous predictors; integer groups; family-valid outcome	not-run
not-run		not-probed	not-run	not-run	not-run	ordinary_brm			exact-metadata		not-run		not-run	mcelreath_btdata_interaction	true			unresolved-family				not-run		mvbind(tarsus, back) ~ sex * hatchdate + (1 | p | fosternest) + (1 | q | dam)		unresolved	mcelreath	not-run		183	synthetic n=12; positive continuous predictors; integer groups; family-valid outcome	not-run
not-run		not-probed	not-run	not-run	not-run	ordinary_brm			inferred-family		not-run		not-run	mcelreath_btdata_interaction	true			unresolved-family				not-run		mvbind(tarsus, back) ~ sex * hatchdate + (1 | p | fosternest) + (1 | q | dam)		unresolved	mcelreath	not-run		183	synthetic n=12; positive continuous predictors; integer groups; family-valid outcome	not-run
not-run		not-probed	not-run	not-run	not-run	ordinary_brm			exact-metadata		not-run		not-run	z15n50	true			unresolved-family				not-run		y ~ 1		unresolved	kruschke	not-run		184	synthetic n=12; positive continuous predictors; integer groups; family-valid outcome	not-run
not-run		direct	pass	pass	pass	ordinary_brm	35c03cf5ee5359c51eee720439333c6568f70177b6baa449a755987d90607b9a	bernoulli	inferred-family	4c115814eda5cf5d	true	368	pass	z15n50	true			ready	-8.317766166719343		7c46f8351ed128f219b6a7533d7aa610bc69118d26537f3f24d10f7114782bfa	pass	1	y ~ 1		inferred-from-name	kruschke	pass	log_odds ~ 1\ny ~ BernoulliLogit(log_odds)	184	synthetic n=12; positive continuous predictors; integer groups; family-valid outcome	pass
not-run		not-probed	not-run	not-run	not-run	ordinary_brm			exact-metadata		not-run		not-run	z6n8z2n7	true			unresolved-family				not-run		y ~ 0 + s		unresolved	kruschke	not-run		185	synthetic n=12; positive continuous predictors; integer groups; family-valid outcome	not-run
not-run		not-probed	not-run	not-run	not-run	ordinary_brm			inferred-family		not-run		not-run	z6n8z2n7	true			unresolved-family				not-run		y ~ 0 + s		unresolved	kruschke	not-run		185	synthetic n=12; positive continuous predictors; integer groups; family-valid outcome	not-run
not-run		not-probed	not-run	not-run	not-run	ordinary_brm			exact-metadata		not-run		not-run	therapeutic_touch	true			unresolved-family				not-run		y ~ 1 + (1 | s)		unresolved	kruschke	not-run		186	synthetic n=12; positive continuous predictors; integer groups; family-valid outcome	not-run
not-run		direct	pass	pass	pass	ordinary_brm	a75727b69d9bf5f3f4661ab678f72bb976d2be4df27927f46eaa5fcfae8a871b	bernoulli	inferred-family	d4ae2980c6df92d5	true	372	pass	therapeutic_touch	true			ready	-8.317766166719343		930e90dce21a11401fb8157bededa99845838fe92535671dcbbf4d0b7f7cf55c	pass	5	y ~ 1 + (1 | s)		inferred-from-name	kruschke	pass	log_odds ~ 1 + (1 | s)\ny ~ BernoulliLogit(log_odds)	186	synthetic n=12; positive continuous predictors; integer groups; family-valid outcome	pass
not-run		not-probed	not-run	not-run	not-run	ordinary_brm			exact-metadata		not-run		not-run	batting_average	true			unresolved-family				not-run		Hits | trials(AtBats) ~ 1 + (1 | PriPos) + (1 | PriPos:Player)		unresolved	kruschke	not-run		187	synthetic n=12; positive continuous predictors; integer groups; family-valid outcome	not-run
not-run		not-probed	not-run	not-run	not-run	ordinary_brm		binomial	inferred-family		not-run		not-run	batting_average	true			unsupported				not-run		Hits | trials(AtBats) ~ 1 + (1 | PriPos) + (1 | PriPos:Player)		inferred-from-response-syntax	kruschke	not-run		187	synthetic n=12; positive continuous predictors; integer groups; family-valid outcome	not-run
not-run		not-probed	not-run	not-run	not-run	ordinary_brm			exact-metadata		not-run		not-run	recall_conditions	true			unresolved-family				not-run		n_recalled | trials(20) ~ 0 + condition		unresolved	kruschke	not-run		188	synthetic n=12; positive continuous predictors; integer groups; family-valid outcome	not-run
not-run		direct	pass	not-run	not-run	ordinary_brm		binomial	inferred-family	147e995772c06752	not-run	376	fail	recall_conditions	true	descriptor	AssertionError: tracetype not defined for n_recalled_gen::anything = binomial_logit_rng(::array[] tokenof, ::int, ::vector)::anything! Stacktrace:   [1] show(io::StanBlocks.StanIO{IOBuffer}, x::StanBlocks.CanonicalExpr{Val{:(=)}, Tuple{StanBlocks.StanExpr{Symbol, StanBlocks.StanType{anything, 0}}, StanBlocks.StanExpr{StanBlocks.CanonicalExpr{typeof(StanBlocks.builtin.binomial_logit_rng), Tuple{StanBlocks.StanExpr{DataType, StanBlocks.StanType{tokenof, 1}}, StanBlocks.StanExpr{Int64, StanBlocks.StanType{int, 0}}, StanBlocks.StanExpr{Symbol, StanBlocks.StanType{vector, 1}}}}, StanBlocks.StanType{anything, 0}}}})     @ StanBlocks ~/github/nsiccha/StanBlocks.jl/src/slic_stan/show.jl:124   [2] print(io::StanBlocks.StanIO{IOBuffer}, x::StanBlocks.CanonicalExpr{Val{:(=)}, Tuple{StanBlocks.StanExpr{Symbol, StanBlocks.StanType{anything, 0}}, StanBlocks.StanExpr{StanBlocks.CanonicalExpr{typeof(StanBlocks.builtin.binomial_logit_rng), Tuple{StanBlocks.StanExpr{DataType, StanBlocks.StanType{tokenof, 1}}, StanBlocks.StanExpr{Int64, StanBlocks.StanType{int, 0}}, StanBlocks.StanExpr{Symbol, StanBlocks.StanType{vector, 1}}}}, StanBlocks.StanType{anything, 0}}}})     @ Base ./strings/io.jl:35   [3] …	ready				pass		n_recalled | trials(20) ~ 0 + condition		inferred-from-response-syntax	kruschke	not-run	log_odds ~ 0 + condition\nn_recalled ~ BinomialLogit(20, log_odds)	188	synthetic n=12; positive continuous predictors; integer groups; family-valid outcome	pass
not-run		not-probed	not-run	not-run	not-run	ordinary_brm			exact-metadata		not-run		not-run	recall_pooled	true			unresolved-family				not-run		n_recalled | trials(20) ~ 1		unresolved	kruschke	not-run		189	synthetic n=12; positive continuous predictors; integer groups; family-valid outcome	not-run
not-run		direct	pass	not-run	not-run	ordinary_brm		binomial	inferred-family	e9d8fc7df823264f	not-run	378	fail	recall_pooled	true	descriptor	AssertionError: tracetype not defined for n_recalled_gen::anything = binomial_logit_rng(::array[] tokenof, ::int, ::vector)::anything! Stacktrace:   [1] show(io::StanBlocks.StanIO{IOBuffer}, x::StanBlocks.CanonicalExpr{Val{:(=)}, Tuple{StanBlocks.StanExpr{Symbol, StanBlocks.StanType{anything, 0}}, StanBlocks.StanExpr{StanBlocks.CanonicalExpr{typeof(StanBlocks.builtin.binomial_logit_rng), Tuple{StanBlocks.StanExpr{DataType, StanBlocks.StanType{tokenof, 1}}, StanBlocks.StanExpr{Int64, StanBlocks.StanType{int, 0}}, StanBlocks.StanExpr{Symbol, StanBlocks.StanType{vector, 1}}}}, StanBlocks.StanType{anything, 0}}}})     @ StanBlocks ~/github/nsiccha/StanBlocks.jl/src/slic_stan/show.jl:124   [2] print(io::StanBlocks.StanIO{IOBuffer}, x::StanBlocks.CanonicalExpr{Val{:(=)}, Tuple{StanBlocks.StanExpr{Symbol, StanBlocks.StanType{anything, 0}}, StanBlocks.StanExpr{StanBlocks.CanonicalExpr{typeof(StanBlocks.builtin.binomial_logit_rng), Tuple{StanBlocks.StanExpr{DataType, StanBlocks.StanType{tokenof, 1}}, StanBlocks.StanExpr{Int64, StanBlocks.StanType{int, 0}}, StanBlocks.StanExpr{Symbol, StanBlocks.StanType{vector, 1}}}}, StanBlocks.StanType{anything, 0}}}})     @ Base ./strings/io.jl:35   [3] …	ready				pass		n_recalled | trials(20) ~ 1		inferred-from-response-syntax	kruschke	not-run	log_odds ~ 1\nn_recalled ~ BinomialLogit(20, log_odds)	189	synthetic n=12; positive continuous predictors; integer groups; family-valid outcome	pass
not-run		not-probed	not-run	not-run	not-run	ordinary_brm			exact-metadata		not-run		not-run	two_group_iq_baseline	true			unresolved-family				not-run		Score ~ 1		unresolved	kruschke	not-run		190	synthetic n=12; positive continuous predictors; integer groups; family-valid outcome	not-run
not-run		not-probed	not-run	not-run	not-run	ordinary_brm			inferred-family		not-run		not-run	two_group_iq_baseline	true			unresolved-family				not-run		Score ~ 1		unresolved	kruschke	not-run		190	synthetic n=12; positive continuous predictors; integer groups; family-valid outcome	not-run
not-run		not-probed	not-run	not-run	not-run	ordinary_brm			exact-metadata		not-run		not-run	two_group_iq_hetero	true			unresolved-family				not-run		bf(Score ~ 0 + Group, sigma ~ 0 + Group)		unresolved	kruschke	not-run		191	synthetic n=12; positive continuous predictors; integer groups; family-valid outcome	not-run
not-run		not-probed	not-run	not-run	not-run	ordinary_brm		gaussian	inferred-family		not-run		not-run	two_group_iq_hetero	true			unsupported				not-run		bf(Score ~ 0 + Group, sigma ~ 0 + Group)		inferred-from-name	kruschke	not-run		191	synthetic n=12; positive continuous predictors; integer groups; family-valid outcome	not-run
not-run		not-probed	not-run	not-run	not-run	ordinary_brm			exact-metadata		not-run		not-run	calcium	true			unresolved-family				not-run		decrease ~ 0 + treatment		unresolved	kruschke	not-run		192	synthetic n=12; positive continuous predictors; integer groups; family-valid outcome	not-run
not-run		not-probed	not-run	not-run	not-run	ordinary_brm			inferred-family		not-run		not-run	calcium	true			unresolved-family				not-run		decrease ~ 0 + treatment		unresolved	kruschke	not-run		192	synthetic n=12; positive continuous predictors; integer groups; family-valid outcome	not-run
not-run		not-probed	not-run	not-run	not-run	ordinary_brm			exact-metadata		not-run		not-run	htwt	true			unresolved-family				not-run		weight_z ~ 1 + height_z		unresolved	kruschke	not-run		193	synthetic n=12; positive continuous predictors; integer groups; family-valid outcome	not-run
not-run		direct	pass	pass	pass	ordinary_brm	ee2fa4b0321af4cf9ca3793d06256c9be932fb711276f600cf82803bd933d49c	gaussian	inferred-family	aa86e79cbca87636	true	386	pass	htwt	true			ready	-7.817384082920588		63be7b2cd3c3b310f23797acb7a042df4f93f011928f95e4c1aa5c48c9f0dd46	pass	3	weight_z ~ 1 + height_z		inferred-from-name	kruschke	pass	loc ~ 1 + height_z\nlog(sigma) ~ 1\nweight_z ~ Normal(loc, sigma)	193	synthetic n=12; positive continuous predictors; integer groups; family-valid outcome	pass
not-run		not-probed	not-run	not-run	not-run	ordinary_brm			exact-metadata		not-run		not-run	hier_linreg	true			unresolved-family				not-run		y_z ~ 1 + x_z + (1 + x_z || Subj)		unresolved	kruschke	not-run		194	synthetic n=12; positive continuous predictors; integer groups; family-valid outcome	not-run
not-run		direct	pass	pass	pass	ordinary_brm	1dbc9394454dd23dad5adbcfb5a8dbb67307743b6f80d00420acdc9d2cd093b2	gaussian	inferred-family	6015bbcba3550d37	true	388	pass	hier_linreg	true			ready	-8.317384082920588		41edba372946c9eea14655f9036df35cb05e87c2bdb206dc07034caf5784c053	pass	11	y_z ~ 1 + x_z + (1 + x_z || Subj)		inferred-from-name	kruschke	pass	loc ~ 1 + x_z + (1 + x_z || Subj)\nlog(sigma) ~ 1\ny_z ~ Normal(loc, sigma)	194	synthetic n=12; positive continuous predictors; integer groups; family-valid outcome	pass
not-run		not-probed	not-run	not-run	not-run	ordinary_brm			exact-metadata		not-run		not-run	income_famsize	true			unresolved-family				not-run		median_income_z | se(se_z, sigma = TRUE) ~ 1 + family_size_z + I(family_size_z^2) + (1 + family_size_z + I(family_size_z^2) || State)		unresolved	kruschke	not-run		195	synthetic n=12; positive continuous predictors; integer groups; family-valid outcome	not-run
not-run		not-probed	not-run	not-run	not-run	ordinary_brm			inferred-family		not-run		not-run	income_famsize	true			unresolved-family				not-run		median_income_z | se(se_z, sigma = TRUE) ~ 1 + family_size_z + I(family_size_z^2) + (1 + family_size_z + I(family_size_z^2) || State)		unresolved	kruschke	not-run		195	synthetic n=12; positive continuous predictors; integer groups; family-valid outcome	not-run
not-run		not-probed	not-run	not-run	not-run	ordinary_brm			exact-metadata		not-run		not-run	guber1999_base	true			unresolved-family				not-run		satt_z ~ 1 + spend_z + prcnt_take_z		unresolved	kruschke	not-run		196	synthetic n=12; positive continuous predictors; integer groups; family-valid outcome	not-run
not-run		not-probed	not-run	not-run	not-run	ordinary_brm			inferred-family		not-run		not-run	guber1999_base	true			unresolved-family				not-run		satt_z ~ 1 + spend_z + prcnt_take_z		unresolved	kruschke	not-run		196	synthetic n=12; positive continuous predictors; integer groups; family-valid outcome	not-run
not-run		not-probed	not-run	not-run	not-run	ordinary_brm			exact-metadata		not-run		not-run	guber1999_complement	true			unresolved-family				not-run		satt_z ~ 0 + Intercept + spend_z + prcnt_take_z + prop_not_take_z		unresolved	kruschke	not-run		197	synthetic n=12; positive continuous predictors; integer groups; family-valid outcome	not-run
not-run		not-probed	not-run	not-run	not-run	ordinary_brm			inferred-family		not-run		not-run	guber1999_complement	true			unresolved-family				not-run		satt_z ~ 0 + Intercept + spend_z + prcnt_take_z + prop_not_take_z		unresolved	kruschke	not-run		197	synthetic n=12; positive continuous predictors; integer groups; family-valid outcome	not-run
not-run		not-probed	not-run	not-run	not-run	ordinary_brm			exact-metadata		not-run		not-run	guber1999_interaction	true			unresolved-family				not-run		satt_z ~ 1 + spend_z + prcnt_take_z + interaction_z		unresolved	kruschke	not-run		198	synthetic n=12; positive continuous predictors; integer groups; family-valid outcome	not-run
not-run		not-probed	not-run	not-run	not-run	ordinary_brm			inferred-family		not-run		not-run	guber1999_interaction	true			unresolved-family				not-run		satt_z ~ 1 + spend_z + prcnt_take_z + interaction_z		unresolved	kruschke	not-run		198	synthetic n=12; positive continuous predictors; integer groups; family-valid outcome	not-run
not-run		not-probed	not-run	not-run	not-run	ordinary_brm			exact-metadata		not-run		not-run	fruitfly_hierarchical	true			unresolved-family				not-run		Longevity ~ 1 + (1 | CompanionNumber)		unresolved	kruschke	not-run		199	synthetic n=12; positive continuous predictors; integer groups; family-valid outcome	not-run
not-run		direct	pass	pass	pass	ordinary_brm	5c0d1cde572ff0cad65f1b43a74f256f486719bbc7411ab93b50e75dd2558063	gaussian	inferred-family	d6205497020c0f77	true	398	pass	fruitfly_hierarchical	true			ready	-8.47744637392999		bc8752596a68c560364ff4bd4679ea57616cc1b678caa247b96859feb744d285	pass	6	Longevity ~ 1 + (1 | CompanionNumber)		inferred-from-name	kruschke	pass	loc ~ 1 + (1 | CompanionNumber)\nlog(sigma) ~ 1\nLongevity ~ Normal(loc, sigma)	199	synthetic n=12; positive continuous predictors; integer groups; family-valid outcome	pass
not-run		not-probed	not-run	not-run	not-run	ordinary_brm			exact-metadata		not-run		not-run	fruitfly_pooled	true			unresolved-family				not-run		Longevity ~ 1		unresolved	kruschke	not-run		200	synthetic n=12; positive continuous predictors; integer groups; family-valid outcome	not-run
not-run		not-probed	not-run	not-run	not-run	ordinary_brm			inferred-family		not-run		not-run	fruitfly_pooled	true			unresolved-family				not-run		Longevity ~ 1		unresolved	kruschke	not-run		200	synthetic n=12; positive continuous predictors; integer groups; family-valid outcome	not-run
not-run		not-probed	not-run	not-run	not-run	ordinary_brm			exact-metadata		not-run		not-run	fruitfly_robust	true			unresolved-family				not-run		bf(Longevity ~ 0 + CompanionNumber, sigma ~ 0 + CompanionNumber)		unresolved	kruschke	not-run		201	synthetic n=12; positive continuous predictors; integer groups; family-valid outcome	not-run
not-run		not-probed	not-run	not-run	not-run	ordinary_brm		gaussian	inferred-family		not-run		not-run	fruitfly_robust	true			unsupported				not-run		bf(Longevity ~ 0 + CompanionNumber, sigma ~ 0 + CompanionNumber)		inferred-from-name	kruschke	not-run		201	synthetic n=12; positive continuous predictors; integer groups; family-valid outcome	not-run
not-run		not-probed	not-run	not-run	not-run	ordinary_brm			exact-metadata		not-run		not-run	fruitfly_ancova	true			unresolved-family				not-run		Longevity ~ 1 + thorax_c + (1 | CompanionNumber)		unresolved	kruschke	not-run		202	synthetic n=12; positive continuous predictors; integer groups; family-valid outcome	not-run
not-run		not-probed	not-run	not-run	not-run	ordinary_brm			inferred-family		not-run		not-run	fruitfly_ancova	true			unresolved-family				not-run		Longevity ~ 1 + thorax_c + (1 | CompanionNumber)		unresolved	kruschke	not-run		202	synthetic n=12; positive continuous predictors; integer groups; family-valid outcome	not-run
not-run		not-probed	not-run	not-run	not-run	ordinary_brm			exact-metadata		not-run		not-run	fruitfly_anhecova	true			unresolved-family				not-run		Longevity ~ 1 + thorax_c + (1 + thorax_c | CompanionNumber)		unresolved	kruschke	not-run		203	synthetic n=12; positive continuous predictors; integer groups; family-valid outcome	not-run
not-run		not-probed	not-run	not-run	not-run	ordinary_brm			inferred-family		not-run		not-run	fruitfly_anhecova	true			unresolved-family				not-run		Longevity ~ 1 + thorax_c + (1 + thorax_c | CompanionNumber)		unresolved	kruschke	not-run		203	synthetic n=12; positive continuous predictors; integer groups; family-valid outcome	not-run
not-run		not-probed	not-run	not-run	not-run	ordinary_brm			exact-metadata		not-run		not-run	salary_anova	true			unresolved-family				not-run		Salary ~ 1 + (1 | Pos) + (1 | Org) + (1 | Pos:Org)		unresolved	kruschke	not-run		204	synthetic n=12; positive continuous predictors; integer groups; family-valid outcome	not-run
not-run		not-probed	not-run	not-run	not-run	ordinary_brm		gaussian	inferred-family		not-run		not-run	salary_anova	true			unsupported				not-run		Salary ~ 1 + (1 | Pos) + (1 | Org) + (1 | Pos:Org)		inferred-from-name	kruschke	not-run		204	synthetic n=12; positive continuous predictors; integer groups; family-valid outcome	not-run
not-run		not-probed	not-run	not-run	not-run	ordinary_brm			exact-metadata		not-run		not-run	salary_robust	true			unresolved-family				not-run		bf(Salary ~ 1 + (1 | Pos) + (1 | Org) + (1 | Pos:Org), sigma ~ 1 + (1 | Pos:Org))		unresolved	kruschke	not-run		205	synthetic n=12; positive continuous predictors; integer groups; family-valid outcome	not-run
not-run		not-probed	not-run	not-run	not-run	ordinary_brm		gaussian	inferred-family		not-run		not-run	salary_robust	true			unsupported				not-run		bf(Salary ~ 1 + (1 | Pos) + (1 | Org) + (1 | Pos:Org), sigma ~ 1 + (1 | Pos:Org))		inferred-from-name	kruschke	not-run		205	synthetic n=12; positive continuous predictors; integer groups; family-valid outcome	not-run
not-run		not-probed	not-run	not-run	not-run	ordinary_brm			exact-metadata		not-run		not-run	splitplot_field	true			unresolved-family				not-run		Yield ~ 1 + (1 | Till) + (1 | Fert) + (1 | Field) + (1 | Till:Fert)		unresolved	kruschke	not-run		206	synthetic n=12; positive continuous predictors; integer groups; family-valid outcome	not-run
not-run		not-probed	not-run	not-run	not-run	ordinary_brm		gaussian	inferred-family		not-run		not-run	splitplot_field	true			unsupported				not-run		Yield ~ 1 + (1 | Till) + (1 | Fert) + (1 | Field) + (1 | Till:Fert)		inferred-from-name	kruschke	not-run		206	synthetic n=12; positive continuous predictors; integer groups; family-valid outcome	not-run
not-run		not-probed	not-run	not-run	not-run	ordinary_brm			exact-metadata		not-run		not-run	splitplot_nofield	true			unresolved-family				not-run		Yield ~ 1 + (1 | Till) + (1 | Fert) + (1 | Till:Fert)		unresolved	kruschke	not-run		207	synthetic n=12; positive continuous predictors; integer groups; family-valid outcome	not-run
not-run		not-probed	not-run	not-run	not-run	ordinary_brm		gaussian	inferred-family		not-run		not-run	splitplot_nofield	true			unsupported				not-run		Yield ~ 1 + (1 | Till) + (1 | Fert) + (1 | Till:Fert)		inferred-from-name	kruschke	not-run		207	synthetic n=12; positive continuous predictors; integer groups; family-valid outcome	not-run
not-run		not-probed	not-run	not-run	not-run	ordinary_brm			exact-metadata		not-run		not-run	htwt110_single	true			unresolved-family				not-run		male ~ 1 + weight_z		unresolved	kruschke	not-run		208	synthetic n=12; positive continuous predictors; integer groups; family-valid outcome	not-run
not-run		direct	pass	pass	pass	ordinary_brm	575cc7c9774d3769ea1634be260ca493afdfcecabfac7dfe8dfacad9c21650ce	bernoulli	inferred-family	4e08482594f40c5e	true	416	pass	htwt110_single	true			ready	-8.317766166719343		b0a7c7f697764a1290063d0a4078d438f9b8753b7bdf4b6ca82a46273d46bb7a	pass	2	male ~ 1 + weight_z		inferred-from-name	kruschke	pass	log_odds ~ 1 + weight_z\nmale ~ BernoulliLogit(log_odds)	208	synthetic n=12; positive continuous predictors; integer groups; family-valid outcome	pass
not-run		not-probed	not-run	not-run	not-run	ordinary_brm			exact-metadata		not-run		not-run	htwt110_two_pred	true			unresolved-family				not-run		male ~ 1 + weight_z + height_z		unresolved	kruschke	not-run		209	synthetic n=12; positive continuous predictors; integer groups; family-valid outcome	not-run
not-run		direct	pass	pass	pass	ordinary_brm	af20ebc16e9e197f0621598f4194dbcf36eccaf06b3d0160da19215fbcbcf281	bernoulli	inferred-family	ac7078f55b5b7043	true	418	pass	htwt110_two_pred	true			ready	-8.317766166719343		749b278cf68b79cd3e5d889563ddbdd1091808cee59f74a77efcf32851d37824	pass	3	male ~ 1 + weight_z + height_z		inferred-from-name	kruschke	pass	log_odds ~ 1 + weight_z + height_z\nmale ~ BernoulliLogit(log_odds)	209	synthetic n=12; positive continuous predictors; integer groups; family-valid outcome	pass
not-run		not-probed	not-run	not-run	not-run	ordinary_brm			exact-metadata		not-run		not-run	htwt110_robust	true			unresolved-family				not-run		bf(male ~ a * 0.5 + (1 - a) * 1 / (1 + exp(-(b0 + b1 * weight_z))), a + b0 + b1 ~ 1, nl = TRUE)		unresolved	kruschke	not-run		210	synthetic n=12; positive continuous predictors; integer groups; family-valid outcome	not-run
not-run		not-probed	not-run	not-run	not-run	ordinary_brm		bernoulli	inferred-family		not-run		not-run	htwt110_robust	true			unsupported				not-run		bf(male ~ a * 0.5 + (1 - a) * 1 / (1 + exp(-(b0 + b1 * weight_z))), a + b0 + b1 ~ 1, nl = TRUE)		inferred-from-name	kruschke	not-run		210	synthetic n=12; positive continuous predictors; integer groups; family-valid outcome	not-run
not-run		not-probed	not-run	not-run	not-run	ordinary_brm			exact-metadata		not-run		not-run	softmax_categorical	true			unresolved-family				not-run		Y ~ 0 + Intercept + X1 + X2		unresolved	kruschke	not-run		211	synthetic n=12; positive continuous predictors; integer groups; family-valid outcome	not-run
not-run		not-probed	not-run	not-run	not-run	ordinary_brm		categorical	inferred-family		not-run		not-run	softmax_categorical	true			unsupported				not-run		Y ~ 0 + Intercept + X1 + X2		inferred-from-name	kruschke	not-run		211	synthetic n=12; positive continuous predictors; integer groups; family-valid outcome	not-run
not-run		not-probed	not-run	not-run	not-run	ordinary_brm			exact-metadata		not-run		not-run	softmax_baseline	true			unresolved-family				not-run		Y ~ 1		unresolved	kruschke	not-run		212	synthetic n=12; positive continuous predictors; integer groups; family-valid outcome	not-run
not-run		not-probed	not-run	not-run	not-run	ordinary_brm			inferred-family		not-run		not-run	softmax_baseline	true			unresolved-family				not-run		Y ~ 1		unresolved	kruschke	not-run		212	synthetic n=12; positive continuous predictors; integer groups; family-valid outcome	not-run
not-run		not-probed	not-run	not-run	not-run	ordinary_brm			exact-metadata		not-run		not-run	condlog1_ordinal	true			unresolved-family				not-run		Y_ord ~ 1 + cs(X1) + cs(X2)		unresolved	kruschke	not-run		213	synthetic n=12; positive continuous predictors; integer groups; family-valid outcome	not-run
not-run		not-probed	not-run	not-run	not-run	ordinary_brm		bernoulli	inferred-family		not-run		not-run	condlog1_ordinal	true			unsupported				not-run		Y_ord ~ 1 + cs(X1) + cs(X2)		inferred-from-name	kruschke	not-run		213	synthetic n=12; positive continuous predictors; integer groups; family-valid outcome	not-run
not-run		not-probed	not-run	not-run	not-run	ordinary_brm			exact-metadata		not-run		not-run	condlog2_ordinal	true			unresolved-family				not-run		Y_ord ~ 1 + cs(X1) + cs(X2)		unresolved	kruschke	not-run		214	synthetic n=12; positive continuous predictors; integer groups; family-valid outcome	not-run
not-run		not-probed	not-run	not-run	not-run	ordinary_brm		bernoulli	inferred-family		not-run		not-run	condlog2_ordinal	true			unsupported				not-run		Y_ord ~ 1 + cs(X1) + cs(X2)		inferred-from-name	kruschke	not-run		214	synthetic n=12; positive continuous predictors; integer groups; family-valid outcome	not-run
not-run		not-probed	not-run	not-run	not-run	ordinary_brm			exact-metadata		not-run		not-run	ordinal_probit_intercept	true			unresolved-family				not-run		Y ~ 1		unresolved	kruschke	not-run		215	synthetic n=12; positive continuous predictors; integer groups; family-valid outcome	not-run
not-run		direct	pass	pass	pass	ordinary_brm	e5a2e136c30d4e2d18e505a185ae798b70a81b13912a2de88079ce9fd39151d7	ordered_logistic	inferred-family	bc2fd880a06e34a9	true	430	pass	ordinal_probit_intercept	true			ready	-21.052072147049337		5504f571b39fa6ab3104d324ccca0516e06b53d399d86e6146d3565327a84c1b	pass	4	Y ~ 1		inferred-from-name	kruschke	pass	loc ~ 1\nY ~ OrderedLogistic(loc)	215	synthetic n=12; positive continuous predictors; integer groups; family-valid outcome	pass
not-run		not-probed	not-run	not-run	not-run	ordinary_brm			exact-metadata		not-run		not-run	ordinal_probit_disc	true			unresolved-family				not-run		bf(Y ~ 1 + X) + lf(disc ~ 0 + X, cmc = FALSE)		unresolved	kruschke	not-run		216	synthetic n=12; positive continuous predictors; integer groups; family-valid outcome	not-run
not-run		not-probed	not-run	not-run	not-run	ordinary_brm		ordered_logistic	inferred-family		not-run		not-run	ordinal_probit_disc	true			unsupported				not-run		bf(Y ~ 1 + X) + lf(disc ~ 0 + X, cmc = FALSE)		inferred-from-name	kruschke	not-run		216	synthetic n=12; positive continuous predictors; integer groups; family-valid outcome	not-run
not-run		not-probed	not-run	not-run	not-run	ordinary_brm			exact-metadata		not-run		not-run	ordinal_probit_hetero	true			unresolved-family				not-run		bf(Y ~ 0 + X, sigma ~ 0 + X)		unresolved	kruschke	not-run		217	synthetic n=12; positive continuous predictors; integer groups; family-valid outcome	not-run
not-run		not-probed	not-run	not-run	not-run	ordinary_brm		ordered_logistic	inferred-family		not-run		not-run	ordinal_probit_hetero	true			unsupported				not-run		bf(Y ~ 0 + X, sigma ~ 0 + X)		inferred-from-name	kruschke	not-run		217	synthetic n=12; positive continuous predictors; integer groups; family-valid outcome	not-run
not-run		not-probed	not-run	not-run	not-run	ordinary_brm			exact-metadata		not-run		not-run	happiness_assets	true			unresolved-family				not-run		Happiness ~ 1 + Assets_s		unresolved	kruschke	not-run		218	synthetic n=12; positive continuous predictors; integer groups; family-valid outcome	not-run
not-run		direct	pass	pass	pass	ordinary_brm	729e20d74a6232efb277522b60f13011e0717f2b725442d67424e75e30c8d08a	ordered_logistic	inferred-family	eed50ceabff3aa75	true	436	pass	happiness_assets	true			ready	-21.052072147049337		8ea1766eb9056f262c527bf86037870fb45a517a19b39ee8baaf8a5561998cb2	pass	5	Happiness ~ 1 + Assets_s		inferred-from-name	kruschke	pass	loc ~ 1 + Assets_s\nHappiness ~ OrderedLogistic(loc)	218	synthetic n=12; positive continuous predictors; integer groups; family-valid outcome	pass
not-run		not-probed	not-run	not-run	not-run	ordinary_brm			exact-metadata		not-run		not-run	movies	true			unresolved-family				not-run		Rating ~ 1 + Year_s + Length_s		unresolved	kruschke	not-run		219	synthetic n=12; positive continuous predictors; integer groups; family-valid outcome	not-run
not-run		direct	pass	pass	pass	ordinary_brm	1c12f9c3d0859be98754acf9e5f105492a1f85d6e6175d1442f9d108e01a60f1	ordered_logistic	inferred-family	872a29bd2ca1e4d4	true	438	pass	movies	true			ready	-21.052072147049337		2de60f2eab847e8d7a1d5f51f3741c3082e2fef7a5a29410d6cfdae9ae551c72	pass	6	Rating ~ 1 + Year_s + Length_s		inferred-from-name	kruschke	pass	loc ~ 1 + Year_s + Length_s\nRating ~ OrderedLogistic(loc)	219	synthetic n=12; positive continuous predictors; integer groups; family-valid outcome	pass
not-run		not-probed	not-run	not-run	not-run	ordinary_brm			exact-metadata		not-run		not-run	haireye_poisson	true			unresolved-family				not-run		Count ~ 1 + (1 | Hair) + (1 | Eye) + (1 | Hair:Eye)		unresolved	kruschke	not-run		220	synthetic n=12; positive continuous predictors; integer groups; family-valid outcome	not-run
not-run		not-probed	not-run	not-run	not-run	ordinary_brm		poisson	inferred-family		not-run		not-run	haireye_poisson	true			unsupported				not-run		Count ~ 1 + (1 | Hair) + (1 | Eye) + (1 | Hair:Eye)		inferred-from-name	kruschke	not-run		220	synthetic n=12; positive continuous predictors; integer groups; family-valid outcome	not-run
not-run		not-probed	not-run	not-run	not-run	ordinary_brm			exact-metadata		not-run		not-run	haireye_binomial	true			unresolved-family				not-run		Count | trials(264) ~ 1 + (1 | Hair) + (1 | Eye) + (1 | Hair:Eye)		unresolved	kruschke	not-run		221	synthetic n=12; positive continuous predictors; integer groups; family-valid outcome	not-run
not-run		not-probed	not-run	not-run	not-run	ordinary_brm		binomial	inferred-family		not-run		not-run	haireye_binomial	true			unsupported				not-run		Count | trials(264) ~ 1 + (1 | Hair) + (1 | Eye) + (1 | Hair:Eye)		inferred-from-response-syntax	kruschke	not-run		221	synthetic n=12; positive continuous predictors; integer groups; family-valid outcome	not-run
not-run		not-probed	not-run	not-run	not-run	ordinary_brm			exact-metadata		not-run		not-run	censored_missing	true			unresolved-family				not-run		y_na ~ 1		unresolved	kruschke	not-run		222	synthetic n=12; positive continuous predictors; integer groups; family-valid outcome	not-run
not-run		not-probed	not-run	not-run	not-run	ordinary_brm			inferred-family		not-run		not-run	censored_missing	true			unresolved-family				not-run		y_na ~ 1		unresolved	kruschke	not-run		222	synthetic n=12; positive continuous predictors; integer groups; family-valid outcome	not-run
not-run		not-probed	not-run	not-run	not-run	ordinary_brm			exact-metadata		not-run		not-run	censored_lr	true			unresolved-family				not-run		y1 | cens(cen1) ~ 1		unresolved	kruschke	not-run		223	synthetic n=12; positive continuous predictors; integer groups; family-valid outcome	not-run
not-run		not-probed	not-run	not-run	not-run	ordinary_brm			inferred-family		not-run		not-run	censored_lr	true			unresolved-family				not-run		y1 | cens(cen1) ~ 1		unresolved	kruschke	not-run		223	synthetic n=12; positive continuous predictors; integer groups; family-valid outcome	not-run
not-run		not-probed	not-run	not-run	not-run	ordinary_brm			exact-metadata		not-run		not-run	censored_interval	true			unresolved-family				not-run		y2 | cens(cen2, y3) ~ 1		unresolved	kruschke	not-run		224	synthetic n=12; positive continuous predictors; integer groups; family-valid outcome	not-run
not-run		not-probed	not-run	not-run	not-run	ordinary_brm			inferred-family		not-run		not-run	censored_interval	true			unresolved-family				not-run		y2 | cens(cen2, y3) ~ 1		unresolved	kruschke	not-run		224	synthetic n=12; positive continuous predictors; integer groups; family-valid outcome	not-run
not-run		not-probed	not-run	not-run	not-run	ordinary_brm			exact-metadata		not-run		not-run	epilepsy_base	true			unresolved-family				not-run		count ~ zBase * Trt + (1 | patient)		unresolved	burkner_papers	not-run		225	synthetic n=12; positive continuous predictors; integer groups; family-valid outcome	not-run
not-run		direct	pass	pass	pass	ordinary_brm	0713c5a289e3ff9fa4cb0b424ac287536d36709fec86085af290a550dc88cdcd	poisson	inferred-family	24ea9de506dc58a5	true	450	pass	epilepsy_base	true			ready	-12.0		27a0fe07dd73e058fcb4ce2749188e2db6526f6de87c46ab8c440988b0811749	pass	7	count ~ zBase * Trt + (1 | patient)		inferred-from-name	burkner_papers	pass	log_rate ~ zBase + Trt + (zBase & Trt) + (1 | patient)\ncount ~ Poisson(exp(log_rate))	225	synthetic n=12; positive continuous predictors; integer groups; family-valid outcome	pass
not-run		not-probed	not-run	not-run	not-run	ordinary_brm			exact-metadata		not-run		not-run	epilepsy_trunc	true			unresolved-family				not-run		count | trunc(ub = 104) ~ zBase * Trt + (1 | patient)		unresolved	burkner_papers	not-run		226	synthetic n=12; positive continuous predictors; integer groups; family-valid outcome	not-run
not-run		not-probed	not-run	not-run	not-run	ordinary_brm		poisson	inferred-family		not-run		not-run	epilepsy_trunc	true			unsupported				not-run		count | trunc(ub = 104) ~ zBase * Trt + (1 | patient)		inferred-from-name	burkner_papers	not-run		226	synthetic n=12; positive continuous predictors; integer groups; family-valid outcome	not-run
not-run		not-probed	not-run	not-run	not-run	ordinary_brm			exact-metadata		not-run		not-run	epilepsy_simple	true			unresolved-family				not-run		count ~ Trt + (1 | patient)		unresolved	burkner_papers	not-run		227	synthetic n=12; positive continuous predictors; integer groups; family-valid outcome	not-run
not-run		not-probed	not-run	not-run	not-run	ordinary_brm			inferred-family		not-run		not-run	epilepsy_simple	true			unresolved-family				not-run		count ~ Trt + (1 | patient)		unresolved	burkner_papers	not-run		227	synthetic n=12; positive continuous predictors; integer groups; family-valid outcome	not-run
not-run		not-probed	not-run	not-run	not-run	ordinary_brm			exact-metadata		not-run		not-run	inhaler	true			unresolved-family				not-run		rating ~ period + carry + cs(treat)		unresolved	burkner_papers	not-run		228	synthetic n=12; positive continuous predictors; integer groups; family-valid outcome	not-run
not-run		not-probed	not-run	not-run	not-run	ordinary_brm		ordered_logistic	inferred-family		not-run		not-run	inhaler	true			unsupported				not-run		rating ~ period + carry + cs(treat)		inferred-from-name	burkner_papers	not-run		228	synthetic n=12; positive continuous predictors; integer groups; family-valid outcome	not-run
not-run		not-probed	not-run	not-run	not-run	ordinary_brm			exact-metadata		not-run		not-run	kidney	true			unresolved-family				not-run		time | cens(censored) ~ age * sex + disease + (1 | patient)		unresolved	burkner_papers	not-run		229	synthetic n=12; positive continuous predictors; integer groups; family-valid outcome	not-run
not-run		not-probed	not-run	not-run	not-run	ordinary_brm		lognormal	inferred-family		not-run		not-run	kidney	true			unsupported				not-run		time | cens(censored) ~ age * sex + disease + (1 | patient)		inferred-from-name	burkner_papers	not-run		229	synthetic n=12; positive continuous predictors; integer groups; family-valid outcome	not-run
not-run		not-probed	not-run	not-run	not-run	ordinary_brm			exact-metadata		not-run		not-run	hetero_jss_sigma	true			unresolved-family				not-run		bf(y ~ x, sigma ~ 0 + x)		unresolved	burkner_papers	not-run		230	synthetic n=12; positive continuous predictors; integer groups; family-valid outcome	not-run
not-run		not-probed	not-run	not-run	not-run	ordinary_brm		gaussian	inferred-family		not-run		not-run	hetero_jss_sigma	true			unsupported				not-run		bf(y ~ x, sigma ~ 0 + x)		inferred-from-name	burkner_papers	not-run		230	synthetic n=12; positive continuous predictors; integer groups; family-valid outcome	not-run
not-run		not-probed	not-run	not-run	not-run	ordinary_brm			exact-metadata		not-run		not-run	hetero_jss_quantile	true			unresolved-family				not-run		bf(y ~ x, quantile = 0.25)		unresolved	burkner_papers	not-run		231	synthetic n=12; positive continuous predictors; integer groups; family-valid outcome	not-run
not-run		not-probed	not-run	not-run	not-run	ordinary_brm			inferred-family		not-run		not-run	hetero_jss_quantile	true			unresolved-family				not-run		bf(y ~ x, quantile = 0.25)		unresolved	burkner_papers	not-run		231	synthetic n=12; positive continuous predictors; integer groups; family-valid outcome	not-run
not-run		not-probed	not-run	not-run	not-run	ordinary_brm			exact-metadata		not-run		not-run	fish_rj_poisson	true			unresolved-family				not-run		count ~ persons + child + camper		unresolved	burkner_papers	not-run		232	synthetic n=12; positive continuous predictors; integer groups; family-valid outcome	not-run
not-run		direct	pass	pass	pass	ordinary_brm	3b29b0f704c65c68a906706d7e76ac0f7d4dea59e847ac59b87cce92c7165b4f	poisson	inferred-family	15c31be1759e0507	true	464	pass	fish_rj_poisson	true			ready	-12.0		b13ed9b1ef4d51f53c91c04a117ecf6138bfbba2192d02ea17e8b00d46ce47fc	pass	3	count ~ persons + child + camper		inferred-from-name	burkner_papers	pass	log_rate ~ persons + child + camper\ncount ~ Poisson(exp(log_rate))	232	synthetic n=12; positive continuous predictors; integer groups; family-valid outcome	pass
not-run		not-probed	not-run	not-run	not-run	ordinary_brm			exact-metadata		not-run		not-run	fish_rj_zip	true			unresolved-family				not-run		bf(count ~ persons + child + camper, zi ~ child)		unresolved	burkner_papers	not-run		233	synthetic n=12; positive continuous predictors; integer groups; family-valid outcome	not-run
not-run		not-probed	not-run	not-run	not-run	ordinary_brm		poisson	inferred-family		not-run		not-run	fish_rj_zip	true			unsupported				not-run		bf(count ~ persons + child + camper, zi ~ child)		inferred-from-name	burkner_papers	not-run		233	synthetic n=12; positive continuous predictors; integer groups; family-valid outcome	not-run
not-run		not-probed	not-run	not-run	not-run	ordinary_brm			exact-metadata		not-run		not-run	rent99_spline	true			unresolved-family				not-run		rentsqm ~ t2(area, yearc) + (1 | district)		unresolved	burkner_papers	not-run		234	synthetic n=12; positive continuous predictors; integer groups; family-valid outcome	not-run
not-run		not-probed	not-run	not-run	not-run	ordinary_brm			inferred-family		not-run		not-run	rent99_spline	true			unresolved-family				not-run		rentsqm ~ t2(area, yearc) + (1 | district)		unresolved	burkner_papers	not-run		234	synthetic n=12; positive continuous predictors; integer groups; family-valid outcome	not-run
not-run		not-probed	not-run	not-run	not-run	ordinary_brm			exact-metadata		not-run		not-run	rent99_distr	true			unresolved-family				not-run		bf(rentsqm ~ t2(area, yearc) + (1 | ID1 | district), sigma ~ t2(area, yearc) + (1 | ID1 | district))		unresolved	burkner_papers	not-run		235	synthetic n=12; positive continuous predictors; integer groups; family-valid outcome	not-run
not-run		not-probed	not-run	not-run	not-run	ordinary_brm			inferred-family		not-run		not-run	rent99_distr	true			unresolved-family				not-run		bf(rentsqm ~ t2(area, yearc) + (1 | ID1 | district), sigma ~ t2(area, yearc) + (1 | ID1 | district))		unresolved	burkner_papers	not-run		235	synthetic n=12; positive continuous predictors; integer groups; family-valid outcome	not-run
not-run		not-probed	not-run	not-run	not-run	ordinary_brm			exact-metadata		not-run		not-run	loss_rj	true			unresolved-family				not-run		bf(cum ~ ult * (1 - exp(-(dev/theta)^omega)), ult ~ 1 + (1 | AY), omega ~ 1, theta ~ 1, nl = TRUE)		unresolved	burkner_papers	not-run		236	synthetic n=12; positive continuous predictors; integer groups; family-valid outcome	not-run
not-run		not-probed	not-run	not-run	not-run	ordinary_brm		weibull	inferred-family		not-run		not-run	loss_rj	true			unsupported				not-run		bf(cum ~ ult * (1 - exp(-(dev/theta)^omega)), ult ~ 1 + (1 | AY), omega ~ 1, theta ~ 1, nl = TRUE)		inferred-from-name	burkner_papers	not-run		236	synthetic n=12; positive continuous predictors; integer groups; family-valid outcome	not-run
not-run		not-probed	not-run	not-run	not-run	ordinary_brm			exact-metadata		not-run		not-run	multi_member_equal	true			unresolved-family				not-run		y ~ 1 + (1 | mm(s1, s2))		unresolved	burkner_papers	not-run		237	synthetic n=12; positive continuous predictors; integer groups; family-valid outcome	not-run
not-run		not-probed	not-run	not-run	not-run	ordinary_brm		gaussian	inferred-family		not-run		not-run	multi_member_equal	true			unsupported				not-run		y ~ 1 + (1 | mm(s1, s2))		inferred-from-name	burkner_papers	not-run		237	synthetic n=12; positive continuous predictors; integer groups; family-valid outcome	not-run
not-run		not-probed	not-run	not-run	not-run	ordinary_brm			exact-metadata		not-run		not-run	multi_member_weighted	true			unresolved-family				not-run		y ~ 1 + (1 | mm(s1, s2, weights = cbind(w1, w2)))		unresolved	burkner_papers	not-run		238	synthetic n=12; positive continuous predictors; integer groups; family-valid outcome	not-run
not-run		not-probed	not-run	not-run	not-run	ordinary_brm		binomial	inferred-family		not-run		not-run	multi_member_weighted	true			unsupported				not-run		y ~ 1 + (1 | mm(s1, s2, weights = cbind(w1, w2)))		inferred-from-response-syntax	burkner_papers	not-run		238	synthetic n=12; positive continuous predictors; integer groups; family-valid outcome	not-run
not-run		not-probed	not-run	not-run	not-run	ordinary_brm			exact-metadata		not-run		not-run	rw_jget_lr	true			unresolved-family				not-run		learning_rate ~ 1 + pdi_total + session + (1 | ID)		unresolved	action_models	not-run		239	synthetic n=12; positive continuous predictors; integer groups; family-valid outcome	not-run
not-run		not-probed	not-run	not-run	not-run	ordinary_brm			inferred-family		not-run		not-run	rw_jget_lr	true			unresolved-family				not-run		learning_rate ~ 1 + pdi_total + session + (1 | ID)		unresolved	action_models	not-run		239	synthetic n=12; positive continuous predictors; integer groups; family-valid outcome	not-run
not-run		not-probed	not-run	not-run	not-run	ordinary_brm			exact-metadata		not-run		not-run	rw_jget_noise	true			unresolved-family				not-run		action_noise ~ 1 + pdi_total + session + (1 | ID)		unresolved	action_models	not-run		240	synthetic n=12; positive continuous predictors; integer groups; family-valid outcome	not-run
not-run		not-probed	not-run	not-run	not-run	ordinary_brm			inferred-family		not-run		not-run	rw_jget_noise	true			unresolved-family				not-run		action_noise ~ 1 + pdi_total + session + (1 | ID)		unresolved	action_models	not-run		240	synthetic n=12; positive continuous predictors; integer groups; family-valid outcome	not-run
not-run		not-probed	not-run	not-run	not-run	ordinary_brm			exact-metadata		not-run		not-run	pvl_igt_lr	true			unresolved-family				not-run		learning_rate ~ clinical_group + (1 | subjID)		unresolved	action_models	not-run		241	synthetic n=12; positive continuous predictors; integer groups; family-valid outcome	not-run
not-run		not-probed	not-run	not-run	not-run	ordinary_brm			inferred-family		not-run		not-run	pvl_igt_lr	true			unresolved-family				not-run		learning_rate ~ clinical_group + (1 | subjID)		unresolved	action_models	not-run		241	synthetic n=12; positive continuous predictors; integer groups; family-valid outcome	not-run
not-run		not-probed	not-run	not-run	not-run	ordinary_brm			exact-metadata		not-run		not-run	pvl_igt_reward	true			unresolved-family				not-run		reward_sensitivity ~ clinical_group + (1 | subjID)		unresolved	action_models	not-run		242	synthetic n=12; positive continuous predictors; integer groups; family-valid outcome	not-run
not-run		not-probed	not-run	not-run	not-run	ordinary_brm			inferred-family		not-run		not-run	pvl_igt_reward	true			unresolved-family				not-run		reward_sensitivity ~ clinical_group + (1 | subjID)		unresolved	action_models	not-run		242	synthetic n=12; positive continuous predictors; integer groups; family-valid outcome	not-run
not-run		not-probed	not-run	not-run	not-run	ordinary_brm			exact-metadata		not-run		not-run	pvl_igt_loss	true			unresolved-family				not-run		loss_aversion ~ clinical_group + (1 | subjID)		unresolved	action_models	not-run		243	synthetic n=12; positive continuous predictors; integer groups; family-valid outcome	not-run
not-run		not-probed	not-run	not-run	not-run	ordinary_brm			inferred-family		not-run		not-run	pvl_igt_loss	true			unresolved-family				not-run		loss_aversion ~ clinical_group + (1 | subjID)		unresolved	action_models	not-run		243	synthetic n=12; positive continuous predictors; integer groups; family-valid outcome	not-run
not-run		not-probed	not-run	not-run	not-run	ordinary_brm			exact-metadata		not-run		not-run	pvl_igt_noise	true			unresolved-family				not-run		action_noise ~ clinical_group + (1 | subjID)		unresolved	action_models	not-run		244	synthetic n=12; positive continuous predictors; integer groups; family-valid outcome	not-run
not-run		not-probed	not-run	not-run	not-run	ordinary_brm			inferred-family		not-run		not-run	pvl_igt_noise	true			unresolved-family				not-run		action_noise ~ clinical_group + (1 | subjID)		unresolved	action_models	not-run		244	synthetic n=12; positive continuous predictors; integer groups; family-valid outcome	not-run
not-run		not-probed	not-run	not-run	not-run	ordinary_brm			exact-metadata		not-run		not-run	delay_naive	true			unresolved-family				not-run		delay | weights(n) ~ 1		unresolved	epidist	not-run		245	synthetic n=12; positive continuous predictors; integer groups; family-valid outcome	not-run
not-run		not-probed	not-run	not-run	not-run	ordinary_brm		lognormal	inferred-family		not-run		not-run	delay_naive	true			unsupported				not-run		delay | weights(n) ~ 1		inferred-from-name	epidist	not-run		245	synthetic n=12; positive continuous predictors; integer groups; family-valid outcome	not-run
not-run		not-probed	not-run	not-run	not-run	ordinary_brm			exact-metadata		not-run		not-run	delay_marginal	true			unresolved-family				not-run		delay_lwr | weights(n) + vreal(relative_obs_time, pwindow, swindow, delay_upr) ~ 1		unresolved	epidist	not-run		246	synthetic n=12; positive continuous predictors; integer groups; family-valid outcome	not-run
not-run		not-probed	not-run	not-run	not-run	ordinary_brm		lognormal	inferred-family		not-run		not-run	delay_marginal	true			unsupported				not-run		delay_lwr | weights(n) + vreal(relative_obs_time, pwindow, swindow, delay_upr) ~ 1		inferred-from-name	epidist	not-run		246	synthetic n=12; positive continuous predictors; integer groups; family-valid outcome	not-run
not-run		not-probed	not-run	not-run	not-run	stanblocks_plate			exact-metadata		not-run		not-run	enw_basic	true			unresolved-family				not-run		enw_expectation(~0 + (1|day)) + enw_reference(~1, dist='lognormal')		unresolved	epinowcast	not-run		247	synthetic n=12; positive continuous predictors; integer groups; family-valid outcome	not-run
not-run		not-probed	not-run	not-run	not-run	stanblocks_plate		lognormal	inferred-family		not-run		not-run	enw_basic	true			route-specific				not-run		enw_expectation(~0 + (1|day)) + enw_reference(~1, dist='lognormal')		inferred-from-name	epinowcast	not-run		247	synthetic n=12; positive continuous predictors; integer groups; family-valid outcome	not-run
not-run		not-probed	not-run	not-run	not-run	stanblocks_plate			exact-metadata		not-run		not-run	enw_report_dow	true			unresolved-family				not-run		enw_expectation(~0 + (1|day)) + enw_reference(~1, dist='lognormal') + enw_report(~(1|day_of_week))		unresolved	epinowcast	not-run		248	synthetic n=12; positive continuous predictors; integer groups; family-valid outcome	not-run
not-run		not-probed	not-run	not-run	not-run	stanblocks_plate		lognormal	inferred-family		not-run		not-run	enw_report_dow	true			route-specific				not-run		enw_expectation(~0 + (1|day)) + enw_reference(~1, dist='lognormal') + enw_report(~(1|day_of_week))		inferred-from-name	epinowcast	not-run		248	synthetic n=12; positive continuous predictors; integer groups; family-valid outcome	not-run
not-run		not-probed	not-run	not-run	not-run	stanblocks_plate			exact-metadata		not-run		not-run	enw_np_reference	true			unresolved-family				not-run		enw_expectation(~0 + (1|day)) + enw_reference(parametric=~0, non_parametric=~0+delay)		unresolved	epinowcast	not-run		249	synthetic n=12; positive continuous predictors; integer groups; family-valid outcome	not-run
not-run		not-probed	not-run	not-run	not-run	stanblocks_plate			inferred-family		not-run		not-run	enw_np_reference	true			unresolved-family				not-run		enw_expectation(~0 + (1|day)) + enw_reference(parametric=~0, non_parametric=~0+delay)		unresolved	epinowcast	not-run		249	synthetic n=12; positive continuous predictors; integer groups; family-valid outcome	not-run
not-run		not-probed	not-run	not-run	not-run	stanblocks_plate			exact-metadata		not-run		not-run	enw_age_reference	true			unresolved-family				not-run		enw_expectation(~0 + (1|day_of_week) + (1|day:.group)) + enw_reference(~1 + (1|age_group)) + enw_report(~(1|day_of_week))		unresolved	epinowcast	not-run		250	synthetic n=12; positive continuous predictors; integer groups; family-valid outcome	not-run
not-run		not-probed	not-run	not-run	not-run	stanblocks_plate			inferred-family		not-run		not-run	enw_age_reference	true			unresolved-family				not-run		enw_expectation(~0 + (1|day_of_week) + (1|day:.group)) + enw_reference(~1 + (1|age_group)) + enw_report(~(1|day_of_week))		unresolved	epinowcast	not-run		250	synthetic n=12; positive continuous predictors; integer groups; family-valid outcome	not-run
not-run		not-probed	not-run	not-run	not-run	stanblocks_plate			exact-metadata		not-run		not-run	enw_age_week_reference	true			unresolved-family				not-run		enw_expectation(~0 + (1|day_of_week) + (1|day:.group)) + enw_reference(~1 + (1|age_group) + rw(week, by=age_group)) + enw_report(~(1|day_of_week))		unresolved	epinowcast	not-run		251	synthetic n=12; positive continuous predictors; integer groups; family-valid outcome	not-run
not-run		not-probed	not-run	not-run	not-run	stanblocks_plate			inferred-family		not-run		not-run	enw_age_week_reference	true			unresolved-family				not-run		enw_expectation(~0 + (1|day_of_week) + (1|day:.group)) + enw_reference(~1 + (1|age_group) + rw(week, by=age_group)) + enw_report(~(1|day_of_week))		unresolved	epinowcast	not-run		251	synthetic n=12; positive continuous predictors; integer groups; family-valid outcome	not-run
not-run		not-probed	not-run	not-run	not-run	stanblocks_plate			exact-metadata		not-run		not-run	enw_rt_renewal	true			unresolved-family				not-run		enw_expectation(r=~1+rw(week), generation_time=gt_pmf, observation=~1+(1|day_of_week)) + enw_reference(~1, dist='lognormal')		unresolved	epinowcast	not-run		252	synthetic n=12; positive continuous predictors; integer groups; family-valid outcome	not-run
not-run		not-probed	not-run	not-run	not-run	stanblocks_plate		lognormal	inferred-family		not-run		not-run	enw_rt_renewal	true			route-specific				not-run		enw_expectation(r=~1+rw(week), generation_time=gt_pmf, observation=~1+(1|day_of_week)) + enw_reference(~1, dist='lognormal')		inferred-from-name	epinowcast	not-run		252	synthetic n=12; positive continuous predictors; integer groups; family-valid outcome	not-run
not-run		not-probed	not-run	not-run	not-run	stanblocks_plate			exact-metadata		not-run		not-run	bnc_empirical	false			unresolved-family				not-run		baselinenowcast(scale_factor = 3, prop_delay = 0.5)		unresolved	epinowcast	not-run		253	synthetic n=12; positive continuous predictors; integer groups; family-valid outcome	not-run
not-run		not-probed	not-run	not-run	not-run	stanblocks_plate			inferred-family		not-run		not-run	bnc_empirical	false			unresolved-family				not-run		baselinenowcast(scale_factor = 3, prop_delay = 0.5)		unresolved	epinowcast	not-run		253	synthetic n=12; positive continuous predictors; integer groups; family-valid outcome	not-run
not-run		not-probed	not-run	not-run	not-run	ordinary_brm			exact-metadata		not-run		not-run	mtcars_lm	true			unresolved-family				not-run		mpg ~ wt + am		unresolved	rstanarm	not-run		254	synthetic n=12; positive continuous predictors; integer groups; family-valid outcome	not-run
not-run		direct	pass	pass	pass	ordinary_brm	70e88eaf3af4f89eec060b3f77de3cdba51506e1a91b3d40d664498a7dd108c1	gaussian	inferred-family	f49fcf2a17542980	true	508	pass	mtcars_lm	true			ready	-3.8069883206128132		0e75d90b4acb8af611aeb8b71eb96d81108fc5f2b71b07c016f60503bc31f65b	pass	3	mpg ~ wt + am		inferred-from-name	rstanarm	pass	loc ~ wt + am\nlog(sigma) ~ 1\nmpg ~ Normal(loc, sigma)	254	synthetic n=12; positive continuous predictors; integer groups; family-valid outcome	pass
not-run		not-probed	not-run	not-run	not-run	ordinary_brm			exact-metadata		not-run		not-run	clouds_lm	true			unresolved-family				not-run		rainfall ~ seeding * (sne + cloudcover + prewetness + echomotion) + time		unresolved	rstanarm	not-run		255	synthetic n=12; positive continuous predictors; integer groups; family-valid outcome	not-run
not-run		not-probed	not-run	not-run	not-run	ordinary_brm			inferred-family		not-run		not-run	clouds_lm	true			unresolved-family				not-run		rainfall ~ seeding * (sne + cloudcover + prewetness + echomotion) + time		unresolved	rstanarm	not-run		255	synthetic n=12; positive continuous predictors; integer groups; family-valid outcome	not-run
not-run		not-probed	not-run	not-run	not-run	ordinary_brm			exact-metadata		not-run		not-run	womensrole_logit	true			unresolved-family				not-run		cbind(agree, disagree) ~ education + sex		unresolved	rstanarm	not-run		256	synthetic n=12; positive continuous predictors; integer groups; family-valid outcome	not-run
not-run		direct	pass	pass	pass	ordinary_brm	f0497b9d21423e39bf9fd42c041056621d6b4a35ab57e04cd8cc68caba442dea	binomial	inferred-family	afd31b7123d8acbe	true	512	pass	womensrole_logit	true			ready	-83.17766166719343		9e4a3a03c24b7ecac79978a782b28d7b11066fcfea5dc9fae49ce4ea1b66caaa	pass	2	cbind(agree, disagree) ~ education + sex		inferred-from-response-syntax	rstanarm	pass	log_odds ~ education + sex\nagree ~ BinomialLogit(agree + disagree, log_odds)	256	synthetic n=12; positive continuous predictors; integer groups; family-valid outcome	pass
not-run		not-probed	not-run	not-run	not-run	ordinary_brm			exact-metadata		not-run		not-run	womensrole_quad	true			unresolved-family				not-run		cbind(agree, disagree) ~ education + I(education^2) + sex		unresolved	rstanarm	not-run		257	synthetic n=12; positive continuous predictors; integer groups; family-valid outcome	not-run
not-run		direct	pass	pass	pass	ordinary_brm	9c169289a07931f678e0246931f2a30080fe17e4ea491874c323173b4d3bfc93	binomial	inferred-family	7d82529dc6eb6a1a	true	514	pass	womensrole_quad	true			ready	-83.17766166719343		0749b9b2b89d3300746a6b37d27daf7443899201d949c6a79f5921001a48f2e5	pass	3	cbind(agree, disagree) ~ education + I(education^2) + sex		inferred-from-response-syntax	rstanarm	pass	log_odds ~ education + protect(education^2) + sex\nagree ~ BinomialLogit(agree + disagree, log_odds)	257	synthetic n=12; positive continuous predictors; integer groups; family-valid outcome	pass
not-run		not-probed	not-run	not-run	not-run	ordinary_brm			exact-metadata		not-run		not-run	kidiq_hs	true			unresolved-family				not-run		kid_score ~ mom_hs		unresolved	rstanarm	not-run		258	synthetic n=12; positive continuous predictors; integer groups; family-valid outcome	not-run
not-run		not-probed	not-run	not-run	not-run	ordinary_brm			inferred-family		not-run		not-run	kidiq_hs	true			unresolved-family				not-run		kid_score ~ mom_hs		unresolved	rstanarm	not-run		258	synthetic n=12; positive continuous predictors; integer groups; family-valid outcome	not-run
not-run		not-probed	not-run	not-run	not-run	ordinary_brm			exact-metadata		not-run		not-run	kidiq_iq	true			unresolved-family				not-run		kid_score ~ mom_iq		unresolved	rstanarm	not-run		259	synthetic n=12; positive continuous predictors; integer groups; family-valid outcome	not-run
not-run		not-probed	not-run	not-run	not-run	ordinary_brm			inferred-family		not-run		not-run	kidiq_iq	true			unresolved-family				not-run		kid_score ~ mom_iq		unresolved	rstanarm	not-run		259	synthetic n=12; positive continuous predictors; integer groups; family-valid outcome	not-run
not-run		not-probed	not-run	not-run	not-run	ordinary_brm			exact-metadata		not-run		not-run	kidiq_both	true			unresolved-family				not-run		kid_score ~ mom_hs + mom_iq		unresolved	rstanarm	not-run		260	synthetic n=12; positive continuous predictors; integer groups; family-valid outcome	not-run
not-run		not-probed	not-run	not-run	not-run	ordinary_brm			inferred-family		not-run		not-run	kidiq_both	true			unresolved-family				not-run		kid_score ~ mom_hs + mom_iq		unresolved	rstanarm	not-run		260	synthetic n=12; positive continuous predictors; integer groups; family-valid outcome	not-run
not-run		not-probed	not-run	not-run	not-run	ordinary_brm			exact-metadata		not-run		not-run	kidiq_interaction	true			unresolved-family				not-run		kid_score ~ mom_hs * mom_iq		unresolved	rstanarm	not-run		261	synthetic n=12; positive continuous predictors; integer groups; family-valid outcome	not-run
not-run		not-probed	not-run	not-run	not-run	ordinary_brm			inferred-family		not-run		not-run	kidiq_interaction	true			unresolved-family				not-run		kid_score ~ mom_hs * mom_iq		unresolved	rstanarm	not-run		261	synthetic n=12; positive continuous predictors; integer groups; family-valid outcome	not-run
not-run		not-probed	not-run	not-run	not-run	ordinary_brm			exact-metadata		not-run		not-run	clotting_gamma	true			unresolved-family				not-run		clot_time ~ log_plasma * lot_id		unresolved	rstanarm	not-run		262	synthetic n=12; positive continuous predictors; integer groups; family-valid outcome	not-run
not-run		direct	pass	pass	pass	ordinary_brm	dc04c1a9eb52c01082e776d7c4942163de22aa18bffea29a6d905319a11396cf	gamma	inferred-family	c12c760d3c6a844c	true	524	pass	clotting_gamma	true			ready	-8.264693824172014		af05be5827f5afd50320a6159d6d4f2dfdaadef6f889d57f51b25aa493f26046	pass	4	clot_time ~ log_plasma * lot_id		inferred-from-name	rstanarm	pass	log(mu) ~ log_plasma + lot_id + (log_plasma & lot_id)\nlog(shape) ~ 1\nrate = shape / mu\nclot_time ~ Gamma(shape, rate)	262	synthetic n=12; positive continuous predictors; integer groups; family-valid outcome	pass
not-run		not-probed	not-run	not-run	not-run	ordinary_brm			exact-metadata		not-run		not-run	wells_dist	true			unresolved-family				not-run		switch ~ dist100		unresolved	rstanarm	not-run		263	synthetic n=12; positive continuous predictors; integer groups; family-valid outcome	not-run
not-run		direct	pass	pass	pass	ordinary_brm	ccc484248c8f764cdf41989986eb664ce463056f33bca0af75a4a9c5f2fc99ae	bernoulli	inferred-family	ffa058471c587584	true	526	pass	wells_dist	true			ready	-8.317766166719343		df116e874c54230231c70762f9a78cbc10d7593e18f93c6265f7f707bd164aab	pass	1	switch ~ dist100		inferred-from-name	rstanarm	pass	log_odds ~ dist100\nswitch ~ BernoulliLogit(log_odds)	263	synthetic n=12; positive continuous predictors; integer groups; family-valid outcome	pass
not-run		not-probed	not-run	not-run	not-run	ordinary_brm			exact-metadata		not-run		not-run	wells_both	true			unresolved-family				not-run		switch ~ dist100 + arsenic		unresolved	rstanarm	not-run		264	synthetic n=12; positive continuous predictors; integer groups; family-valid outcome	not-run
not-run		direct	pass	pass	pass	ordinary_brm	f64e773d57247a13e89926931bc93a2cf94747ce42bdeecb59e05e9d1e89e034	bernoulli	inferred-family	375683081d85f1a1	true	528	pass	wells_both	true			ready	-8.317766166719343		53d45df73e5b2debdde49be207ef25a0b5c7dfae06c7b938eaf46c17d0215802	pass	2	switch ~ dist100 + arsenic		inferred-from-name	rstanarm	pass	log_odds ~ dist100 + arsenic\nswitch ~ BernoulliLogit(log_odds)	264	synthetic n=12; positive continuous predictors; integer groups; family-valid outcome	pass
not-run		not-probed	not-run	not-run	not-run	ordinary_brm			exact-metadata		not-run		not-run	roaches_poisson	true			unresolved-family				not-run		y ~ roach1 + treatment + senior + offset(log(exposure2))		unresolved	rstanarm	not-run		265	synthetic n=12; positive continuous predictors; integer groups; family-valid outcome	not-run
not-run		inherited-identical-probe	pass	pass	pass	ordinary_brm	c89b56aaec2be486b0f2702cca5867fa2af78f38c60ab2406138a968f7c3c42b	poisson	inferred-family	a3d48c3db122f2d3	true	86	pass	roaches_poisson	true			ready	-12.0		99c386d39bfd5b98d08c3101bcf636841b70d1f092a9d7e81f17cb50850036d7	pass	4	y ~ roach1 + treatment + senior + offset(log(exposure2))		inferred-from-name	rstanarm	pass	log_rate ~ roach1 + treatment + senior + log(exposure2)\ny ~ Poisson(exp(log_rate))	265	synthetic n=12; positive continuous predictors; integer groups; family-valid outcome	pass
not-run		not-probed	not-run	not-run	not-run	ordinary_brm			exact-metadata		not-run		not-run	roaches_nb	true			unresolved-family				not-run		y ~ roach1 + treatment + senior + offset(log(exposure2))		unresolved	rstanarm	not-run		266	synthetic n=12; positive continuous predictors; integer groups; family-valid outcome	not-run
not-run		not-probed	not-run	not-run	not-run	ordinary_brm		negativebinomial	inferred-family		not-run		not-run	roaches_nb	true			unsupported				not-run		y ~ roach1 + treatment + senior + offset(log(exposure2))		inferred-from-name	rstanarm	not-run		266	synthetic n=12; positive continuous predictors; integer groups; family-valid outcome	not-run
not-run		not-probed	not-run	not-run	not-run	ordinary_brm			exact-metadata		not-run		not-run	weightgain_anova	true			unresolved-family				not-run		weightgain ~ source * type		unresolved	rstanarm	not-run		267	synthetic n=12; positive continuous predictors; integer groups; family-valid outcome	not-run
not-run		direct	pass	pass	pass	ordinary_brm	924d69561c1af66c1c809f656da54b8a3cde8d54e1234087abd40766eab35339	gaussian	inferred-family	50dda04ebe69db13	true	534	pass	weightgain_anova	true			ready	-3.8069883206128132		8e6889aa9ccc2f84eb9e5bb98c6b66d720cbd145ffd6ac8812083ae0f1dd3cf8	pass	4	weightgain ~ source * type		inferred-from-name	rstanarm	pass	loc ~ source + type + (source & type)\nlog(sigma) ~ 1\nweightgain ~ Normal(loc, sigma)	267	synthetic n=12; positive continuous predictors; integer groups; family-valid outcome	pass
not-run		not-probed	not-run	not-run	not-run	ordinary_brm			exact-metadata		not-run		not-run	weightgain_re	true			unresolved-family				not-run		weightgain ~ 1 + (1|source) + (1|type) + (1|source:type)		unresolved	rstanarm	not-run		268	synthetic n=12; positive continuous predictors; integer groups; family-valid outcome	not-run
not-run		not-probed	not-run	not-run	not-run	ordinary_brm		gaussian	inferred-family		not-run		not-run	weightgain_re	true			unsupported				not-run		weightgain ~ 1 + (1|source) + (1|type) + (1|source:type)		inferred-from-name	rstanarm	not-run		268	synthetic n=12; positive continuous predictors; integer groups; family-valid outcome	not-run
not-run		not-probed	not-run	not-run	not-run	ordinary_brm			exact-metadata		not-run		not-run	esoph_polr	true			unresolved-family				not-run		tobgp ~ agegp + alcgp		unresolved	rstanarm	not-run		269	synthetic n=12; positive continuous predictors; integer groups; family-valid outcome	not-run
not-run		direct	pass	pass	pass	ordinary_brm	44ca651b8b05cdb546734955d2bedcc9ddbef42455badc44849aeefffa6b682d	bernoulli	inferred-family	3ea9698212cabe24	true	538	pass	esoph_polr	true			ready	-8.317766166719343		cd441e2c8aa899be0284ac3e7560d87dc7169bac089a067ce9ab9c8355b692fb	pass	2	tobgp ~ agegp + alcgp		inferred-from-name	rstanarm	pass	log_odds ~ agegp + alcgp\ntobgp ~ BernoulliLogit(log_odds)	269	synthetic n=12; positive continuous predictors; integer groups; family-valid outcome	pass
not-run		not-probed	not-run	not-run	not-run	ordinary_brm			exact-metadata		not-run		not-run	gasoline_beta	true			unresolved-family				not-run		yield ~ gravity + pressure + temp10 + batch		unresolved	rstanarm	not-run		270	synthetic n=12; positive continuous predictors; integer groups; family-valid outcome	not-run
not-run		direct	pass	pass	pass	ordinary_brm	068b549ebe66aa51a44ff659b4c22342d1f982110e985f140e41cb85af2e5717	beta	inferred-family	94aa33440e5746c8	true	540	pass	gasoline_beta	true			ready	-3.342077309841285		e5298e4e43b4206d6ff4e60e6a6c69fe9ae3393d020a0b5b3f515c89cb873285	pass	5	yield ~ gravity + pressure + temp10 + batch		inferred-from-name	rstanarm	pass	logit(mu) ~ gravity + pressure + temp10 + batch\nlog(phi) ~ 1\nyield ~ Beta(mu * phi, (1 - mu) * phi)	270	synthetic n=12; positive continuous predictors; integer groups; family-valid outcome	pass
not-run		not-probed	not-run	not-run	not-run	ordinary_brm			exact-metadata		not-run		not-run	gasoline_beta_distr	true			unresolved-family				not-run		yield ~ gravity + pressure + temp10 + batch | gravity + pressure		unresolved	rstanarm	not-run		271	synthetic n=12; positive continuous predictors; integer groups; family-valid outcome	not-run
not-run		direct	pass	pass	pass	ordinary_brm	c12a24e1127fa890f70780654e6f72234ea6a0d2d63ada315637f3fd2445e2e5	beta	inferred-family	135826e6a34add46	true	542	pass	gasoline_beta_distr	true			ready	-5.842077309841285		e1985db4b9ef09c721bf40f00b02b2478498364e36669ecf4e1ea25bc27f4ed7	pass	32	yield ~ gravity + pressure + temp10 + batch | gravity + pressure		inferred-from-name	rstanarm	pass	logit(mu) ~ gravity + pressure + temp10 + batch | gravity + pressure\nlog(phi) ~ 1\nyield ~ Beta(mu * phi, (1 - mu) * phi)	271	synthetic n=12; positive continuous predictors; integer groups; family-valid outcome	pass
not-run		not-probed	not-run	not-run	not-run	ordinary_brm			exact-metadata		not-run		not-run	cbpp_glmm	true			unresolved-family				not-run		cbind(incidence, size - incidence) ~ size + period + (1|herd)		unresolved	rstanarm	not-run		272	synthetic n=12; positive continuous predictors; integer groups; family-valid outcome	not-run
not-run		direct	pass	pass	pass	ordinary_brm	cf4ed9899f3674585dbfba54681bde0e4e2f2d53589ba2aab9c1a97b846b5103	binomial	inferred-family	da6e7bf23dc8fcb5	true	544	pass	cbpp_glmm	true			ready	-66.54212933375474		5146105f4ce9517f886e55115f93d544352aef3fa962ab7002d5aee8724339ff	pass	5	cbind(incidence, size - incidence) ~ size + period + (1|herd)		inferred-from-response-syntax	rstanarm	pass	log_odds ~ size + period + (1|herd)\nincidence ~ BinomialLogit(incidence + size - incidence, log_odds)	272	synthetic n=12; positive continuous predictors; integer groups; family-valid outcome	pass
not-run		not-probed	not-run	not-run	not-run	ordinary_brm			exact-metadata		not-run		not-run	bball_pooled	true			unresolved-family				not-run		cbind(Hits, AB - Hits) ~ 1		unresolved	rstanarm	not-run		273	synthetic n=12; positive continuous predictors; integer groups; family-valid outcome	not-run
not-run		direct	pass	pass	pass	ordinary_brm	be07356d6e21122ba381f608aa0e11e5c5966ea3904653ac813aeeff0bc2966b	binomial	inferred-family	0f5644dc7e5f336f	true	546	pass	bball_pooled	true			ready	-66.54212933375474		be1ce07533e683fda21ac3cc4f51dc060121f92562592ad7e9b4ba09fa913bcf	pass	1	cbind(Hits, AB - Hits) ~ 1		inferred-from-response-syntax	rstanarm	pass	log_odds ~ 1\nHits ~ BinomialLogit(Hits + AB - Hits, log_odds)	273	synthetic n=12; positive continuous predictors; integer groups; family-valid outcome	pass
not-run		not-probed	not-run	not-run	not-run	ordinary_brm			exact-metadata		not-run		not-run	bball_nopooling	true			unresolved-family				not-run		cbind(Hits, AB - Hits) ~ 0 + Player		unresolved	rstanarm	not-run		274	synthetic n=12; positive continuous predictors; integer groups; family-valid outcome	not-run
not-run		direct	pass	pass	pass	ordinary_brm	9d24b9c2d00a1aa038106632dc34eb627055560ea9c7a9485529457c7e6e70ae	binomial	inferred-family	6e2453340371322c	true	548	pass	bball_nopooling	true			ready	-66.54212933375474		f2afc0c08860cc2bb2b019e6139f849eea58443ba0676dac7a9df6fac044c1bd	pass	1	cbind(Hits, AB - Hits) ~ 0 + Player		inferred-from-response-syntax	rstanarm	pass	log_odds ~ 0 + Player\nHits ~ BinomialLogit(Hits + AB - Hits, log_odds)	274	synthetic n=12; positive continuous predictors; integer groups; family-valid outcome	pass
not-run		not-probed	not-run	not-run	not-run	ordinary_brm			exact-metadata		not-run		not-run	bball_partial	true			unresolved-family				not-run		cbind(Hits, AB - Hits) ~ (1|Player)		unresolved	rstanarm	not-run		275	synthetic n=12; positive continuous predictors; integer groups; family-valid outcome	not-run
not-run		direct	pass	pass	pass	ordinary_brm	a458efde1315acb1e076dd29f8c1ce9ea51def11e8781849fe79a0f9688d249a	binomial	inferred-family	3c1292b54a3aebe1	true	550	pass	bball_partial	true			ready	-66.54212933375474		ebb0284f68ad57a62bd09f8559138bf81222ac0dbe53b3e73cf87f3fd8a68e9c	pass	4	cbind(Hits, AB - Hits) ~ (1|Player)		inferred-from-response-syntax	rstanarm	pass	log_odds ~ (1|Player)\nHits ~ BinomialLogit(Hits + AB - Hits, log_odds)	275	synthetic n=12; positive continuous predictors; integer groups; family-valid outcome	pass
not-run		not-probed	not-run	not-run	not-run	ordinary_brm			exact-metadata		not-run		not-run	pupil	true			unresolved-family				not-run		p_size ~ 1 + c_load		unresolved	vasishth	not-run		276	synthetic n=12; positive continuous predictors; integer groups; family-valid outcome	not-run
not-run		direct	pass	pass	pass	ordinary_brm	5f94f5feb19a4a92dd28015914559806ef096079e9703c24770c5c609e759d5a	gaussian	inferred-family	20facf2552720d60	true	552	pass	pupil	true			ready	-7.817384082920588		058d40d3dd9a3f9c15ed3c0718c8e0b892c199a0ebb051ad366723b601afbb2c	pass	3	p_size ~ 1 + c_load		inferred-from-name	vasishth	pass	loc ~ 1 + c_load\nlog(sigma) ~ 1\np_size ~ Normal(loc, sigma)	276	synthetic n=12; positive continuous predictors; integer groups; family-valid outcome	pass
not-run		not-probed	not-run	not-run	not-run	ordinary_brm			exact-metadata		not-run		not-run	spacebar	true			unresolved-family				not-run		t ~ 1 + c_trial		unresolved	vasishth	not-run		277	synthetic n=12; positive continuous predictors; integer groups; family-valid outcome	not-run
not-run		direct	pass	pass	pass	ordinary_brm	a13e23f78ef59f4ec1eed17627c186316ac1531f2ca0928358976115d12894b3	lognormal	inferred-family	236d085e4d396649	true	554	pass	spacebar	true			ready	-12.375312807727603		ced14ad134fd0f7eba65d0f289b43fd688592455798c22d140820855fb5806f4	pass	3	t ~ 1 + c_trial		inferred-from-name	vasishth	pass	loc ~ 1 + c_trial\nlog(sigma) ~ 1\nt ~ LogNormal(loc, sigma)	277	synthetic n=12; positive continuous predictors; integer groups; family-valid outcome	pass
not-run		not-probed	not-run	not-run	not-run	ordinary_brm			exact-metadata		not-run		not-run	recall_wm	true			unresolved-family				not-run		correct ~ 1 + c_set_size		unresolved	vasishth	not-run		278	synthetic n=12; positive continuous predictors; integer groups; family-valid outcome	not-run
not-run		direct	pass	pass	pass	ordinary_brm	408f919a4de15107907237935656f1bd6c903c715ae526e29059fe6176a6e99a	bernoulli	inferred-family	1c011f71ce0386ee	true	556	pass	recall_wm	true			ready	-8.317766166719343		157440ea0941e4a1af69d2929cd3e2a69e06ff9a8cc0a43079d694640f62f07d	pass	2	correct ~ 1 + c_set_size		inferred-from-name	vasishth	pass	log_odds ~ 1 + c_set_size\ncorrect ~ BernoulliLogit(log_odds)	278	synthetic n=12; positive continuous predictors; integer groups; family-valid outcome	pass
not-run		not-probed	not-run	not-run	not-run	ordinary_brm			exact-metadata		not-run		not-run	n400_uncorr	true			unresolved-family				not-run		n400 ~ c_cloze + (c_cloze || subj)		unresolved	vasishth	not-run		279	synthetic n=12; positive continuous predictors; integer groups; family-valid outcome	not-run
not-run		not-probed	not-run	not-run	not-run	ordinary_brm			inferred-family		not-run		not-run	n400_uncorr	true			unresolved-family				not-run		n400 ~ c_cloze + (c_cloze || subj)		unresolved	vasishth	not-run		279	synthetic n=12; positive continuous predictors; integer groups; family-valid outcome	not-run
not-run		not-probed	not-run	not-run	not-run	ordinary_brm			exact-metadata		not-run		not-run	n400_corr	true			unresolved-family				not-run		n400 ~ c_cloze + (c_cloze | subj)		unresolved	vasishth	not-run		280	synthetic n=12; positive continuous predictors; integer groups; family-valid outcome	not-run
not-run		not-probed	not-run	not-run	not-run	ordinary_brm			inferred-family		not-run		not-run	n400_corr	true			unresolved-family				not-run		n400 ~ c_cloze + (c_cloze | subj)		unresolved	vasishth	not-run		280	synthetic n=12; positive continuous predictors; integer groups; family-valid outcome	not-run
not-run		not-probed	not-run	not-run	not-run	ordinary_brm			exact-metadata		not-run		not-run	n400_crossed	true			unresolved-family				not-run		n400 ~ c_cloze + (c_cloze | subj) + (c_cloze | item)		unresolved	vasishth	not-run		281	synthetic n=12; positive continuous predictors; integer groups; family-valid outcome	not-run
not-run		not-probed	not-run	not-run	not-run	ordinary_brm			inferred-family		not-run		not-run	n400_crossed	true			unresolved-family				not-run		n400 ~ c_cloze + (c_cloze | subj) + (c_cloze | item)		unresolved	vasishth	not-run		281	synthetic n=12; positive continuous predictors; integer groups; family-valid outcome	not-run
not-run		not-probed	not-run	not-run	not-run	ordinary_brm			exact-metadata		not-run		not-run	n400_distr	true			unresolved-family				not-run		bf(n400 ~ c_cloze + (c_cloze | subj) + (c_cloze | item), sigma ~ 1 + (1 | subj))		unresolved	vasishth	not-run		282	synthetic n=12; positive continuous predictors; integer groups; family-valid outcome	not-run
not-run		not-probed	not-run	not-run	not-run	ordinary_brm			inferred-family		not-run		not-run	n400_distr	true			unresolved-family				not-run		bf(n400 ~ c_cloze + (c_cloze | subj) + (c_cloze | item), sigma ~ 1 + (1 | subj))		unresolved	vasishth	not-run		282	synthetic n=12; positive continuous predictors; integer groups; family-valid outcome	not-run
not-run		not-probed	not-run	not-run	not-run	ordinary_brm			exact-metadata		not-run		not-run	stroop	true			unresolved-family				not-run		RT ~ c_cond + (c_cond | subj)		unresolved	vasishth	not-run		283	synthetic n=12; positive continuous predictors; integer groups; family-valid outcome	not-run
not-run		direct	pass	pass	pass	ordinary_brm	0eb2a6b71a24bf7b02f46abd5957cbf192a1327b3b9ba5ef47dba5ea256f2f94	lognormal	inferred-family	af4e1acbcd0544bb	true	566	pass	stroop	true			ready	-12.875312807727603		56b4eca2cedb43f00b82bff3ee2179cfd6a221306153d1365eb7f340b936463c	pass	6	RT ~ c_cond + (c_cond | subj)		inferred-from-name	vasishth	pass	loc ~ c_cond + (c_cond | subj)\nlog(sigma) ~ 1\nRT ~ LogNormal(loc, sigma)	283	synthetic n=12; positive continuous predictors; integer groups; family-valid outcome	pass
not-run		not-probed	not-run	not-run	not-run	ordinary_brm			exact-metadata		not-run		not-run	pooling_partial	true			unresolved-family				not-run		y ~ 1 + (1 | subj)		unresolved	vasishth	not-run		284	synthetic n=12; positive continuous predictors; integer groups; family-valid outcome	not-run
not-run		not-probed	not-run	not-run	not-run	ordinary_brm			inferred-family		not-run		not-run	pooling_partial	true			unresolved-family				not-run		y ~ 1 + (1 | subj)		unresolved	vasishth	not-run		284	synthetic n=12; positive continuous predictors; integer groups; family-valid outcome	not-run
not-run		not-probed	not-run	not-run	not-run	ordinary_brm			exact-metadata		not-run		not-run	pooling_complete	true			unresolved-family				not-run		y ~ 1		unresolved	vasishth	not-run		285	synthetic n=12; positive continuous predictors; integer groups; family-valid outcome	not-run
not-run		not-probed	not-run	not-run	not-run	ordinary_brm			inferred-family		not-run		not-run	pooling_complete	true			unresolved-family				not-run		y ~ 1		unresolved	vasishth	not-run		285	synthetic n=12; positive continuous predictors; integer groups; family-valid outcome	not-run
not-run		not-probed	not-run	not-run	not-run	ordinary_brm			exact-metadata		not-run		not-run	pooling_none	true			unresolved-family				not-run		y ~ 0 + factor(subj)		unresolved	vasishth	not-run		286	synthetic n=12; positive continuous predictors; integer groups; family-valid outcome	not-run
not-run		not-probed	not-run	not-run	not-run	ordinary_brm			inferred-family		not-run		not-run	pooling_none	true			unresolved-family				not-run		y ~ 0 + factor(subj)		unresolved	vasishth	not-run		286	synthetic n=12; positive continuous predictors; integer groups; family-valid outcome	not-run
not-run		not-probed	not-run	not-run	not-run	ordinary_brm			exact-metadata		not-run		not-run	contrasts1_treatment	true			unresolved-family				not-run		DV ~ F		unresolved	vasishth	not-run		287	synthetic n=12; positive continuous predictors; integer groups; family-valid outcome	not-run
not-run		not-probed	not-run	not-run	not-run	ordinary_brm			inferred-family		not-run		not-run	contrasts1_treatment	true			unresolved-family				not-run		DV ~ F		unresolved	vasishth	not-run		287	synthetic n=12; positive continuous predictors; integer groups; family-valid outcome	not-run
not-run		not-probed	not-run	not-run	not-run	ordinary_brm			exact-metadata		not-run		not-run	contrasts1_cellmeans	true			unresolved-family				not-run		DV ~ -1 + F		unresolved	vasishth	not-run		288	synthetic n=12; positive continuous predictors; integer groups; family-valid outcome	not-run
not-run		not-probed	not-run	not-run	not-run	ordinary_brm			inferred-family		not-run		not-run	contrasts1_cellmeans	true			unresolved-family				not-run		DV ~ -1 + F		unresolved	vasishth	not-run		288	synthetic n=12; positive continuous predictors; integer groups; family-valid outcome	not-run
not-run		not-probed	not-run	not-run	not-run	ordinary_brm			exact-metadata		not-run		not-run	contrasts1_monotonic	true			unresolved-family				not-run		DV ~ 1 + mo(F)		unresolved	vasishth	not-run		289	synthetic n=12; positive continuous predictors; integer groups; family-valid outcome	not-run
not-run		not-probed	not-run	not-run	not-run	ordinary_brm			inferred-family		not-run		not-run	contrasts1_monotonic	true			unresolved-family				not-run		DV ~ 1 + mo(F)		unresolved	vasishth	not-run		289	synthetic n=12; positive continuous predictors; integer groups; family-valid outcome	not-run
not-run		not-probed	not-run	not-run	not-run	ordinary_brm			exact-metadata		not-run		not-run	contrasts2x2_factorial	true			unresolved-family				not-run		DV ~ A * B		unresolved	vasishth	not-run		290	synthetic n=12; positive continuous predictors; integer groups; family-valid outcome	not-run
not-run		not-probed	not-run	not-run	not-run	ordinary_brm			inferred-family		not-run		not-run	contrasts2x2_factorial	true			unresolved-family				not-run		DV ~ A * B		unresolved	vasishth	not-run		290	synthetic n=12; positive continuous predictors; integer groups; family-valid outcome	not-run
not-run		not-probed	not-run	not-run	not-run	ordinary_brm			exact-metadata		not-run		not-run	contrasts2x2_nested	true			unresolved-family				not-run		DV ~ B / A		unresolved	vasishth	not-run		291	synthetic n=12; positive continuous predictors; integer groups; family-valid outcome	not-run
not-run		not-probed	not-run	not-run	not-run	ordinary_brm			inferred-family		not-run		not-run	contrasts2x2_nested	true			unresolved-family				not-run		DV ~ B / A		unresolved	vasishth	not-run		291	synthetic n=12; positive continuous predictors; integer groups; family-valid outcome	not-run
not-run		not-probed	not-run	not-run	not-run	ordinary_brm			exact-metadata		not-run		not-run	contrasts2x2_logistic	true			unresolved-family				not-run		pDV ~ A * B		unresolved	vasishth	not-run		292	synthetic n=12; positive continuous predictors; integer groups; family-valid outcome	not-run
not-run		direct	pass	pass	pass	ordinary_brm	c93db3090ff854c23d7c9217630b732ea0699203347ed5a45f93118d8b76a002	bernoulli	inferred-family	f143101afec00d48	true	584	pass	contrasts2x2_logistic	true			ready	-8.317766166719343		def04d80b90d2d2e8c5814760642c12b80ba15c227393f5688a3394dfbe2f5de	pass	3	pDV ~ A * B		inferred-from-name	vasishth	pass	log_odds ~ A + B + (A & B)\npDV ~ BernoulliLogit(log_odds)	292	synthetic n=12; positive continuous predictors; integer groups; family-valid outcome	pass
not-run		not-probed	not-run	not-run	not-run	ordinary_brm			exact-metadata		not-run		not-run	meta_sbi	true			unresolved-family				not-run		effect | resp_se(SE, sigma = FALSE) ~ 1 + (1 | study_id)		unresolved	vasishth	not-run		293	synthetic n=12; positive continuous predictors; integer groups; family-valid outcome	not-run
not-run		not-probed	not-run	not-run	not-run	ordinary_brm			inferred-family		not-run		not-run	meta_sbi	true			unresolved-family				not-run		effect | resp_se(SE, sigma = FALSE) ~ 1 + (1 | study_id)		unresolved	vasishth	not-run		293	synthetic n=12; positive continuous predictors; integer groups; family-valid outcome	not-run
not-run		not-probed	not-run	not-run	not-run	ordinary_brm			exact-metadata		not-run		not-run	indiv_diff_naive	true			unresolved-family				not-run		mean_rspeed ~ c_mean_pcu		unresolved	vasishth	not-run		294	synthetic n=12; positive continuous predictors; integer groups; family-valid outcome	not-run
not-run		direct	pass	pass	pass	ordinary_brm	8a20426a8902b0c03fac2fcdd37f802c54bf03465eacffadf153707fefe8acee	gaussian	inferred-family	5a663465bb9e4d57	true	588	pass	indiv_diff_naive	true			ready	-7.817384082920588		12670bedfe4057386f930071812f04524a9980a81494ff979c8d5724541ceb5f	pass	2	mean_rspeed ~ c_mean_pcu		inferred-from-name	vasishth	pass	loc ~ c_mean_pcu\nlog(sigma) ~ 1\nmean_rspeed ~ Normal(loc, sigma)	294	synthetic n=12; positive continuous predictors; integer groups; family-valid outcome	pass
not-run		not-probed	not-run	not-run	not-run	ordinary_brm			exact-metadata		not-run		not-run	indiv_diff_me	true			unresolved-family				not-run		mean_rspeed | resp_se(se_rspeed, sigma = TRUE) ~ me(c_mean_pcu, se_pcu)		unresolved	vasishth	not-run		295	synthetic n=12; positive continuous predictors; integer groups; family-valid outcome	not-run
not-run		not-probed	not-run	not-run	not-run	ordinary_brm			inferred-family		not-run		not-run	indiv_diff_me	true			unresolved-family				not-run		mean_rspeed | resp_se(se_rspeed, sigma = TRUE) ~ me(c_mean_pcu, se_pcu)		unresolved	vasishth	not-run		295	synthetic n=12; positive continuous predictors; integer groups; family-valid outcome	not-run
not-run		not-probed	not-run	not-run	not-run	brm_kernel			exact-metadata		not-run		not-run	mixture2p_setsize	true			unresolved-family				not-run		thetat ~ 0 + set_size + (0 + set_size | id); kappa ~ 0 + set_size + (0 + set_size | id)		unresolved	bmm	not-run		296	synthetic n=12; positive continuous predictors; integer groups; family-valid outcome	not-run
not-run		not-probed	not-run	not-run	not-run	brm_kernel			inferred-family		not-run		not-run	mixture2p_setsize	true			unresolved-family				not-run		thetat ~ 0 + set_size + (0 + set_size | id); kappa ~ 0 + set_size + (0 + set_size | id)		unresolved	bmm	not-run		296	synthetic n=12; positive continuous predictors; integer groups; family-valid outcome	not-run
not-run		not-probed	not-run	not-run	not-run	brm_kernel			exact-metadata		not-run		not-run	mixture3p_setsize	true			unresolved-family				not-run		thetat ~ 0 + set_size + (0 + set_size | id); thetant ~ 0 + set_size + (0 + set_size | id); kappa ~ 0 + set_size + (0 + set_size | id)		unresolved	bmm	not-run		297	synthetic n=12; positive continuous predictors; integer groups; family-valid outcome	not-run
not-run		not-probed	not-run	not-run	not-run	brm_kernel			inferred-family		not-run		not-run	mixture3p_setsize	true			unresolved-family				not-run		thetat ~ 0 + set_size + (0 + set_size | id); thetant ~ 0 + set_size + (0 + set_size | id); kappa ~ 0 + set_size + (0 + set_size | id)		unresolved	bmm	not-run		297	synthetic n=12; positive continuous predictors; integer groups; family-valid outcome	not-run
not-run		not-probed	not-run	not-run	not-run	brm_kernel			exact-metadata		not-run		not-run	sdm_condition	true			unresolved-family				not-run		c ~ 0 + cond; kappa ~ 0 + cond		unresolved	bmm	not-run		298	synthetic n=12; positive continuous predictors; integer groups; family-valid outcome	not-run
not-run		not-probed	not-run	not-run	not-run	brm_kernel			inferred-family		not-run		not-run	sdm_condition	true			unresolved-family				not-run		c ~ 0 + cond; kappa ~ 0 + cond		unresolved	bmm	not-run		298	synthetic n=12; positive continuous predictors; integer groups; family-valid outcome	not-run
not-run		not-probed	not-run	not-run	not-run	brm_kernel			exact-metadata		not-run		not-run	imm_full_condition	true			unresolved-family				not-run		c ~ 0 + cond; a ~ 0 + cond; s ~ 0 + cond; kappa ~ 0 + cond		unresolved	bmm	not-run		299	synthetic n=12; positive continuous predictors; integer groups; family-valid outcome	not-run
not-run		not-probed	not-run	not-run	not-run	brm_kernel			inferred-family		not-run		not-run	imm_full_condition	true			unresolved-family				not-run		c ~ 0 + cond; a ~ 0 + cond; s ~ 0 + cond; kappa ~ 0 + cond		unresolved	bmm	not-run		299	synthetic n=12; positive continuous predictors; integer groups; family-valid outcome	not-run
not-run		not-probed	not-run	not-run	not-run	stanblocks_plate			exact-metadata		not-run		not-run	single_season_repvarying	true			unresolved-family				not-run		occ: ~ uc1 + (1 + uc1 | species); det: ~ uc1 + ec1 + (1 + uc1 + ec1 | species)		unresolved	flocker	not-run		300	synthetic n=12; positive continuous predictors; integer groups; family-valid outcome	not-run
not-run		not-probed	not-run	not-run	not-run	stanblocks_plate			inferred-family		not-run		not-run	single_season_repvarying	true			unresolved-family				not-run		occ: ~ uc1 + (1 + uc1 | species); det: ~ uc1 + ec1 + (1 + uc1 + ec1 | species)		unresolved	flocker	not-run		300	synthetic n=12; positive continuous predictors; integer groups; family-valid outcome	not-run
not-run		not-probed	not-run	not-run	not-run	stanblocks_plate			exact-metadata		not-run		not-run	single_season_repconstant	true			unresolved-family				not-run		occ: ~ uc1 + (1 + uc1 | species); det: ~ uc1 + (1 + uc1 | species)		unresolved	flocker	not-run		301	synthetic n=12; positive continuous predictors; integer groups; family-valid outcome	not-run
not-run		not-probed	not-run	not-run	not-run	stanblocks_plate			inferred-family		not-run		not-run	single_season_repconstant	true			unresolved-family				not-run		occ: ~ uc1 + (1 + uc1 | species); det: ~ uc1 + (1 + uc1 | species)		unresolved	flocker	not-run		301	synthetic n=12; positive continuous predictors; integer groups; family-valid outcome	not-run
not-run		not-probed	not-run	not-run	not-run	stanblocks_plate			exact-metadata		not-run		not-run	colex_explicit	true			unresolved-family				not-run		occ: ~ uc1; det: ~ uc1 + ec1; col: ~ uc1; ex: ~ uc1		unresolved	flocker	not-run		302	synthetic n=12; positive continuous predictors; integer groups; family-valid outcome	not-run
not-run		not-probed	not-run	not-run	not-run	stanblocks_plate			inferred-family		not-run		not-run	colex_explicit	true			unresolved-family				not-run		occ: ~ uc1; det: ~ uc1 + ec1; col: ~ uc1; ex: ~ uc1		unresolved	flocker	not-run		302	synthetic n=12; positive continuous predictors; integer groups; family-valid outcome	not-run
not-run		not-probed	not-run	not-run	not-run	stanblocks_plate			exact-metadata		not-run		not-run	colex_equilibrium	true			unresolved-family				not-run		det: ~ uc1 + ec1; col: ~ uc1; ex: ~ uc1		unresolved	flocker	not-run		303	synthetic n=12; positive continuous predictors; integer groups; family-valid outcome	not-run
not-run		not-probed	not-run	not-run	not-run	stanblocks_plate			inferred-family		not-run		not-run	colex_equilibrium	true			unresolved-family				not-run		det: ~ uc1 + ec1; col: ~ uc1; ex: ~ uc1		unresolved	flocker	not-run		303	synthetic n=12; positive continuous predictors; integer groups; family-valid outcome	not-run
not-run		not-probed	not-run	not-run	not-run	stanblocks_plate			exact-metadata		not-run		not-run	autologistic_equilibrium	true			unresolved-family				not-run		det: ~ uc1 + ec1; col: ~ uc1; auto: ~ 1		unresolved	flocker	not-run		304	synthetic n=12; positive continuous predictors; integer groups; family-valid outcome	not-run
not-run		not-probed	not-run	not-run	not-run	stanblocks_plate		bernoulli	inferred-family		not-run		not-run	autologistic_equilibrium	true			route-specific				not-run		det: ~ uc1 + ec1; col: ~ uc1; auto: ~ 1		inferred-from-name	flocker	not-run		304	synthetic n=12; positive continuous predictors; integer groups; family-valid outcome	not-run
not-run		not-probed	not-run	not-run	not-run	stanblocks_plate			exact-metadata		not-run		not-run	augmented_multispecies	true			unresolved-family				not-run		occ: ~ (1 | ff_species); det: ~ uc1 + ec1 + (1 + uc1 + ec1 | ff_species)		unresolved	flocker	not-run		305	synthetic n=12; positive continuous predictors; integer groups; family-valid outcome	not-run
not-run		not-probed	not-run	not-run	not-run	stanblocks_plate			inferred-family		not-run		not-run	augmented_multispecies	true			unresolved-family				not-run		occ: ~ (1 | ff_species); det: ~ uc1 + ec1 + (1 + uc1 + ec1 | ff_species)		unresolved	flocker	not-run		305	synthetic n=12; positive continuous predictors; integer groups; family-valid outcome	not-run
not-run		not-probed	not-run	not-run	not-run	stanblocks_plate			exact-metadata		not-run		not-run	portal_glm_re	true			unresolved-family				not-run		count ~ s(year_fac, bs = "re") - 1		unresolved	mvgam	not-run		306	synthetic n=12; positive continuous predictors; integer groups; family-valid outcome	not-run
not-run		not-probed	not-run	not-run	not-run	stanblocks_plate		poisson	inferred-family		not-run		not-run	portal_glm_re	true			route-specific				not-run		count ~ s(year_fac, bs = "re") - 1		inferred-from-name	mvgam	not-run		306	synthetic n=12; positive continuous predictors; integer groups; family-valid outcome	not-run
not-run		not-probed	not-run	not-run	not-run	stanblocks_plate			exact-metadata		not-run		not-run	portal_ar_ndvi	true			unresolved-family				not-run		obs: count ~ 1 | trend: ~ s(ndvi_ma12, k = 6) [AR()]		unresolved	mvgam	not-run		307	synthetic n=12; positive continuous predictors; integer groups; family-valid outcome	not-run
not-run		not-probed	not-run	not-run	not-run	stanblocks_plate		poisson	inferred-family		not-run		not-run	portal_ar_ndvi	true			route-specific				not-run		obs: count ~ 1 | trend: ~ s(ndvi_ma12, k = 6) [AR()]		inferred-from-name	mvgam	not-run		307	synthetic n=12; positive continuous predictors; integer groups; family-valid outcome	not-run
not-run		not-probed	not-run	not-run	not-run	stanblocks_plate			exact-metadata		not-run		not-run	portal_shared_trend	true			unresolved-family				not-run		obs: count ~ series - 1 | trend: ~ s(season, bs = "cc", k = 8) [AR()]		unresolved	mvgam	not-run		308	synthetic n=12; positive continuous predictors; integer groups; family-valid outcome	not-run
not-run		not-probed	not-run	not-run	not-run	stanblocks_plate			inferred-family		not-run		not-run	portal_shared_trend	true			unresolved-family				not-run		obs: count ~ series - 1 | trend: ~ s(season, bs = "cc", k = 8) [AR()]		unresolved	mvgam	not-run		308	synthetic n=12; positive continuous predictors; integer groups; family-valid outcome	not-run
not-run		not-probed	not-run	not-run	not-run	stanblocks_plate			exact-metadata		not-run		not-run	plankton_var	true			unresolved-family				not-run		obs: y ~ -1 | trend: ~ te(temp, month, k = c(4, 4)) + te(temp, month, k = c(4, 4), by = trend) - 1 [VAR(cor = TRUE)]		unresolved	mvgam	not-run		309	synthetic n=12; positive continuous predictors; integer groups; family-valid outcome	not-run
not-run		not-probed	not-run	not-run	not-run	stanblocks_plate		gaussian	inferred-family		not-run		not-run	plankton_var	true			route-specific				not-run		obs: y ~ -1 | trend: ~ te(temp, month, k = c(4, 4)) + te(temp, month, k = c(4, 4), by = trend) - 1 [VAR(cor = TRUE)]		inferred-from-name	mvgam	not-run		309	synthetic n=12; positive continuous predictors; integer groups; family-valid outcome	not-run
not-run		not-probed	not-run	not-run	not-run	stanblocks_plate			exact-metadata		not-run		not-run	salmon_beta_ar	true			unresolved-family				not-run		obs: survival ~ 1 | trend: ~ dynamic(CUI.apr, k = 25, scale = FALSE) - 1 [AR()]		unresolved	mvgam	not-run		310	synthetic n=12; positive continuous predictors; integer groups; family-valid outcome	not-run
not-run		not-probed	not-run	not-run	not-run	stanblocks_plate			inferred-family		not-run		not-run	salmon_beta_ar	true			unresolved-family				not-run		obs: survival ~ 1 | trend: ~ dynamic(CUI.apr, k = 25, scale = FALSE) - 1 [AR()]		unresolved	mvgam	not-run		310	synthetic n=12; positive continuous predictors; integer groups; family-valid outcome	not-run
not-run		not-probed	not-run	not-run	not-run	stanblocks_plate			exact-metadata		not-run		not-run	nmix_detection	true			unresolved-family				not-run		obs: y ~ s(det_cov, k = 4) + s(det_cov2, k = 4) | trend: ~ s(abund_cov, k = 4) + s(abund_fac, bs = "re") [nmix()]		unresolved	mvgam	not-run		311	synthetic n=12; positive continuous predictors; integer groups; family-valid outcome	not-run
not-run		not-probed	not-run	not-run	not-run	stanblocks_plate			inferred-family		not-run		not-run	nmix_detection	true			unresolved-family				not-run		obs: y ~ s(det_cov, k = 4) + s(det_cov2, k = 4) | trend: ~ s(abund_cov, k = 4) + s(abund_fac, bs = "re") [nmix()]		unresolved	mvgam	not-run		311	synthetic n=12; positive continuous predictors; integer groups; family-valid outcome	not-run
not-run		direct	pass	pass	pass	ordinary_brm	10700045c592d160a38026706e4100f7cc13aaf308d1da67b053c48a32bbb51b	gaussian	exact-metadata	2452f528381dcb8a	true	623	pass	sleepstudy_slope	true			ready	-8.317384082920588		1edfbb7abc19fd827115bbadf4019793a276980bcd69189649d239fdef65dca1	pass	6	Reaction ~ Days + (Days | Subject)		explicit	lme4	pass	loc ~ Days + (Days | Subject)\nlog(sigma) ~ 1\nReaction ~ Normal(loc, sigma)	312	synthetic n=12; positive continuous predictors; integer groups; family-valid outcome	pass
not-run		inherited-identical-probe	pass	pass	pass	ordinary_brm	10700045c592d160a38026706e4100f7cc13aaf308d1da67b053c48a32bbb51b	gaussian	inferred-family	2452f528381dcb8a	true	623	pass	sleepstudy_slope	true			ready	-8.317384082920588		1edfbb7abc19fd827115bbadf4019793a276980bcd69189649d239fdef65dca1	pass	6	Reaction ~ Days + (Days | Subject)		explicit	lme4	pass	loc ~ Days + (Days | Subject)\nlog(sigma) ~ 1\nReaction ~ Normal(loc, sigma)	312	synthetic n=12; positive continuous predictors; integer groups; family-valid outcome	pass
not-run		direct	pass	pass	pass	ordinary_brm	ced47d65c94052483ac0379c968ca5c5c8de131228fa40c12aecf2bcc064fd0d	gaussian	exact-metadata	e23bf57c4cab1c2a	true	625	pass	sleepstudy_uncorr	true			ready	-8.317384082920588		b38209d151d3f5aedf96e2a1ed406226958fdbdea63c726116e9e1e35b994b33	pass	6	Reaction ~ Days + (Days || Subject)		explicit	lme4	pass	loc ~ Days + (Days || Subject)\nlog(sigma) ~ 1\nReaction ~ Normal(loc, sigma)	313	synthetic n=12; positive continuous predictors; integer groups; family-valid outcome	pass
not-run		inherited-identical-probe	pass	pass	pass	ordinary_brm	ced47d65c94052483ac0379c968ca5c5c8de131228fa40c12aecf2bcc064fd0d	gaussian	inferred-family	e23bf57c4cab1c2a	true	625	pass	sleepstudy_uncorr	true			ready	-8.317384082920588		b38209d151d3f5aedf96e2a1ed406226958fdbdea63c726116e9e1e35b994b33	pass	6	Reaction ~ Days + (Days || Subject)		explicit	lme4	pass	loc ~ Days + (Days || Subject)\nlog(sigma) ~ 1\nReaction ~ Normal(loc, sigma)	313	synthetic n=12; positive continuous predictors; integer groups; family-valid outcome	pass
not-run		direct	pass	pass	pass	ordinary_brm	af911d285af8ae0f32cb4e093fed059ba6835f79fa3c21d7726a30d994ab6d82	gaussian	exact-metadata	2e57618ea27d703b	true	627	pass	dyestuff_re	true			ready	-8.47744637392999		797addf7481a8fc4dee4901d773cd11db24d4e81dc913e8b2281f53d0fb6c7b9	pass	6	Yield ~ 1 + (1 | Batch)		explicit	lme4	pass	loc ~ 1 + (1 | Batch)\nlog(sigma) ~ 1\nYield ~ Normal(loc, sigma)	314	synthetic n=12; positive continuous predictors; integer groups; family-valid outcome	pass
not-run		inherited-identical-probe	pass	pass	pass	ordinary_brm	af911d285af8ae0f32cb4e093fed059ba6835f79fa3c21d7726a30d994ab6d82	gaussian	inferred-family	2e57618ea27d703b	true	627	pass	dyestuff_re	true			ready	-8.47744637392999		797addf7481a8fc4dee4901d773cd11db24d4e81dc913e8b2281f53d0fb6c7b9	pass	6	Yield ~ 1 + (1 | Batch)		explicit	lme4	pass	loc ~ 1 + (1 | Batch)\nlog(sigma) ~ 1\nYield ~ Normal(loc, sigma)	314	synthetic n=12; positive continuous predictors; integer groups; family-valid outcome	pass
not-run		direct	pass	pass	pass	ordinary_brm	a2995e834297a856c8023d2b6b1d7794a6c4dcfd7e3ccaed2d97201f95d69d92	binomial	exact-metadata	fa16ba09e8368d26	true	629	pass	lme4_cbpp_glmm	true			ready	-66.54212933375474		a09d174bf05731c41de06ae135c9cdb5cfcf016224c1be0740b119099c795e2f	pass	5	cbind(incidence, size - incidence) ~ period + (1 | herd)		explicit	lme4	pass	log_odds ~ period + (1 | herd)\nincidence ~ BinomialLogit(incidence + size - incidence, log_odds)	315	synthetic n=12; positive continuous predictors; integer groups; family-valid outcome	pass
not-run		inherited-identical-probe	pass	pass	pass	ordinary_brm	a2995e834297a856c8023d2b6b1d7794a6c4dcfd7e3ccaed2d97201f95d69d92	binomial	inferred-family	fa16ba09e8368d26	true	629	pass	lme4_cbpp_glmm	true			ready	-66.54212933375474		a09d174bf05731c41de06ae135c9cdb5cfcf016224c1be0740b119099c795e2f	pass	5	cbind(incidence, size - incidence) ~ period + (1 | herd)		explicit	lme4	pass	log_odds ~ period + (1 | herd)\nincidence ~ BinomialLogit(incidence + size - incidence, log_odds)	315	synthetic n=12; positive continuous predictors; integer groups; family-valid outcome	pass
not-run		direct	pass	pass	pass	ordinary_brm	867bdd59c0cb7e32a81524b23e538360ea634a1b95bdb7702d3af8667d651a70	gaussian	exact-metadata	2d6a71b02ebf0946	true	631	pass	penicillin_crossed	true			ready	-8.47744637392999		bfc7e523b5254a4e21b87f537c99f918cd15970a0cd3a489af64b0b27f3c54f8	pass	10	diameter ~ 1 + (1 | plate) + (1 | sample)		explicit	lme4	pass	loc ~ 1 + (1 | plate) + (1 | sample)\nlog(sigma) ~ 1\ndiameter ~ Normal(loc, sigma)	316	synthetic n=12; positive continuous predictors; integer groups; family-valid outcome	pass
not-run		inherited-identical-probe	pass	pass	pass	ordinary_brm	867bdd59c0cb7e32a81524b23e538360ea634a1b95bdb7702d3af8667d651a70	gaussian	inferred-family	2d6a71b02ebf0946	true	631	pass	penicillin_crossed	true			ready	-8.47744637392999		bfc7e523b5254a4e21b87f537c99f918cd15970a0cd3a489af64b0b27f3c54f8	pass	10	diameter ~ 1 + (1 | plate) + (1 | sample)		explicit	lme4	pass	loc ~ 1 + (1 | plate) + (1 | sample)\nlog(sigma) ~ 1\ndiameter ~ Normal(loc, sigma)	316	synthetic n=12; positive continuous predictors; integer groups; family-valid outcome	pass
not-run		not-probed	not-run	not-run	not-run	ordinary_brm		gaussian	exact-metadata		not-run		not-run	pastes_nested	true			unsupported				not-run		strength ~ (1 | batch/cask)		explicit	lme4	not-run		317	synthetic n=12; positive continuous predictors; integer groups; family-valid outcome	not-run
not-run		not-probed	not-run	not-run	not-run	ordinary_brm		gaussian	inferred-family		not-run		not-run	pastes_nested	true			unsupported				not-run		strength ~ (1 | batch/cask)		explicit	lme4	not-run		317	synthetic n=12; positive continuous predictors; integer groups; family-valid outcome	not-run
not-run		not-probed	not-run	not-run	not-run	ordinary_brm		binomial	exact-metadata		not-run		not-run	verbagg_crossed	true			unsupported				not-run		r2 ~ Anger + Gender + btype + situ + (1 | id) + (1 | item)		explicit	lme4	not-run		318	synthetic n=12; positive continuous predictors; integer groups; family-valid outcome	not-run
not-run		not-probed	not-run	not-run	not-run	ordinary_brm		binomial	inferred-family		not-run		not-run	verbagg_crossed	true			unsupported				not-run		r2 ~ Anger + Gender + btype + situ + (1 | id) + (1 | item)		explicit	lme4	not-run		318	synthetic n=12; positive continuous predictors; integer groups; family-valid outcome	not-run
not-run		not-probed	not-run	not-run	not-run	ordinary_brm		binomial	exact-metadata		not-run		not-run	contraception_urban	true			unsupported				not-run		use ~ age + I(age^2) + livch + urban + (urban | district)		explicit	lme4	not-run		319	synthetic n=12; positive continuous predictors; integer groups; family-valid outcome	not-run
not-run		not-probed	not-run	not-run	not-run	ordinary_brm		binomial	inferred-family		not-run		not-run	contraception_urban	true			unsupported				not-run		use ~ age + I(age^2) + livch + urban + (urban | district)		explicit	lme4	not-run		319	synthetic n=12; positive continuous predictors; integer groups; family-valid outcome	not-run
not-run		inherited-identical-probe	pass	pass	pass	ordinary_brm	af911d285af8ae0f32cb4e093fed059ba6835f79fa3c21d7726a30d994ab6d82	gaussian	exact-metadata	2e57618ea27d703b	true	627	pass	dyestuff_re	true			ready	-8.47744637392999		797addf7481a8fc4dee4901d773cd11db24d4e81dc913e8b2281f53d0fb6c7b9	pass	6	Yield ~ 1 + (1 | Batch)		explicit	mixed_models_jl	pass	loc ~ 1 + (1 | Batch)\nlog(sigma) ~ 1\nYield ~ Normal(loc, sigma)	320	synthetic n=12; positive continuous predictors; integer groups; family-valid outcome	pass
not-run		inherited-identical-probe	pass	pass	pass	ordinary_brm	af911d285af8ae0f32cb4e093fed059ba6835f79fa3c21d7726a30d994ab6d82	gaussian	inferred-family	2e57618ea27d703b	true	627	pass	dyestuff_re	true			ready	-8.47744637392999		797addf7481a8fc4dee4901d773cd11db24d4e81dc913e8b2281f53d0fb6c7b9	pass	6	Yield ~ 1 + (1 | Batch)		explicit	mixed_models_jl	pass	loc ~ 1 + (1 | Batch)\nlog(sigma) ~ 1\nYield ~ Normal(loc, sigma)	320	synthetic n=12; positive continuous predictors; integer groups; family-valid outcome	pass
not-run		direct	pass	pass	pass	ordinary_brm	08d681a280f6f567fe72e25e32f3926851a28395552746a34194f0a4c51c8991	gaussian	exact-metadata	92b351bc82a93696	true	641	pass	sleepstudy_slope	true			ready	-8.817384082920588		7e307e49245e8472642f4d2d6c48e8a8535d796f750c3acccc6487abe5b1b358	pass	12	Reaction ~ 1 + Days + (1 + Days | Subject)		explicit	mixed_models_jl	pass	loc ~ 1 + Days + (1 + Days | Subject)\nlog(sigma) ~ 1\nReaction ~ Normal(loc, sigma)	321	synthetic n=12; positive continuous predictors; integer groups; family-valid outcome	pass
not-run		inherited-identical-probe	pass	pass	pass	ordinary_brm	08d681a280f6f567fe72e25e32f3926851a28395552746a34194f0a4c51c8991	gaussian	inferred-family	92b351bc82a93696	true	641	pass	sleepstudy_slope	true			ready	-8.817384082920588		7e307e49245e8472642f4d2d6c48e8a8535d796f750c3acccc6487abe5b1b358	pass	12	Reaction ~ 1 + Days + (1 + Days | Subject)		explicit	mixed_models_jl	pass	loc ~ 1 + Days + (1 + Days | Subject)\nlog(sigma) ~ 1\nReaction ~ Normal(loc, sigma)	321	synthetic n=12; positive continuous predictors; integer groups; family-valid outcome	pass
not-run		direct	pass	pass	pass	ordinary_brm	1834c17a8513f16c97026452853d2a98f0ca74c3b4f69909eb7c5e54179d1d4e	gaussian	exact-metadata	c2484e29f4372185	true	643	pass	sleepstudy_zerocorr	true			ready	-8.317384082920588		eb9838958973b83dc1220a75c415821278bb71ee8f574fe477b232e01c20c410	pass	11	Reaction ~ 1 + Days + zerocorr(1 + Days | Subject)		explicit	mixed_models_jl	pass	loc ~ 1 + Days + (1 + Days  || Subject)\nlog(sigma) ~ 1\nReaction ~ Normal(loc, sigma)	322	synthetic n=12; positive continuous predictors; integer groups; family-valid outcome	pass
not-run		inherited-identical-probe	pass	pass	pass	ordinary_brm	1834c17a8513f16c97026452853d2a98f0ca74c3b4f69909eb7c5e54179d1d4e	gaussian	inferred-family	c2484e29f4372185	true	643	pass	sleepstudy_zerocorr	true			ready	-8.317384082920588		eb9838958973b83dc1220a75c415821278bb71ee8f574fe477b232e01c20c410	pass	11	Reaction ~ 1 + Days + zerocorr(1 + Days | Subject)		explicit	mixed_models_jl	pass	loc ~ 1 + Days + (1 + Days  || Subject)\nlog(sigma) ~ 1\nReaction ~ Normal(loc, sigma)	322	synthetic n=12; positive continuous predictors; integer groups; family-valid outcome	pass
not-run		inherited-identical-probe	pass	pass	pass	ordinary_brm	867bdd59c0cb7e32a81524b23e538360ea634a1b95bdb7702d3af8667d651a70	gaussian	exact-metadata	2d6a71b02ebf0946	true	631	pass	penicillin_crossed	true			ready	-8.47744637392999		bfc7e523b5254a4e21b87f537c99f918cd15970a0cd3a489af64b0b27f3c54f8	pass	10	diameter ~ 1 + (1 | plate) + (1 | sample)		explicit	mixed_models_jl	pass	loc ~ 1 + (1 | plate) + (1 | sample)\nlog(sigma) ~ 1\ndiameter ~ Normal(loc, sigma)	323	synthetic n=12; positive continuous predictors; integer groups; family-valid outcome	pass
not-run		inherited-identical-probe	pass	pass	pass	ordinary_brm	867bdd59c0cb7e32a81524b23e538360ea634a1b95bdb7702d3af8667d651a70	gaussian	inferred-family	2d6a71b02ebf0946	true	631	pass	penicillin_crossed	true			ready	-8.47744637392999		bfc7e523b5254a4e21b87f537c99f918cd15970a0cd3a489af64b0b27f3c54f8	pass	10	diameter ~ 1 + (1 | plate) + (1 | sample)		explicit	mixed_models_jl	pass	loc ~ 1 + (1 | plate) + (1 | sample)\nlog(sigma) ~ 1\ndiameter ~ Normal(loc, sigma)	323	synthetic n=12; positive continuous predictors; integer groups; family-valid outcome	pass
not-run		not-probed	not-run	not-run	not-run	ordinary_brm		gaussian	exact-metadata		not-run		not-run	pastes_nested	true			unsupported				not-run		strength ~ 1 + (1 | batch/cask)		explicit	mixed_models_jl	not-run		324	synthetic n=12; positive continuous predictors; integer groups; family-valid outcome	not-run
not-run		not-probed	not-run	not-run	not-run	ordinary_brm		gaussian	inferred-family		not-run		not-run	pastes_nested	true			unsupported				not-run		strength ~ 1 + (1 | batch/cask)		explicit	mixed_models_jl	not-run		324	synthetic n=12; positive continuous predictors; integer groups; family-valid outcome	not-run
not-run		direct	pass	pass	pass	ordinary_brm	e14782de09b909385d745668fc23760031890435e40a6cbb75312217e04da787	bernoulli	exact-metadata	feb3223bcfd28635	true	649	pass	verbagg_crossed	true			ready	-8.317766166719343		8e6068bb1b0e93f146fcce63bfcd3d56c65ee2d4c9d6f156f3e21d15662ace9e	pass	13	r2 ~ 1 + Anger + Gender + btype + situ + (1 | id) + (1 | item)		explicit	mixed_models_jl	pass	log_odds ~ 1 + Anger + Gender + btype + situ + (1 | id) + (1 | item)\nr2 ~ BernoulliLogit(log_odds)	325	synthetic n=12; positive continuous predictors; integer groups; family-valid outcome	pass
not-run		inherited-identical-probe	pass	pass	pass	ordinary_brm	e14782de09b909385d745668fc23760031890435e40a6cbb75312217e04da787	bernoulli	inferred-family	feb3223bcfd28635	true	649	pass	verbagg_crossed	true			ready	-8.317766166719343		8e6068bb1b0e93f146fcce63bfcd3d56c65ee2d4c9d6f156f3e21d15662ace9e	pass	13	r2 ~ 1 + Anger + Gender + btype + situ + (1 | id) + (1 | item)		explicit	mixed_models_jl	pass	log_odds ~ 1 + Anger + Gender + btype + situ + (1 | id) + (1 | item)\nr2 ~ BernoulliLogit(log_odds)	325	synthetic n=12; positive continuous predictors; integer groups; family-valid outcome	pass
not-run		direct	pass	pass	pass	ordinary_brm	8ba5d2be59451ea09b192340ca447384c660ce3578f493521e2e3cc813d97244	bernoulli	exact-metadata	3b421411e7c75354	true	651	pass	contraception_glmm	true			ready	-8.317766166719343		ab84ee54a44442dbbac9e7ea8ea5af92d790cdf718733c02fd83ad9aa0e59080	pass	9	use ~ 1 + age + abs2(age) + livch + urban + (1 | district)		explicit	mixed_models_jl	pass	log_odds ~ 1 + age + abs2(age) + livch + urban + (1 | district)\nuse ~ BernoulliLogit(log_odds)	326	synthetic n=12; positive continuous predictors; integer groups; family-valid outcome	pass
not-run		inherited-identical-probe	pass	pass	pass	ordinary_brm	8ba5d2be59451ea09b192340ca447384c660ce3578f493521e2e3cc813d97244	bernoulli	inferred-family	3b421411e7c75354	true	651	pass	contraception_glmm	true			ready	-8.317766166719343		ab84ee54a44442dbbac9e7ea8ea5af92d790cdf718733c02fd83ad9aa0e59080	pass	9	use ~ 1 + age + abs2(age) + livch + urban + (1 | district)		explicit	mixed_models_jl	pass	log_odds ~ 1 + age + abs2(age) + livch + urban + (1 | district)\nuse ~ BernoulliLogit(log_odds)	326	synthetic n=12; positive continuous predictors; integer groups; family-valid outcome	pass
not-run		not-probed	not-run	not-run	not-run	ordinary_brm			exact-metadata		not-run		not-run	cement_lm	true			unresolved-family				not-run		y ~ x1 + x2 + x3 + x4		unresolved	inla	not-run		327	synthetic n=12; positive continuous predictors; integer groups; family-valid outcome	not-run
not-run		direct	pass	pass	pass	ordinary_brm	bf9c6c45902baa99d2d69481ef3c5360155a4bb0c5ef2b7aad667924530cb9f9	gaussian	inferred-family	10d1285306b0b750	true	654	pass	cement_lm	true			ready	-5.690109601815348		301e50f6651b51a7f7fdba95f61f6f74ecd0c73a1125c79d0124dd448aa4c095	pass	5	y ~ x1 + x2 + x3 + x4		inferred-from-name	inla	pass	loc ~ x1 + x2 + x3 + x4\nlog(sigma) ~ 1\ny ~ Normal(loc, sigma)	327	synthetic n=12; positive continuous predictors; integer groups; family-valid outcome	pass
not-run		not-probed	not-run	not-run	not-run	stanblocks_plate			exact-metadata		not-run		not-run	penicillin_iid	true			unresolved-family				not-run		diameter ~ 1 + sample + f(plate_id, model = 'iid')		unresolved	inla	not-run		328	synthetic n=12; positive continuous predictors; integer groups; family-valid outcome	not-run
not-run		not-probed	not-run	not-run	not-run	stanblocks_plate		gaussian	inferred-family		not-run		not-run	penicillin_iid	true			route-specific				not-run		diameter ~ 1 + sample + f(plate_id, model = 'iid')		inferred-from-name	inla	not-run		328	synthetic n=12; positive continuous predictors; integer groups; family-valid outcome	not-run
not-run		not-probed	not-run	not-run	not-run	stanblocks_plate			exact-metadata		not-run		not-run	sleepstudy_iid	true			unresolved-family				not-run		Reaction ~ 1 + Days + f(subject_id, model = 'iid')		unresolved	inla	not-run		329	synthetic n=12; positive continuous predictors; integer groups; family-valid outcome	not-run
not-run		not-probed	not-run	not-run	not-run	stanblocks_plate		gaussian	inferred-family		not-run		not-run	sleepstudy_iid	true			route-specific				not-run		Reaction ~ 1 + Days + f(subject_id, model = 'iid')		inferred-from-name	inla	not-run		329	synthetic n=12; positive continuous predictors; integer groups; family-valid outcome	not-run
not-run		not-probed	not-run	not-run	not-run	stanblocks_plate			exact-metadata		not-run		not-run	sleepstudy_slopes	true			unresolved-family				not-run		Reaction ~ 1 + f(subject_id, Days, model = 'iid')		unresolved	inla	not-run		330	synthetic n=12; positive continuous predictors; integer groups; family-valid outcome	not-run
not-run		not-probed	not-run	not-run	not-run	stanblocks_plate		gaussian	inferred-family		not-run		not-run	sleepstudy_slopes	true			route-specific				not-run		Reaction ~ 1 + f(subject_id, Days, model = 'iid')		inferred-from-name	inla	not-run		330	synthetic n=12; positive continuous predictors; integer groups; family-valid outcome	not-run
not-run		not-probed	not-run	not-run	not-run	stanblocks_plate			exact-metadata		not-run		not-run	airp_rw1	true			unresolved-family				not-run		log_y ~ 0 + f(t, model = 'rw1')		unresolved	inla	not-run		331	synthetic n=12; positive continuous predictors; integer groups; family-valid outcome	not-run
not-run		not-probed	not-run	not-run	not-run	stanblocks_plate			inferred-family		not-run		not-run	airp_rw1	true			unresolved-family				not-run		log_y ~ 0 + f(t, model = 'rw1')		unresolved	inla	not-run		331	synthetic n=12; positive continuous predictors; integer groups; family-valid outcome	not-run
not-run		not-probed	not-run	not-run	not-run	stanblocks_plate			exact-metadata		not-run		not-run	airp_rw2	true			unresolved-family				not-run		log_y ~ 0 + f(t, model = 'rw2')		unresolved	inla	not-run		332	synthetic n=12; positive continuous predictors; integer groups; family-valid outcome	not-run
not-run		not-probed	not-run	not-run	not-run	stanblocks_plate			inferred-family		not-run		not-run	airp_rw2	true			unresolved-family				not-run		log_y ~ 0 + f(t, model = 'rw2')		unresolved	inla	not-run		332	synthetic n=12; positive continuous predictors; integer groups; family-valid outcome	not-run
not-run		not-probed	not-run	not-run	not-run	stanblocks_plate			exact-metadata		not-run		not-run	airp_ar1	true			unresolved-family				not-run		log_y ~ 0 + f(t, model = 'ar1')		unresolved	inla	not-run		333	synthetic n=12; positive continuous predictors; integer groups; family-valid outcome	not-run
not-run		not-probed	not-run	not-run	not-run	stanblocks_plate			inferred-family		not-run		not-run	airp_ar1	true			unresolved-family				not-run		log_y ~ 0 + f(t, model = 'ar1')		unresolved	inla	not-run		333	synthetic n=12; positive continuous predictors; integer groups; family-valid outcome	not-run
not-run		not-probed	not-run	not-run	not-run	stanblocks_plate			exact-metadata		not-run		not-run	airp_seasonal	true			unresolved-family				not-run		log_y ~ 0 + f(t, model = 'seasonal', season.length = 12)		unresolved	inla	not-run		334	synthetic n=12; positive continuous predictors; integer groups; family-valid outcome	not-run
not-run		not-probed	not-run	not-run	not-run	stanblocks_plate			inferred-family		not-run		not-run	airp_seasonal	true			unresolved-family				not-run		log_y ~ 0 + f(t, model = 'seasonal', season.length = 12)		unresolved	inla	not-run		334	synthetic n=12; positive continuous predictors; integer groups; family-valid outcome	not-run
not-run		not-probed	not-run	not-run	not-run	ordinary_brm			exact-metadata		not-run		not-run	veteran_weibull	true			unresolved-family				not-run		inla.surv(time, status) ~ trt + celltype + karno + diagtime + age + prior		unresolved	inla	not-run		335	synthetic n=12; positive continuous predictors; integer groups; family-valid outcome	not-run
not-run		not-probed	not-run	not-run	not-run	ordinary_brm		weibull	inferred-family		not-run		not-run	veteran_weibull	true			unsupported				not-run		inla.surv(time, status) ~ trt + celltype + karno + diagtime + age + prior		inferred-from-name	inla	not-run		335	synthetic n=12; positive continuous predictors; integer groups; family-valid outcome	not-run
not-run		not-probed	not-run	not-run	not-run	stanblocks_plate			exact-metadata		not-run		not-run	lidar_rw2	true			unresolved-family				not-run		logratio ~ -1 + f(range, model = 'rw2', constr = FALSE)		unresolved	inla	not-run		336	synthetic n=12; positive continuous predictors; integer groups; family-valid outcome	not-run
not-run		not-probed	not-run	not-run	not-run	stanblocks_plate			inferred-family		not-run		not-run	lidar_rw2	true			unresolved-family				not-run		logratio ~ -1 + f(range, model = 'rw2', constr = FALSE)		unresolved	inla	not-run		336	synthetic n=12; positive continuous predictors; integer groups; family-valid outcome	not-run
not-run		not-probed	not-run	not-run	not-run	stanblocks_plate			exact-metadata		not-run		not-run	surg_binomial	true			unresolved-family				not-run		r ~ f(hospital, model = 'iid')		unresolved	inla	not-run		337	synthetic n=12; positive continuous predictors; integer groups; family-valid outcome	not-run
not-run		not-probed	not-run	not-run	not-run	stanblocks_plate			inferred-family		not-run		not-run	surg_binomial	true			unresolved-family				not-run		r ~ f(hospital, model = 'iid')		unresolved	inla	not-run		337	synthetic n=12; positive continuous predictors; integer groups; family-valid outcome	not-run
not-run		not-probed	not-run	not-run	not-run	stanblocks_plate			exact-metadata		not-run		not-run	boston_besag	true			unresolved-family				not-run		log(medv) ~ crim + zn + indus + chas + nox + rm + age + dis + rad + tax + ptratio + black + lstat + f(id, model = 'besag', graph = W)		unresolved	inla	not-run		338	synthetic n=12; positive continuous predictors; integer groups; family-valid outcome	not-run
not-run		not-probed	not-run	not-run	not-run	stanblocks_plate		gaussian	inferred-family		not-run		not-run	boston_besag	true			route-specific				not-run		log(medv) ~ crim + zn + indus + chas + nox + rm + age + dis + rad + tax + ptratio + black + lstat + f(id, model = 'besag', graph = W)		inferred-from-name	inla	not-run		338	synthetic n=12; positive continuous predictors; integer groups; family-valid outcome	not-run
not-run		not-probed	not-run	not-run	not-run	ordinary_brm			exact-metadata		not-run		not-run	plodia_iid	true			unresolved-family				not-run		fixed: PO ~ 1; random: ~FSfamily		unresolved	mcmcglmm	not-run		339	synthetic n=12; positive continuous predictors; integer groups; family-valid outcome	not-run
not-run		not-probed	not-run	not-run	not-run	ordinary_brm		gaussian	inferred-family		not-run		not-run	plodia_iid	true			unsupported				not-run		fixed: PO ~ 1; random: ~FSfamily		inferred-from-name	mcmcglmm	not-run		339	synthetic n=12; positive continuous predictors; integer groups; family-valid outcome	not-run
not-run		not-probed	not-run	not-run	not-run	ordinary_brm			exact-metadata		not-run		not-run	btdata_iid	true			unresolved-family				not-run		fixed: tarsus ~ sex + hatchdate; random: ~fosternest		unresolved	mcmcglmm	not-run		340	synthetic n=12; positive continuous predictors; integer groups; family-valid outcome	not-run
not-run		not-probed	not-run	not-run	not-run	ordinary_brm		gaussian	inferred-family		not-run		not-run	btdata_iid	true			unsupported				not-run		fixed: tarsus ~ sex + hatchdate; random: ~fosternest		inferred-from-name	mcmcglmm	not-run		340	synthetic n=12; positive continuous predictors; integer groups; family-valid outcome	not-run
not-run		not-probed	not-run	not-run	not-run	stanblocks_plate			exact-metadata		not-run		not-run	btdata_animal	true			unresolved-family				not-run		fixed: tarsus ~ sex + hatchdate; random: ~fosternest + animal		unresolved	mcmcglmm	not-run		341	synthetic n=12; positive continuous predictors; integer groups; family-valid outcome	not-run
not-run		not-probed	not-run	not-run	not-run	stanblocks_plate			inferred-family		not-run		not-run	btdata_animal	true			unresolved-family				not-run		fixed: tarsus ~ sex + hatchdate; random: ~fosternest + animal		unresolved	mcmcglmm	not-run		341	synthetic n=12; positive continuous predictors; integer groups; family-valid outcome	not-run
not-run		not-probed	not-run	not-run	not-run	ordinary_brm			exact-metadata		not-run		not-run	chickweight_rslope	true			unresolved-family				not-run		fixed: weight ~ Time + I(Time^2) + Diet:Time; random: ~us(1 + Time):Chick		unresolved	mcmcglmm	not-run		342	synthetic n=12; positive continuous predictors; integer groups; family-valid outcome	not-run
not-run		not-probed	not-run	not-run	not-run	ordinary_brm		gaussian	inferred-family		not-run		not-run	chickweight_rslope	true			unsupported				not-run		fixed: weight ~ Time + I(Time^2) + Diet:Time; random: ~us(1 + Time):Chick		inferred-from-name	mcmcglmm	not-run		342	synthetic n=12; positive continuous predictors; integer groups; family-valid outcome	not-run
not-run		not-probed	not-run	not-run	not-run	stanblocks_plate			exact-metadata		not-run		not-run	btdata_bivariate	true			unresolved-family				not-run		fixed: cbind(tarsus, back) ~ trait - 1 + trait:sex + trait:hatchdate; random: ~us(trait):fosternest + us(trait):animal; rcov: ~us(trait):units		unresolved	mcmcglmm	not-run		343	synthetic n=12; positive continuous predictors; integer groups; family-valid outcome	not-run
not-run		not-probed	not-run	not-run	not-run	stanblocks_plate		binomial	inferred-family		not-run		not-run	btdata_bivariate	true			route-specific				not-run		fixed: cbind(tarsus, back) ~ trait - 1 + trait:sex + trait:hatchdate; random: ~us(trait):fosternest + us(trait):animal; rcov: ~us(trait):units		inferred-from-response-syntax	mcmcglmm	not-run		343	synthetic n=12; positive continuous predictors; integer groups; family-valid outcome	not-run
not-run		not-probed	not-run	not-run	not-run	stanblocks_plate			exact-metadata		not-run		not-run	pbcseq_bivariate	true			unresolved-family				not-run		fixed: cbind(log_bili, ascites) ~ trait - 1 + trait:(age + sex); random: ~us(trait):id; rcov: ~us(trait):units		unresolved	mcmcglmm	not-run		344	synthetic n=12; positive continuous predictors; integer groups; family-valid outcome	not-run
not-run		not-probed	not-run	not-run	not-run	stanblocks_plate		binomial	inferred-family		not-run		not-run	pbcseq_bivariate	true			route-specific				not-run		fixed: cbind(log_bili, ascites) ~ trait - 1 + trait:(age + sex); random: ~us(trait):id; rcov: ~us(trait):units		inferred-from-response-syntax	mcmcglmm	not-run		344	synthetic n=12; positive continuous predictors; integer groups; family-valid outcome	not-run
not-run		not-probed	not-run	not-run	not-run	ordinary_brm			exact-metadata		not-run		not-run	sshorns_ordinal	true			unresolved-family				not-run		fixed: horn ~ sex; random: ~id		unresolved	mcmcglmm	not-run		345	synthetic n=12; positive continuous predictors; integer groups; family-valid outcome	not-run
not-run		not-probed	not-run	not-run	not-run	ordinary_brm		ordered_logistic	inferred-family		not-run		not-run	sshorns_ordinal	true			unsupported				not-run		fixed: horn ~ sex; random: ~id		inferred-from-name	mcmcglmm	not-run		345	synthetic n=12; positive continuous predictors; integer groups; family-valid outcome	not-run
not-run		not-probed	not-run	not-run	not-run	ordinary_brm			exact-metadata		not-run		not-run	owls_zip	true			unresolved-family				not-run		NCalls ~ (FT + ArrivalTime)*SexParent + offset(log_brood) + (1|Nest); zi: ~1		unresolved	glmmtmb	not-run		346	synthetic n=12; positive continuous predictors; integer groups; family-valid outcome	not-run
not-run		not-probed	not-run	not-run	not-run	ordinary_brm		poisson	inferred-family		not-run		not-run	owls_zip	true			unsupported				not-run		NCalls ~ (FT + ArrivalTime)*SexParent + offset(log_brood) + (1|Nest); zi: ~1		inferred-from-name	glmmtmb	not-run		346	synthetic n=12; positive continuous predictors; integer groups; family-valid outcome	not-run
not-run		not-probed	not-run	not-run	not-run	ordinary_brm			exact-metadata		not-run		not-run	owls_zinb2	true			unresolved-family				not-run		NCalls ~ (FT + ArrivalTime)*SexParent + offset(log_brood) + (1|Nest); zi: ~1		unresolved	glmmtmb	not-run		347	synthetic n=12; positive continuous predictors; integer groups; family-valid outcome	not-run
not-run		not-probed	not-run	not-run	not-run	ordinary_brm		negativebinomial	inferred-family		not-run		not-run	owls_zinb2	true			unsupported				not-run		NCalls ~ (FT + ArrivalTime)*SexParent + offset(log_brood) + (1|Nest); zi: ~1		inferred-from-name	glmmtmb	not-run		347	synthetic n=12; positive continuous predictors; integer groups; family-valid outcome	not-run
not-run		not-probed	not-run	not-run	not-run	ordinary_brm			exact-metadata		not-run		not-run	owls_zinb1	true			unresolved-family				not-run		NCalls ~ (FT + ArrivalTime)*SexParent + BroodSize + (1|Nest); zi: ~1		unresolved	glmmtmb	not-run		348	synthetic n=12; positive continuous predictors; integer groups; family-valid outcome	not-run
not-run		not-probed	not-run	not-run	not-run	ordinary_brm		negativebinomial	inferred-family		not-run		not-run	owls_zinb1	true			unsupported				not-run		NCalls ~ (FT + ArrivalTime)*SexParent + BroodSize + (1|Nest); zi: ~1		inferred-from-name	glmmtmb	not-run		348	synthetic n=12; positive continuous predictors; integer groups; family-valid outcome	not-run
not-run		not-probed	not-run	not-run	not-run	ordinary_brm			exact-metadata		not-run		not-run	owls_hurdle	true			unresolved-family				not-run		NCalls ~ (FT + ArrivalTime)*SexParent + BroodSize + (1|Nest); zi: ~.		unresolved	glmmtmb	not-run		349	synthetic n=12; positive continuous predictors; integer groups; family-valid outcome	not-run
not-run		not-probed	not-run	not-run	not-run	ordinary_brm		negativebinomial	inferred-family		not-run		not-run	owls_hurdle	true			unsupported				not-run		NCalls ~ (FT + ArrivalTime)*SexParent + BroodSize + (1|Nest); zi: ~.		inferred-from-name	glmmtmb	not-run		349	synthetic n=12; positive continuous predictors; integer groups; family-valid outcome	not-run
not-run		not-probed	not-run	not-run	not-run	ordinary_brm			exact-metadata		not-run		not-run	salamanders_zinb2	true			unresolved-family				not-run		count ~ spp + (1|site); zi: ~spp		unresolved	glmmtmb	not-run		350	synthetic n=12; positive continuous predictors; integer groups; family-valid outcome	not-run
not-run		not-probed	not-run	not-run	not-run	ordinary_brm		negativebinomial	inferred-family		not-run		not-run	salamanders_zinb2	true			unsupported				not-run		count ~ spp + (1|site); zi: ~spp		inferred-from-name	glmmtmb	not-run		350	synthetic n=12; positive continuous predictors; integer groups; family-valid outcome	not-run
not-run		not-probed	not-run	not-run	not-run	ordinary_brm			exact-metadata		not-run		not-run	salamanders_genpois	true			unresolved-family				not-run		count ~ spp + mined + (1|site); zi: ~spp + mined		unresolved	glmmtmb	not-run		351	synthetic n=12; positive continuous predictors; integer groups; family-valid outcome	not-run
not-run		not-probed	not-run	not-run	not-run	ordinary_brm		poisson	inferred-family		not-run		not-run	salamanders_genpois	true			unsupported				not-run		count ~ spp + mined + (1|site); zi: ~spp + mined		inferred-from-name	glmmtmb	not-run		351	synthetic n=12; positive continuous predictors; integer groups; family-valid outcome	not-run
not-run		not-probed	not-run	not-run	not-run	ordinary_brm			exact-metadata		not-run		not-run	beta_disp	true			unresolved-family				not-run		y ~ x; disp: ~x		unresolved	glmmtmb	not-run		352	synthetic n=12; positive continuous predictors; integer groups; family-valid outcome	not-run
not-run		not-probed	not-run	not-run	not-run	ordinary_brm		beta	inferred-family		not-run		not-run	beta_disp	true			unsupported				not-run		y ~ x; disp: ~x		inferred-from-name	glmmtmb	not-run		352	synthetic n=12; positive continuous predictors; integer groups; family-valid outcome	not-run
not-run		not-probed	not-run	not-run	not-run	stanblocks_plate			exact-metadata		not-run		not-run	ar1_covar	true			unresolved-family				not-run		y ~ ar1(times + 0 | group)		unresolved	glmmtmb	not-run		353	synthetic n=12; positive continuous predictors; integer groups; family-valid outcome	not-run
not-run		not-probed	not-run	not-run	not-run	stanblocks_plate			inferred-family		not-run		not-run	ar1_covar	true			unresolved-family				not-run		y ~ ar1(times + 0 | group)		unresolved	glmmtmb	not-run		353	synthetic n=12; positive continuous predictors; integer groups; family-valid outcome	not-run
not-run		not-probed	not-run	not-run	not-run	stanblocks_plate			exact-metadata		not-run		not-run	volcano_spatial	true			unresolved-family				not-run		z ~ 1 + exp(pos + 0 | group)		unresolved	glmmtmb	not-run		354	synthetic n=12; positive continuous predictors; integer groups; family-valid outcome	not-run
not-run		not-probed	not-run	not-run	not-run	stanblocks_plate			inferred-family		not-run		not-run	volcano_spatial	true			unresolved-family				not-run		z ~ 1 + exp(pos + 0 | group)		unresolved	glmmtmb	not-run		354	synthetic n=12; positive continuous predictors; integer groups; family-valid outcome	not-run
not-run		direct	pass	pass	pass	ordinary_brm	d566911aa868eb55c1ffb053b3945daafe9215cd9f7cb5be8715da7c540de715	poisson	exact-metadata	a00ee871dfdfb029	true	709	pass	dobson_poisson	true			ready	-12.0		0483e6b364a89a02c42f55014ae9c9863160c995753424a99e83181438dc6f12	pass	2	Counts ~ Outcome + Treatment		explicit	glm_jl	pass	log_rate ~ Outcome + Treatment\nCounts ~ Poisson(exp(log_rate))	355	synthetic n=12; positive continuous predictors; integer groups; family-valid outcome	pass
not-run		inherited-identical-probe	pass	pass	pass	ordinary_brm	d566911aa868eb55c1ffb053b3945daafe9215cd9f7cb5be8715da7c540de715	poisson	inferred-family	a00ee871dfdfb029	true	709	pass	dobson_poisson	true			ready	-12.0		0483e6b364a89a02c42f55014ae9c9863160c995753424a99e83181438dc6f12	pass	2	Counts ~ Outcome + Treatment		explicit	glm_jl	pass	log_rate ~ Outcome + Treatment\nCounts ~ Poisson(exp(log_rate))	355	synthetic n=12; positive continuous predictors; integer groups; family-valid outcome	pass
not-run		not-probed	not-run	not-run	not-run	ordinary_brm		negativebinomial	exact-metadata		not-run		not-run	quine_nb	true			unsupported				not-run		Days ~ Eth + Sex + Age + Lrn		explicit	glm_jl	not-run		356	synthetic n=12; positive continuous predictors; integer groups; family-valid outcome	not-run
not-run		not-probed	not-run	not-run	not-run	ordinary_brm		negativebinomial	inferred-family		not-run		not-run	quine_nb	true			unsupported				not-run		Days ~ Eth + Sex + Age + Lrn		explicit	glm_jl	not-run		356	synthetic n=12; positive continuous predictors; integer groups; family-valid outcome	not-run
not-run		direct	pass	pass	pass	ordinary_brm	e5e436866661a4ec93c4edd1db82ba3036d62cc1b73d535e4039ae47a13b7adf	poisson	exact-metadata	9882102699f34ca7	true	713	pass	quine_poisson	true			ready	-12.0		086445e455a33df3f0fc23a695a4ebe5bb9c5c227ae3ab3badec53d11579d536	pass	4	Days ~ Eth + Sex + Age + Lrn		explicit	glm_jl	pass	log_rate ~ Eth + Sex + Age + Lrn\nDays ~ Poisson(exp(log_rate))	357	synthetic n=12; positive continuous predictors; integer groups; family-valid outcome	pass
not-run		inherited-identical-probe	pass	pass	pass	ordinary_brm	e5e436866661a4ec93c4edd1db82ba3036d62cc1b73d535e4039ae47a13b7adf	poisson	inferred-family	9882102699f34ca7	true	713	pass	quine_poisson	true			ready	-12.0		086445e455a33df3f0fc23a695a4ebe5bb9c5c227ae3ab3badec53d11579d536	pass	4	Days ~ Eth + Sex + Age + Lrn		explicit	glm_jl	pass	log_rate ~ Eth + Sex + Age + Lrn\nDays ~ Poisson(exp(log_rate))	357	synthetic n=12; positive continuous predictors; integer groups; family-valid outcome	pass
not-run		direct	pass	pass	pass	ordinary_brm	954fc8535fb8540c62021ab015eafc4034b64696efb14e481a68910b6e5cfe5a	gaussian	exact-metadata	e731e0197d671976	true	715	pass	trees_lm	true			ready	-3.8069883206128132		64b9b2531fab9dee134ff0367630619eee96681815e6f05db658a457753112cf	pass	3	Volume ~ Height + Girth		explicit	glm_jl	pass	loc ~ Height + Girth\nlog(sigma) ~ 1\nVolume ~ Normal(loc, sigma)	358	synthetic n=12; positive continuous predictors; integer groups; family-valid outcome	pass
not-run		inherited-identical-probe	pass	pass	pass	ordinary_brm	954fc8535fb8540c62021ab015eafc4034b64696efb14e481a68910b6e5cfe5a	gaussian	inferred-family	e731e0197d671976	true	715	pass	trees_lm	true			ready	-3.8069883206128132		64b9b2531fab9dee134ff0367630619eee96681815e6f05db658a457753112cf	pass	3	Volume ~ Height + Girth		explicit	glm_jl	pass	loc ~ Height + Girth\nlog(sigma) ~ 1\nVolume ~ Normal(loc, sigma)	358	synthetic n=12; positive continuous predictors; integer groups; family-valid outcome	pass
not-run		not-probed	not-run	not-run	not-run	ordinary_brm		binomial	exact-metadata		not-run		not-run	pima_logistic	true			unsupported				not-run		type ~ npreg + glu + bp + bmi + ped + age		explicit	glm_jl	not-run		359	synthetic n=12; positive continuous predictors; integer groups; family-valid outcome	not-run
not-run		not-probed	not-run	not-run	not-run	ordinary_brm		binomial	inferred-family		not-run		not-run	pima_logistic	true			unsupported				not-run		type ~ npreg + glu + bp + bmi + ped + age		explicit	glm_jl	not-run		359	synthetic n=12; positive continuous predictors; integer groups; family-valid outcome	not-run
not-run		direct	pass	pass	pass	ordinary_brm	6655827d730104e43e54cb75c5f014f66709872d0d219d580fced92cb3813ddf	gaussian	exact-metadata	fa4d82f86fb6f5fe	true	719	pass	savings_ols	true			ready	-5.690109601815348		40009ed228ce07e0071b0f76ad3c4d7e3a3efbd6ebf190129968114592894360	pass	5	SR ~ Pop15 + Pop75 + DPI + DDPI		explicit	glm_jl	pass	loc ~ Pop15 + Pop75 + DPI + DDPI\nlog(sigma) ~ 1\nSR ~ Normal(loc, sigma)	360	synthetic n=12; positive continuous predictors; integer groups; family-valid outcome	pass
not-run		inherited-identical-probe	pass	pass	pass	ordinary_brm	6655827d730104e43e54cb75c5f014f66709872d0d219d580fced92cb3813ddf	gaussian	inferred-family	fa4d82f86fb6f5fe	true	719	pass	savings_ols	true			ready	-5.690109601815348		40009ed228ce07e0071b0f76ad3c4d7e3a3efbd6ebf190129968114592894360	pass	5	SR ~ Pop15 + Pop75 + DPI + DDPI		explicit	glm_jl	pass	loc ~ Pop15 + Pop75 + DPI + DDPI\nlog(sigma) ~ 1\nSR ~ Normal(loc, sigma)	360	synthetic n=12; positive continuous predictors; integer groups; family-valid outcome	pass
