row_key	recovered_family	evidence_class	evidence_strength	authoritative_surface	authoritative_revision	authoritative_path_anchor	retrieved_at_utc	http_status	explicit_evidence	semantic_evidence	dataset_evidence	negative_evidence	decision_rationale
brms:cbpp_beta_binomial	beta_binomial	explicit-family-recovery	high	https://github.com/paul-buerkner/brms; local git object for BayesianRegressionModels.jl frozen revision	brms c48ec5fd973e365ec1352f631887b9994380d0c0; BRM 05c3f465e7987e8d7caa7e214fedddd90415a922	brms:vignettes/brms_customfamilies.Rmd:196-201; BRM:scripts/examples/brms.jl:32-38; BRM:scripts/examples/brms.jl:32 @ 05c3f465e7987e8d7caa7e214fedddd90415a922	2026-07-28T23:01:07Z	200	The exact fit2 call passes family = beta_binomial2; the vignette defines this custom family and uses vint(size).	This is a beta-binomial count model with an overdispersion parameter phi, not an ordinary binomial inferred from trials.	Frozen loader URL returned HTTP 200: cbpp has 56 rows and columns rownames,herd,incidence,size,period; first record is herd=1, incidence=2, size=14, period=1.	No contradictory family evidence found; dataset is supporting evidence only.	Exact authoritative call and custom-family object recover beta_binomial2 directly.
brms:distreg_normal	gaussian	explicit-family-recovery	high	https://github.com/paul-buerkner/brms; local git object for BayesianRegressionModels.jl frozen revision	brms c48ec5fd973e365ec1352f631887b9994380d0c0; BRM 05c3f465e7987e8d7caa7e214fedddd90415a922	brms:vignettes/brms_distreg.Rmd:93-99; BRM:scripts/examples/brms.jl:102-107; BRM:scripts/examples/brms.jl:102 @ 05c3f465e7987e8d7caa7e214fedddd90415a922	2026-07-28T23:01:07Z	200	The exact authoritative brm call passes family = gaussian().	The distributional formula models mu and sigma of a normal response; smooth or group terms do not alter the family.	Frozen synthetic loader creates 100 rows with numeric symptom_post and group strings from {0,1}.	No contradictory family evidence found.	Family is an explicit argument on the exact authoritative call.
brms:distreg_gam	gaussian	explicit-family-recovery	high	https://github.com/paul-buerkner/brms; local git object for BayesianRegressionModels.jl frozen revision	brms c48ec5fd973e365ec1352f631887b9994380d0c0; BRM 05c3f465e7987e8d7caa7e214fedddd90415a922	brms:vignettes/brms_distreg.Rmd:236-247; BRM:scripts/examples/brms.jl:148-153; BRM:scripts/examples/brms.jl:148 @ 05c3f465e7987e8d7caa7e214fedddd90415a922	2026-07-28T23:01:07Z	200	The exact authoritative brm call passes family = gaussian().	The distributional formula models mu and sigma of a normal response; smooth or group terms do not alter the family.	Frozen synthetic loader creates 200 rows with numeric y,x0,x1,x2 and four-level string fac; y is generated with Gaussian randn noise and varying sigma.	No contradictory family evidence found.	Family is an explicit argument on the exact authoritative call.
brms:nhanes_imputed	gaussian	explicit-family-recovery	high	https://github.com/paul-buerkner/brms; CRAN mice package; local git object for BayesianRegressionModels.jl frozen revision	brms c48ec5fd973e365ec1352f631887b9994380d0c0; mice 3.19.0; BRM 05c3f465e7987e8d7caa7e214fedddd90415a922	brms:vignettes/brms_missings.Rmd:74-94; brms:R/brm_multiple.R:78; BRM:scripts/examples/brms.jl:176-181; BRM:scripts/examples/brms.jl:176 @ 05c3f465e7987e8d7caa7e214fedddd90415a922	2026-07-28T23:01:07Z	200	The exact call is brm_multiple(bmi ~ age*chl, data=imp, chains=2) and omits family; brms R/brm_multiple.R:78 declares brm_multiple(formula, data, family = gaussian()); the exact vignette call omits family.	Multiple imputation changes data handling, not the continuous-response likelihood.	Package-owned mice::nhanes is 25x4 with age,bmi,hyp,chl; first row is age=1 with bmi,hyp,chl missing; missing counts are 0,9,8,10.	Frozen Rdatasets URL https://vincentarelbundock.github.io/Rdatasets/csv/mice/nhanes.csv returned HTTP 404 and is absent at current Rdatasets revision; package data, not that broken loader, supplied schema support.	The exact call's documented family default explicitly recovers gaussian.
brms:nhanes_joint	gaussian	explicit-family-recovery	high	https://github.com/paul-buerkner/brms; CRAN mice package; local git object for BayesianRegressionModels.jl frozen revision	brms c48ec5fd973e365ec1352f631887b9994380d0c0; mice 3.19.0; BRM 05c3f465e7987e8d7caa7e214fedddd90415a922	brms:vignettes/brms_missings.Rmd:160-176; brms:R/brm.R:449; BRM:scripts/examples/brms.jl:192-197; BRM:scripts/examples/brms.jl:192 @ 05c3f465e7987e8d7caa7e214fedddd90415a922	2026-07-28T23:01:07Z	200	The exact bform is passed to brm(bform,data=nhanes) with no family; brms R/brm.R:449 declares brm(formula, data, family = gaussian()); this explicit API default is applied only where the cited exact brm call omits family.	Both continuous responses bmi and chl therefore use Gaussian submodels; mi() marks missing-value treatment and set_rescor(FALSE) controls residual correlation only.	mice::nhanes is 25x4 (age,bmi,hyp,chl), with bmi and chl numeric and 9 and 10 missing values respectively.	Frozen Rdatasets loader URL returned HTTP 404; no discrete-family evidence appears in the exact call.	Exact call plus explicit brm default recover Gaussian response families.
brms:nhanes_error	gaussian	defensible-semantic-inference	medium-high	https://github.com/paul-buerkner/brms; CRAN mice package; local git object for BayesianRegressionModels.jl frozen revision	brms c48ec5fd973e365ec1352f631887b9994380d0c0; mice 3.19.0; BRM 05c3f465e7987e8d7caa7e214fedddd90415a922	brms:vignettes/brms_missings.Rmd:206-224; brms:R/brm.R:449; BRM:scripts/examples/brms.jl:208-213; BRM:scripts/examples/brms.jl:208 @ 05c3f465e7987e8d7caa7e214fedddd90415a922	2026-07-28T23:01:07Z	200	The authoritative measurement-error analogue creates nhanes$se, uses bf(chl | mi(se) ~ age), and calls brm without family; brm's explicit default is gaussian().	Renaming the known-SE column from se to se_chl does not change the likelihood family, but the frozen row does not create se_chl, so family recovery is semantic rather than an exact-call recovery.	mice::nhanes is 25x4 and has no se or se_chl column; bmi and chl are numeric continuous variables.	The frozen loader URL is HTTP 404; the frozen loader never adds se_chl, while the source adds se via rexp. Thus the frozen card is not executable as written.	Gaussian is strongly supported by the exact authoritative analogue and API default, but source/data drift prevents classing the row as an exact recovery.
brms:income_mo	gaussian	explicit-family-recovery	high	https://github.com/paul-buerkner/brms; local git object for BayesianRegressionModels.jl frozen revision	brms c48ec5fd973e365ec1352f631887b9994380d0c0; BRM 05c3f465e7987e8d7caa7e214fedddd90415a922	brms:vignettes/brms_monotonic.Rmd:92; brms:R/brm.R:449; BRM:scripts/examples/brms.jl; BRM:scripts/examples/brms.jl:252 @ 05c3f465e7987e8d7caa7e214fedddd90415a922	2026-07-28T23:01:07Z	200	The exact brm call omits family; brms R/brm.R:449 declares brm(formula, data, family = gaussian()); this explicit API default is applied only where the cited exact brm call omits family.	mo(), factor coding, interactions, and group-level slopes change the predictor structure, not the response family.	Frozen synthetic loader makes 200 rows; ls is numeric and generated as income_num + 0.4*age + randn noise; income has four labels, income_num is 1-4, age and city are strings.	The frozen synthetic data differ in size/coding from the vignette's 100-row simulation, but both have continuous ls; no contradictory family evidence found.	The exact call and explicit brm API default recover gaussian.
brms:income_num	gaussian	explicit-family-recovery	high	https://github.com/paul-buerkner/brms; local git object for BayesianRegressionModels.jl frozen revision	brms c48ec5fd973e365ec1352f631887b9994380d0c0; BRM 05c3f465e7987e8d7caa7e214fedddd90415a922	brms:vignettes/brms_monotonic.Rmd:111-113; brms:R/brm.R:449; BRM:scripts/examples/brms.jl; BRM:scripts/examples/brms.jl:268 @ 05c3f465e7987e8d7caa7e214fedddd90415a922	2026-07-28T23:01:07Z	200	The exact brm call omits family; brms R/brm.R:449 declares brm(formula, data, family = gaussian()); this explicit API default is applied only where the cited exact brm call omits family.	mo(), factor coding, interactions, and group-level slopes change the predictor structure, not the response family.	Frozen synthetic loader makes 200 rows; ls is numeric and generated as income_num + 0.4*age + randn noise; income has four labels, income_num is 1-4, age and city are strings.	The frozen synthetic data differ in size/coding from the vignette's 100-row simulation, but both have continuous ls; no contradictory family evidence found.	The exact call and explicit brm API default recover gaussian.
brms:income_nominal	gaussian	explicit-family-recovery	high	https://github.com/paul-buerkner/brms; local git object for BayesianRegressionModels.jl frozen revision	brms c48ec5fd973e365ec1352f631887b9994380d0c0; BRM 05c3f465e7987e8d7caa7e214fedddd90415a922	brms:vignettes/brms_monotonic.Rmd:121-124; brms:R/brm.R:449; BRM:scripts/examples/brms.jl; BRM:scripts/examples/brms.jl:283 @ 05c3f465e7987e8d7caa7e214fedddd90415a922	2026-07-28T23:01:07Z	200	The exact brm call omits family; brms R/brm.R:449 declares brm(formula, data, family = gaussian()); this explicit API default is applied only where the cited exact brm call omits family.	mo(), factor coding, interactions, and group-level slopes change the predictor structure, not the response family.	Frozen synthetic loader makes 200 rows; ls is numeric and generated as income_num + 0.4*age + randn noise; income has four labels, income_num is 1-4, age and city are strings.	The frozen synthetic data differ in size/coding from the vignette's 100-row simulation, but both have continuous ls; no contradictory family evidence found.	The exact call and explicit brm API default recover gaussian.
brms:income_mo_age	gaussian	explicit-family-recovery	high	https://github.com/paul-buerkner/brms; local git object for BayesianRegressionModels.jl frozen revision	brms c48ec5fd973e365ec1352f631887b9994380d0c0; BRM 05c3f465e7987e8d7caa7e214fedddd90415a922	brms:vignettes/brms_monotonic.Rmd:198-200; brms:R/brm.R:449; BRM:scripts/examples/brms.jl; BRM:scripts/examples/brms.jl:298 @ 05c3f465e7987e8d7caa7e214fedddd90415a922	2026-07-28T23:01:07Z	200	The exact brm call omits family; brms R/brm.R:449 declares brm(formula, data, family = gaussian()); this explicit API default is applied only where the cited exact brm call omits family.	mo(), factor coding, interactions, and group-level slopes change the predictor structure, not the response family.	Frozen synthetic loader makes 200 rows; ls is numeric and generated as income_num + 0.4*age + randn noise; income has four labels, income_num is 1-4, age and city are strings.	The frozen synthetic data differ in size/coding from the vignette's 100-row simulation, but both have continuous ls; no contradictory family evidence found.	The exact call and explicit brm API default recover gaussian.
brms:income_mo_city	gaussian	explicit-family-recovery	high	https://github.com/paul-buerkner/brms; local git object for BayesianRegressionModels.jl frozen revision	brms c48ec5fd973e365ec1352f631887b9994380d0c0; BRM 05c3f465e7987e8d7caa7e214fedddd90415a922	brms:vignettes/brms_monotonic.Rmd:219-224; brms:R/brm.R:449; BRM:scripts/examples/brms.jl; BRM:scripts/examples/brms.jl:313 @ 05c3f465e7987e8d7caa7e214fedddd90415a922	2026-07-28T23:01:07Z	200	The exact brm call omits family; brms R/brm.R:449 declares brm(formula, data, family = gaussian()); this explicit API default is applied only where the cited exact brm call omits family.	mo(), factor coding, interactions, and group-level slopes change the predictor structure, not the response family.	Frozen synthetic loader makes 200 rows; ls is numeric and generated as income_num + 0.4*age + randn noise; income has four labels, income_num is 1-4, age and city are strings.	The frozen synthetic data differ in size/coding from the vignette's 100-row simulation, but both have continuous ls; no contradictory family evidence found.	The exact call and explicit brm API default recover gaussian.
brms:btdata_compact	multivariate_gaussian	explicit-family-recovery	high	https://github.com/paul-buerkner/brms; CRAN MCMCglmm package; local git object for BayesianRegressionModels.jl frozen revision	brms c48ec5fd973e365ec1352f631887b9994380d0c0; MCMCglmm 2.36; BRM 05c3f465e7987e8d7caa7e214fedddd90415a922	brms:vignettes/brms_multivariate.Rmd:47-57; brms:R/brm.R:449; BRM:scripts/examples/brms.jl:341-346; BRM:scripts/examples/brms.jl:341 @ 05c3f465e7987e8d7caa7e214fedddd90415a922	2026-07-28T23:01:07Z	200	The source calls the exact mvbind formula a multivariate normal model and brm omits family; brms R/brm.R:449 declares brm(formula, data, family = gaussian()); this explicit API default is applied only where the cited exact brm call omits family.	mvbind expands to two Gaussian response components and set_rescor(TRUE) estimates their residual correlation.	Package-owned BTdata is 828x7 with tarsus,back,animal,dam,fosternest,hatchdate,sex; first tarsus/back values are -1.89229718155107 and 1.14642115004672.	Frozen Rdatasets BTdata URL returned HTTP 404 and is absent from current Rdatasets; package object supplied schema support.	The exact authoritative model description plus explicit brm default recover Gaussian for both responses.
brms:btdata_explicit	multivariate_gaussian	defensible-semantic-inference	high	https://github.com/paul-buerkner/brms; CRAN MCMCglmm package; local git object for BayesianRegressionModels.jl frozen revision	brms c48ec5fd973e365ec1352f631887b9994380d0c0; MCMCglmm 2.36; BRM 05c3f465e7987e8d7caa7e214fedddd90415a922	brms:vignettes/brms_multivariate.Rmd:47-70; brms:R/brm.R:449; BRM:scripts/examples/brms.jl:357-362; BRM:scripts/examples/brms.jl:357 @ 05c3f465e7987e8d7caa7e214fedddd90415a922	2026-07-28T23:01:07Z	200	The source exact compact mvbind model is a multivariate normal model and uses brm's Gaussian default.	The frozen two-bf formula is the response-wise expansion of that compact model with the same predictors, grouping IDs, and residual correlation.	BTdata is 828x7 and both responses are numeric continuous measurements.	The exact expanded string is not the source call; it is an adaptation. Frozen Rdatasets URL is HTTP 404.	Semantic equivalence to the exact compact Gaussian model supports the two response-specific Gaussian families.
brms:btdata_spline	multivariate_skew_normal_gaussian	explicit-family-recovery	high	https://github.com/paul-buerkner/brms; CRAN MCMCglmm package; local git object for BayesianRegressionModels.jl frozen revision	brms c48ec5fd973e365ec1352f631887b9994380d0c0; historical brms e5000587444d2ae04acf071a55975d4218bd2ffe; MCMCglmm 2.36; BRM 05c3f465e7987e8d7caa7e214fedddd90415a922	brms:vignettes/brms_multivariate.Rmd:143-166 (current lines 150-166); historical same model at e5000587 lines 143-158; BRM:scripts/examples/brms.jl:373-378; BRM:scripts/examples/brms.jl:373 @ 05c3f465e7987e8d7caa7e214fedddd90415a922	2026-07-28T23:01:07Z	200	The source explicitly adds skew_normal() to bf_tarsus and gaussian() to bf_back; the frozen formula itself also explicitly places family=skew_normal() on tarsus.	This is a response-specific multivariate family. The family assignment survives predictor drift even though residual correlation is invalid once one component is non-Gaussian.	BTdata is 828x7; tarsus and back are continuous numeric responses.	Catalog formula materially drifts: it puts sex and s(hatchdate,k=5) in both responses and set_rescor(TRUE); source puts sex only in tarsus, spline only in back, and set_rescor(FALSE). Frozen Rdatasets URL is HTTP 404.	Families are explicit and concordant even though the overall formula is source-mismatched.
brms:nonlinear_exp	gaussian	explicit-family-recovery	high	https://github.com/paul-buerkner/brms; local git object for BayesianRegressionModels.jl frozen revision	brms c48ec5fd973e365ec1352f631887b9994380d0c0; BRM 05c3f465e7987e8d7caa7e214fedddd90415a922	brms:vignettes/brms_nonlinear.Rmd:81-86; brms:R/brm.R:449; BRM:scripts/examples/brms.jl; BRM:scripts/examples/brms.jl:434 @ 05c3f465e7987e8d7caa7e214fedddd90415a922	2026-07-28T23:01:07Z	200	The exact brm call omits family; brms R/brm.R:449 declares brm(formula, data, family = gaussian()); this explicit API default is applied only where the cited exact brm call omits family.	Nonlinear predictor syntax changes the mean function only; the comparison y~x uses the same explicit default.	Frozen synthetic loader produces 100 numeric x,y rows with y=2*exp(-x)+0.1*randn noise.	No contradictory family evidence found.	Exact authoritative call plus explicit API default recover gaussian.
brms:nonlinear_linear	gaussian	explicit-family-recovery	high	https://github.com/paul-buerkner/brms; local git object for BayesianRegressionModels.jl frozen revision	brms c48ec5fd973e365ec1352f631887b9994380d0c0; BRM 05c3f465e7987e8d7caa7e214fedddd90415a922	brms:vignettes/brms_nonlinear.Rmd:130-135; brms:R/brm.R:449; BRM:scripts/examples/brms.jl; BRM:scripts/examples/brms.jl:450 @ 05c3f465e7987e8d7caa7e214fedddd90415a922	2026-07-28T23:01:07Z	200	The exact brm call omits family; brms R/brm.R:449 declares brm(formula, data, family = gaussian()); this explicit API default is applied only where the cited exact brm call omits family.	Nonlinear predictor syntax changes the mean function only; the comparison y~x uses the same explicit default.	Frozen synthetic loader produces 100 numeric x,y rows with y=2*exp(-x)+0.1*randn noise.	No contradictory family evidence found.	Exact authoritative call plus explicit API default recover gaussian.
brms:phylo_simple_re	gaussian	explicit-family-recovery	high	https://github.com/paul-buerkner/brms; paul-buerkner data files; local git object for BayesianRegressionModels.jl frozen revision	brms c48ec5fd973e365ec1352f631887b9994380d0c0; BRM 05c3f465e7987e8d7caa7e214fedddd90415a922	brms:vignettes/brms_phylogenetics.Rmd:76-89; BRM:scripts/examples/brms.jl:532-537; BRM:scripts/examples/brms.jl:532 @ 05c3f465e7987e8d7caa7e214fedddd90415a922	2026-07-28T23:01:07Z	200	The exact model_simple call passes family = gaussian().	The covariance-aware group term changes random-effect covariance, not the response family.	data_simple.txt returned HTTP 200 after redirect and has 200 rows, columns phen,cofactor,phylo; first row is 107.06594552882,10.3095880549453,sp_1.	No contradictory family evidence found.	Family is explicit on the exact authoritative call.
brms:phylo_simple_resid	gaussian	defensible-semantic-inference	medium-high	https://github.com/paul-buerkner/brms; paul-buerkner data files; local git object for BayesianRegressionModels.jl frozen revision	brms c48ec5fd973e365ec1352f631887b9994380d0c0; historical brms a08037435ba185387519c52bf8e802e3a36a2331; BRM 05c3f465e7987e8d7caa7e214fedddd90415a922	brms:vignettes/brms_phylogenetics.Rmd:76-89,122-156; historical pre-formula-interface versions also explicitly pass gaussian; BRM:scripts/examples/brms.jl; BRM:scripts/examples/brms.jl:547 @ 05c3f465e7987e8d7caa7e214fedddd90415a922	2026-07-28T23:01:07Z	200	The authoritative simple and repeated phylogenetic calls explicitly pass family = gaussian().	The added ordinary phylo intercept would add non-phylogenetic species variation but does not change the continuous Gaussian response likelihood.	data_simple is 200x3; data_repeat is 1000x4 with phen,cofactor,species,phylo and first phen=107.419186680064.	No authoritative exact call was found for the catalog combination; source model_simple lacks +(1|phylo).	Gaussian is defensible from the explicit nearest authoritative model with the same response, but formula drift prevents exact-family-recovery classification.
brms:phylo_repeat_re	gaussian	defensible-semantic-inference	medium-high	https://github.com/paul-buerkner/brms; paul-buerkner data files; local git object for BayesianRegressionModels.jl frozen revision	brms c48ec5fd973e365ec1352f631887b9994380d0c0; historical brms a08037435ba185387519c52bf8e802e3a36a2331; BRM 05c3f465e7987e8d7caa7e214fedddd90415a922	brms:vignettes/brms_phylogenetics.Rmd:76-89,122-156; historical pre-formula-interface versions also explicitly pass gaussian; BRM:scripts/examples/brms.jl; BRM:scripts/examples/brms.jl:563 @ 05c3f465e7987e8d7caa7e214fedddd90415a922	2026-07-28T23:01:07Z	200	The authoritative simple and repeated phylogenetic calls explicitly pass family = gaussian().	Changing spec_mean_cf to raw cofactor changes the estimand, not the continuous Gaussian response likelihood.	data_simple is 200x3; data_repeat is 1000x4 with phen,cofactor,species,phylo and first phen=107.419186680064.	The source repeated model uses spec_mean_cf, not cofactor; exact catalog call was not found.	Gaussian is defensible from the explicit nearest authoritative model with the same response, but formula drift prevents exact-family-recovery classification.
brms:phylo_effect	gaussian	explicit-family-recovery	high	https://github.com/paul-buerkner/brms; paul-buerkner data files; local git object for BayesianRegressionModels.jl frozen revision	brms c48ec5fd973e365ec1352f631887b9994380d0c0; historical brms a08037435ba185387519c52bf8e802e3a36a2331; BRM 05c3f465e7987e8d7caa7e214fedddd90415a922	brms:vignettes/brms_phylogenetics.Rmd:230-246; BRM:scripts/examples/brms.jl:579-584; BRM:scripts/examples/brms.jl:579 @ 05c3f465e7987e8d7caa7e214fedddd90415a922	2026-07-28T23:01:07Z	200	The Fisher-z meta-analysis call explicitly passes family = gaussian().	se(...) supplies known sampling standard deviations and group effects model heterogeneity; neither replaces the Gaussian likelihood.	data_effect.txt returned HTTP 200 after redirect and has 200 rows with Zr,N,phylo; first row is Zr=0.289175491370156,N=13,phylo=sp_1.	Current source also adds +(1|obs), absent in the catalog, but family remains explicit Gaussian.	Explicit family on the authoritative Fisher-z call recovers gaussian despite a random-effect omission.
mcelreath:cherry_blossoms	gaussian	explicit-family-recovery	high	https://github.com/ASKurz/Statistical_Rethinking_with_brms_ggplot2_and_the_tidyverse_2_ed; https://github.com/rmcelreath/rethinking	df64d9cb8d50ac850ce24cb277e95ccb88fad0a8	04.qmd#L2271-L2319	2026-07-28T22:54:31Z	200	Historical BRM 05c3f465e7987e8d7caa7e214fedddd90415a922:scripts/examples/mcelreath.jl:178 returns 'doy ~ 1 + B' with no family. The book states day_in_year_i ~ Normal(mu_i,sigma) and the matching spline brm sets family = gaussian.	BRM doy and B correspond to book day_in_year and the spline basis; the likelihood statement is independent of the basis-column naming.	BRM loader is CSV.read(RETHINKING_URL*cherry_blossoms.csv), dropmissing(:doy). Upstream CSV schema is year,doy,temp,temp_upper,temp_lower; first rows are years 801 and 802 with doy/temp missing.	Searched historical BRM 05c3f465e7987e8d7caa7e214fedddd90415a922:scripts/examples/mcelreath.jl:178, the cited rethinking data surface, current upstream book code, and git history. The BRM row itself has blank family metadata and cites only data; no family was inferred from brms defaults, response names, titles, or dataset type.	The authoritative book/repository explicitly declares gaussian; dataset evidence only confirms the example identity and was not used as sole family evidence.
mcelreath:waffle_divorce_a	gaussian	explicit-family-recovery	high	https://github.com/ASKurz/Statistical_Rethinking_with_brms_ggplot2_and_the_tidyverse_2_ed; https://github.com/rmcelreath/rethinking	df64d9cb8d50ac850ce24cb277e95ccb88fad0a8	05.qmd#L151-L170	2026-07-28T22:54:31Z	200	Historical BRM 05c3f465e7987e8d7caa7e214fedddd90415a922:scripts/examples/mcelreath.jl:209 returns 'D ~ 1 + A' with no family. Matching age-at-marriage model states divorce_std_i ~ Normal(mu_i,sigma) and brm sets family = gaussian.	Historical BRM formula is 'D ~ 1 + A'. Authoritative formula/likelihood at 05.qmd#L151-L170 is the same model up to documented renaming, centering, or generated-column crosswalk.	BRM loader is CSV.read(RETHINKING_URL*WaffleDivorce.csv), then D/A/M are standardized. Upstream schema includes Location,MedianAgeMarriage,Marriage,Marriage SE,Divorce,Divorce SE and others; Alabama begins MedianAgeMarriage=25.3, Marriage=20.2, Divorce=12.7.	Searched historical BRM 05c3f465e7987e8d7caa7e214fedddd90415a922:scripts/examples/mcelreath.jl:209, the cited rethinking data surface, current upstream book code, and git history. The BRM row itself has blank family metadata and cites only data; no family was inferred from brms defaults, response names, titles, or dataset type.	The authoritative book/repository explicitly declares gaussian; dataset evidence only confirms the example identity and was not used as sole family evidence.
mcelreath:waffle_divorce_m	gaussian	explicit-family-recovery	high	https://github.com/ASKurz/Statistical_Rethinking_with_brms_ggplot2_and_the_tidyverse_2_ed; https://github.com/rmcelreath/rethinking	df64d9cb8d50ac850ce24cb277e95ccb88fad0a8	05.qmd#L248-L256	2026-07-28T22:54:31Z	200	Historical BRM 05c3f465e7987e8d7caa7e214fedddd90415a922:scripts/examples/mcelreath.jl:231 returns 'D ~ 1 + M' with no family. Matching marriage-rate model b5.2 explicitly sets family = gaussian.	Historical BRM formula is 'D ~ 1 + M'. Authoritative formula/likelihood at 05.qmd#L248-L256 is the same model up to documented renaming, centering, or generated-column crosswalk.	BRM loader is CSV.read(RETHINKING_URL*WaffleDivorce.csv), then D/A/M are standardized. Upstream schema includes Location,MedianAgeMarriage,Marriage,Marriage SE,Divorce,Divorce SE and others; Alabama begins MedianAgeMarriage=25.3, Marriage=20.2, Divorce=12.7.	Searched historical BRM 05c3f465e7987e8d7caa7e214fedddd90415a922:scripts/examples/mcelreath.jl:231, the cited rethinking data surface, current upstream book code, and git history. The BRM row itself has blank family metadata and cites only data; no family was inferred from brms defaults, response names, titles, or dataset type.	The authoritative book/repository explicitly declares gaussian; dataset evidence only confirms the example identity and was not used as sole family evidence.
mcelreath:waffle_divorce_am	gaussian	explicit-family-recovery	high	https://github.com/ASKurz/Statistical_Rethinking_with_brms_ggplot2_and_the_tidyverse_2_ed; https://github.com/rmcelreath/rethinking	df64d9cb8d50ac850ce24cb277e95ccb88fad0a8	05.qmd#L463-L482	2026-07-28T22:54:31Z	200	Historical BRM 05c3f465e7987e8d7caa7e214fedddd90415a922:scripts/examples/mcelreath.jl:253 returns 'D ~ 1 + M + A' with no family. Matching multiple regression states a Normal likelihood and explicitly sets family = gaussian.	Historical BRM formula is 'D ~ 1 + M + A'. Authoritative formula/likelihood at 05.qmd#L463-L482 is the same model up to documented renaming, centering, or generated-column crosswalk.	BRM loader is CSV.read(RETHINKING_URL*WaffleDivorce.csv), then D/A/M are standardized. Upstream schema includes Location,MedianAgeMarriage,Marriage,Marriage SE,Divorce,Divorce SE and others; Alabama begins MedianAgeMarriage=25.3, Marriage=20.2, Divorce=12.7.	Searched historical BRM 05c3f465e7987e8d7caa7e214fedddd90415a922:scripts/examples/mcelreath.jl:253, the cited rethinking data surface, current upstream book code, and git history. The BRM row itself has blank family metadata and cites only data; no family was inferred from brms defaults, response names, titles, or dataset type.	The authoritative book/repository explicitly declares gaussian; dataset evidence only confirms the example identity and was not used as sole family evidence.
mcelreath:waffle_divorce_mediator	gaussian	explicit-family-recovery	high	https://github.com/ASKurz/Statistical_Rethinking_with_brms_ggplot2_and_the_tidyverse_2_ed; https://github.com/rmcelreath/rethinking	df64d9cb8d50ac850ce24cb277e95ccb88fad0a8	05.qmd#L651-L659	2026-07-28T22:54:31Z	200	Historical BRM 05c3f465e7987e8d7caa7e214fedddd90415a922:scripts/examples/mcelreath.jl:275 returns 'M ~ 1 + A' with no family. Matching mediator regression m ~ 1 + a explicitly sets family = gaussian.	Historical BRM formula is 'M ~ 1 + A'. Authoritative formula/likelihood at 05.qmd#L651-L659 is the same model up to documented renaming, centering, or generated-column crosswalk.	BRM loader is CSV.read(RETHINKING_URL*WaffleDivorce.csv), then D/A/M are standardized. Upstream schema includes Location,MedianAgeMarriage,Marriage,Marriage SE,Divorce,Divorce SE and others; Alabama begins MedianAgeMarriage=25.3, Marriage=20.2, Divorce=12.7.	Searched historical BRM 05c3f465e7987e8d7caa7e214fedddd90415a922:scripts/examples/mcelreath.jl:275, the cited rethinking data surface, current upstream book code, and git history. The BRM row itself has blank family metadata and cites only data; no family was inferred from brms defaults, response names, titles, or dataset type.	The authoritative book/repository explicitly declares gaussian; dataset evidence only confirms the example identity and was not used as sole family evidence.
mcelreath:waffle_divorce_multivariate	multivariate_gaussian	explicit-family-recovery	high	https://github.com/ASKurz/Statistical_Rethinking_with_brms_ggplot2_and_the_tidyverse_2_ed; https://github.com/rmcelreath/rethinking	df64d9cb8d50ac850ce24cb277e95ccb88fad0a8	05.qmd#L1013-L1031	2026-07-28T22:54:31Z	200	Historical BRM 05c3f465e7987e8d7caa7e214fedddd90415a922:scripts/examples/mcelreath.jl:297 returns 'bf(D ~ 1 + M + A) + bf(M ~ 1 + A) + set_rescor(FALSE)' with no family. The book defines d_model and m_model, combines them with set_rescor(FALSE), and explicitly sets family = gaussian.	Historical BRM formula is 'bf(D ~ 1 + M + A) + bf(M ~ 1 + A) + set_rescor(FALSE)'. Authoritative formula/likelihood at 05.qmd#L1013-L1031 is the same model up to documented renaming, centering, or generated-column crosswalk.	BRM loader is CSV.read(RETHINKING_URL*WaffleDivorce.csv), then D/A/M are standardized. Upstream schema includes Location,MedianAgeMarriage,Marriage,Marriage SE,Divorce,Divorce SE and others; Alabama begins MedianAgeMarriage=25.3, Marriage=20.2, Divorce=12.7.	Searched historical BRM 05c3f465e7987e8d7caa7e214fedddd90415a922:scripts/examples/mcelreath.jl:297, the cited rethinking data surface, current upstream book code, and git history. The BRM row itself has blank family metadata and cites only data; no family was inferred from brms defaults, response names, titles, or dataset type.	Recover Gaussian for both response marginals, not a flattened univariate model: the authoritative fit is a bivariate causal model with separate residual scales and residual correlation fixed to zero.
mcelreath:waffle_divorce_meas_err	gaussian	explicit-family-recovery	high	https://github.com/ASKurz/Statistical_Rethinking_with_brms_ggplot2_and_the_tidyverse_2_ed; https://github.com/rmcelreath/rethinking	df64d9cb8d50ac850ce24cb277e95ccb88fad0a8	15.qmd#L306-L348	2026-07-28T22:54:31Z	200	Historical BRM 05c3f465e7987e8d7caa7e214fedddd90415a922:scripts/examples/mcelreath.jl:319 returns 'D_obs | mi(D_sd) ~ 1 + A + M' with no family. The book gives D_obs,i ~ Normal(D_true,i,D_SE,i) and D_true,i ~ Normal(mu_i,sigma), then fits D_obs | mi(D_sd) with family = gaussian.	Historical BRM formula is 'D_obs | mi(D_sd) ~ 1 + A + M'. Authoritative formula/likelihood at 15.qmd#L306-L348 is the same model up to documented renaming, centering, or generated-column crosswalk.	BRM starts from WaffleDivorce.csv but replaces its published Divorce SE with D_sd=0.1*abs(D)+0.01 and simulates D_obs using MersenneTwister(15). The authoritative chapter derives D_obs and D_sd from the observed Divorce and Divorce SE columns. Thus schema D_obs,D_sd,A,M matches while the BRM uncertainty values are synthetic drift.	Searched historical BRM 05c3f465e7987e8d7caa7e214fedddd90415a922:scripts/examples/mcelreath.jl:319, the cited rethinking data surface, current upstream book code, and git history. The BRM row itself has blank family metadata and cites only data; no family was inferred from brms defaults, response names, titles, or dataset type. The BRM response-error values are synthetic and do not reproduce the authoritative WaffleDivorce measurement-error inputs.	Recover the two Gaussian layers while retaining the known-SD measurement-error/latent-response semantics; this is not merely an ordinary Gaussian regression.
mcelreath:milk_neo	gaussian	explicit-family-recovery	high	https://github.com/ASKurz/Statistical_Rethinking_with_brms_ggplot2_and_the_tidyverse_2_ed; https://github.com/rmcelreath/rethinking	df64d9cb8d50ac850ce24cb277e95ccb88fad0a8	05.qmd#L1257-L1265;05.qmd#L1326-L1334	2026-07-28T22:54:31Z	200	Historical BRM 05c3f465e7987e8d7caa7e214fedddd90415a922:scripts/examples/mcelreath.jl:354 returns 'kcal_s ~ 1 + neo_s' with no family. Both draft and complete-case neocortex models explicitly set family = gaussian.	Historical BRM formula is 'kcal_s ~ 1 + neo_s'. Authoritative formula/likelihood at 05.qmd#L1257-L1265;05.qmd#L1326-L1334 is the same model up to documented renaming, centering, or generated-column crosswalk.	BRM loader is milk.csv and derives standardized kcal, neocortex and log-mass columns. Upstream has 29 rows and schema clade,species,kcal.per.g,perc.fat,perc.protein,perc.lactose,mass,neocortex.perc; first kcal/mass/neocortex values are 0.49,1.95,55.16.	Searched historical BRM 05c3f465e7987e8d7caa7e214fedddd90415a922:scripts/examples/mcelreath.jl:354, the cited rethinking data surface, current upstream book code, and git history. The BRM row itself has blank family metadata and cites only data; no family was inferred from brms defaults, response names, titles, or dataset type.	The authoritative book/repository explicitly declares gaussian; dataset evidence only confirms the example identity and was not used as sole family evidence.
mcelreath:milk_mass	gaussian	explicit-family-recovery	high	https://github.com/ASKurz/Statistical_Rethinking_with_brms_ggplot2_and_the_tidyverse_2_ed; https://github.com/rmcelreath/rethinking	df64d9cb8d50ac850ce24cb277e95ccb88fad0a8	05.qmd#L1449-L1457	2026-07-28T22:54:31Z	200	Historical BRM 05c3f465e7987e8d7caa7e214fedddd90415a922:scripts/examples/mcelreath.jl:381 returns 'kcal_s ~ 1 + logmass_s' with no family. Matching log-mass model explicitly sets family = gaussian.	Historical BRM formula is 'kcal_s ~ 1 + logmass_s'. Authoritative formula/likelihood at 05.qmd#L1449-L1457 is the same model up to documented renaming, centering, or generated-column crosswalk.	BRM loader is milk.csv and derives standardized kcal, neocortex and log-mass columns. Upstream has 29 rows and schema clade,species,kcal.per.g,perc.fat,perc.protein,perc.lactose,mass,neocortex.perc; first kcal/mass/neocortex values are 0.49,1.95,55.16.	Searched historical BRM 05c3f465e7987e8d7caa7e214fedddd90415a922:scripts/examples/mcelreath.jl:381, the cited rethinking data surface, current upstream book code, and git history. The BRM row itself has blank family metadata and cites only data; no family was inferred from brms defaults, response names, titles, or dataset type.	The authoritative book/repository explicitly declares gaussian; dataset evidence only confirms the example identity and was not used as sole family evidence.
mcelreath:milk_both	gaussian	explicit-family-recovery	high	https://github.com/ASKurz/Statistical_Rethinking_with_brms_ggplot2_and_the_tidyverse_2_ed; https://github.com/rmcelreath/rethinking	df64d9cb8d50ac850ce24cb277e95ccb88fad0a8	05.qmd#L1504-L1522	2026-07-28T22:54:31Z	200	Historical BRM 05c3f465e7987e8d7caa7e214fedddd90415a922:scripts/examples/mcelreath.jl:408 returns 'kcal_s ~ 1 + neo_s + logmass_s' with no family. The book states kcal.per.g_s_i ~ Normal(mu_i,sigma) and the matching two-predictor brm explicitly sets family = gaussian.	Historical BRM formula is 'kcal_s ~ 1 + neo_s + logmass_s'. Authoritative formula/likelihood at 05.qmd#L1504-L1522 is the same model up to documented renaming, centering, or generated-column crosswalk.	BRM loader is milk.csv and derives standardized kcal, neocortex and log-mass columns. Upstream has 29 rows and schema clade,species,kcal.per.g,perc.fat,perc.protein,perc.lactose,mass,neocortex.perc; first kcal/mass/neocortex values are 0.49,1.95,55.16.	Searched historical BRM 05c3f465e7987e8d7caa7e214fedddd90415a922:scripts/examples/mcelreath.jl:408, the cited rethinking data surface, current upstream book code, and git history. The BRM row itself has blank family metadata and cites only data; no family was inferred from brms defaults, response names, titles, or dataset type.	The authoritative book/repository explicitly declares gaussian; dataset evidence only confirms the example identity and was not used as sole family evidence.
mcelreath:milk_clade	gaussian	explicit-family-recovery	high	https://github.com/ASKurz/Statistical_Rethinking_with_brms_ggplot2_and_the_tidyverse_2_ed; https://github.com/rmcelreath/rethinking	df64d9cb8d50ac850ce24cb277e95ccb88fad0a8	05.qmd#L2054-L2069	2026-07-28T22:54:31Z	200	Historical BRM 05c3f465e7987e8d7caa7e214fedddd90415a922:scripts/examples/mcelreath.jl:435 returns 'kcal_s ~ 0 + clade' with no family. The clade index model states a Normal likelihood and explicitly sets family = gaussian.	Historical BRM formula is 'kcal_s ~ 0 + clade'. Authoritative formula/likelihood at 05.qmd#L2054-L2069 is the same model up to documented renaming, centering, or generated-column crosswalk.	BRM loader is milk.csv and derives standardized kcal, neocortex and log-mass columns. Upstream has 29 rows and schema clade,species,kcal.per.g,perc.fat,perc.protein,perc.lactose,mass,neocortex.perc; first kcal/mass/neocortex values are 0.49,1.95,55.16.	Searched historical BRM 05c3f465e7987e8d7caa7e214fedddd90415a922:scripts/examples/mcelreath.jl:435, the cited rethinking data surface, current upstream book code, and git history. The BRM row itself has blank family metadata and cites only data; no family was inferred from brms defaults, response names, titles, or dataset type.	The authoritative book/repository explicitly declares gaussian; dataset evidence only confirms the example identity and was not used as sole family evidence.
mcelreath:milk_mi	multivariate_gaussian	explicit-family-recovery	high	https://github.com/ASKurz/Statistical_Rethinking_with_brms_ggplot2_and_the_tidyverse_2_ed; https://github.com/rmcelreath/rethinking	df64d9cb8d50ac850ce24cb277e95ccb88fad0a8	15.qmd#L1234-L1271	2026-07-28T22:54:31Z	200	Historical BRM 05c3f465e7987e8d7caa7e214fedddd90415a922:scripts/examples/mcelreath.jl:462 returns 'bf(k ~ 1 + mi(b) + m) + bf(b | mi() ~ 1) + set_rescor(FALSE)' with no family. The book states K_i ~ Normal(mu_i,sigma) and B_i ~ Normal(nu,sigma_B), defines bf(k ~ 1 + mi(b) + m) plus bf(b | mi() ~ 1), sets rescor(FALSE), and passes family = gaussian.	Historical BRM formula is 'bf(k ~ 1 + mi(b) + m) + bf(b | mi() ~ 1) + set_rescor(FALSE)'. Authoritative formula/likelihood at 15.qmd#L1234-L1271 is the same model up to documented renaming, centering, or generated-column crosswalk.	BRM loader is milk.csv and derives standardized kcal, neocortex and log-mass columns. Upstream has 29 rows and schema clade,species,kcal.per.g,perc.fat,perc.protein,perc.lactose,mass,neocortex.perc; first kcal/mass/neocortex values are 0.49,1.95,55.16.	Searched historical BRM 05c3f465e7987e8d7caa7e214fedddd90415a922:scripts/examples/mcelreath.jl:462, the cited rethinking data surface, current upstream book code, and git history. The BRM row itself has blank family metadata and cites only data; no family was inferred from brms defaults, response names, titles, or dataset type.	Recover Gaussian for both modeled marginals while preserving the joint missing-data and fixed-zero residual-correlation structure.
mcelreath:plant_growth_baseline	gaussian	explicit-family-recovery	high	https://github.com/ASKurz/Statistical_Rethinking_with_brms_ggplot2_and_the_tidyverse_2_ed; https://github.com/rmcelreath/rethinking	df64d9cb8d50ac850ce24cb277e95ccb88fad0a8	06.qmd#L658-L673	2026-07-28T22:54:31Z	200	Historical BRM 05c3f465e7987e8d7caa7e214fedddd90415a922:scripts/examples/mcelreath.jl:514 returns 'h1 ~ 0 + h0' with no family. The baseline growth model states h1_i ~ Normal(mu_i,sigma) and explicitly sets family = gaussian.	Historical BRM formula is 'h1 ~ 0 + h0'. Authoritative formula/likelihood at 06.qmd#L658-L673 is the same model up to documented renaming, centering, or generated-column crosswalk.	BRM constructs 200 rows with MersenneTwister(6), schema h0,h1,treatment,fungus and h1=h0*(1.5-0.2*fungus+0.05*noise). The authoritative chapter also simulates h0,treatment,fungus,h1, but exact RNG/sample values drift; this supports the formula crosswalk only.	Searched historical BRM 05c3f465e7987e8d7caa7e214fedddd90415a922:scripts/examples/mcelreath.jl:514, the cited rethinking data surface, current upstream book code, and git history. The BRM row itself has blank family metadata and cites only data; no family was inferred from brms defaults, response names, titles, or dataset type.	The authoritative book/repository explicitly declares gaussian; dataset evidence only confirms the example identity and was not used as sole family evidence.
mcelreath:plant_growth_biased	gaussian	explicit-family-recovery	high	https://github.com/ASKurz/Statistical_Rethinking_with_brms_ggplot2_and_the_tidyverse_2_ed; https://github.com/rmcelreath/rethinking	df64d9cb8d50ac850ce24cb277e95ccb88fad0a8	06.qmd#L687-L718	2026-07-28T22:54:31Z	200	Historical BRM 05c3f465e7987e8d7caa7e214fedddd90415a922:scripts/examples/mcelreath.jl:530 returns 'bf(h1 ~ h0 * (a + t * treatment + f * fungus), a + t + f ~ 1, nl = TRUE)' with no family. The post-treatment nonlinear growth model states a Normal likelihood and explicitly sets family = gaussian.	Historical BRM formula is 'bf(h1 ~ h0 * (a + t * treatment + f * fungus), a + t + f ~ 1, nl = TRUE)'. Authoritative formula/likelihood at 06.qmd#L687-L718 is the same model up to documented renaming, centering, or generated-column crosswalk.	BRM constructs 200 rows with MersenneTwister(6), schema h0,h1,treatment,fungus and h1=h0*(1.5-0.2*fungus+0.05*noise). The authoritative chapter also simulates h0,treatment,fungus,h1, but exact RNG/sample values drift; this supports the formula crosswalk only.	Searched historical BRM 05c3f465e7987e8d7caa7e214fedddd90415a922:scripts/examples/mcelreath.jl:530, the cited rethinking data surface, current upstream book code, and git history. The BRM row itself has blank family metadata and cites only data; no family was inferred from brms defaults, response names, titles, or dataset type.	The authoritative book/repository explicitly declares gaussian; dataset evidence only confirms the example identity and was not used as sole family evidence.
mcelreath:plant_growth_causal	gaussian	explicit-family-recovery	high	https://github.com/ASKurz/Statistical_Rethinking_with_brms_ggplot2_and_the_tidyverse_2_ed; https://github.com/rmcelreath/rethinking	df64d9cb8d50ac850ce24cb277e95ccb88fad0a8	06.qmd#L744-L762	2026-07-28T22:54:31Z	200	Historical BRM 05c3f465e7987e8d7caa7e214fedddd90415a922:scripts/examples/mcelreath.jl:547 returns 'bf(h1 ~ h0 * (a + t * treatment), a + t ~ 1, nl = TRUE)' with no family. The causal nonlinear growth model states a Normal likelihood and explicitly sets family = gaussian.	Historical BRM formula is 'bf(h1 ~ h0 * (a + t * treatment), a + t ~ 1, nl = TRUE)'. Authoritative formula/likelihood at 06.qmd#L744-L762 is the same model up to documented renaming, centering, or generated-column crosswalk.	BRM constructs 200 rows with MersenneTwister(6), schema h0,h1,treatment,fungus and h1=h0*(1.5-0.2*fungus+0.05*noise). The authoritative chapter also simulates h0,treatment,fungus,h1, but exact RNG/sample values drift; this supports the formula crosswalk only.	Searched historical BRM 05c3f465e7987e8d7caa7e214fedddd90415a922:scripts/examples/mcelreath.jl:547, the cited rethinking data surface, current upstream book code, and git history. The BRM row itself has blank family metadata and cites only data; no family was inferred from brms defaults, response names, titles, or dataset type.	The authoritative book/repository explicitly declares gaussian; dataset evidence only confirms the example identity and was not used as sole family evidence.
mcelreath:happiness_collider	gaussian	explicit-family-recovery	high	https://github.com/ASKurz/Statistical_Rethinking_with_brms_ggplot2_and_the_tidyverse_2_ed; https://github.com/rmcelreath/rethinking	df64d9cb8d50ac850ce24cb277e95ccb88fad0a8	06.qmd#L1099-L1138	2026-07-28T22:54:31Z	200	Historical BRM 05c3f465e7987e8d7caa7e214fedddd90415a922:scripts/examples/mcelreath.jl:594 returns 'happiness ~ 0 + mid + a' with no family. The book states happiness_i ~ Normal(mu_i,sigma) and the collider model explicitly sets family = gaussian.	Historical BRM formula is 'happiness ~ 0 + mid + a'. Authoritative formula/likelihood at 06.qmd#L1099-L1138 is the same model up to documented renaming, centering, or generated-column crosswalk.	BRM constructs age,happiness,married then a=(age-18)/47 and mid=married+1 with MersenneTwister(6). Authoritative sim_happiness semantics use the same variables/collider setup, but BRM sample construction and values are not an exact copy.	Searched historical BRM 05c3f465e7987e8d7caa7e214fedddd90415a922:scripts/examples/mcelreath.jl:594, the cited rethinking data surface, current upstream book code, and git history. The BRM row itself has blank family metadata and cites only data; no family was inferred from brms defaults, response names, titles, or dataset type.	The authoritative book/repository explicitly declares gaussian; dataset evidence only confirms the example identity and was not used as sole family evidence.
mcelreath:happiness_causal	gaussian	explicit-family-recovery	high	https://github.com/ASKurz/Statistical_Rethinking_with_brms_ggplot2_and_the_tidyverse_2_ed; https://github.com/rmcelreath/rethinking	df64d9cb8d50ac850ce24cb277e95ccb88fad0a8	06.qmd#L1149-L1158	2026-07-28T22:54:31Z	200	Historical BRM 05c3f465e7987e8d7caa7e214fedddd90415a922:scripts/examples/mcelreath.jl:611 returns 'happiness ~ 0 + Intercept + a' with no family. The no-marriage-index causal model explicitly sets family = gaussian.	Historical BRM formula is 'happiness ~ 0 + Intercept + a'. Authoritative formula/likelihood at 06.qmd#L1149-L1158 is the same model up to documented renaming, centering, or generated-column crosswalk.	BRM constructs age,happiness,married then a=(age-18)/47 and mid=married+1 with MersenneTwister(6). Authoritative sim_happiness semantics use the same variables/collider setup, but BRM sample construction and values are not an exact copy.	Searched historical BRM 05c3f465e7987e8d7caa7e214fedddd90415a922:scripts/examples/mcelreath.jl:611, the cited rethinking data surface, current upstream book code, and git history. The BRM row itself has blank family metadata and cites only data; no family was inferred from brms defaults, response names, titles, or dataset type.	The authoritative book/repository explicitly declares gaussian; dataset evidence only confirms the example identity and was not used as sole family evidence.
mcelreath:rugged_pooled	gaussian	explicit-family-recovery	high	https://github.com/ASKurz/Statistical_Rethinking_with_brms_ggplot2_and_the_tidyverse_2_ed; https://github.com/rmcelreath/rethinking	13cf9f7c84a84a04de9225c7195e59f00ef4ccc9	08.Rmd#L195-L203	2026-07-28T22:54:31Z	200	Historical BRM 05c3f465e7987e8d7caa7e214fedddd90415a922:scripts/examples/mcelreath.jl:640 returns 'log_gdp_std ~ 1 + rugged_std_c' with no family. The pre-Quarto historical book revision contains the exact pooled formula and explicitly sets family = gaussian.	Historical BRM formula is 'log_gdp_std ~ 1 + rugged_std_c'. Authoritative formula/likelihood at 08.Rmd#L195-L203 is the same model up to documented renaming, centering, or generated-column crosswalk.	BRM loader is rugged.csv, drops missing rgdppc_2000, and derives log_gdp_std,rugged_std_c,cid. Upstream raw schema includes country,rugged,rgdppc_2000,cont_africa; Afghanistan begins rugged=2.518, rgdppc_2000=644.756, cont_africa=0.	Searched historical BRM 05c3f465e7987e8d7caa7e214fedddd90415a922:scripts/examples/mcelreath.jl:640, the cited rethinking data surface, current upstream book code, and git history. The BRM row itself has blank family metadata and cites only data; no family was inferred from brms defaults, response names, titles, or dataset type. Current 09.qmd skips this component fit and proceeds to a later nonlinear model; git history recovered the exact former surface.	The authoritative book/repository explicitly declares gaussian; dataset evidence only confirms the example identity and was not used as sole family evidence.
mcelreath:rugged_continent	gaussian	explicit-family-recovery	high	https://github.com/ASKurz/Statistical_Rethinking_with_brms_ggplot2_and_the_tidyverse_2_ed; https://github.com/rmcelreath/rethinking	13cf9f7c84a84a04de9225c7195e59f00ef4ccc9	08.Rmd#L334-L344	2026-07-28T22:54:31Z	200	Historical BRM 05c3f465e7987e8d7caa7e214fedddd90415a922:scripts/examples/mcelreath.jl:662 returns 'log_gdp_std ~ 0 + cid + rugged_std_c' with no family. The pre-Quarto historical book revision contains the exact continent-intercept formula and explicitly sets family = gaussian.	Historical BRM formula is 'log_gdp_std ~ 0 + cid + rugged_std_c'. Authoritative formula/likelihood at 08.Rmd#L334-L344 is the same model up to documented renaming, centering, or generated-column crosswalk.	BRM loader is rugged.csv, drops missing rgdppc_2000, and derives log_gdp_std,rugged_std_c,cid. Upstream raw schema includes country,rugged,rgdppc_2000,cont_africa; Afghanistan begins rugged=2.518, rgdppc_2000=644.756, cont_africa=0.	Searched historical BRM 05c3f465e7987e8d7caa7e214fedddd90415a922:scripts/examples/mcelreath.jl:662, the cited rethinking data surface, current upstream book code, and git history. The BRM row itself has blank family metadata and cites only data; no family was inferred from brms defaults, response names, titles, or dataset type. Current 09.qmd omits this intermediate component; git history recovered it.	The authoritative book/repository explicitly declares gaussian; dataset evidence only confirms the example identity and was not used as sole family evidence.
mcelreath:rugged_nl	gaussian	explicit-family-recovery	high	https://github.com/ASKurz/Statistical_Rethinking_with_brms_ggplot2_and_the_tidyverse_2_ed; https://github.com/rmcelreath/rethinking	13cf9f7c84a84a04de9225c7195e59f00ef4ccc9	08.Rmd#L468-L476	2026-07-28T22:54:31Z	200	Historical BRM 05c3f465e7987e8d7caa7e214fedddd90415a922:scripts/examples/mcelreath.jl:684 returns 'bf(log_gdp_std ~ 0 + a + b * rugged_std_c, a ~ 0 + cid, b ~ 0 + cid, nl = TRUE)' with no family. The historical book revision contains the exact nonlinear continent-specific intercept/slope formula and explicitly sets family = gaussian.	Historical BRM formula is 'bf(log_gdp_std ~ 0 + a + b * rugged_std_c, a ~ 0 + cid, b ~ 0 + cid, nl = TRUE)'. Authoritative formula/likelihood at 08.Rmd#L468-L476 is the same model up to documented renaming, centering, or generated-column crosswalk.	BRM loader is rugged.csv, drops missing rgdppc_2000, and derives log_gdp_std,rugged_std_c,cid. Upstream raw schema includes country,rugged,rgdppc_2000,cont_africa; Afghanistan begins rugged=2.518, rgdppc_2000=644.756, cont_africa=0.	Searched historical BRM 05c3f465e7987e8d7caa7e214fedddd90415a922:scripts/examples/mcelreath.jl:684, the cited rethinking data surface, current upstream book code, and git history. The BRM row itself has blank family metadata and cites only data; no family was inferred from brms defaults, response names, titles, or dataset type.	The authoritative book/repository explicitly declares gaussian; dataset evidence only confirms the example identity and was not used as sole family evidence.
mcelreath:tulips_additive	gaussian	explicit-family-recovery	high	https://github.com/ASKurz/Statistical_Rethinking_with_brms_ggplot2_and_the_tidyverse_2_ed; https://github.com/rmcelreath/rethinking	df64d9cb8d50ac850ce24cb277e95ccb88fad0a8	08.qmd#L778-L797	2026-07-28T22:54:31Z	200	Historical BRM 05c3f465e7987e8d7caa7e214fedddd90415a922:scripts/examples/mcelreath.jl:718 returns 'blooms_std ~ 1 + water_cent + shade_cent' with no family. The book states blooms_std_i ~ Normal(mu_i,sigma) and explicitly sets family = gaussian for the additive model.	Historical BRM formula is 'blooms_std ~ 1 + water_cent + shade_cent'. Authoritative formula/likelihood at 08.qmd#L778-L797 is the same model up to documented renaming, centering, or generated-column crosswalk.	BRM loader is tulips.csv and derives blooms/max(blooms), centered water and shade. Upstream schema is bed,water,shade,blooms; first rows are bed a, water 1, shade 1/2, blooms 0.	Searched historical BRM 05c3f465e7987e8d7caa7e214fedddd90415a922:scripts/examples/mcelreath.jl:718, the cited rethinking data surface, current upstream book code, and git history. The BRM row itself has blank family metadata and cites only data; no family was inferred from brms defaults, response names, titles, or dataset type.	The authoritative book/repository explicitly declares gaussian; dataset evidence only confirms the example identity and was not used as sole family evidence.
mcelreath:tulips_interaction	gaussian	explicit-family-recovery	high	https://github.com/ASKurz/Statistical_Rethinking_with_brms_ggplot2_and_the_tidyverse_2_ed; https://github.com/rmcelreath/rethinking	df64d9cb8d50ac850ce24cb277e95ccb88fad0a8	08.qmd#L838-L846	2026-07-28T22:54:31Z	200	Historical BRM 05c3f465e7987e8d7caa7e214fedddd90415a922:scripts/examples/mcelreath.jl:737 returns 'blooms_std ~ 1 + water_cent + shade_cent + water_cent:shade_cent' with no family. The exact interaction model explicitly sets family = gaussian.	Historical BRM formula is 'blooms_std ~ 1 + water_cent + shade_cent + water_cent:shade_cent'. Authoritative formula/likelihood at 08.qmd#L838-L846 is the same model up to documented renaming, centering, or generated-column crosswalk.	BRM loader is tulips.csv and derives blooms/max(blooms), centered water and shade. Upstream schema is bed,water,shade,blooms; first rows are bed a, water 1, shade 1/2, blooms 0.	Searched historical BRM 05c3f465e7987e8d7caa7e214fedddd90415a922:scripts/examples/mcelreath.jl:737, the cited rethinking data surface, current upstream book code, and git history. The BRM row itself has blank family metadata and cites only data; no family was inferred from brms defaults, response names, titles, or dataset type.	The authoritative book/repository explicitly declares gaussian; dataset evidence only confirms the example identity and was not used as sole family evidence.
mcelreath:ucbadmit_beta_binomial	beta_binomial	explicit-family-recovery	high	https://github.com/ASKurz/Statistical_Rethinking_with_brms_ggplot2_and_the_tidyverse_2_ed; https://github.com/rmcelreath/rethinking	df64d9cb8d50ac850ce24cb277e95ccb88fad0a8	12.qmd#L154-L217	2026-07-28T22:54:31Z	200	Historical BRM 05c3f465e7987e8d7caa7e214fedddd90415a922:scripts/examples/mcelreath.jl:929 returns 'admit | vint(applications) ~ 0 + gid' with no family. The book states admit_i ~ BetaBinomial(n_i,pbar_i,phi), defines beta_binomial2_lpmf via beta_binomial_lpmf, and fits the exact vint(applications) formula with family = beta_binomial2.	Historical BRM formula is 'admit | vint(applications) ~ 0 + gid'. Authoritative formula/likelihood at 12.qmd#L154-L217 is the same model up to documented renaming, centering, or generated-column crosswalk.	BRM loader is UCBadmit.csv. Upstream schema is row,dept,applicant.gender,admit,reject,applications; first data row is dept A male with 512 admits,313 rejects,825 applications. The extra row-number column is parsed from the CSV.	Searched historical BRM 05c3f465e7987e8d7caa7e214fedddd90415a922:scripts/examples/mcelreath.jl:929, the cited rethinking data surface, current upstream book code, and git history. The BRM row itself has blank family metadata and cites only data; no family was inferred from brms defaults, response names, titles, or dataset type.	The custom likelihood implementation and exact formula explicitly recover beta-binomial; vint(applications) alone was not treated as family evidence.
mcelreath:kline_contact	poisson	explicit-family-recovery	high	https://github.com/ASKurz/Statistical_Rethinking_with_brms_ggplot2_and_the_tidyverse_2_ed; https://github.com/rmcelreath/rethinking	df64d9cb8d50ac850ce24cb277e95ccb88fad0a8	11.qmd#L1351-L1377	2026-07-28T22:54:31Z	200	Historical BRM 05c3f465e7987e8d7caa7e214fedddd90415a922:scripts/examples/mcelreath.jl:988 returns 'bf(total_tools ~ a + b * log_pop_std, a + b ~ 0 + cid, nl = TRUE)' with no family. The matching contact-index nonlinear count model states y_i ~ Poisson(lambda_i) and explicitly sets family = poisson.	Historical BRM formula is 'bf(total_tools ~ a + b * log_pop_std, a + b ~ 0 + cid, nl = TRUE)'. Authoritative formula/likelihood at 11.qmd#L1351-L1377 is the same model up to documented renaming, centering, or generated-column crosswalk.	BRM loader is Kline.csv and derives log_pop_std and cid from contact. Upstream schema is culture,population,contact,total_tools,mean_TU; Malekula begins 1100,low,13,3.2 and Tikopia 1500,low,22,4.7.	Searched historical BRM 05c3f465e7987e8d7caa7e214fedddd90415a922:scripts/examples/mcelreath.jl:988, the cited rethinking data surface, current upstream book code, and git history. The BRM row itself has blank family metadata and cites only data; no family was inferred from brms defaults, response names, titles, or dataset type.	The authoritative book/repository explicitly declares poisson; dataset evidence only confirms the example identity and was not used as sole family evidence.
mcelreath:kline_power	poisson	explicit-family-recovery	high	https://github.com/ASKurz/Statistical_Rethinking_with_brms_ggplot2_and_the_tidyverse_2_ed; https://github.com/rmcelreath/rethinking	df64d9cb8d50ac850ce24cb277e95ccb88fad0a8	11.qmd#L1495-L1527	2026-07-28T22:54:31Z	200	Historical BRM 05c3f465e7987e8d7caa7e214fedddd90415a922:scripts/examples/mcelreath.jl:1007 returns 'bf(total_tools ~ exp(a) * population^b / g, a + b ~ 0 + cid, g ~ 1, nl = TRUE)' with no family. The exact power-law tools model states total_tools ~ Poisson(lambda_i) and explicitly sets family = poisson(link = identity).	Historical BRM formula is 'bf(total_tools ~ exp(a) * population^b / g, a + b ~ 0 + cid, g ~ 1, nl = TRUE)'. Authoritative formula/likelihood at 11.qmd#L1495-L1527 is the same model up to documented renaming, centering, or generated-column crosswalk.	BRM loader is Kline.csv and derives log_pop_std and cid from contact. Upstream schema is culture,population,contact,total_tools,mean_TU; Malekula begins 1100,low,13,3.2 and Tikopia 1500,low,22,4.7.	Searched historical BRM 05c3f465e7987e8d7caa7e214fedddd90415a922:scripts/examples/mcelreath.jl:1007, the cited rethinking data surface, current upstream book code, and git history. The BRM row itself has blank family metadata and cites only data; no family was inferred from brms defaults, response names, titles, or dataset type.	The authoritative book/repository explicitly declares poisson; dataset evidence only confirms the example identity and was not used as sole family evidence.
mcelreath:cafe	gaussian	explicit-family-recovery	high	https://github.com/ASKurz/Statistical_Rethinking_with_brms_ggplot2_and_the_tidyverse_2_ed; https://github.com/rmcelreath/rethinking	df64d9cb8d50ac850ce24cb277e95ccb88fad0a8	14.qmd#L200-L208;14.qmd#L304-L314	2026-07-28T22:54:31Z	200	Historical BRM 05c3f465e7987e8d7caa7e214fedddd90415a922:scripts/examples/mcelreath.jl:1202 returns 'wait ~ 1 + afternoon + (1 + afternoon | cafe)' with no family. The café model states wait_i ~ Normal(mu_i,sigma) and explicitly sets family = gaussian.	Historical BRM formula is 'wait ~ 1 + afternoon + (1 + afternoon | cafe)'. Authoritative formula/likelihood at 14.qmd#L200-L208;14.qmd#L304-L314 is the same model up to documented renaming, centering, or generated-column crosswalk.	BRM constructs cafe/afternoon/wait with MersenneTwister(14); the authoritative chapter simulates the same wait,afternoon,cafe structure. Exact generated values are not upstream data and were not used to infer family.	Searched historical BRM 05c3f465e7987e8d7caa7e214fedddd90415a922:scripts/examples/mcelreath.jl:1202, the cited rethinking data surface, current upstream book code, and git history. The BRM row itself has blank family metadata and cites only data; no family was inferred from brms defaults, response names, titles, or dataset type.	The authoritative book/repository explicitly declares gaussian; dataset evidence only confirms the example identity and was not used as sole family evidence.
mcelreath:primates301_phylo	gaussian	explicit-family-recovery	high	https://github.com/ASKurz/Statistical_Rethinking_with_brms_ggplot2_and_the_tidyverse_2_ed; https://github.com/rmcelreath/rethinking	df64d9cb8d50ac850ce24cb277e95ccb88fad0a8	14.qmd#L2101-L2109;14.qmd#L2218-L2233	2026-07-28T22:54:31Z	200	Historical BRM 05c3f465e7987e8d7caa7e214fedddd90415a922:scripts/examples/mcelreath.jl:1251 returns 'b ~ 1 + m + g + fcor(R)' with no family. The phylogenetic fcor(R) model explicitly sets family = gaussian.	Historical BRM formula is 'b ~ 1 + m + g + fcor(R)'. Authoritative formula/likelihood at 14.qmd#L2101-L2109;14.qmd#L2218-L2233 is the same model up to documented renaming, centering, or generated-column crosswalk.	BRM loader downloads Primates301.csv and standardizes log brain/body/group_size. Upstream schema begins name,genus,species,...,brain,body,group_size; Allenopithecus_nigroviridis has brain=58.02, body=4655, group_size=40.	Searched historical BRM 05c3f465e7987e8d7caa7e214fedddd90415a922:scripts/examples/mcelreath.jl:1251, the cited rethinking data surface, current upstream book code, and git history. The BRM row itself has blank family metadata and cites only data; no family was inferred from brms defaults, response names, titles, or dataset type.	Recover the Gaussian observation likelihood while retaining fcor(R) as a known phylogenetic covariance term; it is not a different response family.
mcelreath:panda_nuts	poisson	explicit-family-recovery	high	https://github.com/ASKurz/Statistical_Rethinking_with_brms_ggplot2_and_the_tidyverse_2_ed; https://github.com/rmcelreath/rethinking	df64d9cb8d50ac850ce24cb277e95ccb88fad0a8	16.qmd#L667-L680;16.qmd#L751-L765	2026-07-28T22:54:31Z	200	Historical BRM 05c3f465e7987e8d7caa7e214fedddd90415a922:scripts/examples/mcelreath.jl:1314 returns 'bf(n_panda ~ seconds * phi * (1 - exp(-k * age_s))^theta, phi + k + theta ~ 1, nl = TRUE)' with no family. The book states n_i ~ Poisson(lambda_i) and fits the exact nonlinear rate with family = poisson(link = identity).	Historical BRM formula is 'bf(n_panda ~ seconds * phi * (1 - exp(-k * age_s))^theta, phi + k + theta ~ 1, nl = TRUE)'. Authoritative formula/likelihood at 16.qmd#L667-L680;16.qmd#L751-L765 is the same model up to documented renaming, centering, or generated-column crosswalk.	BRM loader downloads Panda_nuts.csv, but its code assigns n_panda=d.success. The actual upstream schema is chimpanzee,age,sex,hammer,nuts_opened,seconds,help (first row chimpanzee 11, age 3, nuts_opened 0, seconds 61), so success does not exist. Authoritative book uses n from nuts_opened.	Searched historical BRM 05c3f465e7987e8d7caa7e214fedddd90415a922:scripts/examples/mcelreath.jl:1314, the cited rethinking data surface, current upstream book code, and git history. The BRM row itself has blank family metadata and cites only data; no family was inferred from brms defaults, response names, titles, or dataset type.	The authoritative book/repository explicitly declares poisson; dataset evidence only confirms the example identity and was not used as sole family evidence.
mcelreath:lynx_hare_ar	gaussian	explicit-family-recovery	high	https://github.com/ASKurz/Statistical_Rethinking_with_brms_ggplot2_and_the_tidyverse_2_ed; https://github.com/rmcelreath/rethinking	df64d9cb8d50ac850ce24cb277e95ccb88fad0a8	16.qmd#L1452-L1471	2026-07-28T22:54:31Z	200	Historical BRM 05c3f465e7987e8d7caa7e214fedddd90415a922:scripts/examples/mcelreath.jl:1345 returns 'Hare ~ 1 + ar(time = Year, p = 1)' with no family. The book states Hare_t ~ Normal(mu_t,sigma) and fits Hare ~ 1 + ar(time=Year,p=1) with family = gaussian.	Historical BRM formula is 'Hare ~ 1 + ar(time = Year, p = 1)'. Authoritative formula/likelihood at 16.qmd#L1452-L1471 is the same model up to documented renaming, centering, or generated-column crosswalk.	BRM loader is Lynx_Hare.csv and constructs Hare_1/Lynx_1 by one-row lag. Upstream schema is Year,Lynx,Hare; first rows are 1900,4,30 and 1901,6.1,47.2.	Searched historical BRM 05c3f465e7987e8d7caa7e214fedddd90415a922:scripts/examples/mcelreath.jl:1345, the cited rethinking data surface, current upstream book code, and git history. The BRM row itself has blank family metadata and cites only data; no family was inferred from brms defaults, response names, titles, or dataset type.	Recover Gaussian likelihood plus explicit AR(1) time dependence; the ar() term is correlation structure, not a distinct family.
mcelreath:lynx_hare_lag	gaussian	explicit-family-recovery	high	https://github.com/ASKurz/Statistical_Rethinking_with_brms_ggplot2_and_the_tidyverse_2_ed; https://github.com/rmcelreath/rethinking	df64d9cb8d50ac850ce24cb277e95ccb88fad0a8	16.qmd#L1497-L1506	2026-07-28T22:54:31Z	200	Historical BRM 05c3f465e7987e8d7caa7e214fedddd90415a922:scripts/examples/mcelreath.jl:1364 returns 'Hare ~ 1 + Hare_1' with no family. The exact lag-1 regression explicitly sets family = gaussian.	Historical BRM formula is 'Hare ~ 1 + Hare_1'. Authoritative formula/likelihood at 16.qmd#L1497-L1506 is the same model up to documented renaming, centering, or generated-column crosswalk.	BRM loader is Lynx_Hare.csv and constructs Hare_1/Lynx_1 by one-row lag. Upstream schema is Year,Lynx,Hare; first rows are 1900,4,30 and 1901,6.1,47.2.	Searched historical BRM 05c3f465e7987e8d7caa7e214fedddd90415a922:scripts/examples/mcelreath.jl:1364, the cited rethinking data surface, current upstream book code, and git history. The BRM row itself has blank family metadata and cites only data; no family was inferred from brms defaults, response names, titles, or dataset type.	The authoritative book/repository explicitly declares gaussian; dataset evidence only confirms the example identity and was not used as sole family evidence.
mcelreath:lynx_hare_mi	multivariate_gaussian	explicit-family-recovery	high	https://github.com/ASKurz/Statistical_Rethinking_with_brms_ggplot2_and_the_tidyverse_2_ed; https://github.com/rmcelreath/rethinking	df64d9cb8d50ac850ce24cb277e95ccb88fad0a8	16.qmd#L1514-L1526	2026-07-28T22:54:31Z	200	Historical BRM 05c3f465e7987e8d7caa7e214fedddd90415a922:scripts/examples/mcelreath.jl:1384 returns 'bf(Hare ~ 1 + mi(Hare_1)) + bf(Hare_1 | mi() ~ 1) + set_rescor(FALSE)' with no family. The exact two-formula missing-lag model explicitly sets family = gaussian and set_rescor(FALSE).	Historical BRM formula is 'bf(Hare ~ 1 + mi(Hare_1)) + bf(Hare_1 | mi() ~ 1) + set_rescor(FALSE)'. Authoritative formula/likelihood at 16.qmd#L1514-L1526 is the same model up to documented renaming, centering, or generated-column crosswalk.	BRM loader is Lynx_Hare.csv and constructs Hare_1/Lynx_1 by one-row lag. Upstream schema is Year,Lynx,Hare; first rows are 1900,4,30 and 1901,6.1,47.2.	Searched historical BRM 05c3f465e7987e8d7caa7e214fedddd90415a922:scripts/examples/mcelreath.jl:1384, the cited rethinking data surface, current upstream book code, and git history. The BRM row itself has blank family metadata and cites only data; no family was inferred from brms defaults, response names, titles, or dataset type.	Recover Gaussian for Hare and the modeled Hare_1 marginal while preserving latent missing-lag and fixed-zero residual-correlation structure.
mcelreath:lynx_hare_var	multivariate_lognormal	explicit-family-recovery	high	https://github.com/ASKurz/Statistical_Rethinking_with_brms_ggplot2_and_the_tidyverse_2_ed; https://github.com/rmcelreath/rethinking	df64d9cb8d50ac850ce24cb277e95ccb88fad0a8	16.qmd#L1582-L1609	2026-07-28T22:54:31Z	200	Historical BRM 05c3f465e7987e8d7caa7e214fedddd90415a922:scripts/examples/mcelreath.jl:1403 returns 'bf(Hare ~ 0 + Intercept + Hare_1 + Lynx_1) + bf(Lynx ~ 0 + Intercept + Lynx_1 + Hare_1) + set_rescor(FALSE)' with no family. The exact bivariate Hare/Lynx lag model explicitly sets family = lognormal and set_rescor(FALSE).	Historical BRM formula is 'bf(Hare ~ 0 + Intercept + Hare_1 + Lynx_1) + bf(Lynx ~ 0 + Intercept + Lynx_1 + Hare_1) + set_rescor(FALSE)'. Authoritative formula/likelihood at 16.qmd#L1582-L1609 is the same model up to documented renaming, centering, or generated-column crosswalk.	BRM loader is Lynx_Hare.csv and constructs Hare_1/Lynx_1 by one-row lag. Upstream schema is Year,Lynx,Hare; first rows are 1900,4,30 and 1901,6.1,47.2.	Searched historical BRM 05c3f465e7987e8d7caa7e214fedddd90415a922:scripts/examples/mcelreath.jl:1403, the cited rethinking data surface, current upstream book code, and git history. The BRM row itself has blank family metadata and cites only data; no family was inferred from brms defaults, response names, titles, or dataset type.	Recover lognormal for both positive response marginals while retaining the bivariate VAR(1) lag system and fixed-zero contemporaneous residual correlation.
mcelreath:mcelreath_btdata_intercept	multivariate_gaussian	explicit-family-recovery	high	https://github.com/ASKurz/Statistical_Rethinking_with_brms_ggplot2_and_the_tidyverse_2_ed; https://github.com/rmcelreath/rethinking	df64d9cb8d50ac850ce24cb277e95ccb88fad0a8	17.qmd#L152-L159	2026-07-28T22:54:31Z	200	Historical BRM 05c3f465e7987e8d7caa7e214fedddd90415a922:scripts/examples/mcelreath.jl:1437 returns 'mvbind(tarsus, back) ~ 1' with no family. The exact intercept-only mvbind(tarsus,back) model explicitly sets family = gaussian and set_rescor(TRUE).	Historical BRM formula is 'mvbind(tarsus, back) ~ 1'. Authoritative formula/likelihood at 17.qmd#L152-L159 is the same model up to documented renaming, centering, or generated-column crosswalk.	BRM loader is Rdatasets MCMCglmm/BTdata.csv; formulas use tarsus,back,sex,hatchdate,fosternest,dam. The authoritative book loads MCMCglmm::BTdata with those same fields; dataset supports identity of the example but not its family.	Searched historical BRM 05c3f465e7987e8d7caa7e214fedddd90415a922:scripts/examples/mcelreath.jl:1437, the cited rethinking data surface, current upstream book code, and git history. The BRM row itself has blank family metadata and cites only data; no family was inferred from brms defaults, response names, titles, or dataset type.	Recover Gaussian for both marginals and preserve the estimated residual correlation of the bivariate model.
mcelreath:mcelreath_btdata_full	multivariate_gaussian	explicit-family-recovery	high	https://github.com/ASKurz/Statistical_Rethinking_with_brms_ggplot2_and_the_tidyverse_2_ed; https://github.com/rmcelreath/rethinking	df64d9cb8d50ac850ce24cb277e95ccb88fad0a8	17.qmd#L47-L55	2026-07-28T22:54:31Z	200	Historical BRM 05c3f465e7987e8d7caa7e214fedddd90415a922:scripts/examples/mcelreath.jl:1454 returns 'mvbind(tarsus, back) ~ sex + hatchdate + (1 | p | fosternest) + (1 | q | dam)' with no family. The exact bivariate tarsus/back mixed model explicitly sets family = gaussian and set_rescor(TRUE).	Historical BRM formula is 'mvbind(tarsus, back) ~ sex + hatchdate + (1 | p | fosternest) + (1 | q | dam)'. Authoritative formula/likelihood at 17.qmd#L47-L55 is the same model up to documented renaming, centering, or generated-column crosswalk.	BRM loader is Rdatasets MCMCglmm/BTdata.csv; formulas use tarsus,back,sex,hatchdate,fosternest,dam. The authoritative book loads MCMCglmm::BTdata with those same fields; dataset supports identity of the example but not its family.	Searched historical BRM 05c3f465e7987e8d7caa7e214fedddd90415a922:scripts/examples/mcelreath.jl:1454, the cited rethinking data surface, current upstream book code, and git history. The BRM row itself has blank family metadata and cites only data; no family was inferred from brms defaults, response names, titles, or dataset type.	Recover Gaussian marginals, not an ordinary univariate family; mvbind supplies two responses with a residual correlation plus shared multilevel terms.
mcelreath:mcelreath_btdata_interaction	multivariate_gaussian	explicit-family-recovery	high	https://github.com/ASKurz/Statistical_Rethinking_with_brms_ggplot2_and_the_tidyverse_2_ed; https://github.com/rmcelreath/rethinking	df64d9cb8d50ac850ce24cb277e95ccb88fad0a8	17.qmd#L84-L93	2026-07-28T22:54:31Z	200	Historical BRM 05c3f465e7987e8d7caa7e214fedddd90415a922:scripts/examples/mcelreath.jl:1471 returns 'mvbind(tarsus, back) ~ sex * hatchdate + (1 | p | fosternest) + (1 | q | dam)' with no family. The exact sex-by-hatchdate bivariate model explicitly sets family = gaussian and set_rescor(TRUE).	Historical BRM formula is 'mvbind(tarsus, back) ~ sex * hatchdate + (1 | p | fosternest) + (1 | q | dam)'. Authoritative formula/likelihood at 17.qmd#L84-L93 is the same model up to documented renaming, centering, or generated-column crosswalk.	BRM loader is Rdatasets MCMCglmm/BTdata.csv; formulas use tarsus,back,sex,hatchdate,fosternest,dam. The authoritative book loads MCMCglmm::BTdata with those same fields; dataset supports identity of the example but not its family.	Searched historical BRM 05c3f465e7987e8d7caa7e214fedddd90415a922:scripts/examples/mcelreath.jl:1471, the cited rethinking data surface, current upstream book code, and git history. The BRM row itself has blank family metadata and cites only data; no family was inferred from brms defaults, response names, titles, or dataset type.	Recover Gaussian marginals while preserving bivariate residual correlation and shared fosternest/dam effects.
kruschke:z6n8z2n7	bernoulli	explicit-family-recovery	high	https://github.com/ASKurz/Doing-Bayesian-Data-Analysis-in-brms-and-the-tidyverse	f90517976b2f52cc9b63c7c5e151e85b1d677e63	08.qmd#L573-L584	2026-07-28T22:54:31Z	200	Historical BRM 05c3f465e7987e8d7caa7e214fedddd90415a922:scripts/examples/kruschke.jl:48 returns 'y ~ 0 + s' with no family. The exact y ~ 0 + s model explicitly sets family = bernoulli(identity).	Historical BRM formula is 'y ~ 0 + s'. Authoritative formula/likelihood at 08.qmd#L573-L584 is the same model up to documented renaming, centering, or generated-column crosswalk.	BRM loader reads data.R/z6N8z2N7.csv. Authoritative CSV schema is y,s; first observations are 1,Reginald and 0,Reginald, with the documented 6/8 and 2/7 successes.	Searched historical BRM 05c3f465e7987e8d7caa7e214fedddd90415a922:scripts/examples/kruschke.jl:48, current DBDA/brms book code, git history, and the cited loader/data surface. The BRM row has blank family metadata; no family was inferred from brms defaults, response names, titles, or data type.	The authoritative book/repository explicitly declares bernoulli; dataset evidence only confirms the example identity and was not used as sole family evidence.
kruschke:two_group_iq_baseline	gaussian	explicit-family-recovery	high	https://github.com/ASKurz/Doing-Bayesian-Data-Analysis-in-brms-and-the-tidyverse	f90517976b2f52cc9b63c7c5e151e85b1d677e63	16.qmd#L382-L390	2026-07-28T22:54:31Z	200	Historical BRM 05c3f465e7987e8d7caa7e214fedddd90415a922:scripts/examples/kruschke.jl:182 returns 'Score ~ 1' with no family. The exact Score ~ 1 baseline fit explicitly sets family = gaussian.	Historical BRM formula is 'Score ~ 1'. Authoritative formula/likelihood at 16.qmd#L382-L390 is the same model up to documented renaming, centering, or generated-column crosswalk.	BRM loader reads TwoGroupIQ.csv. Authoritative schema is Score,Group; first values are 102 and 107 in Smart Drug.	Searched historical BRM 05c3f465e7987e8d7caa7e214fedddd90415a922:scripts/examples/kruschke.jl:182, current DBDA/brms book code, git history, and the cited loader/data surface. The BRM row has blank family metadata; no family was inferred from brms defaults, response names, titles, or data type.	The authoritative book/repository explicitly declares gaussian; dataset evidence only confirms the example identity and was not used as sole family evidence.
kruschke:calcium		genuinely-indeterminate	high	https://github.com/ASKurz/Doing-Bayesian-Data-Analysis-in-brms-and-the-tidyverse	f90517976b2f52cc9b63c7c5e151e85b1d677e63	16.qmd#L655-L674	2026-07-28T22:54:31Z	200	Historical BRM 05c3f465e7987e8d7caa7e214fedddd90415a922:scripts/examples/kruschke.jl:229 returns 'decrease ~ 0 + treatment' with no family. Historical BRM returns decrease ~ 0 + treatment but declares no family. No authoritative DBDA model with that response/formula was found.	The BRM prose says Gaussian (or student-t for robustness), which names incompatible alternatives and is not a unique likelihood declaration.	BRM loader labels the four whitespace columns begin,end,decrease,treatment after skipto=2. The cited live calcium.dat.txt actually has eight numeric columns (first row 1,78,2,83,4,2.53,1.07,3) and the current book names them obsno,age,sex,alkphos,lab,cammol,phosmmol,age_group; there is no decrease or treatment column.	Searched the current DBDA repo, all git-history string matches for decrease/CalciumSupplement, and the JSE URL. Current 16.qmd only uses the calcium URL for a different elderly-serum-calcium dataset; no exact historical model code or unique family declaration was recovered. Dataset mismatch defeats the row crosswalk.	Genuinely indeterminate: neither the historical BRM nor a matching authoritative model supplies one likelihood, and the only family prose is explicitly ambiguous. Dataset contents cannot resolve it.
kruschke:income_famsize	student	explicit-family-recovery	high	https://github.com/ASKurz/Doing-Bayesian-Data-Analysis-in-brms-and-the-tidyverse	f90517976b2f52cc9b63c7c5e151e85b1d677e63	17.qmd#L1485-L1522	2026-07-28T22:54:31Z	200	Historical BRM 05c3f465e7987e8d7caa7e214fedddd90415a922:scripts/examples/kruschke.jl:333 returns 'median_income_z | se(se_z, sigma = TRUE) ~ 1 + family_size_z + I(family_size_z^2) + (1 + family_size_z + I(family_size_z^2) || State)' with no family. The exact formula is fit with family = student and response se(...,sigma=TRUE).	Historical BRM formula is 'median_income_z | se(se_z, sigma = TRUE) ~ 1 + family_size_z + I(family_size_z^2) + (1 + family_size_z + I(family_size_z^2) || State)'. Authoritative formula/likelihood at 17.qmd#L1485-L1522 is the same model up to documented renaming, centering, or generated-column crosswalk.	BRM loader reads IncomeFamszState3yr.csv and standardizes income/family size/SE. Authoritative schema after its comment line is FamilySize,State,MedianIncome,SampErr; first row is 2,Alabama,48177,581.	Searched historical BRM 05c3f465e7987e8d7caa7e214fedddd90415a922:scripts/examples/kruschke.jl:333, current DBDA/brms book code, git history, and the cited loader/data surface. The BRM row has blank family metadata; no family was inferred from brms defaults, response names, titles, or data type.	Recover Student-t observation likelihood while retaining known response SE, an additional residual sigma, and state-varying polynomial effects.
kruschke:guber1999_base	student	explicit-family-recovery	high	https://github.com/ASKurz/Doing-Bayesian-Data-Analysis-in-brms-and-the-tidyverse	f90517976b2f52cc9b63c7c5e151e85b1d677e63	18.qmd#L506-L536	2026-07-28T22:54:31Z	200	Historical BRM 05c3f465e7987e8d7caa7e214fedddd90415a922:scripts/examples/kruschke.jl:363 returns 'satt_z ~ 1 + spend_z + prcnt_take_z' with no family. The exact standardized multiple regression explicitly sets family = student.	Historical BRM formula is 'satt_z ~ 1 + spend_z + prcnt_take_z'. Authoritative formula/likelihood at 18.qmd#L506-L536 is the same model up to documented renaming, centering, or generated-column crosswalk.	BRM loader reads Guber1999data.csv and derives standardized SATT,Spend,PrcntTake plus complement/interaction. Authoritative schema is State,Spend,StuTeaRat,Salary,PrcntTake,SATV,SATM,SATT; Alabama begins 4.405,17.2,31.144,8,491,538,1029.	Searched historical BRM 05c3f465e7987e8d7caa7e214fedddd90415a922:scripts/examples/kruschke.jl:363, current DBDA/brms book code, git history, and the cited loader/data surface. The BRM row has blank family metadata; no family was inferred from brms defaults, response names, titles, or data type.	The authoritative book/repository explicitly declares student; dataset evidence only confirms the example identity and was not used as sole family evidence.
kruschke:guber1999_complement	student	explicit-family-recovery	high	https://github.com/ASKurz/Doing-Bayesian-Data-Analysis-in-brms-and-the-tidyverse	f90517976b2f52cc9b63c7c5e151e85b1d677e63	18.qmd#L894-L908	2026-07-28T22:54:31Z	200	Historical BRM 05c3f465e7987e8d7caa7e214fedddd90415a922:scripts/examples/kruschke.jl:390 returns 'satt_z ~ 0 + Intercept + spend_z + prcnt_take_z + prop_not_take_z' with no family. The exact complementary-predictor model explicitly sets family = student.	Historical BRM formula is 'satt_z ~ 0 + Intercept + spend_z + prcnt_take_z + prop_not_take_z'. Authoritative formula/likelihood at 18.qmd#L894-L908 is the same model up to documented renaming, centering, or generated-column crosswalk.	BRM loader reads Guber1999data.csv and derives standardized SATT,Spend,PrcntTake plus complement/interaction. Authoritative schema is State,Spend,StuTeaRat,Salary,PrcntTake,SATV,SATM,SATT; Alabama begins 4.405,17.2,31.144,8,491,538,1029.	Searched historical BRM 05c3f465e7987e8d7caa7e214fedddd90415a922:scripts/examples/kruschke.jl:390, current DBDA/brms book code, git history, and the cited loader/data surface. The BRM row has blank family metadata; no family was inferred from brms defaults, response names, titles, or data type.	The authoritative book/repository explicitly declares student; dataset evidence only confirms the example identity and was not used as sole family evidence.
kruschke:guber1999_interaction	student	explicit-family-recovery	high	https://github.com/ASKurz/Doing-Bayesian-Data-Analysis-in-brms-and-the-tidyverse	f90517976b2f52cc9b63c7c5e151e85b1d677e63	18.qmd#L1261-L1275	2026-07-28T22:54:31Z	200	Historical BRM 05c3f465e7987e8d7caa7e214fedddd90415a922:scripts/examples/kruschke.jl:417 returns 'satt_z ~ 1 + spend_z + prcnt_take_z + interaction_z' with no family. The exact interaction model explicitly sets family = student.	Historical BRM formula is 'satt_z ~ 1 + spend_z + prcnt_take_z + interaction_z'. Authoritative formula/likelihood at 18.qmd#L1261-L1275 is the same model up to documented renaming, centering, or generated-column crosswalk.	BRM loader reads Guber1999data.csv and derives standardized SATT,Spend,PrcntTake plus complement/interaction. Authoritative schema is State,Spend,StuTeaRat,Salary,PrcntTake,SATV,SATM,SATT; Alabama begins 4.405,17.2,31.144,8,491,538,1029.	Searched historical BRM 05c3f465e7987e8d7caa7e214fedddd90415a922:scripts/examples/kruschke.jl:417, current DBDA/brms book code, git history, and the cited loader/data surface. The BRM row has blank family metadata; no family was inferred from brms defaults, response names, titles, or data type.	The authoritative book/repository explicitly declares student; dataset evidence only confirms the example identity and was not used as sole family evidence.
kruschke:fruitfly_pooled	gaussian	explicit-family-recovery	high	https://github.com/ASKurz/Doing-Bayesian-Data-Analysis-in-brms-and-the-tidyverse	f90517976b2f52cc9b63c7c5e151e85b1d677e63	19.qmd#L813-L825	2026-07-28T22:54:31Z	200	Historical BRM 05c3f465e7987e8d7caa7e214fedddd90415a922:scripts/examples/kruschke.jl:472 returns 'Longevity ~ 1' with no family. The exact Longevity ~ 1 comparison model explicitly sets family = gaussian.	Historical BRM formula is 'Longevity ~ 1'. Authoritative formula/likelihood at 19.qmd#L813-L825 is the same model up to documented renaming, centering, or generated-column crosswalk.	BRM loader reads FruitflyDataReduced.csv and centers Thorax. Authoritative schema is Longevity,CompanionNumber,Thorax; first rows are 35,Pregnant8,0.64 and 37,Pregnant8,0.68.	Searched historical BRM 05c3f465e7987e8d7caa7e214fedddd90415a922:scripts/examples/kruschke.jl:472, current DBDA/brms book code, git history, and the cited loader/data surface. The BRM row has blank family metadata; no family was inferred from brms defaults, response names, titles, or data type.	The authoritative book/repository explicitly declares gaussian; dataset evidence only confirms the example identity and was not used as sole family evidence.
kruschke:fruitfly_ancova	gaussian	explicit-family-recovery	high	https://github.com/ASKurz/Doing-Bayesian-Data-Analysis-in-brms-and-the-tidyverse	f90517976b2f52cc9b63c7c5e151e85b1d677e63	19.qmd#L1632-L1649	2026-07-28T22:54:31Z	200	Historical BRM 05c3f465e7987e8d7caa7e214fedddd90415a922:scripts/examples/kruschke.jl:506 returns 'Longevity ~ 1 + thorax_c + (1 | CompanionNumber)' with no family. The exact common-thorax-slope hierarchical ANCOVA explicitly sets family = gaussian.	Historical BRM formula is 'Longevity ~ 1 + thorax_c + (1 | CompanionNumber)'. Authoritative formula/likelihood at 19.qmd#L1632-L1649 is the same model up to documented renaming, centering, or generated-column crosswalk.	BRM loader reads FruitflyDataReduced.csv and centers Thorax. Authoritative schema is Longevity,CompanionNumber,Thorax; first rows are 35,Pregnant8,0.64 and 37,Pregnant8,0.68.	Searched historical BRM 05c3f465e7987e8d7caa7e214fedddd90415a922:scripts/examples/kruschke.jl:506, current DBDA/brms book code, git history, and the cited loader/data surface. The BRM row has blank family metadata; no family was inferred from brms defaults, response names, titles, or data type.	The authoritative book/repository explicitly declares gaussian; dataset evidence only confirms the example identity and was not used as sole family evidence.
kruschke:fruitfly_anhecova	gaussian	explicit-family-recovery	high	https://github.com/ASKurz/Doing-Bayesian-Data-Analysis-in-brms-and-the-tidyverse	f90517976b2f52cc9b63c7c5e151e85b1d677e63	19.qmd#L1656-L1694	2026-07-28T22:54:31Z	200	Historical BRM 05c3f465e7987e8d7caa7e214fedddd90415a922:scripts/examples/kruschke.jl:523 returns 'Longevity ~ 1 + thorax_c + (1 + thorax_c | CompanionNumber)' with no family. The exact random-thorax-slope ANHECOVA explicitly sets family = gaussian.	Historical BRM formula is 'Longevity ~ 1 + thorax_c + (1 + thorax_c | CompanionNumber)'. Authoritative formula/likelihood at 19.qmd#L1656-L1694 is the same model up to documented renaming, centering, or generated-column crosswalk.	BRM loader reads FruitflyDataReduced.csv and centers Thorax. Authoritative schema is Longevity,CompanionNumber,Thorax; first rows are 35,Pregnant8,0.64 and 37,Pregnant8,0.68.	Searched historical BRM 05c3f465e7987e8d7caa7e214fedddd90415a922:scripts/examples/kruschke.jl:523, current DBDA/brms book code, git history, and the cited loader/data surface. The BRM row has blank family metadata; no family was inferred from brms defaults, response names, titles, or data type.	The authoritative book/repository explicitly declares gaussian; dataset evidence only confirms the example identity and was not used as sole family evidence.
kruschke:softmax_baseline	categorical	explicit-family-recovery	high	https://github.com/ASKurz/Doing-Bayesian-Data-Analysis-in-brms-and-the-tidyverse	f90517976b2f52cc9b63c7c5e151e85b1d677e63	22.qmd#L918-L930	2026-07-28T22:54:31Z	200	Historical BRM 05c3f465e7987e8d7caa7e214fedddd90415a922:scripts/examples/kruschke.jl:755 returns 'Y ~ 1' with no family. The exact intercept-only Y ~ 1 model explicitly sets family = categorical(link = logit).	Historical BRM formula is 'Y ~ 1'. Authoritative formula/likelihood at 22.qmd#L918-L930 is the same model up to documented renaming, centering, or generated-column crosswalk.	BRM loader reads SoftmaxRegData1.csv. Authoritative schema is X1,X2,Y; first row is -0.0871473608669491,-1.0813421754063,2.	Searched historical BRM 05c3f465e7987e8d7caa7e214fedddd90415a922:scripts/examples/kruschke.jl:755, current DBDA/brms book code, git history, and the cited loader/data surface. The BRM row has blank family metadata; no family was inferred from brms defaults, response names, titles, or data type.	The authoritative book/repository explicitly declares categorical; dataset evidence only confirms the example identity and was not used as sole family evidence.
kruschke:censored_missing	gaussian	explicit-family-recovery	high	https://github.com/ASKurz/Doing-Bayesian-Data-Analysis-in-brms-and-the-tidyverse	f90517976b2f52cc9b63c7c5e151e85b1d677e63	25.qmd#L350-L369	2026-07-28T22:54:31Z	200	Historical BRM 05c3f465e7987e8d7caa7e214fedddd90415a922:scripts/examples/kruschke.jl:987 returns 'y_na ~ 1' with no family. The exact y_na ~ 1 model explicitly sets family = gaussian.	Historical BRM formula is 'y_na ~ 1'. Authoritative formula/likelihood at 25.qmd#L350-L369 is the same model up to documented renaming, centering, or generated-column crosswalk.	BRM constructs 500 Normal(100,15) draws and columns y,y_na,y1,cen1,y2,y3,cen2 with thresholds 85/115 and five-unit intervals. The authoritative chapter also simulates Normal(100,15) censoring but current thresholds/data draws differ (notably 106); exact formula/censoring operators, not values, establish the model match.	Searched historical BRM 05c3f465e7987e8d7caa7e214fedddd90415a922:scripts/examples/kruschke.jl:987, current DBDA/brms book code, git history, and the cited loader/data surface. The BRM row has blank family metadata; no family was inferred from brms defaults, response names, titles, or data type.	The authoritative book/repository explicitly declares gaussian; dataset evidence only confirms the example identity and was not used as sole family evidence.
kruschke:censored_lr	gaussian	explicit-family-recovery	high	https://github.com/ASKurz/Doing-Bayesian-Data-Analysis-in-brms-and-the-tidyverse	f90517976b2f52cc9b63c7c5e151e85b1d677e63	25.qmd#L371-L405	2026-07-28T22:54:31Z	200	Historical BRM 05c3f465e7987e8d7caa7e214fedddd90415a922:scripts/examples/kruschke.jl:1003 returns 'y1 | cens(cen1) ~ 1' with no family. The exact y1 | cens(cen1) ~ 1 model explicitly sets family = gaussian.	Historical BRM formula is 'y1 | cens(cen1) ~ 1'. Authoritative formula/likelihood at 25.qmd#L371-L405 is the same model up to documented renaming, centering, or generated-column crosswalk.	BRM constructs 500 Normal(100,15) draws and columns y,y_na,y1,cen1,y2,y3,cen2 with thresholds 85/115 and five-unit intervals. The authoritative chapter also simulates Normal(100,15) censoring but current thresholds/data draws differ (notably 106); exact formula/censoring operators, not values, establish the model match.	Searched historical BRM 05c3f465e7987e8d7caa7e214fedddd90415a922:scripts/examples/kruschke.jl:1003, current DBDA/brms book code, git history, and the cited loader/data surface. The BRM row has blank family metadata; no family was inferred from brms defaults, response names, titles, or data type.	Recover Gaussian latent event-time/value likelihood while preserving left/right censoring in the observation contribution.
kruschke:censored_interval	gaussian	explicit-family-recovery	high	https://github.com/ASKurz/Doing-Bayesian-Data-Analysis-in-brms-and-the-tidyverse	f90517976b2f52cc9b63c7c5e151e85b1d677e63	25.qmd#L520-L569	2026-07-28T22:54:31Z	200	Historical BRM 05c3f465e7987e8d7caa7e214fedddd90415a922:scripts/examples/kruschke.jl:1019 returns 'y2 | cens(cen2, y3) ~ 1' with no family. The exact y2 | cens(cen2,y3) ~ 1 model explicitly sets family = gaussian.	Historical BRM formula is 'y2 | cens(cen2, y3) ~ 1'. Authoritative formula/likelihood at 25.qmd#L520-L569 is the same model up to documented renaming, centering, or generated-column crosswalk.	BRM constructs 500 Normal(100,15) draws and columns y,y_na,y1,cen1,y2,y3,cen2 with thresholds 85/115 and five-unit intervals. The authoritative chapter also simulates Normal(100,15) censoring but current thresholds/data draws differ (notably 106); exact formula/censoring operators, not values, establish the model match.	Searched historical BRM 05c3f465e7987e8d7caa7e214fedddd90415a922:scripts/examples/kruschke.jl:1019, current DBDA/brms book code, git history, and the cited loader/data surface. The BRM row has blank family metadata; no family was inferred from brms defaults, response names, titles, or data type.	Recover Gaussian latent-value likelihood while preserving lower/upper interval censoring.
burkner_papers:epilepsy_simple	poisson	defensible-semantic-inference	medium-high	https://www.jstatsoft.org/article/view/v080i01; JSS supplementary replication code; brms repository; frozen BRM source	JSS 80(1) version of record and supplement; brms c48ec5fd973e365ec1352f631887b9994380d0c0; BRM 05c3f465e7987e8d7caa7e214fedddd90415a922	JSS supplement file 3513:425-446; brms:tests/testthat/tests.stancode.R:2321; BRM:scripts/examples/burkner_papers.jl:69-82; BRM:scripts/examples/burkner_papers.jl:69 @ 05c3f465e7987e8d7caa7e214fedddd90415a922	2026-07-28T23:01:07Z	200	JSS supplementary epilepsy fits explicitly pass family=poisson(); brms tests contain the exact simplified formula but omit family under the Gaussian API default, so the test is not family evidence.	The row is described as a simplified main-effects version of the paper's seizure-count Poisson GLMM; removing baseline covariates does not change the count likelihood.	Frozen loader URL returned HTTP 200: MASS::epil has 236 rows; original columns y,trt,base,age,V4,subject,period,lbase,lage; first y=5. Loader renames y to count and creates Trt,zBase,zAge,patient,visit.	No exact authoritative fit of count~Trt+(1|patient) with family=poisson was found; the exact formula in a stancode test would default Gaussian and must not be used as positive family evidence.	Poisson is a strong semantic recovery from the authoritative epilepsy model and discrete count schema, not an exact-call recovery.
burkner_papers:hetero_jss_quantile	asym_laplace	explicit-family-recovery	high	https://github.com/paul-buerkner/brms; https://www.jstatsoft.org/article/view/v080i01; local git object for BayesianRegressionModels.jl frozen revision	brms c48ec5fd973e365ec1352f631887b9994380d0c0; JSS 80(1); BRM 05c3f465e7987e8d7caa7e214fedddd90415a922	brms:R/brm.R:414-417; BRM:scripts/examples/burkner_papers.jl:220-234; BRM:scripts/examples/burkner_papers.jl:220 @ 05c3f465e7987e8d7caa7e214fedddd90415a922	2026-07-28T23:01:07Z	200	Authoritative brms example uses the exact bf(y~x,quantile=0.25) and explicitly passes family=asym_laplace().	The 0.25 quantile parameter is a distributional parameter of the asymmetric Laplace quantile-regression family.	Frozen synthetic loader creates 100 rows with continuous y and x in {lo,hi}; generation uses group-specific Gaussian noise, but that generating distribution is not the fitted family.	The JSS paper page alone did not expose the exact call as searchable HTML; synthetic data generation must not be mistaken for family evidence.	Exact authoritative brms example explicitly recovers asym_laplace.
burkner_papers:rent99_spline	gaussian	explicit-family-recovery	high	https://journal.r-project.org/articles/RJ-2018-017/index.html; https://github.com/paul-buerkner/brms; local git object for BayesianRegressionModels.jl frozen revision	RJ-2018-017 version of record; brms c48ec5fd973e365ec1352f631887b9994380d0c0; BRM 05c3f465e7987e8d7caa7e214fedddd90415a922	RJ HTML code blocks cb18-cb22; brms:vignettes/brms_multilevel.ltx:267-341; brms:R/brm.R:449; BRM:scripts/examples/burkner_papers.jl; BRM:scripts/examples/burkner_papers.jl:307 @ 05c3f465e7987e8d7caa7e214fedddd90415a922	2026-07-28T23:01:07Z	200	The article exact fit_rent1 call omits family; its printed summary states Family: gaussian(identity), and brm's API default is gaussian().	Tensor-product smooths and district intercepts model the Gaussian mean.	Frozen loader is synthetic: 3082 rows with numeric rentsqm,area,yearc and string district; it generates rentsqm = mu + sigma*randn. The article uses the real rent99 data with 3082 observations.	Frozen synthetic replacement is not the article dataset and is supporting only; no contradictory family evidence found.	Exact authoritative call/output and explicit API default recover gaussian.
burkner_papers:rent99_distr	gaussian	explicit-family-recovery	high	https://journal.r-project.org/articles/RJ-2018-017/index.html; https://github.com/paul-buerkner/brms; local git object for BayesianRegressionModels.jl frozen revision	RJ-2018-017 version of record; brms c48ec5fd973e365ec1352f631887b9994380d0c0; BRM 05c3f465e7987e8d7caa7e214fedddd90415a922	RJ HTML code blocks cb18-cb22; brms:vignettes/brms_multilevel.ltx:267-341; brms:R/brm.R:449; BRM:scripts/examples/burkner_papers.jl; BRM:scripts/examples/burkner_papers.jl:323 @ 05c3f465e7987e8d7caa7e214fedddd90415a922	2026-07-28T23:01:07Z	200	The article exact bform/fit_rent2 call omits family; surrounding text explicitly calls sigma the scale parameter in Gaussian models, and brm's API default is gaussian().	The sigma subformula models Gaussian residual scale and does not introduce a second response family.	Frozen loader is synthetic: 3082 rows with numeric rentsqm,area,yearc and string district; it generates rentsqm = mu + sigma*randn. The article uses the real rent99 data with 3082 observations.	Frozen synthetic replacement is not the article dataset and is supporting only; no contradictory family evidence found.	Exact authoritative call/output and explicit API default recover gaussian.
action_models:rw_jget_lr	action_gaussian_composite	explicit-family-recovery	high	https://github.com/ComputationalPsychiatry/ActionModels.jl; local git object for BayesianRegressionModels.jl frozen revision	ActionModels b9d80dd46d1719256a9f2abfca64e6c31c1c8e2a; BRM 05c3f465e7987e8d7caa7e214fedddd90415a922	ActionModels:docs/julia_files/D_tutorials_examples/example_jget.jl:70,85-110; src/premade_models/rescorla_wagner.jl:386-405,542; src/fitting_models/structs.jl:56-97; src/fitting_models/turing_model/population_models/glm_population_model.jl:248-293; BRM:scripts/examples/action_models.jl; BRM:scripts/examples/action_models.jl:82 @ 05c3f465e7987e8d7caa7e214fedddd90415a922	2026-07-28T23:01:07Z	200	The exact population Regression for learning_rate supplies logistic as inverse link. The exact JGET model is ActionModel(RescorlaWagner()); its continuous default Gaussian report returns Normal(expected_value, action_noise). Regression stores formula/prior/inv_link only; linear_model returns inv_link.(eta) and contains no observation likelihood. The full create_model combines it with the action model.	This is composite: observed response uses a Normal action likelihood, while the card formula maps covariates to latent learning_rate through a deterministic logistic link with Normal coefficient priors and Normal random effects.	Repository data: JGET trial CSV has 47,520 rows with trials,ID,session,outcome,response,confidence; first row 1,20,1,62,15.0,0.0953106029828632. Subject CSV has 198 rows and includes ID,session,pdi_total; first ID/session/pdi_total are 20/1/0.0535714285714286.	The formula itself has no standalone response distribution; Normal coefficient priors and random effects are not the recovered response family. Frozen loader downloads only the subject table, not the trial responses that supply the likelihood.	Recover the full-model observed likelihood as Normal, explicitly qualified by the linked latent-parameter regression; do not collapse the formula into a standalone Gaussian BRM.
action_models:rw_jget_noise	action_gaussian_composite	explicit-family-recovery	high	https://github.com/ComputationalPsychiatry/ActionModels.jl; local git object for BayesianRegressionModels.jl frozen revision	ActionModels b9d80dd46d1719256a9f2abfca64e6c31c1c8e2a; BRM 05c3f465e7987e8d7caa7e214fedddd90415a922	ActionModels:docs/julia_files/D_tutorials_examples/example_jget.jl:70,85-110; src/premade_models/rescorla_wagner.jl:386-405,542; src/fitting_models/structs.jl:56-97; src/fitting_models/turing_model/population_models/glm_population_model.jl:248-293; BRM:scripts/examples/action_models.jl; BRM:scripts/examples/action_models.jl:103 @ 05c3f465e7987e8d7caa7e214fedddd90415a922	2026-07-28T23:01:07Z	200	The exact population Regression for action_noise supplies exp as inverse link. The exact JGET model is ActionModel(RescorlaWagner()); its continuous default Gaussian report returns Normal(expected_value, action_noise). Regression stores formula/prior/inv_link only; linear_model returns inv_link.(eta) and contains no observation likelihood. The full create_model combines it with the action model.	This is composite: observed response uses a Normal action likelihood, while the card formula maps covariates to latent action_noise through a deterministic exp link with Normal coefficient priors and Normal random effects.	Repository data: JGET trial CSV has 47,520 rows with trials,ID,session,outcome,response,confidence; first row 1,20,1,62,15.0,0.0953106029828632. Subject CSV has 198 rows and includes ID,session,pdi_total; first ID/session/pdi_total are 20/1/0.0535714285714286.	The formula itself has no standalone response distribution; Normal coefficient priors and random effects are not the recovered response family. Frozen loader downloads only the subject table, not the trial responses that supply the likelihood.	Recover the full-model observed likelihood as Normal, explicitly qualified by the linked latent-parameter regression; do not collapse the formula into a standalone Gaussian BRM.
action_models:pvl_igt_lr	action_categorical_composite	explicit-family-recovery	high	https://github.com/ComputationalPsychiatry/ActionModels.jl; local git object for BayesianRegressionModels.jl frozen revision	ActionModels b9d80dd46d1719256a9f2abfca64e6c31c1c8e2a; BRM 05c3f465e7987e8d7caa7e214fedddd90415a922	ActionModels:docs/julia_files/D_tutorials_examples/example_igt.jl:56-110; src/premade_models/pvl_delta.jl:44-94; src/fitting_models/structs.jl:56-97; src/fitting_models/turing_model/population_models/glm_population_model.jl:248-293; BRM:scripts/examples/action_models.jl; BRM:scripts/examples/action_models.jl:122 @ 05c3f465e7987e8d7caa7e214fedddd90415a922	2026-07-28T23:01:07Z	200	The corrected authoritative tutorial contains the exact learning_rate Regression with logistic inverse link. PVLDelta computes softmax probabilities and explicitly returns Categorical(action_probabilities). Regression stores formula/prior/inv_link only; linear_model returns inv_link.(eta) and contains no observation likelihood. The full create_model combines it with the action model.	This is composite: observed deck choice is Categorical, while the card formula maps clinical_group to latent learning_rate through a deterministic logistic link with Normal coefficient priors and Normal random effects.	Repository data comprise 48 healthy, 43 heroin, and 38 amphetamine participants; tab files have trial,deck,gain,loss,subjID. First rows choose deck 3 with gain 50/loss 0. Frozen loader adds reward and clinical_group.	The frozen row cites docs/julia_files/C_premade_models/pvl_delta.jl, which loads only healthy controls and has no clinical_group regression. Exact formulas are in D_tutorials_examples/example_igt.jl. Formula has no standalone response family.	Recover the full-model observed likelihood as Categorical, explicitly qualified by the linked latent-parameter regression and corrected authoritative surface.
action_models:pvl_igt_reward	action_categorical_composite	explicit-family-recovery	high	https://github.com/ComputationalPsychiatry/ActionModels.jl; local git object for BayesianRegressionModels.jl frozen revision	ActionModels b9d80dd46d1719256a9f2abfca64e6c31c1c8e2a; BRM 05c3f465e7987e8d7caa7e214fedddd90415a922	ActionModels:docs/julia_files/D_tutorials_examples/example_igt.jl:56-110; src/premade_models/pvl_delta.jl:44-94; src/fitting_models/structs.jl:56-97; src/fitting_models/turing_model/population_models/glm_population_model.jl:248-293; BRM:scripts/examples/action_models.jl; BRM:scripts/examples/action_models.jl:140 @ 05c3f465e7987e8d7caa7e214fedddd90415a922	2026-07-28T23:01:07Z	200	The corrected authoritative tutorial contains the exact reward_sensitivity Regression with logistic inverse link. PVLDelta computes softmax probabilities and explicitly returns Categorical(action_probabilities). Regression stores formula/prior/inv_link only; linear_model returns inv_link.(eta) and contains no observation likelihood. The full create_model combines it with the action model.	This is composite: observed deck choice is Categorical, while the card formula maps clinical_group to latent reward_sensitivity through a deterministic logistic link with Normal coefficient priors and Normal random effects.	Repository data comprise 48 healthy, 43 heroin, and 38 amphetamine participants; tab files have trial,deck,gain,loss,subjID. First rows choose deck 3 with gain 50/loss 0. Frozen loader adds reward and clinical_group.	The frozen row cites docs/julia_files/C_premade_models/pvl_delta.jl, which loads only healthy controls and has no clinical_group regression. Exact formulas are in D_tutorials_examples/example_igt.jl. Formula has no standalone response family.	Recover the full-model observed likelihood as Categorical, explicitly qualified by the linked latent-parameter regression and corrected authoritative surface.
action_models:pvl_igt_loss	action_categorical_composite	explicit-family-recovery	high	https://github.com/ComputationalPsychiatry/ActionModels.jl; local git object for BayesianRegressionModels.jl frozen revision	ActionModels b9d80dd46d1719256a9f2abfca64e6c31c1c8e2a; BRM 05c3f465e7987e8d7caa7e214fedddd90415a922	ActionModels:docs/julia_files/D_tutorials_examples/example_igt.jl:56-110; src/premade_models/pvl_delta.jl:44-94; src/fitting_models/structs.jl:56-97; src/fitting_models/turing_model/population_models/glm_population_model.jl:248-293; BRM:scripts/examples/action_models.jl; BRM:scripts/examples/action_models.jl:157 @ 05c3f465e7987e8d7caa7e214fedddd90415a922	2026-07-28T23:01:07Z	200	The corrected authoritative tutorial contains the exact loss_aversion Regression with exp inverse link. PVLDelta computes softmax probabilities and explicitly returns Categorical(action_probabilities). Regression stores formula/prior/inv_link only; linear_model returns inv_link.(eta) and contains no observation likelihood. The full create_model combines it with the action model.	This is composite: observed deck choice is Categorical, while the card formula maps clinical_group to latent loss_aversion through a deterministic exp link with Normal coefficient priors and Normal random effects.	Repository data comprise 48 healthy, 43 heroin, and 38 amphetamine participants; tab files have trial,deck,gain,loss,subjID. First rows choose deck 3 with gain 50/loss 0. Frozen loader adds reward and clinical_group.	The frozen row cites docs/julia_files/C_premade_models/pvl_delta.jl, which loads only healthy controls and has no clinical_group regression. Exact formulas are in D_tutorials_examples/example_igt.jl. Formula has no standalone response family.	Recover the full-model observed likelihood as Categorical, explicitly qualified by the linked latent-parameter regression and corrected authoritative surface.
action_models:pvl_igt_noise	action_categorical_composite	explicit-family-recovery	high	https://github.com/ComputationalPsychiatry/ActionModels.jl; local git object for BayesianRegressionModels.jl frozen revision	ActionModels b9d80dd46d1719256a9f2abfca64e6c31c1c8e2a; BRM 05c3f465e7987e8d7caa7e214fedddd90415a922	ActionModels:docs/julia_files/D_tutorials_examples/example_igt.jl:56-110; src/premade_models/pvl_delta.jl:44-94; src/fitting_models/structs.jl:56-97; src/fitting_models/turing_model/population_models/glm_population_model.jl:248-293; BRM:scripts/examples/action_models.jl; BRM:scripts/examples/action_models.jl:174 @ 05c3f465e7987e8d7caa7e214fedddd90415a922	2026-07-28T23:01:07Z	200	The corrected authoritative tutorial contains the exact action_noise Regression with exp inverse link. PVLDelta computes softmax probabilities and explicitly returns Categorical(action_probabilities). Regression stores formula/prior/inv_link only; linear_model returns inv_link.(eta) and contains no observation likelihood. The full create_model combines it with the action model.	This is composite: observed deck choice is Categorical, while the card formula maps clinical_group to latent action_noise through a deterministic exp link with Normal coefficient priors and Normal random effects.	Repository data comprise 48 healthy, 43 heroin, and 38 amphetamine participants; tab files have trial,deck,gain,loss,subjID. First rows choose deck 3 with gain 50/loss 0. Frozen loader adds reward and clinical_group.	The frozen row cites docs/julia_files/C_premade_models/pvl_delta.jl, which loads only healthy controls and has no clinical_group regression. Exact formulas are in D_tutorials_examples/example_igt.jl. Formula has no standalone response family.	Recover the full-model observed likelihood as Categorical, explicitly qualified by the linked latent-parameter regression and corrected authoritative surface.
epinowcast:enw_np_reference	negative_binomial	explicit-family-recovery	strong	historical BRM source scripts/examples/epinowcast.jl; official epinowcast model article https://package.epinowcast.org/articles/model.html; upstream epinowcast source https://github.com/epinowcast/epinowcast	BRM=05c3f465e7987e8d7caa7e214fedddd90415a922; epinowcast=a5b5ecdfedf588649a0b704739cd5d522954861f	scripts/examples/epinowcast.jl:153-171; R/epinowcast.R:165-167; model.html observation-model section	2026-07-28T22:56:15Z	model.html=200; upstream-git=ok	The upstream default model constructor sets enw_obs(family="negbin"); the official model article states that the default observation model is negative binomial and gives its likelihood.	The row changes only expectation/reference-delay modules and does not supply an alternative obs module, so the explicit default observation family applies.	Historical loader emits cumulative confirm counts by reference/report date from lognormal delays, which has count support but cannot select Poisson versus negative binomial.	Catalog family metadata is blank; its synthetic final counts are deterministic trend plus discrete jitter, not negative-binomial draws; the cited delay claim is itself mismatched because ~0+delay is linear rather than one free hazard per delay.	Recover negative binomial from the authoritative default, independently of the weak synthetic generator and the inaccurate delay-description claim.
epinowcast:enw_age_reference	negative_binomial	explicit-family-recovery	strong	historical BRM source scripts/examples/epinowcast.jl; official age-stratified article https://package.epinowcast.org/articles/germany-age-stratified-nowcasting.html; official model article https://package.epinowcast.org/articles/model.html; upstream epinowcast source	BRM=05c3f465e7987e8d7caa7e214fedddd90415a922; epinowcast=a5b5ecdfedf588649a0b704739cd5d522954861f	scripts/examples/epinowcast.jl:174-193; R/epinowcast.R:165-167; model.html observation-model section	2026-07-28T22:56:15Z	age-article=200; model.html=200; upstream-git=ok	The upstream model constructor explicitly defaults to enw_obs(family="negbin"), and the official model article identifies negative binomial as the default observation family.	Age, expectation, reference-delay, and report-day modules alter predictors but the recovered specification does not override the observation module.	Synthetic age-stratified loader has cumulative nonnegative confirm counts and age groups, supporting count-valued observations only.	Catalog family metadata is blank; the loader uses deterministic base/sinusoid counts plus uniform integer jitter and lognormal delays, not a negative-binomial generator.	The family is explicit in the authoritative default and remains orthogonal to the age/reference formula composition.
epinowcast:enw_age_week_reference	negative_binomial	explicit-family-recovery	strong	historical BRM source scripts/examples/epinowcast.jl; official age-stratified article https://package.epinowcast.org/articles/germany-age-stratified-nowcasting.html; official model article https://package.epinowcast.org/articles/model.html; upstream epinowcast source	BRM=05c3f465e7987e8d7caa7e214fedddd90415a922; epinowcast=a5b5ecdfedf588649a0b704739cd5d522954861f	scripts/examples/epinowcast.jl:195-213; R/epinowcast.R:165-167; model.html observation-model section	2026-07-28T22:56:15Z	age-article=200; model.html=200; upstream-git=ok	The authoritative default is enw_obs(family="negbin"); the official model article explicitly documents that negative-binomial observation model.	The added weekly random walk is a reference-delay predictor and does not override the observation family.	Synthetic age-stratified loader provides cumulative integer counts by report delay and age group, compatible with a count likelihood.	Catalog family metadata is blank; its loader is not a negative-binomial generator and therefore is not independent family evidence.	Use the explicit upstream observation default; do not infer the family from the delayed-count table alone.
rstanarm:clouds_lm	gaussian	explicit-family-recovery	high	https://github.com/stan-dev/rstanarm; local git object for BayesianRegressionModels.jl frozen revision	rstanarm 97fdba425ea0bd280c25928f118d247e617f43ae; BRM 05c3f465e7987e8d7caa7e214fedddd90415a922	rstanarm:vignettes/lm.Rmd:205-229; rstanarm:R/stan_lm.R:126-160; BRM:scripts/examples/rstanarm.jl:194-201; BRM:scripts/examples/rstanarm.jl:194 @ 05c3f465e7987e8d7caa7e214fedddd90415a922	2026-07-28T23:01:07Z	200	The exact call is stan_lm with the catalog formula; stan_lm stores family=gaussian() explicitly at R/stan_lm.R:160.	R2 priors regularize explained variance but do not change the Gaussian linear-model likelihood.	Frozen loader URL returned HTTP 200: clouds has 24 rows and seeding,time,sne,cloudcover,prewetness,echomotion,rainfall; first rainfall=12.85.	No contradictory family evidence found.	Exact authoritative function and call explicitly recover gaussian.
rstanarm:kidiq_hs	gaussian	explicit-family-recovery	high	https://github.com/stan-dev/rstanarm; local git object for BayesianRegressionModels.jl frozen revision	rstanarm 97fdba425ea0bd280c25928f118d247e617f43ae; BRM 05c3f465e7987e8d7caa7e214fedddd90415a922	rstanarm:vignettes/continuous.Rmd:115-117; rstanarm:R/stan_glm.R:196-200; BRM:scripts/examples/rstanarm.jl; BRM:scripts/examples/rstanarm.jl:246 @ 05c3f465e7987e8d7caa7e214fedddd90415a922	2026-07-28T23:01:07Z	200	post1 explicitly passes family=gaussian(link='identity'); post2-post4 are update(post1, formula=...), so they retain that family.	Changing predictors or adding an interaction does not change the inherited Gaussian response model.	Package-owned rstanarm data/kidiq.rda is 434x4 with kid_score,mom_hs,mom_iq,mom_age; first row is 65,1,121.117528602603,27.	Frozen Rdatasets URL https://vincentarelbundock.github.io/Rdatasets/csv/rstanarm/kidiq.csv returned HTTP 404 and is absent from current Rdatasets; package object supplied schema support.	Explicit initial family and exact update lineage recover gaussian for each formula.
rstanarm:kidiq_iq	gaussian	explicit-family-recovery	high	https://github.com/stan-dev/rstanarm; local git object for BayesianRegressionModels.jl frozen revision	rstanarm 97fdba425ea0bd280c25928f118d247e617f43ae; BRM 05c3f465e7987e8d7caa7e214fedddd90415a922	rstanarm:vignettes/continuous.Rmd:118; rstanarm:R/stan_glm.R:196-200; BRM:scripts/examples/rstanarm.jl; BRM:scripts/examples/rstanarm.jl:261 @ 05c3f465e7987e8d7caa7e214fedddd90415a922	2026-07-28T23:01:07Z	200	post1 explicitly passes family=gaussian(link='identity'); post2-post4 are update(post1, formula=...), so they retain that family.	Changing predictors or adding an interaction does not change the inherited Gaussian response model.	Package-owned rstanarm data/kidiq.rda is 434x4 with kid_score,mom_hs,mom_iq,mom_age; first row is 65,1,121.117528602603,27.	Frozen Rdatasets URL https://vincentarelbundock.github.io/Rdatasets/csv/rstanarm/kidiq.csv returned HTTP 404 and is absent from current Rdatasets; package object supplied schema support.	Explicit initial family and exact update lineage recover gaussian for each formula.
rstanarm:kidiq_both	gaussian	explicit-family-recovery	high	https://github.com/stan-dev/rstanarm; local git object for BayesianRegressionModels.jl frozen revision	rstanarm 97fdba425ea0bd280c25928f118d247e617f43ae; BRM 05c3f465e7987e8d7caa7e214fedddd90415a922	rstanarm:vignettes/continuous.Rmd:119; rstanarm:R/stan_glm.R:196-200; BRM:scripts/examples/rstanarm.jl; BRM:scripts/examples/rstanarm.jl:276 @ 05c3f465e7987e8d7caa7e214fedddd90415a922	2026-07-28T23:01:07Z	200	post1 explicitly passes family=gaussian(link='identity'); post2-post4 are update(post1, formula=...), so they retain that family.	Changing predictors or adding an interaction does not change the inherited Gaussian response model.	Package-owned rstanarm data/kidiq.rda is 434x4 with kid_score,mom_hs,mom_iq,mom_age; first row is 65,1,121.117528602603,27.	Frozen Rdatasets URL https://vincentarelbundock.github.io/Rdatasets/csv/rstanarm/kidiq.csv returned HTTP 404 and is absent from current Rdatasets; package object supplied schema support.	Explicit initial family and exact update lineage recover gaussian for each formula.
rstanarm:kidiq_interaction	gaussian	explicit-family-recovery	high	https://github.com/stan-dev/rstanarm; local git object for BayesianRegressionModels.jl frozen revision	rstanarm 97fdba425ea0bd280c25928f118d247e617f43ae; BRM 05c3f465e7987e8d7caa7e214fedddd90415a922	rstanarm:vignettes/continuous.Rmd:120; rstanarm:R/stan_glm.R:196-200; BRM:scripts/examples/rstanarm.jl; BRM:scripts/examples/rstanarm.jl:290 @ 05c3f465e7987e8d7caa7e214fedddd90415a922	2026-07-28T23:01:07Z	200	post1 explicitly passes family=gaussian(link='identity'); post2-post4 are update(post1, formula=...), so they retain that family.	Changing predictors or adding an interaction does not change the inherited Gaussian response model.	Package-owned rstanarm data/kidiq.rda is 434x4 with kid_score,mom_hs,mom_iq,mom_age; first row is 65,1,121.117528602603,27.	Frozen Rdatasets URL https://vincentarelbundock.github.io/Rdatasets/csv/rstanarm/kidiq.csv returned HTTP 404 and is absent from current Rdatasets; package object supplied schema support.	Explicit initial family and exact update lineage recover gaussian for each formula.
vasishth:n400_uncorr	gaussian	explicit-family-recovery	high	https://github.com/bnicenboim/bayescogsci; https://github.com/bnicenboim/bcogsci	31e79620f89e647d955ebc98fcd6b285011212aa	05-hierarchical.Rmd#L597-L650	2026-07-28T22:54:31Z	200	Historical BRM 05c3f465e7987e8d7caa7e214fedddd90415a922:scripts/examples/vasishth.jl:147 returns 'n400 ~ c_cloze + (c_cloze || subj)' with no family. Model assumption 1 says N400 averages are normally distributed; the exact uncorrelated varying-slope brm follows.	Historical BRM formula is 'n400 ~ c_cloze + (c_cloze || subj)'. Authoritative formula/likelihood at 05-hierarchical.Rmd#L597-L650 is the same model up to documented renaming, centering, or generated-column crosswalk.	BRM constructs a synthetic 40x80 crossed dataset with schema n400,c_cloze,subj,item. Authoritative bcogsci::df_eeg has 2,863 rows and schema subj,cloze,item,n400,cloze_ans,N (first row 1,0,1,7.08,0,44), with c_cloze derived in book code. Values/design are not the BRM synthetic replacement.	Searched historical BRM 05c3f465e7987e8d7caa7e214fedddd90415a922:scripts/examples/vasishth.jl:147, current BayesCogSci book code, its git history, and bcogsci loaders/data. The BRM row has blank family metadata; no family was inferred from brms defaults, response names, titles, or data type.	The authoritative book/repository explicitly declares gaussian; dataset evidence only confirms the example identity and was not used as sole family evidence.
vasishth:n400_corr	gaussian	explicit-family-recovery	high	https://github.com/bnicenboim/bayescogsci; https://github.com/bnicenboim/bcogsci	31e79620f89e647d955ebc98fcd6b285011212aa	05-hierarchical.Rmd#L852-L872	2026-07-28T22:54:31Z	200	Historical BRM 05c3f465e7987e8d7caa7e214fedddd90415a922:scripts/examples/vasishth.jl:164 returns 'n400 ~ c_cloze + (c_cloze | subj)' with no family. The chapter retains the explicit normal N400 likelihood and fits the exact correlated varying-slope formula.	Historical BRM formula is 'n400 ~ c_cloze + (c_cloze | subj)'. Authoritative formula/likelihood at 05-hierarchical.Rmd#L852-L872 is the same model up to documented renaming, centering, or generated-column crosswalk.	BRM constructs a synthetic 40x80 crossed dataset with schema n400,c_cloze,subj,item. Authoritative bcogsci::df_eeg has 2,863 rows and schema subj,cloze,item,n400,cloze_ans,N (first row 1,0,1,7.08,0,44), with c_cloze derived in book code. Values/design are not the BRM synthetic replacement.	Searched historical BRM 05c3f465e7987e8d7caa7e214fedddd90415a922:scripts/examples/vasishth.jl:164, current BayesCogSci book code, its git history, and bcogsci loaders/data. The BRM row has blank family metadata; no family was inferred from brms defaults, response names, titles, or data type.	The authoritative book/repository explicitly declares gaussian; dataset evidence only confirms the example identity and was not used as sole family evidence.
vasishth:n400_crossed	gaussian	explicit-family-recovery	high	https://github.com/bnicenboim/bayescogsci; https://github.com/bnicenboim/bcogsci	31e79620f89e647d955ebc98fcd6b285011212aa	05-hierarchical.Rmd#L892-L1024	2026-07-28T22:54:31Z	200	Historical BRM 05c3f465e7987e8d7caa7e214fedddd90415a922:scripts/examples/vasishth.jl:181 returns 'n400 ~ c_cloze + (c_cloze | subj) + (c_cloze | item)' with no family. The chapter explicit normal likelihood carries into the exact subject-and-item crossed model.	Historical BRM formula is 'n400 ~ c_cloze + (c_cloze | subj) + (c_cloze | item)'. Authoritative formula/likelihood at 05-hierarchical.Rmd#L892-L1024 is the same model up to documented renaming, centering, or generated-column crosswalk.	BRM constructs a synthetic 40x80 crossed dataset with schema n400,c_cloze,subj,item. Authoritative bcogsci::df_eeg has 2,863 rows and schema subj,cloze,item,n400,cloze_ans,N (first row 1,0,1,7.08,0,44), with c_cloze derived in book code. Values/design are not the BRM synthetic replacement.	Searched historical BRM 05c3f465e7987e8d7caa7e214fedddd90415a922:scripts/examples/vasishth.jl:181, current BayesCogSci book code, its git history, and bcogsci loaders/data. The BRM row has blank family metadata; no family was inferred from brms defaults, response names, titles, or data type.	The authoritative book/repository explicitly declares gaussian; dataset evidence only confirms the example identity and was not used as sole family evidence.
vasishth:n400_distr	gaussian	explicit-family-recovery	high	https://github.com/bnicenboim/bayescogsci; https://github.com/bnicenboim/bcogsci	31e79620f89e647d955ebc98fcd6b285011212aa	05-hierarchical.Rmd#L1090-L1137	2026-07-28T22:54:31Z	200	Historical BRM 05c3f465e7987e8d7caa7e214fedddd90415a922:scripts/examples/vasishth.jl:197 returns 'bf(n400 ~ c_cloze + (c_cloze | subj) + (c_cloze | item), sigma ~ 1 + (1 | subj))' with no family. The chapter specifies normally distributed N400 observations and the exact brmsformula adds sigma ~ 1 + (1 | subj).	Historical BRM formula is 'bf(n400 ~ c_cloze + (c_cloze | subj) + (c_cloze | item), sigma ~ 1 + (1 | subj))'. Authoritative formula/likelihood at 05-hierarchical.Rmd#L1090-L1137 is the same model up to documented renaming, centering, or generated-column crosswalk.	BRM constructs a synthetic 40x80 crossed dataset with schema n400,c_cloze,subj,item. Authoritative bcogsci::df_eeg has 2,863 rows and schema subj,cloze,item,n400,cloze_ans,N (first row 1,0,1,7.08,0,44), with c_cloze derived in book code. Values/design are not the BRM synthetic replacement.	Searched historical BRM 05c3f465e7987e8d7caa7e214fedddd90415a922:scripts/examples/vasishth.jl:197, current BayesCogSci book code, its git history, and bcogsci loaders/data. The BRM row has blank family metadata; no family was inferred from brms defaults, response names, titles, or data type.	Recover Gaussian observation likelihood while preserving distributional regression on sigma; the sigma submodel changes scale heterogeneity, not the response family.
vasishth:pooling_partial	gaussian	explicit-family-recovery	high	https://github.com/bnicenboim/bayescogsci; https://github.com/bnicenboim/bcogsci	31e79620f89e647d955ebc98fcd6b285011212aa	05-hierarchical.Rmd#L45-L84	2026-07-28T22:54:31Z	200	Historical BRM 05c3f465e7987e8d7caa7e214fedddd90415a922:scripts/examples/vasishth.jl:281 returns 'y ~ 1 + (1 | subj)' with no family. The generative section draws y with rnorm and fits the exact y ~ 1 + (1 | subj) partial-pooling model.	Historical BRM formula is 'y ~ 1 + (1 | subj)'. Authoritative formula/likelihood at 05-hierarchical.Rmd#L45-L84 is the same model up to documented renaming, centering, or generated-column crosswalk.	BRM constructs 10 subjects x 5 observations with y=500+50*u+20*noise. The authoritative pedagogical generator uses 20 subjects and its own mu/tau/sigma draws; schemas y,subj and pooling semantics match, exact values do not.	Searched historical BRM 05c3f465e7987e8d7caa7e214fedddd90415a922:scripts/examples/vasishth.jl:281, current BayesCogSci book code, its git history, and bcogsci loaders/data. The BRM row has blank family metadata; no family was inferred from brms defaults, response names, titles, or data type.	The authoritative book/repository explicitly declares gaussian; dataset evidence only confirms the example identity and was not used as sole family evidence.
vasishth:pooling_complete	gaussian	explicit-family-recovery	high	https://github.com/bnicenboim/bayescogsci; https://github.com/bnicenboim/bcogsci	31e79620f89e647d955ebc98fcd6b285011212aa	05-hierarchical.Rmd#L158-L188	2026-07-28T22:54:31Z	200	Historical BRM 05c3f465e7987e8d7caa7e214fedddd90415a922:scripts/examples/vasishth.jl:297 returns 'y ~ 1' with no family. The book states y_n ~ Normal(mu,sigma) and fits the exact y ~ 1 complete-pooling model.	Historical BRM formula is 'y ~ 1'. Authoritative formula/likelihood at 05-hierarchical.Rmd#L158-L188 is the same model up to documented renaming, centering, or generated-column crosswalk.	BRM constructs 10 subjects x 5 observations with y=500+50*u+20*noise. The authoritative pedagogical generator uses 20 subjects and its own mu/tau/sigma draws; schemas y,subj and pooling semantics match, exact values do not.	Searched historical BRM 05c3f465e7987e8d7caa7e214fedddd90415a922:scripts/examples/vasishth.jl:297, current BayesCogSci book code, its git history, and bcogsci loaders/data. The BRM row has blank family metadata; no family was inferred from brms defaults, response names, titles, or data type.	The authoritative book/repository explicitly declares gaussian; dataset evidence only confirms the example identity and was not used as sole family evidence.
vasishth:pooling_none	gaussian	explicit-family-recovery	high	https://github.com/bnicenboim/bayescogsci; https://github.com/bnicenboim/bcogsci	31e79620f89e647d955ebc98fcd6b285011212aa	05-hierarchical.Rmd#L213-L256	2026-07-28T22:54:31Z	200	Historical BRM 05c3f465e7987e8d7caa7e214fedddd90415a922:scripts/examples/vasishth.jl:313 returns 'y ~ 0 + factor(subj)' with no family. The book states y_n ~ Normal(mu_subj[n],sigma) and fits the exact y ~ 0 + factor(subj) no-pooling model.	Historical BRM formula is 'y ~ 0 + factor(subj)'. Authoritative formula/likelihood at 05-hierarchical.Rmd#L213-L256 is the same model up to documented renaming, centering, or generated-column crosswalk.	BRM constructs 10 subjects x 5 observations with y=500+50*u+20*noise. The authoritative pedagogical generator uses 20 subjects and its own mu/tau/sigma draws; schemas y,subj and pooling semantics match, exact values do not.	Searched historical BRM 05c3f465e7987e8d7caa7e214fedddd90415a922:scripts/examples/vasishth.jl:313, current BayesCogSci book code, its git history, and bcogsci loaders/data. The BRM row has blank family metadata; no family was inferred from brms defaults, response names, titles, or data type.	The authoritative book/repository explicitly declares gaussian; dataset evidence only confirms the example identity and was not used as sole family evidence.
vasishth:contrasts1_treatment	gaussian	explicit-family-recovery	high	https://github.com/bnicenboim/bayescogsci; https://github.com/bnicenboim/bcogsci	31e79620f89e647d955ebc98fcd6b285011212aa	06-coding.Rmd#L64-L72	2026-07-28T22:54:31Z	200	Historical BRM 05c3f465e7987e8d7caa7e214fedddd90415a922:scripts/examples/vasishth.jl:350 returns 'DV ~ F' with no family. The exact DV ~ F model explicitly sets family = gaussian().	Historical BRM formula is 'DV ~ F'. Authoritative formula/likelihood at 06-coding.Rmd#L64-L72 is the same model up to documented renaming, centering, or generated-column crosswalk.	BRM constructs 120 rows with four A-D levels. Authoritative bcogsci::df_contrasts1 has 10 rows, schema F,DV,id (first DV=0.636193991420565) and df_contrasts3 has 20 rows for the four-level monotonic example. This is material dataset drift.	Searched historical BRM 05c3f465e7987e8d7caa7e214fedddd90415a922:scripts/examples/vasishth.jl:350, current BayesCogSci book code, its git history, and bcogsci loaders/data. The BRM row has blank family metadata; no family was inferred from brms defaults, response names, titles, or data type.	The authoritative book/repository explicitly declares gaussian; dataset evidence only confirms the example identity and was not used as sole family evidence.
vasishth:contrasts1_cellmeans	gaussian	explicit-family-recovery	high	https://github.com/bnicenboim/bayescogsci; https://github.com/bnicenboim/bcogsci	31e79620f89e647d955ebc98fcd6b285011212aa	06-coding.Rmd#L259-L268	2026-07-28T22:54:31Z	200	Historical BRM 05c3f465e7987e8d7caa7e214fedddd90415a922:scripts/examples/vasishth.jl:366 returns 'DV ~ -1 + F' with no family. The exact cell-means DV ~ -1 + F model explicitly sets family = gaussian().	Historical BRM formula is 'DV ~ -1 + F'. Authoritative formula/likelihood at 06-coding.Rmd#L259-L268 is the same model up to documented renaming, centering, or generated-column crosswalk.	BRM constructs 120 rows with four A-D levels. Authoritative bcogsci::df_contrasts1 has 10 rows, schema F,DV,id (first DV=0.636193991420565) and df_contrasts3 has 20 rows for the four-level monotonic example. This is material dataset drift.	Searched historical BRM 05c3f465e7987e8d7caa7e214fedddd90415a922:scripts/examples/vasishth.jl:366, current BayesCogSci book code, its git history, and bcogsci loaders/data. The BRM row has blank family metadata; no family was inferred from brms defaults, response names, titles, or data type.	The authoritative book/repository explicitly declares gaussian; dataset evidence only confirms the example identity and was not used as sole family evidence.
vasishth:contrasts1_monotonic	gaussian	explicit-family-recovery	high	https://github.com/bnicenboim/bayescogsci; https://github.com/bnicenboim/bcogsci	31e79620f89e647d955ebc98fcd6b285011212aa	06-coding.Rmd#L721-L734	2026-07-28T22:54:31Z	200	Historical BRM 05c3f465e7987e8d7caa7e214fedddd90415a922:scripts/examples/vasishth.jl:382 returns 'DV ~ 1 + mo(F)' with no family. The exact DV ~ 1 + mo(F) monotonic model explicitly sets family = gaussian().	Historical BRM formula is 'DV ~ 1 + mo(F)'. Authoritative formula/likelihood at 06-coding.Rmd#L721-L734 is the same model up to documented renaming, centering, or generated-column crosswalk.	BRM constructs 120 rows with four A-D levels. Authoritative bcogsci::df_contrasts1 has 10 rows, schema F,DV,id (first DV=0.636193991420565) and df_contrasts3 has 20 rows for the four-level monotonic example. This is material dataset drift.	Searched historical BRM 05c3f465e7987e8d7caa7e214fedddd90415a922:scripts/examples/vasishth.jl:382, current BayesCogSci book code, its git history, and bcogsci loaders/data. The BRM row has blank family metadata; no family was inferred from brms defaults, response names, titles, or data type. The authoritative monotonic example uses df_contrasts3, whereas BRM attaches the formula to its own synthetic contrasts1 object; this dataset label/value drift is recorded and was not used as family evidence.	The authoritative book/repository explicitly declares gaussian; dataset evidence only confirms the example identity and was not used as sole family evidence.
vasishth:contrasts2x2_factorial	gaussian	explicit-family-recovery	high	https://github.com/bnicenboim/bayescogsci; https://github.com/bnicenboim/bcogsci	31e79620f89e647d955ebc98fcd6b285011212aa	07-coding2x2.Rmd#L45-L55	2026-07-28T22:54:31Z	200	Historical BRM 05c3f465e7987e8d7caa7e214fedddd90415a922:scripts/examples/vasishth.jl:423 returns 'DV ~ A * B' with no family. The exact DV ~ A * B factorial model explicitly sets family = gaussian().	Historical BRM formula is 'DV ~ A * B'. Authoritative formula/likelihood at 07-coding2x2.Rmd#L45-L55 is the same model up to documented renaming, centering, or generated-column crosswalk.	BRM constructs 200 synthetic rows with schema DV,A,B,pDV. Authoritative bcogsci::df_contrasts4 has 20 rows, schema A,B,DV,id (first row A1,B1,DV=17.5465593239116,id=1); formula/design match but values and row count drift.	Searched historical BRM 05c3f465e7987e8d7caa7e214fedddd90415a922:scripts/examples/vasishth.jl:423, current BayesCogSci book code, its git history, and bcogsci loaders/data. The BRM row has blank family metadata; no family was inferred from brms defaults, response names, titles, or data type.	The authoritative book/repository explicitly declares gaussian; dataset evidence only confirms the example identity and was not used as sole family evidence.
vasishth:contrasts2x2_nested	gaussian	explicit-family-recovery	high	https://github.com/bnicenboim/bayescogsci; https://github.com/bnicenboim/bcogsci	31e79620f89e647d955ebc98fcd6b285011212aa	07-coding2x2.Rmd#L208-L218	2026-07-28T22:54:31Z	200	Historical BRM 05c3f465e7987e8d7caa7e214fedddd90415a922:scripts/examples/vasishth.jl:439 returns 'DV ~ B / A' with no family. The exact DV ~ B / A nested model explicitly sets family = gaussian().	Historical BRM formula is 'DV ~ B / A'. Authoritative formula/likelihood at 07-coding2x2.Rmd#L208-L218 is the same model up to documented renaming, centering, or generated-column crosswalk.	BRM constructs 200 synthetic rows with schema DV,A,B,pDV. Authoritative bcogsci::df_contrasts4 has 20 rows, schema A,B,DV,id (first row A1,B1,DV=17.5465593239116,id=1); formula/design match but values and row count drift.	Searched historical BRM 05c3f465e7987e8d7caa7e214fedddd90415a922:scripts/examples/vasishth.jl:439, current BayesCogSci book code, its git history, and bcogsci loaders/data. The BRM row has blank family metadata; no family was inferred from brms defaults, response names, titles, or data type.	The authoritative book/repository explicitly declares gaussian; dataset evidence only confirms the example identity and was not used as sole family evidence.
vasishth:meta_sbi	gaussian	explicit-family-recovery	high	https://github.com/bnicenboim/bayescogsci; https://github.com/bnicenboim/bcogsci	31e79620f89e647d955ebc98fcd6b285011212aa	11-REMA-ME.Rmd#L1-L14;11-REMA-ME.Rmd#L35-L93	2026-07-28T22:54:31Z	200	Historical BRM 05c3f465e7987e8d7caa7e214fedddd90415a922:scripts/examples/vasishth.jl:499 returns 'effect | resp_se(SE, sigma = FALSE) ~ 1 + (1 | study_id)' with no family. The book states effect_n ~ Normal(zeta_n,SE_n) and zeta_n ~ Normal(zeta,tau), then fits the exact resp_se(SE,sigma=FALSE) random-effects model.	Historical BRM formula is 'effect | resp_se(SE, sigma = FALSE) ~ 1 + (1 | study_id)'. Authoritative formula/likelihood at 11-REMA-ME.Rmd#L1-L14;11-REMA-ME.Rmd#L35-L93 is the same model up to documented renaming, centering, or generated-column crosswalk.	BRM constructs 20 synthetic studies with study_id,effect,SE. Authoritative bcogsci::df_sbi has 12 rows and schema publication,effect,SE; first row VanDyke07E1LoSem,13,30, and study_id is added as 1:n() in book code. Values are not the BRM synthetic replacement.	Searched historical BRM 05c3f465e7987e8d7caa7e214fedddd90415a922:scripts/examples/vasishth.jl:499, current BayesCogSci book code, its git history, and bcogsci loaders/data. The BRM row has blank family metadata; no family was inferred from brms defaults, response names, titles, or data type.	Recover the Gaussian known-SE observation layer and Normal study-effect hierarchy; sigma=FALSE removes an additional residual term but does not erase between-study heterogeneity.
vasishth:indiv_diff_me	gaussian	explicit-family-recovery	high	https://github.com/bnicenboim/bayescogsci; https://github.com/bnicenboim/bcogsci	31e79620f89e647d955ebc98fcd6b285011212aa	11-REMA-ME.Rmd#L377-L435	2026-07-28T22:54:31Z	200	Historical BRM 05c3f465e7987e8d7caa7e214fedddd90415a922:scripts/examples/vasishth.jl:557 returns 'mean_rspeed | resp_se(se_rspeed, sigma = TRUE) ~ me(c_mean_pcu, se_pcu)' with no family. The book gives Normal measurement models for observed y and x and a Normal regression for latent y_true, then fits the exact response-SE/predictor-me formula with family = gaussian().	Historical BRM formula is 'mean_rspeed | resp_se(se_rspeed, sigma = TRUE) ~ me(c_mean_pcu, se_pcu)'. Authoritative formula/likelihood at 11-REMA-ME.Rmd#L377-L435 is the same model up to documented renaming, centering, or generated-column crosswalk.	BRM constructs 60 synthetic rows with mean_rspeed,se_rspeed,c_mean_pcu,se_pcu. Authoritative bcogsci::df_indiv has 100 rows and schema subj,mean_rspeed,se_rspeed,mean_pcu,se_pcu; first values are subj 1,0.0520853599469528,0.001129527748667,0.7375,0.0648140632472058, with c_mean_pcu derived in book code.	Searched historical BRM 05c3f465e7987e8d7caa7e214fedddd90415a922:scripts/examples/vasishth.jl:557, current BayesCogSci book code, its git history, and bcogsci loaders/data. The BRM row has blank family metadata; no family was inferred from brms defaults, response names, titles, or data type.	Recover Gaussian measurement and regression layers while retaining uncertainty in both response and predictor plus estimated residual sigma.
bmm:mixture2p_setsize	von_mises_uniform_mixture	explicit-family-recovery	strong	historical BRM source scripts/examples/bmm.jl; official BMM mixture article https://venpopov.com/bmm/articles/bmm_mixture_models.html; upstream BMM source and distribution implementation	BRM=05c3f465e7987e8d7caa7e214fedddd90415a922; bmm=70c76efe8f9204d78434908aecc39e740b80c2c2	scripts/examples/bmm.jl:64-90; R/model_mixture2p.R:93-102; R/model_mixture2p.R:35; R/distributions.R:287-297	2026-07-28T22:56:15Z	article=200; upstream-git=ok	configure_model.mixture2p explicitly installs brms::mixture("von_mises","von_mises"); fixed kappa2=-100 makes the second concentration effectively zero, and dmixture2p defines component 2 as dvon_mises(mu=0,kappa=0), i.e. circular uniform.	The target-memory component is von Mises and the guessing component is exactly the zero-concentration von Mises/uniform limit.	Historical loader returns angular error in (-pi,pi] plus set size/id, generated from wrapped normal versus uniform; it supports circular-mixture shape.	Catalog family metadata is blank; the synthetic remembered component is wrapped normal rather than von Mises, so the loader cannot establish the fitted family.	The fitted family and uniform component are explicit in authoritative model/distribution code, stronger than the approximate synthetic generator.
bmm:mixture3p_setsize	von_mises_target_nontarget_uniform_mixture	explicit-family-recovery	strong	historical BRM source scripts/examples/bmm.jl; official BMM mixture article https://venpopov.com/bmm/articles/bmm_mixture_models.html; upstream BMM mixture3p source	BRM=05c3f465e7987e8d7caa7e214fedddd90415a922; bmm=70c76efe8f9204d78434908aecc39e740b80c2c2	scripts/examples/bmm.jl:92-117; R/model_mixture3p.R:41; R/model_mixture3p.R:152-179	2026-07-28T22:56:15Z	article=200; upstream-git=ok	configure_model.mixture3p explicitly creates a mixture of von_mises families: one target component and max_set_size components; mu terms place active added components at non-target angles, while kappa2=-100 supplies the uniform guessing component.	The model is the documented three-process target-memory, non-target-swap, and guessing mixture even though multiple non-target components are expanded internally.	Historical loader provides target error and five non-target angles on the circle.	Catalog family metadata is blank; the loader generates only wrapped-normal target versus uniform guesses and never generates non-target swaps, so it is schema support, not likelihood confirmation.	Authoritative configure code explicitly recovers the target/non-target/uniform von-Mises mixture despite the incomplete synthetic generator.
bmm:sdm_condition	sdm_simple	explicit-family-recovery	strong	historical BRM source scripts/examples/bmm.jl; official BMM SDM article https://venpopov.com/bmm/articles/bmm_sdm_simple.html; upstream BMM SDM family and distribution source	BRM=05c3f465e7987e8d7caa7e214fedddd90415a922; bmm=70c76efe8f9204d78434908aecc39e740b80c2c2	scripts/examples/bmm.jl:149-170; R/model_sdm.R:123-147; R/distributions.R:38-85	2026-07-28T22:56:15Z	article=200; upstream-git=ok	configure_model.sdm explicitly constructs brms::custom_family(name="sdm_simple", dpars=mu,c,kappa) and installs custom Stan likelihood code; the package distribution documentation names the SDM distribution.	This is a bespoke circular signal-discrimination density, not a standard Gaussian family despite the historical prose's loose phrase "circular-normal likelihood".	Historical sdm_synth has circular y in (-pi,pi] and condition/id columns, which matches support and predictors.	Catalog family metadata is blank; its loader actually simulates a wrapped-normal/uniform mixture rather than the SDM density.	Recover the exact custom family name from implementation and explicitly reject dataset-generation equivalence.
bmm:imm_full_condition	von_mises_target_nontarget_uniform_mixture	explicit-family-recovery	strong	historical BRM source scripts/examples/bmm.jl; official BMM IMM article https://venpopov.com/bmm/articles/bmm_imm.html; upstream BMM IMM source	BRM=05c3f465e7987e8d7caa7e214fedddd90415a922; bmm=70c76efe8f9204d78434908aecc39e740b80c2c2	scripts/examples/bmm.jl:219-242; R/model_imm.R:43; R/model_imm.R:273-278; R/model_imm.R:318-333	2026-07-28T22:56:15Z	article=200; upstream-git=ok	configure_model.imm_full explicitly assigns .imm_mixture_family, a target/non-target expansion of von_mises families; fixed kappa2=-100 provides the near-zero-concentration uniform guessing component and non-target locations/distances enter mixture weights.	The four IMM parameter predictors govern a circular target/interference/guessing mixture rather than a single named exponential-family likelihood.	Historical loader supplies angular response, four non-target angles, four spatial distances, condition, and set size.	Catalog family metadata is blank; the synthetic response is only wrapped-normal versus uniform and does not generate the IMM interference mechanism.	Recover the explicit upstream mixture structure; treat the loader as schema coverage only.
flocker:single_season_repvarying	occupancy_single	explicit-family-recovery	strong	historical BRM source scripts/examples/flocker.jl; official flocker tutorial https://jsocolar.github.io/flocker/articles/flocker_tutorial.html; upstream flocker custom-family and Stan-likelihood source	BRM=05c3f465e7987e8d7caa7e214fedddd90415a922; flocker=b44093893851fff7d1597c868a6a20f388f5299e	scripts/examples/flocker.jl:73-100; R/occupancy_families.R:1-13; R/make_occupancy_lpmf.R:42-48; R/flock.R single-season branch	2026-07-28T22:56:15Z	tutorial=200; upstream-git=ok	The package explicitly defines custom family "occupancy_single" with detection mu and occupancy occ parameters; its Stan likelihood uses Bernoulli-logit occupancy and conditional detection terms marginalized over latent occupancy.	Repeated binary detections form a marginalized occupancy likelihood, so reducing this row to plain Bernoulli would lose the latent-occupancy mixture.	Historical loader explicitly generates latent z as Bernoulli occupancy and each y as Bernoulli detection conditional on z, with binary y and repeated visits.	Catalog family metadata is blank; binary y alone would not distinguish ordinary Bernoulli regression from occupancy_single.	Use the exact authoritative custom-family identifier, with the loader only corroborating its hierarchical Bernoulli semantics.
flocker:single_season_repconstant	occupancy_single_C	explicit-family-recovery	strong	historical BRM source scripts/examples/flocker.jl; official flocker tutorial https://jsocolar.github.io/flocker/articles/flocker_tutorial.html; upstream flocker custom-family and Stan-likelihood source	BRM=05c3f465e7987e8d7caa7e214fedddd90415a922; flocker=b44093893851fff7d1597c868a6a20f388f5299e	scripts/examples/flocker.jl:102-123; R/occupancy_families.R:29-40; R/flock.R:320-324; R/make_occupancy_lpmf.R:60-82	2026-07-28T22:56:15Z	tutorial=200; upstream-git=ok	The rep-constant path explicitly installs custom family "occupancy_single_C"; its likelihood is a zero-inflated-by-occupancy binomial over successes/trials, with occupancy orientation defined by the package.	Constant visit-level detection permits binomial aggregation, but latent occupancy is still marginalized and therefore this is not an ordinary binomial GLM.	The shared historical loader has binary repeated detections generated conditionally on latent z and site/species predictors.	Catalog family metadata is blank; the long-form loader itself does not perform the package's sufficient-statistic aggregation.	Recover occupancy_single_C from the exact selected package branch rather than inferring plain Bernoulli/binomial from y.
flocker:colex_explicit	occupancy_multi_colex	explicit-family-recovery	strong	historical BRM source scripts/examples/flocker.jl; official flocker tutorial https://jsocolar.github.io/flocker/articles/flocker_tutorial.html; upstream flocker custom-family and forward-algorithm source	BRM=05c3f465e7987e8d7caa7e214fedddd90415a922; flocker=b44093893851fff7d1597c868a6a20f388f5299e	scripts/examples/flocker.jl:175-197; R/occupancy_families.R:56-69; R/flock.R:351-392; R/make_occupancy_lpmf.R:168-220	2026-07-28T22:56:15Z	tutorial=200; upstream-git=ok	The explicit-initialization colex branch installs custom family "occupancy_multi_colex" with mu, occ, colo, and ex distributional parameters; upstream Stan helpers explicitly use Bernoulli-logit emissions and colonization/extinction transitions in a forward algorithm.	This is a hidden-state dynamic occupancy likelihood, not four independent Bernoulli regressions.	Historical fd_multi loader generates initial occupancy, colonization/extinction transitions, and conditional binary detections across three seasons.	Catalog family metadata is blank; y support alone cannot identify the hidden-state transition model.	The exact custom family and transition likelihood are explicit in upstream code and match the recovered explicit-initialization formula.
flocker:colex_equilibrium	occupancy_multi_colex_eq	explicit-family-recovery	strong	historical BRM source scripts/examples/flocker.jl; official flocker tutorial https://jsocolar.github.io/flocker/articles/flocker_tutorial.html; upstream flocker custom-family and forward-algorithm source	BRM=05c3f465e7987e8d7caa7e214fedddd90415a922; flocker=b44093893851fff7d1597c868a6a20f388f5299e	scripts/examples/flocker.jl:199-218; R/occupancy_families.R:71-84; R/flock.R:394-425; R/make_occupancy_lpmf.R forward_colex	2026-07-28T22:56:15Z	tutorial=200; upstream-git=ok	The equilibrium colex branch explicitly installs custom family "occupancy_multi_colex_eq" with mu, colo, and ex parameters and derives initial occupancy from the transition equilibrium before the same Bernoulli forward recursion.	Omitting occ is semantically meaningful: initial state is constrained by colonization/extinction equilibrium, producing a distinct family implementation.	Historical fd_multi loader contains compatible season/site repeated binary histories but was generated from freely specified initial occupancy, not necessarily equilibrium.	Catalog family metadata is blank; the cited tutorial did not expose enough formula-specific evidence in the earlier receipt audit, and the synthetic generator does not enforce equilibrium.	The current authoritative implementation resolves the exact custom family despite weak row-level tutorial and dataset support.
flocker:augmented_multispecies	occupancy_augmented	explicit-family-recovery	strong	historical BRM source scripts/examples/flocker.jl; official flocker tutorial https://jsocolar.github.io/flocker/articles/flocker_tutorial.html; upstream flocker custom-family and augmented likelihood source	BRM=05c3f465e7987e8d7caa7e214fedddd90415a922; flocker=b44093893851fff7d1597c868a6a20f388f5299e	scripts/examples/flocker.jl:245-330; R/occupancy_families.R:42-54; R/flock.R:325-349; R/make_occupancy_lpmf.R:82-150	2026-07-28T22:56:15Z	tutorial=200; upstream-git=ok	The augmented branch explicitly installs custom family "occupancy_augmented" with detection mu, occupancy occ, and supercommunity inclusion Omega; the likelihood marginalizes Bernoulli occupancy/detection and augmentation states.	Species augmentation adds an inclusion layer and is not equivalent to an ordinary binary or single-species occupancy family.	Historical loader has 50 real species plus 50 all-zero pseudospecies, repeated binary y, site/event predictors, and reserved ff_species identifier.	Catalog family metadata is blank; all-zero pseudo-species are design augmentation and do not independently identify Omega's likelihood.	Use the explicit authoritative custom-family name and retain the dataset only as structural corroboration.
mvgam:portal_shared_trend	poisson	explicit-family-recovery	strong	historical BRM source scripts/examples/mvgam.jl; official shared-states vignette https://nicholasjclark.github.io/mvgam/articles/shared_states.html; upstream mvgam vignette source	BRM=05c3f465e7987e8d7caa7e214fedddd90415a922; mvgam=c8617ef1080d08f7132b6543e19324a270e491d4	scripts/examples/mvgam.jl:351-377; vignettes/shared_states.Rmd:75-87 and 108-125; vignettes/mvgam_overview.Rmd:62	2026-07-28T22:56:15Z	vignette=200; upstream-git=ok	Both historical row prose/call and current official shared-state examples explicitly specify family=poisson(); the upstream family table identifies Poisson count support.	Shared AR trends and cyclic seasonal predictors alter the mean process, not the Poisson observation family.	Historical portal_synth loader explicitly draws count with _rpois(lambda), giving direct generator-level support.	Catalog family metadata is blank; the historical row materially changes the official example from three series/k=6/partial sharing to five series/k=8/all sharing, so formula fidelity is mismatch even though the family is stable.	Poisson is independently explicit in both sources and generator; family recovery does not validate the altered model claim.
mvgam:salmon_beta_ar	beta	explicit-family-recovery	strong	historical BRM source scripts/examples/mvgam.jl; official time-varying-effects vignette https://nicholasjclark.github.io/mvgam/articles/time_varying_effects.html; upstream mvgam vignette source	BRM=05c3f465e7987e8d7caa7e214fedddd90415a922; mvgam=c8617ef1080d08f7132b6543e19324a270e491d4	scripts/examples/mvgam.jl:248-275; vignettes/time_varying_effects.Rmd:248-266; vignettes/mvgam_overview.Rmd:60	2026-07-28T22:56:15Z	vignette=200; upstream-git=ok	The exact official model call explicitly uses family=betar(); historical prose and fit receipt also call it Beta, and the upstream family table defines betar() over proportions.	An AR process and dynamic upwelling coefficient govern the latent predictor while Beta remains the observation distribution.	Historical salmon_synth produces survival values clamped strictly to 0.01..0.99, matching Beta support.	Catalog family metadata is blank; the loader adds Gaussian noise on the response scale and clamps it, rather than drawing from a Beta distribution.	The official exact call recovers Beta strongly; bounded synthetic data corroborate support only.
mvgam:nmix_detection	nmix	explicit-family-recovery	strong	historical BRM source scripts/examples/mvgam.jl; official N-mixtures vignette https://nicholasjclark.github.io/mvgam/articles/nmixtures.html; upstream mvgam family and Stan-generation source	BRM=05c3f465e7987e8d7caa7e214fedddd90415a922; mvgam=c8617ef1080d08f7132b6543e19324a270e491d4	scripts/examples/mvgam.jl:278-348; vignettes/nmixtures.Rmd:197-241; R/families.R:319-329; R/add_nmixture.R:419-469; vignettes/mvgam_overview.Rmd:66	2026-07-28T22:56:15Z	vignette=200; upstream-git=ok	The exact historical/current call explicitly uses family=nmix(); upstream labels it "Poisson Binomial N-mixture", and generated Stan code combines poisson_log_lpmf for latent abundance with binomial_logit_lpmf for replicated observations while marginalizing N.	This is a composite latent-abundance/detection family and should not be flattened to Poisson or binomial alone.	Historical nmix_synth independently draws true_N from Poisson and replicate y as sums of Bernoulli trials conditional on N.	Catalog family metadata is blank, but unlike most synthetic rows this loader does mirror the authoritative composite family; it still cannot replace the upstream implementation evidence.	Recover the package's exact public family identifier nmix, with explicit Poisson-binomial semantics.
inla:airp_rw1	gaussian	explicit-family-recovery	strong	historical BRM source scripts/examples/inla.jl; cited INLA Gitbook temporal chapter https://becarioprecario.bitbucket.io/inla-gitbook/ch-temporal.html; authoritative R-INLA source https://github.com/hrue/r-inla	BRM=05c3f465e7987e8d7caa7e214fedddd90415a922; r-inla=c6e595b78f2fbca58fa976636716bdf0a9f9dee1	scripts/examples/inla.jl:241-255; rinla/R/inla.R:235; ch-temporal.html RW1 sections	2026-07-28T22:56:15Z	temporal=200; upstream-git=ok	Historical row prose explicitly states Gaussian; authoritative inla() source sets family="gaussian" by default when no family argument is supplied.	A continuous log_y response with a latent RW1 mean uses INLA's explicit Gaussian default.	Historical loader hard-codes all 144 AirPassengers counts and computes continuous log_y.	Catalog family metadata is blank; the cited chapter does not fit AirPassengers and its RW1 example retains an intercept with constr=FALSE, so model fidelity is mismatch; the response values alone cannot establish Gaussian residuals.	Gaussian is recovered from the explicit source/default while remaining orthogonal to the unsupported AirPassengers formula adaptation.
inla:airp_rw2	gaussian	explicit-family-recovery	strong	historical BRM source scripts/examples/inla.jl; cited INLA Gitbook temporal chapter https://becarioprecario.bitbucket.io/inla-gitbook/ch-temporal.html; authoritative R-INLA source https://github.com/hrue/r-inla	BRM=05c3f465e7987e8d7caa7e214fedddd90415a922; r-inla=c6e595b78f2fbca58fa976636716bdf0a9f9dee1	scripts/examples/inla.jl:257-270; rinla/R/inla.R:235; ch-temporal.html RW2 sections	2026-07-28T22:56:15Z	temporal=200; upstream-git=ok	Historical prose explicitly says Gaussian and authoritative inla() defaults family to "gaussian".	RW2 supplies a latent smooth mean for continuous log_y without changing the observation likelihood.	Historical loader contains the canonical 144-count series and derived log_y.	Catalog family metadata is blank; the cited chapter supplies no AirPassengers RW2 fit and the no-intercept constrained-field claim is unsupported; dataset support is only continuous-valued.	The explicit INLA default resolves Gaussian, not the inaccurate model provenance.
inla:airp_ar1	gaussian	explicit-family-recovery	strong	historical BRM source scripts/examples/inla.jl; cited INLA Gitbook temporal chapter https://becarioprecario.bitbucket.io/inla-gitbook/ch-temporal.html; authoritative R-INLA source https://github.com/hrue/r-inla	BRM=05c3f465e7987e8d7caa7e214fedddd90415a922; r-inla=c6e595b78f2fbca58fa976636716bdf0a9f9dee1	scripts/examples/inla.jl:272-285; rinla/R/inla.R:235; ch-temporal.html AR1 sections	2026-07-28T22:56:15Z	temporal=200; upstream-git=ok	Historical row explicitly states Gaussian and authoritative inla() source explicitly defaults to family="gaussian".	The AR1 term is a latent process; it does not imply a non-Gaussian observation family.	Historical AirPassengers loader provides continuous log_y over 144 months.	Catalog family metadata is blank; official AR1 examples use other data and an intercept, so the claimed no-intercept AirPassengers model is unsupported; log transformation alone does not prove Gaussian noise.	Recover Gaussian solely from explicit family/default evidence and keep source-fidelity mismatch separate.
inla:airp_seasonal	gaussian	explicit-family-recovery	strong	historical BRM source scripts/examples/inla.jl; cited INLA Gitbook temporal chapter https://becarioprecario.bitbucket.io/inla-gitbook/ch-temporal.html; authoritative R-INLA source https://github.com/hrue/r-inla	BRM=05c3f465e7987e8d7caa7e214fedddd90415a922; r-inla=c6e595b78f2fbca58fa976636716bdf0a9f9dee1	scripts/examples/inla.jl:287-300; rinla/R/inla.R:235; ch-temporal.html seasonal sections	2026-07-28T22:56:15Z	temporal=200; upstream-git=ok	Historical row explicitly states Gaussian and authoritative inla() defaults to family="gaussian".	A sum-to-zero seasonal latent field governs the mean of continuous log_y and leaves the Gaussian likelihood unchanged.	Historical loader supplies canonical AirPassengers and log_y with month/year indices.	Catalog family metadata is blank; cited page has no claimed AirPassengers seasonal fit, and a centered seasonal field as the entire no-intercept mean is unsupported.	Gaussian is explicit, but that family result does not rescue the formula/source mismatch.
inla:lidar_rw2	gaussian	explicit-family-recovery	strong	historical BRM source scripts/examples/inla.jl; official INLA Gitbook smoothing chapter https://becarioprecario.bitbucket.io/inla-gitbook/ch-smoothing.html; authoritative R-INLA source; CRAN SemiPar source mirror https://github.com/cran/SemiPar; claimed Rdatasets CSV	BRM=05c3f465e7987e8d7caa7e214fedddd90415a922; r-inla=c6e595b78f2fbca58fa976636716bdf0a9f9dee1; SemiPar=85280c37a01d525e516a7f66545f097ac43ed128	scripts/examples/inla.jl:325-340; rinla/R/inla.R:235; SemiPar/man/lidar.Rd:1-32; SemiPar/data/lidar.txt.gz	2026-07-28T22:56:15Z	smoothing=200; claimed-dataset-CSV=404; upstream-git=ok; SemiPar-git=ok	Historical row explicitly states Gaussian; authoritative inla() defaults family="gaussian"; official smoothing material presents the matching LIDAR RW2 Gaussian example.	Continuous logratio is modeled around an RW2 latent mean, matching a Gaussian observation model.	Authoritative SemiPar package contains 221 observations with range and logratio and ships data/lidar.txt.gz.	Catalog family metadata is blank; the claimed Rdatasets URL now returns 404, so the live dataset receipt is dead even though the authoritative CRAN mirror preserves the dataset.	Explicit INLA default plus matching official example recover Gaussian; dataset preservation repairs reachability without using values to select the family.
inla:surg_binomial	binomial	explicit-family-recovery	strong	historical BRM source scripts/examples/inla.jl; cited Gitbook chapter https://becarioprecario.bitbucket.io/inla-gitbook/ch-INLA.html; official R-INLA Surg example https://sites.google.com/a/r-inla.org/www/examples/volume-1/code-for-surg-example	BRM=05c3f465e7987e8d7caa7e214fedddd90415a922; official-surg-page=live@2026-07-28	scripts/examples/inla.jl:154-171 and 344-358; official Surg page lines containing formula=r~f(hospital,model="iid") and inla(...family="binomial",Ntrials=n)	2026-07-28T22:56:15Z	cited-chapter=200; official-surg=200	The official R-INLA project Surg code exactly states data(Surg), formula r ~ f(hospital,model="iid"), and inla(...,family="binomial",Ntrials=n); historical row prose gives the same family/trials contract.	Deaths r out of operations n by hospital are binomial counts with hospital-level IID logit variation.	Historical synthetic loader has 12 hospitals, n operations, and integer r=round(p*n), so 0<=r<=n; it mirrors schema but not stochastic sampling.	Catalog family metadata is blank; the originally cited generic chapter lists binomial but contains no Surg formula, so that receipt alone was unverifiable; synthetic r is deterministic expected count.	The separate official R-INLA Surg example supplies exact model-level explicit evidence and upgrades recovery to strong.
mcmcglmm:btdata_animal	gaussian	explicit-family-recovery	strong	historical BRM source scripts/examples/mcmcglmm.jl; dead cited course-notes URL https://jarrodhadfield.github.io/MCMCglmm/course-notes/; upstream MCMCglmm source/bookdown/data https://github.com/jarrodhadfield/MCMCglmm; claimed Rdatasets CSV	BRM=05c3f465e7987e8d7caa7e214fedddd90415a922; MCMCglmm=6291bfef475f3d7576ccc808eed82da0b6e0ce56	scripts/examples/mcmcglmm.jl:152-166; R/MCMCglmm.R:1; bookdown/8.pedigree.Rmd:50-60; man/BTdata.Rd:1-12; data/BTdata.tab	2026-07-28T22:56:15Z	cited-course-notes=404; claimed-dataset-CSV=404; upstream-git=ok	Authoritative MCMCglmm function signature explicitly defaults family="gaussian"; current package bookdown fits tarsus with foster-nest and animal random effects without overriding family.	Tarsus length is continuous and the animal/fosternest terms govern covariance, leaving the explicit Gaussian default as observation family.	Upstream package ships BTdata.tab (828 rows) and documentation identifying numeric tarsus plus animal, sex, foster nest, and hatch date.	Catalog family metadata is blank; both cited course-notes URL and claimed Rdatasets CSV now return 404; current authoritative example is tarsus~sex and omits the catalog-added hatchdate, so formula fidelity is not confirmed.	Gaussian is explicit in the function default and active official example; recovery does not validate the added fixed effect or dead receipts.
glmmtmb:ar1_covar	gaussian	explicit-family-recovery	strong	historical BRM source scripts/examples/glmmtmb.jl; official CRAN covariance vignette https://cran.r-project.org/web/packages/glmmTMB/vignettes/covstruct.html; upstream glmmTMB source/vignette https://github.com/glmmTMB/glmmTMB	BRM=05c3f465e7987e8d7caa7e214fedddd90415a922; glmmTMB=5cc96b43da1dccadc8b91ef0f6c817ec64049ae3	scripts/examples/glmmtmb.jl:72-98 and 284-299; glmmTMB/vignettes/covstruct.rmd:140-150; glmmTMB/R/glmmTMB.R:1265-1270	2026-07-28T22:56:15Z	CRAN-vignette=200; upstream-git=ok	The exact official call omits family and authoritative glmmTMB() signature explicitly defaults family=gaussian(); historical prose also says Gaussian.	AR1 specifies random-effect covariance across time and does not change the Gaussian conditional response family.	Historical ar1_sim generates y from multivariate normal with AR1 covariance for 1000 groups x 6 times.	Catalog family metadata is blank; family is implicit at the call site and would be missed by formula-only recovery.	Resolve the omitted argument through the explicit authoritative function default, corroborated by the exact Gaussian generator.
glmmtmb:volcano_spatial	gaussian	explicit-family-recovery	strong	historical BRM source scripts/examples/glmmtmb.jl; official CRAN covariance vignette https://cran.r-project.org/web/packages/glmmTMB/vignettes/covstruct.html; upstream glmmTMB source/vignette https://github.com/glmmTMB/glmmTMB	BRM=05c3f465e7987e8d7caa7e214fedddd90415a922; glmmTMB=5cc96b43da1dccadc8b91ef0f6c817ec64049ae3	scripts/examples/glmmtmb.jl:124-152 and 301-316; glmmTMB/vignettes/covstruct.rmd:476-499; glmmTMB/R/glmmTMB.R:1265-1270	2026-07-28T22:56:15Z	CRAN-vignette=200; upstream-git=ok	The exact official spatial call omits family and authoritative glmmTMB() explicitly defaults to gaussian(); the vignette writes z_i=mu+u(x_i,y_i)+epsilon_i and historical prose says Gaussian.	The exp(pos|group) term controls spatial random-field covariance, not the observation family.	Historical loader takes fixed elevation values and adds 3*randn Gaussian noise; current vignette likewise adds rnorm(sd=15) to volcano cells.	Catalog family metadata is blank; formula alone contains no family token, so a parser that ignores defaults would falsely leave it unknown.	The explicit package default, model equation, and matched generator jointly recover Gaussian strongly.
