row_index	deployed	historical_sha	source	key	source_path	source_line	name_claim	example_claim	dataset_claim	dataset_source_claim	formula_claim	formula_return	formula_match	family_claim	family_text_claim	family_claim_provenance	row_source_claim	verified_claim	hidden_claim
1	true	05c3f465e7987e8d7caa7e214fedddd90415a922	bambi	escs	scripts/examples/bambi.jl	17	Multiple Linear Regression	escs	escs	https://ndownloader.figshare.com/files/28870722	drugs ~ o + c + e + a + n	drugs ~ o + c + e + a + n	true		gaussian	inferred-from-description	https://bambinos.github.io/bambi/notebooks/ESCS_multiple_regression.html	true	false
2	true	05c3f465e7987e8d7caa7e214fedddd90415a922	bambi	cherry_blossoms_explicit	scripts/examples/bambi.jl	46	Regression Splines — Explicit Intercept	cherry_blossoms	cherry_blossoms	https://ndownloader.figshare.com/files/31072807	doy ~ bs(year, knots=iknots, intercept=True)	doy ~ bs(year, knots=iknots, intercept=True)	true		gaussian	inferred-from-description	https://bambinos.github.io/bambi/notebooks/splines_cherry_blossoms.html	false	false
3	true	05c3f465e7987e8d7caa7e214fedddd90415a922	bambi	cherry_blossoms_absorbed	scripts/examples/bambi.jl	63	Regression Splines — Absorbed Intercept	cherry_blossoms	cherry_blossoms	https://ndownloader.figshare.com/files/31072807	doy ~ bs(year, knots=iknots)	doy ~ bs(year, knots=iknots)	true		gaussian	inferred-from-description	https://bambinos.github.io/bambi/notebooks/splines_cherry_blossoms.html	false	false
4	true	05c3f465e7987e8d7caa7e214fedddd90415a922	bambi	dietox	scripts/examples/bambi.jl	92	Hierarchical Linear Regression — Pig Growth	dietox	dietox	https://vincentarelbundock.github.io/Rdatasets/csv/geepack/dietox.csv	Weight ~ Time + (Time|Pig)	Weight ~ Time + (Time|Pig)	true		gaussian	inferred-from-description	https://bambinos.github.io/bambi/notebooks/multi-level_regression.html	false	false
5	true	05c3f465e7987e8d7caa7e214fedddd90415a922	bambi	sleepstudy	scripts/examples/bambi.jl	121	Hierarchical Linear Regression — Sleep Deprivation	sleepstudy	sleepstudy	https://ndownloader.figshare.com/files/31181002	Reaction ~ 1 + Days + (Days | Subject)	Reaction ~ 1 + Days + (Days | Subject)	true		gaussian	inferred-from-description	https://bambinos.github.io/bambi/notebooks/sleepstudy.html	false	false
6	true	05c3f465e7987e8d7caa7e214fedddd90415a922	bambi	radon_pooled	scripts/examples/bambi.jl	162	Radon — Complete Pooling	radon	radon	https://raw.githubusercontent.com/pymc-devs/pymc-examples/main/examples/data/srrs2.dat	log_radon ~ 0 + floor	log_radon ~ 0 + floor	true		gaussian	inferred-from-description	https://bambinos.github.io/bambi/notebooks/radon_example.html	false	false
7	true	05c3f465e7987e8d7caa7e214fedddd90415a922	bambi	radon_nopooling	scripts/examples/bambi.jl	178	Radon — No Pooling	radon	radon	https://raw.githubusercontent.com/pymc-devs/pymc-examples/main/examples/data/srrs2.dat	log_radon ~ 0 + county:floor	log_radon ~ 0 + county:floor	true		gaussian	inferred-from-description	https://bambinos.github.io/bambi/notebooks/radon_example.html	false	false
8	true	05c3f465e7987e8d7caa7e214fedddd90415a922	bambi	radon_partial	scripts/examples/bambi.jl	194	Radon — Partial Pooling (Intercept Only)	radon	radon	https://raw.githubusercontent.com/pymc-devs/pymc-examples/main/examples/data/srrs2.dat	log_radon ~ 1 + (1|county)	log_radon ~ 1 + (1|county)	true		gaussian	inferred-from-description	https://bambinos.github.io/bambi/notebooks/radon_example.html	false	false
9	true	05c3f465e7987e8d7caa7e214fedddd90415a922	bambi	radon_floor	scripts/examples/bambi.jl	209	Radon — Partial Pooling with Floor	radon	radon	https://raw.githubusercontent.com/pymc-devs/pymc-examples/main/examples/data/srrs2.dat	log_radon ~ 1 + floor + (1|county)	log_radon ~ 1 + floor + (1|county)	true		gaussian	inferred-from-description	https://bambinos.github.io/bambi/notebooks/radon_example.html	false	false
10	true	05c3f465e7987e8d7caa7e214fedddd90415a922	bambi	radon_slopes	scripts/examples/bambi.jl	224	Radon — Varying Slopes	radon	radon	https://raw.githubusercontent.com/pymc-devs/pymc-examples/main/examples/data/srrs2.dat	log_radon ~ floor + (floor|county)	log_radon ~ floor + (floor|county)	true		gaussian	inferred-from-description	https://bambinos.github.io/bambi/notebooks/radon_example.html	false	false
11	true	05c3f465e7987e8d7caa7e214fedddd90415a922	bambi	radon_county_pred	scripts/examples/bambi.jl	239	Radon — County-Level Uranium Predictor	radon	radon	https://raw.githubusercontent.com/pymc-devs/pymc-examples/main/examples/data/srrs2.dat	log_radon ~ floor + log_u + (1|county)	log_radon ~ floor + log_u + (1|county)	true		gaussian	inferred-from-description	https://bambinos.github.io/bambi/notebooks/radon_example.html	false	false
12	true	05c3f465e7987e8d7caa7e214fedddd90415a922	bambi	strack_rrr_simple	scripts/examples/bambi.jl	272	Strack RRR — Simple Random Effects	strack_rrr	strack_rrr	https://github.com/bambinos/bambi	value ~ condition + (1|uid)	value ~ condition + (1|uid)	true		gaussian	inferred-from-description	https://bambinos.github.io/bambi/notebooks/Strack_RRR_re_analysis.html	false	false
13	true	05c3f465e7987e8d7caa7e214fedddd90415a922	bambi	strack_rrr_full	scripts/examples/bambi.jl	288	Strack RRR — Full Crossed Random Effects	strack_rrr	strack_rrr	https://github.com/bambinos/bambi	value ~ condition + age + gender + (1|uid) + (condition|study) + (condition|stimulus)	value ~ condition + age + gender + (1|uid) + (condition|study) + (condition|stimulus)	true		gaussian	inferred-from-description	https://bambinos.github.io/bambi/notebooks/Strack_RRR_re_analysis.html	false	false
14	true	05c3f465e7987e8d7caa7e214fedddd90415a922	bambi	shooter_rate_simple	scripts/examples/bambi.jl	321	Shooter Task — Rate (No Target Effect)	shooter	shooter	https://raw.githubusercontent.com/bambinos/bambi/main/docs/notebooks/data/shooter.csv	rate ~ S(race) * S(object) + (S(race) * S(object) | subject)	rate ~ S(race) * S(object) + (S(race) * S(object) | subject)	true		gaussian	inferred-from-description	https://bambinos.github.io/bambi/notebooks/shooter_crossed_random_ANOVA.html	false	false
15	true	05c3f465e7987e8d7caa7e214fedddd90415a922	bambi	shooter_rate_target	scripts/examples/bambi.jl	337	Shooter Task — Rate (With Target Effect)	shooter	shooter	https://raw.githubusercontent.com/bambinos/bambi/main/docs/notebooks/data/shooter.csv	rate ~ S(race) * S(object) + (S(race) * S(object) | subject) + (S(object) | target)	rate ~ S(race) * S(object) + (S(race) * S(object) | subject) + (S(object) | target)	true		gaussian	inferred-from-description	https://bambinos.github.io/bambi/notebooks/shooter_crossed_random_ANOVA.html	false	false
16	true	05c3f465e7987e8d7caa7e214fedddd90415a922	bambi	shooter_binary	scripts/examples/bambi.jl	353	Shooter Task — Binary Shoot Decision	shooter	shooter	https://raw.githubusercontent.com/bambinos/bambi/main/docs/notebooks/data/shooter.csv	shoot_or_not[shoot] ~ S(race)*S(object) + (S(race)*S(object) | subject) + (S(object) | target)	shoot_or_not[shoot] ~ S(race)*S(object) + (S(race)*S(object) | subject) + (S(object) | target)	true		bernoulli	inferred-from-description	https://bambinos.github.io/bambi/notebooks/shooter_crossed_random_ANOVA.html	false	false
17	true	05c3f465e7987e8d7caa7e214fedddd90415a922	bambi	fixed_random_naive	scripts/examples/bambi.jl	390	Fixed/Random Effects — Naive Model	fixed_random	fixed_random	synthetic	y ~ x + z	y ~ x + z	true		bernoulli	inferred-from-description	https://bambinos.github.io/bambi/notebooks/fixed_random.html	false	false
18	true	05c3f465e7987e8d7caa7e214fedddd90415a922	bambi	fixed_random_fe	scripts/examples/bambi.jl	405	Fixed/Random Effects — Fixed Effects Model	fixed_random	fixed_random	synthetic	y ~ 0 + C(group) + x + z	y ~ 0 + C(group) + x + z	true		bernoulli	inferred-from-description	https://bambinos.github.io/bambi/notebooks/fixed_random.html	false	false
19	true	05c3f465e7987e8d7caa7e214fedddd90415a922	bambi	fixed_random_re	scripts/examples/bambi.jl	420	Fixed/Random Effects — Random Effects Model	fixed_random	fixed_random	synthetic	y ~ x + z + (1|group)	y ~ x + z + (1|group)	true		bernoulli	inferred-from-description	https://bambinos.github.io/bambi/notebooks/fixed_random.html	false	false
20	true	05c3f465e7987e8d7caa7e214fedddd90415a922	bambi	fixed_random_mundlak	scripts/examples/bambi.jl	435	Fixed/Random Effects — Mundlak Machine	fixed_random	fixed_random	synthetic	y ~ x + z + xbar + (1|group)	y ~ x + z + xbar + (1|group)	true		bernoulli	inferred-from-description	https://bambinos.github.io/bambi/notebooks/fixed_random.html	false	false
21	true	05c3f465e7987e8d7caa7e214fedddd90415a922	bambi	t_regression_gaussian	scripts/examples/bambi.jl	467	Robust Regression — Gaussian Family	t_regression	t_regression	synthetic	y ~ x	y ~ x	true		gaussian	inferred-from-description	https://bambinos.github.io/bambi/notebooks/t_regression.html	false	false
22	true	05c3f465e7987e8d7caa7e214fedddd90415a922	bambi	t_regression_t	scripts/examples/bambi.jl	482	Robust Regression — Student's t Family	t_regression	t_regression	synthetic	y ~ x	y ~ x	true		t	inferred-from-description	https://bambinos.github.io/bambi/notebooks/t_regression.html	false	false
23	true	05c3f465e7987e8d7caa7e214fedddd90415a922	bambi	predict_new_groups	scripts/examples/bambi.jl	519	Predict New Groups	predict_new_groups	predict_new_groups	https://gist.githubusercontent.com/ucals/2cf9d101992cb1b78c2cdd6e3bac6a4b/raw/43034c39052dcf97d4b894d2ec1bc3f90f3623d9/osic_pulmonary_fibrosis.csv	fvc ~ 0 + weeks + smoking_status + (0 + weeks | patient)	fvc ~ 0 + weeks + smoking_status + (0 + weeks | patient)	true		gaussian	inferred-from-description	https://bambinos.github.io/bambi/notebooks/predict_new_groups.html	false	false
24	true	05c3f465e7987e8d7caa7e214fedddd90415a922	bambi	poly_falling_explicit	scripts/examples/bambi.jl	590	Polynomial Regression — Falling Ball (Explicit)	polynomial_regression	poly_falling	synthetic	x ~ I(t**2) + 1	x ~ I(t**2) + 1	true		gaussian	inferred-from-description	https://bambinos.github.io/bambi/notebooks/polynomial_regression.html	false	false
25	true	05c3f465e7987e8d7caa7e214fedddd90415a922	bambi	poly_falling_alt	scripts/examples/bambi.jl	606	Polynomial Regression — Falling Ball (Curly-Brace Syntax)	polynomial_regression	poly_falling	synthetic	x ~ {t**2} + 1	x ~ {t**2} + 1	true		gaussian	inferred-from-description	https://bambinos.github.io/bambi/notebooks/polynomial_regression.html	false	false
26	true	05c3f465e7987e8d7caa7e214fedddd90415a922	bambi	poly_falling_precomp	scripts/examples/bambi.jl	622	Polynomial Regression — Falling Ball (Pre-Computed Column)	polynomial_regression	poly_falling	synthetic	x ~ tsquared + 1	x ~ tsquared + 1	true		gaussian	inferred-from-description	https://bambinos.github.io/bambi/notebooks/polynomial_regression.html	false	false
27	true	05c3f465e7987e8d7caa7e214fedddd90415a922	bambi	poly_projectile_power	scripts/examples/bambi.jl	638	Polynomial Regression — Projectile (Power Basis)	polynomial_regression	poly_projectile	synthetic	x ~ I(t**2) + t + 1	x ~ I(t**2) + t + 1	true		gaussian	inferred-from-description	https://bambinos.github.io/bambi/notebooks/polynomial_regression.html	false	false
28	true	05c3f465e7987e8d7caa7e214fedddd90415a922	bambi	poly_projectile_poly	scripts/examples/bambi.jl	654	Polynomial Regression — Projectile (poly() Syntax)	polynomial_regression	poly_projectile	synthetic	x ~ poly(t, 2, raw=True)	x ~ poly(t, 2, raw=True)	true		gaussian	inferred-from-description	https://bambinos.github.io/bambi/notebooks/polynomial_regression.html	false	false
29	true	05c3f465e7987e8d7caa7e214fedddd90415a922	bambi	poly_planets	scripts/examples/bambi.jl	670	Polynomial Regression — Multi-Planet	polynomial_regression	poly_planets	synthetic	Height ~ I(Time**2):Planet + Time + 0	Height ~ I(Time**2):Planet + Time + 0	true		gaussian	inferred-from-description	https://bambinos.github.io/bambi/notebooks/polynomial_regression.html	false	false
30	true	05c3f465e7987e8d7caa7e214fedddd90415a922	bambi	logistic_anes	scripts/examples/bambi.jl	701	Logistic Regression — Vote Intention	logistic_anes	logistic_anes	https://ndownloader.figshare.com/files/28870740	vote['clinton'] ~ party_id + party_id:age	vote['clinton'] ~ party_id + party_id:age	true		bernoulli	inferred-from-description	https://bambinos.github.io/bambi/notebooks/logistic_regression.html	false	false
31	true	05c3f465e7987e8d7caa7e214fedddd90415a922	bambi	model_comparison_linear	scripts/examples/bambi.jl	734	Model Comparison — Linear	model_comparison	model_comparison	https://ndownloader.figshare.com/files/28870743	income['>50K'] ~ sex + race + scale(age) + scale(hs_week)	income['>50K'] ~ sex + race + scale(age) + scale(hs_week)	true		bernoulli	inferred-from-description	https://bambinos.github.io/bambi/notebooks/model_comparison.html	false	false
32	true	05c3f465e7987e8d7caa7e214fedddd90415a922	bambi	model_comparison_quad	scripts/examples/bambi.jl	750	Model Comparison — Quadratic	model_comparison	model_comparison	https://ndownloader.figshare.com/files/28870743	income['>50K'] ~ sex + race + scale(age) + I(scale(age)**2) + scale(hs_week) + I(scale(hs_week)**2)	income['>50K'] ~ sex + race + scale(age) + I(scale(age)**2) + scale(hs_week) + I(scale(hs_week)**2)	true		bernoulli	inferred-from-description	https://bambinos.github.io/bambi/notebooks/model_comparison.html	false	false
33	true	05c3f465e7987e8d7caa7e214fedddd90415a922	bambi	model_comparison_cubic	scripts/examples/bambi.jl	765	Model Comparison — Cubic	model_comparison	model_comparison	https://ndownloader.figshare.com/files/28870743	income['>50K'] ~ sex + race + scale(age) + I(scale(age)**2) + I(scale(age)**3) + scale(hs_week) + I(scale(hs_week)**2) + I(scale(hs_week)**3)	income['>50K'] ~ sex + race + scale(age) + I(scale(age)**2) + I(scale(age)**3) + scale(hs_week) + I(scale(hs_week)**2) + I(scale(hs_week)**3)	true		bernoulli	inferred-from-description	https://bambinos.github.io/bambi/notebooks/model_comparison.html	false	false
34	true	05c3f465e7987e8d7caa7e214fedddd90415a922	bambi	hierarchical_binomial_nopooling	scripts/examples/bambi.jl	799	Hierarchical Binomial — No Pooling	hierarchical_binomial	hierarchical_binomial	https://ndownloader.figshare.com/files/29749140	p(H, AB) ~ 0 + playerID	p(H, AB) ~ 0 + playerID	true		binomial	inferred-from-description	https://bambinos.github.io/bambi/notebooks/hierarchical_binomial_bambi.html	false	false
35	true	05c3f465e7987e8d7caa7e214fedddd90415a922	bambi	hierarchical_binomial_partial	scripts/examples/bambi.jl	814	Hierarchical Binomial — Partial Pooling	hierarchical_binomial	hierarchical_binomial	https://ndownloader.figshare.com/files/29749140	p(H, AB) ~ 1 + (1|playerID)	p(H, AB) ~ 1 + (1|playerID)	true		binomial	inferred-from-description	https://bambinos.github.io/bambi/notebooks/hierarchical_binomial_bambi.html	false	false
36	true	05c3f465e7987e8d7caa7e214fedddd90415a922	bambi	alternative_links_logit	scripts/examples/bambi.jl	845	Alternative Links — Logit	alternative_links	alternative_links	synthetic	p(y, n) ~ x	p(y, n) ~ x	true		binomial	inferred-from-description	https://bambinos.github.io/bambi/notebooks/alternative_links_binary.html	false	false
37	true	05c3f465e7987e8d7caa7e214fedddd90415a922	bambi	alternative_links_probit	scripts/examples/bambi.jl	860	Alternative Links — Probit	alternative_links	alternative_links	synthetic	p(y, n) ~ x	p(y, n) ~ x	true		binomial	inferred-from-description	https://bambinos.github.io/bambi/notebooks/alternative_links_binary.html	false	false
38	true	05c3f465e7987e8d7caa7e214fedddd90415a922	bambi	alternative_links_cloglog	scripts/examples/bambi.jl	875	Alternative Links — Complementary Log-Log	alternative_links	alternative_links	synthetic	p(y, n) ~ x	p(y, n) ~ x	true		binomial	inferred-from-description	https://bambinos.github.io/bambi/notebooks/alternative_links_binary.html	false	false
39	true	05c3f465e7987e8d7caa7e214fedddd90415a922	bambi	wald_gamma_wald	scripts/examples/bambi.jl	905	Wald Regression — Insurance Claims (Wald Family)	wald_gamma	wald_gamma	https://ndownloader.figshare.com/files/28870713	claimcst0 ~ C(agecat) + gender + area	claimcst0 ~ C(agecat) + gender + area	true		wald	inferred-from-description	https://bambinos.github.io/bambi/notebooks/wald_gamma_glm.html	false	false
40	true	05c3f465e7987e8d7caa7e214fedddd90415a922	bambi	wald_gamma_gamma	scripts/examples/bambi.jl	921	Gamma Regression — Insurance Claims (Gamma Family)	wald_gamma	wald_gamma	https://ndownloader.figshare.com/files/28870713	claimcst0 ~ agecat + gender + area	claimcst0 ~ agecat + gender + area	true		gamma	inferred-from-description	https://bambinos.github.io/bambi/notebooks/wald_gamma_glm.html	false	false
41	true	05c3f465e7987e8d7caa7e214fedddd90415a922	bambi	negative_binomial_main	scripts/examples/bambi.jl	956	Negative Binomial — Main Effects	negative_binomial	negative_binomial	https://stats.idre.ucla.edu/stat/stata/dae/nb_data.dta	daysabs ~ 0 + prog + scale(math)	daysabs ~ 0 + prog + scale(math)	true		negativebinomial	inferred-from-description	https://bambinos.github.io/bambi/notebooks/negative_binomial.html	false	false
42	true	05c3f465e7987e8d7caa7e214fedddd90415a922	bambi	negative_binomial_interaction	scripts/examples/bambi.jl	972	Negative Binomial — Interaction	negative_binomial	negative_binomial	https://stats.idre.ucla.edu/stat/stata/dae/nb_data.dta	daysabs ~ 0 + prog + scale(math) + prog:scale(math)	daysabs ~ 0 + prog + scale(math) + prog:scale(math)	true		negativebinomial	inferred-from-description	https://bambinos.github.io/bambi/notebooks/negative_binomial.html	false	false
43	true	05c3f465e7987e8d7caa7e214fedddd90415a922	bambi	count_roaches_poisson	scripts/examples/bambi.jl	1004	Count Regression with Offset — Poisson	count_roaches	count_roaches	https://raw.githubusercontent.com/bambinos/bambi/main/docs/notebooks/data/roaches.csv	y ~ roach1 + treatment + senior + offset(log(exposure2))	y ~ roach1 + treatment + senior + offset(log(exposure2))	true		poisson	inferred-from-description	https://bambinos.github.io/bambi/notebooks/count_roaches.html	false	false
44	true	05c3f465e7987e8d7caa7e214fedddd90415a922	bambi	count_roaches_nb	scripts/examples/bambi.jl	1020	Count Regression with Offset — Negative Binomial	count_roaches	count_roaches	https://raw.githubusercontent.com/bambinos/bambi/main/docs/notebooks/data/roaches.csv	y ~ roach1 + treatment + senior + offset(log(exposure2))	y ~ roach1 + treatment + senior + offset(log(exposure2))	true		negativebinomial	inferred-from-description	https://bambinos.github.io/bambi/notebooks/count_roaches.html	false	false
45	true	05c3f465e7987e8d7caa7e214fedddd90415a922	bambi	beta_probs_intercept	scripts/examples/bambi.jl	1098	Beta Regression — Intercept Only (Probabilities)	beta_regression	beta_probs	synthetic	probabilities ~ 1	probabilities ~ 1	true		beta	inferred-from-description	https://bambinos.github.io/bambi/notebooks/beta_regression.html	false	false
46	true	05c3f465e7987e8d7caa7e214fedddd90415a922	bambi	beta_coin	scripts/examples/bambi.jl	1113	Beta Regression — Coin Dirt	beta_regression	beta_coin	synthetic	p ~ delta_d	p ~ delta_d	true		beta	inferred-from-description	https://bambinos.github.io/bambi/notebooks/beta_regression.html	false	false
47	true	05c3f465e7987e8d7caa7e214fedddd90415a922	bambi	beta_batting_intercept	scripts/examples/bambi.jl	1128	Beta Regression — Batting Average Intercept Only	beta_regression	beta_batting	https://ndownloader.figshare.com/files/29749140	batting_avg ~ 1	batting_avg ~ 1	true		beta	inferred-from-description	https://bambinos.github.io/bambi/notebooks/beta_regression.html	false	false
48	true	05c3f465e7987e8d7caa7e214fedddd90415a922	bambi	beta_batting_shift	scripts/examples/bambi.jl	1143	Beta Regression — Batting Average with Shift Predictor	beta_regression	beta_batting	https://ndownloader.figshare.com/files/29749140	batting_avg ~ batting_avg_shift	batting_avg ~ batting_avg_shift	true		beta	inferred-from-description	https://bambinos.github.io/bambi/notebooks/beta_regression.html	false	false
49	true	05c3f465e7987e8d7caa7e214fedddd90415a922	bambi	categorical_toy	scripts/examples/bambi.jl	1222	Categorical Regression — Toy Dataset	categorical_regression	categorical_toy	synthetic	y ~ x	y ~ x	true		categorical	inferred-from-description	https://bambinos.github.io/bambi/notebooks/categorical_regression.html	false	false
50	true	05c3f465e7987e8d7caa7e214fedddd90415a922	bambi	categorical_iris	scripts/examples/bambi.jl	1237	Categorical Regression — Iris Species	categorical_regression	categorical_regression	https://vincentarelbundock.github.io/Rdatasets/csv/datasets/iris.csv	species ~ sepal_length + sepal_width + petal_length + petal_width	species ~ sepal_length + sepal_width + petal_length + petal_width	true		categorical	inferred-from-description	https://bambinos.github.io/bambi/notebooks/categorical_regression.html	false	false
51	true	05c3f465e7987e8d7caa7e214fedddd90415a922	bambi	categorical_alligator	scripts/examples/bambi.jl	1256	Categorical Regression — Alligator Food Choice	categorical_regression	categorical_alligator	synthetic	choice ~ length + sex	choice ~ length + sex	true		categorical	inferred-from-description	https://bambinos.github.io/bambi/notebooks/categorical_regression.html	false	false
52	true	05c3f465e7987e8d7caa7e214fedddd90415a922	bambi	circular_vonmises	scripts/examples/bambi.jl	1288	Circular Regression — Von Mises Family	circular_regression	circular_regression	https://ndownloader.figshare.com/files/34446077	direction ~ distance	direction ~ distance	true		vonmises	inferred-from-description	https://bambinos.github.io/bambi/notebooks/circular_regression.html	false	false
53	true	05c3f465e7987e8d7caa7e214fedddd90415a922	bambi	circular_gaussian	scripts/examples/bambi.jl	1304	Circular Regression — Gaussian Comparison	circular_regression	circular_regression	https://ndownloader.figshare.com/files/34446077	direction ~ distance	direction ~ distance	true		gaussian	inferred-from-description	https://bambinos.github.io/bambi/notebooks/circular_regression.html	false	false
54	true	05c3f465e7987e8d7caa7e214fedddd90415a922	bambi	quantile_p10	scripts/examples/bambi.jl	1332	Quantile Regression — p10 (Asymmetric Laplace)	quantile_regression	quantile_regression	https://raw.githubusercontent.com/bambinos/bambi/main/docs/notebooks/data/bmi.csv	bmi ~ bs(age, knots=knots)	bmi ~ bs(age, knots=knots)	true		asymmetriclaplace	inferred-from-description	https://bambinos.github.io/bambi/notebooks/quantile_regression.html	false	false
55	true	05c3f465e7987e8d7caa7e214fedddd90415a922	bambi	quantile_p50	scripts/examples/bambi.jl	1347	Quantile Regression — p50 (Asymmetric Laplace)	quantile_regression	quantile_regression	https://raw.githubusercontent.com/bambinos/bambi/main/docs/notebooks/data/bmi.csv	bmi ~ bs(age, knots=knots)	bmi ~ bs(age, knots=knots)	true		asymmetriclaplace	inferred-from-description	https://bambinos.github.io/bambi/notebooks/quantile_regression.html	false	false
56	true	05c3f465e7987e8d7caa7e214fedddd90415a922	bambi	quantile_p90	scripts/examples/bambi.jl	1363	Quantile Regression — p90 (Asymmetric Laplace)	quantile_regression	quantile_regression	https://raw.githubusercontent.com/bambinos/bambi/main/docs/notebooks/data/bmi.csv	bmi ~ bs(age, knots=knots)	bmi ~ bs(age, knots=knots)	true		asymmetriclaplace	inferred-from-description	https://bambinos.github.io/bambi/notebooks/quantile_regression.html	false	false
57	true	05c3f465e7987e8d7caa7e214fedddd90415a922	bambi	quantile_gaussian	scripts/examples/bambi.jl	1378	Quantile Regression — Gaussian Comparison	quantile_regression	quantile_regression	https://raw.githubusercontent.com/bambinos/bambi/main/docs/notebooks/data/bmi.csv	bmi ~ bs(age, knots=knots)	bmi ~ bs(age, knots=knots)	true		gaussian	inferred-from-description	https://bambinos.github.io/bambi/notebooks/quantile_regression.html	false	false
58	true	05c3f465e7987e8d7caa7e214fedddd90415a922	bambi	mister_p	scripts/examples/bambi.jl	1412	MrP — Multilevel Regression and Post-Stratification	mister_p	mister_p	https://dataverse.harvard.edu/	p(abortion, n) ~ male + repvote + (1|state) + (1|eth) + (1|edu) + (1|male:eth) + (1|edu:age) + (1|edu:eth)	p(abortion, n) ~ male + repvote + (1|state) + (1|eth) + (1|edu) + (1|male:eth) + (1|edu:age) + (1|edu:eth)	true		binomial	inferred-from-description	https://bambinos.github.io/bambi/notebooks/mister_p.html	false	false
59	true	05c3f465e7987e8d7caa7e214fedddd90415a922	bambi	zip_mu	scripts/examples/bambi.jl	1443	Zero Inflated Poisson — Mu Component	zero_inflated	zero_inflated	https://stats.idre.ucla.edu/stat/data/fish.csv	count ~ livebait + camper + persons + child	count ~ livebait + camper + persons + child	true		zero_inflated_poisson	inferred-from-description	https://bambinos.github.io/bambi/notebooks/zero_inflated_regression.html	false	false
60	true	05c3f465e7987e8d7caa7e214fedddd90415a922	bambi	zip_psi	scripts/examples/bambi.jl	1458	Zero Inflated Poisson — Psi Component	zero_inflated	zero_inflated	https://stats.idre.ucla.edu/stat/data/fish.csv	psi ~ livebait + camper + persons + child	psi ~ livebait + camper + persons + child	true		zero_inflated_poisson	inferred-from-description	https://bambinos.github.io/bambi/notebooks/zero_inflated_regression.html	false	false
61	true	05c3f465e7987e8d7caa7e214fedddd90415a922	bambi	hurdle_mu	scripts/examples/bambi.jl	1473	Hurdle Poisson — Mu Component	zero_inflated	zero_inflated	https://stats.idre.ucla.edu/stat/data/fish.csv	count ~ livebait + camper + persons + child	count ~ livebait + camper + persons + child	true		hurdle_poisson	inferred-from-description	https://bambinos.github.io/bambi/notebooks/zero_inflated_regression.html	false	false
62	true	05c3f465e7987e8d7caa7e214fedddd90415a922	bambi	hurdle_psi	scripts/examples/bambi.jl	1488	Hurdle Poisson — Psi Component	zero_inflated	zero_inflated	https://stats.idre.ucla.edu/stat/data/fish.csv	psi ~ livebait + camper + persons + child	psi ~ livebait + camper + persons + child	true		hurdle_poisson	inferred-from-description	https://bambinos.github.io/bambi/notebooks/zero_inflated_regression.html	false	false
63	true	05c3f465e7987e8d7caa7e214fedddd90415a922	bambi	ordinal_trolley_intercept	scripts/examples/bambi.jl	1536	Ordinal Regression — Trolley Intercept Only	ordinal_regression	ordinal_regression	https://raw.githubusercontent.com/rmcelreath/rethinking/master/data/Trolley.csv	response ~ 0	response ~ 0	true		cumulative	inferred-from-description	https://bambinos.github.io/bambi/notebooks/ordinal_regression.html	false	false
64	true	05c3f465e7987e8d7caa7e214fedddd90415a922	bambi	ordinal_trolley_effects	scripts/examples/bambi.jl	1552	Ordinal Regression — Trolley Action/Intention/Contact	ordinal_regression	ordinal_regression	https://raw.githubusercontent.com/rmcelreath/rethinking/master/data/Trolley.csv	response ~ 0 + action + intention + contact + action:intention + contact:intention	response ~ 0 + action + intention + contact + action:intention + contact:intention	true		cumulative	inferred-from-description	https://bambinos.github.io/bambi/notebooks/ordinal_regression.html	false	false
65	true	05c3f465e7987e8d7caa7e214fedddd90415a922	bambi	ordinal_hr_years	scripts/examples/bambi.jl	1568	Ordinal Regression — HR Years at Company	ordinal_regression	hr_attrition	https://raw.githubusercontent.com/bambinos/bambi/main/docs/notebooks/data/hr_employee_attrition.tsv.txt	YearsAtCompany ~ 0 + TotalWorkingYears	YearsAtCompany ~ 0 + TotalWorkingYears	true		sratio	inferred-from-description	https://bambinos.github.io/bambi/notebooks/ordinal_regression.html	false	false
66	true	05c3f465e7987e8d7caa7e214fedddd90415a922	bambi	distributional_const_alpha	scripts/examples/bambi.jl	1614	Distributional Models — Constant Alpha	distributional_models	distributional_synth	synthetic	y ~ x	y ~ x	true		gamma	inferred-from-description	https://bambinos.github.io/bambi/notebooks/distributional_models.html	false	false
67	true	05c3f465e7987e8d7caa7e214fedddd90415a922	bambi	distributional_var_alpha	scripts/examples/bambi.jl	1629	Distributional Models — Varying Alpha	distributional_models	distributional_synth	synthetic	y ~ x  +  alpha ~ x	y ~ x  +  alpha ~ x	true		gamma	inferred-from-description	https://bambinos.github.io/bambi/notebooks/distributional_models.html	false	false
68	true	05c3f465e7987e8d7caa7e214fedddd90415a922	bambi	distributional_bikes	scripts/examples/bambi.jl	1645	Distributional Models — Bikes Spline	distributional_models	distributional_models	https://ndownloader.figshare.com/files/38737026	count ~ 0 + bs(hour, 8, intercept=True)  +  alpha ~ 0 + bs(hour, 8, intercept=True)	count ~ 0 + bs(hour, 8, intercept=True)  +  alpha ~ 0 + bs(hour, 8, intercept=True)	true		gamma	inferred-from-description	https://bambinos.github.io/bambi/notebooks/distributional_models.html	false	false
69	true	05c3f465e7987e8d7caa7e214fedddd90415a922	bambi	hsgp_1d_basic	scripts/examples/bambi.jl	1693	HSGP 1D — Basic	hsgp_1d	hsgp_1d	synthetic	y ~ 0 + hsgp(x, m=10, c=2)	y ~ 0 + hsgp(x, m=10, c=2)	true		gaussian	inferred-from-description	https://bambinos.github.io/bambi/notebooks/hsgp_1d.html	false	false
70	true	05c3f465e7987e8d7caa7e214fedddd90415a922	bambi	hsgp_1d_centered	scripts/examples/bambi.jl	1708	HSGP 1D — Centered Parameterization	hsgp_1d	hsgp_1d	synthetic	y ~ 0 + hsgp(x, m=10, c=2, centered=True)	y ~ 0 + hsgp(x, m=10, c=2, centered=True)	true		gaussian	inferred-from-description	https://bambinos.github.io/bambi/notebooks/hsgp_1d.html	false	false
71	true	05c3f465e7987e8d7caa7e214fedddd90415a922	bambi	hsgp_1d_by_group	scripts/examples/bambi.jl	1723	HSGP 1D — By Group (Shared Covariance)	hsgp_1d	gam_data	https://raw.githubusercontent.com/bambinos/bambi/main/docs/notebooks/data/gam_data.csv	y ~ 0 + hsgp(x2, by=fac, m=12, c=1.5)	y ~ 0 + hsgp(x2, by=fac, m=12, c=1.5)	true		gaussian	inferred-from-description	https://bambinos.github.io/bambi/notebooks/hsgp_1d.html	false	false
72	true	05c3f465e7987e8d7caa7e214fedddd90415a922	bambi	hsgp_1d_nocov	scripts/examples/bambi.jl	1739	HSGP 1D — By Group (No Shared Covariance)	hsgp_1d	gam_data	https://raw.githubusercontent.com/bambinos/bambi/main/docs/notebooks/data/gam_data.csv	y ~ 0 + hsgp(x2, by=fac, m=12, c=1.5, share_cov=False)	y ~ 0 + hsgp(x2, by=fac, m=12, c=1.5, share_cov=False)	true		gaussian	inferred-from-description	https://bambinos.github.io/bambi/notebooks/hsgp_1d.html	false	false
73	true	05c3f465e7987e8d7caa7e214fedddd90415a922	bambi	hsgp_2d_iso	scripts/examples/bambi.jl	1789	HSGP 2D — Isotropic	hsgp_2d	hsgp_2d	synthetic	outcome ~ 0 + hsgp(x, y, c=1.5, m=10)	outcome ~ 0 + hsgp(x, y, c=1.5, m=10)	true		gaussian	inferred-from-description	https://bambinos.github.io/bambi/notebooks/hsgp_2d.html	false	false
74	true	05c3f465e7987e8d7caa7e214fedddd90415a922	bambi	hsgp_2d_by_group	scripts/examples/bambi.jl	1804	HSGP 2D — By Group (Shared Covariance)	hsgp_2d	hsgp_2d	synthetic	outcome ~ 0 + hsgp(x, y, by=group, c=1.5, m=10)	outcome ~ 0 + hsgp(x, y, by=group, c=1.5, m=10)	true		gaussian	inferred-from-description	https://bambinos.github.io/bambi/notebooks/hsgp_2d.html	false	false
75	true	05c3f465e7987e8d7caa7e214fedddd90415a922	bambi	hsgp_2d_nocov	scripts/examples/bambi.jl	1819	HSGP 2D — By Group (No Shared Covariance)	hsgp_2d	hsgp_2d	synthetic	outcome ~ 0 + hsgp(x, y, by=group, c=1.5, m=10, share_cov=False)	outcome ~ 0 + hsgp(x, y, by=group, c=1.5, m=10, share_cov=False)	true		gaussian	inferred-from-description	https://bambinos.github.io/bambi/notebooks/hsgp_2d.html	false	false
76	true	05c3f465e7987e8d7caa7e214fedddd90415a922	bambi	hsgp_2d_aniso	scripts/examples/bambi.jl	1835	HSGP 2D — Anisotropic	hsgp_2d	hsgp_2d	synthetic	outcome ~ 0 + hsgp(x, y, c=1.5, m=10, iso=False)	outcome ~ 0 + hsgp(x, y, c=1.5, m=10, iso=False)	true		gaussian	inferred-from-description	https://bambinos.github.io/bambi/notebooks/hsgp_2d.html	false	false
77	true	05c3f465e7987e8d7caa7e214fedddd90415a922	bambi	hsgp_2d_poisson	scripts/examples/bambi.jl	1850	HSGP 2D — Spatial Poisson Count Data	hsgp_2d	poisson_data	https://raw.githubusercontent.com/bambinos/bambi/main/docs/notebooks/data/poisson_data.csv	Count ~ 0 + Year + X1:Year + (1|Site) + hsgp(Lon, Lat, by=Year, m=5, c=1.5)	Count ~ 0 + Year + X1:Year + (1|Site) + hsgp(Lon, Lat, by=Year, m=5, c=1.5)	true		poisson	inferred-from-description	https://bambinos.github.io/bambi/notebooks/hsgp_2d.html	false	false
78	true	05c3f465e7987e8d7caa7e214fedddd90415a922	bambi	survival_intercept	scripts/examples/bambi.jl	1884	Survival Model — Intercept Only	survival_model	survival_model	https://raw.githubusercontent.com/rmcelreath/rethinking/master/data/AustinCats.csv	censored(days_to_event / 31, adopt) ~ 1	censored(days_to_event / 31, adopt) ~ 1	true		exponential	inferred-from-description	https://bambinos.github.io/bambi/notebooks/survival_model.html	false	false
79	true	05c3f465e7987e8d7caa7e214fedddd90415a922	bambi	survival_color	scripts/examples/bambi.jl	1900	Survival Model — Color Effect	survival_model	survival_model	https://raw.githubusercontent.com/rmcelreath/rethinking/master/data/AustinCats.csv	censored(days_to_event / 31, adopt) ~ 0 + color_id	censored(days_to_event / 31, adopt) ~ 0 + color_id	true		exponential	inferred-from-description	https://bambinos.github.io/bambi/notebooks/survival_model.html	false	false
80	true	05c3f465e7987e8d7caa7e214fedddd90415a922	bambi	survival_disc_sim	scripts/examples/bambi.jl	1948	Discrete Time Survival — Simulated Data	survival_discrete_time	survival_discrete_time	synthetic	event ~ treatment + age + time	event ~ treatment + age + time	true		bernoulli	inferred-from-description	https://bambinos.github.io/bambi/notebooks/survival_discrete_time_notebook.html	false	false
81	true	05c3f465e7987e8d7caa7e214fedddd90415a922	bambi	survival_disc_binomial	scripts/examples/bambi.jl	1964	Discrete Time Survival — Binomial Child Mortality	survival_discrete_time	child_mortality	https://raw.githubusercontent.com/bambinos/bambi/main/docs/notebooks/data/child.csv	p(events, at_risk) ~ sex + socBranch + period + scale(birth_decade)	p(events, at_risk) ~ sex + socBranch + period + scale(birth_decade)	true		binomial	inferred-from-description	https://bambinos.github.io/bambi/notebooks/survival_discrete_time_notebook.html	false	false
82	true	05c3f465e7987e8d7caa7e214fedddd90415a922	bambi	survival_disc_spline	scripts/examples/bambi.jl	1980	Discrete Time Survival — Spline Baseline Hazard	survival_discrete_time	child_mortality	https://raw.githubusercontent.com/bambinos/bambi/main/docs/notebooks/data/child.csv	p(events, at_risk) ~ sex + socBranch + bs(period, df=4) + scale(birth_decade)	p(events, at_risk) ~ sex + socBranch + bs(period, df=4) + scale(birth_decade)	true		binomial	inferred-from-description	https://bambinos.github.io/bambi/notebooks/survival_discrete_time_notebook.html	false	false
83	true	05c3f465e7987e8d7caa7e214fedddd90415a922	bambi	survival_disc_poisson	scripts/examples/bambi.jl	1995	Discrete Time Survival — Poisson Alternative	survival_discrete_time	child_mortality	https://raw.githubusercontent.com/bambinos/bambi/main/docs/notebooks/data/child.csv	events ~ sex + socBranch + period + scale(birth_decade) + offset(log(at_risk))	events ~ sex + socBranch + period + scale(birth_decade) + offset(log(at_risk))	true		poisson	inferred-from-description	https://bambinos.github.io/bambi/notebooks/survival_discrete_time_notebook.html	false	false
84	true	05c3f465e7987e8d7caa7e214fedddd90415a922	bambi	survival_cont_weibull	scripts/examples/bambi.jl	2045	Continuous Time Survival — Weibull	survival_continuous_time	survival_continuous_time	synthetic	censored(time, censoring) ~ treatment + age	censored(time, censoring) ~ treatment + age	true		weibull	inferred-from-description	https://bambinos.github.io/bambi/notebooks/survival_continuous_time_notebook.html	false	false
85	true	05c3f465e7987e8d7caa7e214fedddd90415a922	bambi	survival_cont_retention_fe	scripts/examples/bambi.jl	2061	Continuous Time Survival — Retention Fixed Effects	survival_continuous_time	retention	https://raw.githubusercontent.com/bambinos/bambi/main/docs/notebooks/data/retention.csv	censored(month, censoring) ~ C(gender) + C(level) + C(field) + sentiment + intention	censored(month, censoring) ~ C(gender) + C(level) + C(field) + sentiment + intention	true		weibull	inferred-from-description	https://bambinos.github.io/bambi/notebooks/survival_continuous_time_notebook.html	false	false
86	true	05c3f465e7987e8d7caa7e214fedddd90415a922	bambi	survival_cont_retention_re	scripts/examples/bambi.jl	2077	Continuous Time Survival — Retention Random Effects	survival_continuous_time	retention	https://raw.githubusercontent.com/bambinos/bambi/main/docs/notebooks/data/retention.csv	censored(month, censoring) ~ C(gender) + C(level) + sentiment + intention + (1|field)	censored(month, censoring) ~ C(gender) + C(level) + sentiment + intention + (1|field)	true		weibull	inferred-from-description	https://bambinos.github.io/bambi/notebooks/survival_continuous_time_notebook.html	false	false
87	true	05c3f465e7987e8d7caa7e214fedddd90415a922	bambi	orthopoly_explicit	scripts/examples/bambi.jl	2121	Orthogonal Polynomial — Explicit Quadratic	orthogonal_polynomial	orthopoly_projectile	synthetic	x ~ I(t**2) + t + 1	x ~ I(t**2) + t + 1	true		gaussian	inferred-from-description	https://bambinos.github.io/bambi/notebooks/orthogonal_polynomial_reg.html	false	false
88	true	05c3f465e7987e8d7caa7e214fedddd90415a922	bambi	orthopoly_poly	scripts/examples/bambi.jl	2136	Orthogonal Polynomial — poly() Degree 2	orthogonal_polynomial	orthopoly_projectile	synthetic	x ~ poly(t, 2) + 1	x ~ poly(t, 2) + 1	true		gaussian	inferred-from-description	https://bambinos.github.io/bambi/notebooks/orthogonal_polynomial_reg.html	false	false
89	true	05c3f465e7987e8d7caa7e214fedddd90415a922	bambi	orthopoly_linear	scripts/examples/bambi.jl	2151	Orthogonal Polynomial — MPG Linear	orthogonal_polynomial	orthogonal_polynomial	https://raw.githubusercontent.com/mwaskom/seaborn-data/master/mpg.csv	mpg ~ horsepower	mpg ~ horsepower	true		gaussian	inferred-from-description	https://bambinos.github.io/bambi/notebooks/orthogonal_polynomial_reg.html	false	false
90	true	05c3f465e7987e8d7caa7e214fedddd90415a922	bambi	orthopoly_quad	scripts/examples/bambi.jl	2166	Orthogonal Polynomial — MPG Quadratic	orthogonal_polynomial	orthogonal_polynomial	https://raw.githubusercontent.com/mwaskom/seaborn-data/master/mpg.csv	mpg ~ poly(horsepower, 2)	mpg ~ poly(horsepower, 2)	true		gaussian	inferred-from-description	https://bambinos.github.io/bambi/notebooks/orthogonal_polynomial_reg.html	false	false
91	true	05c3f465e7987e8d7caa7e214fedddd90415a922	bambi	orthopoly_compare	scripts/examples/bambi.jl	2181	Orthogonal Polynomial — MPG Degree Comparison	orthogonal_polynomial	orthogonal_polynomial	https://raw.githubusercontent.com/mwaskom/seaborn-data/master/mpg.csv	mpg ~ poly(horsepower, degree)	mpg ~ poly(horsepower, degree)	true		gaussian	inferred-from-description	https://bambinos.github.io/bambi/notebooks/orthogonal_polynomial_reg.html	false	false
92	true	05c3f465e7987e8d7caa7e214fedddd90415a922	bambi	plot_pred_linear	scripts/examples/bambi.jl	2227	Plot Predictions — Linear Regression (mtcars)	plot_predictions	plot_predictions	https://ndownloader.figshare.com/files/40208785	mpg ~ 0 + hp * wt + cyl + gear	mpg ~ 0 + hp * wt + cyl + gear	true		gaussian	inferred-from-description	https://bambinos.github.io/bambi/notebooks/plot_predictions.html	false	false
93	true	05c3f465e7987e8d7caa7e214fedddd90415a922	bambi	plot_pred_nb	scripts/examples/bambi.jl	2246	Plot Predictions — Negative Binomial (Student Absences)	plot_predictions	negative_binomial	https://stats.idre.ucla.edu/stat/stata/dae/nb_data.dta	daysabs ~ 0 + prog + scale(math) + prog:scale(math)	daysabs ~ 0 + prog + scale(math) + prog:scale(math)	true		negativebinomial	inferred-from-description	https://bambinos.github.io/bambi/notebooks/plot_predictions.html	false	false
94	true	05c3f465e7987e8d7caa7e214fedddd90415a922	bambi	plot_pred_logistic	scripts/examples/bambi.jl	2261	Plot Predictions — Logistic Regression (Movies)	plot_predictions	plot_pred_movies	https://vincentarelbundock.github.io/Rdatasets/csv/ggplot2movies/movies.csv	certified_fresh ~ 0 + scale(length) * style	certified_fresh ~ 0 + scale(length) * style	true		bernoulli	inferred-from-description	https://bambinos.github.io/bambi/notebooks/plot_predictions.html	false	false
95	true	05c3f465e7987e8d7caa7e214fedddd90415a922	bambi	plot_pred_distr	scripts/examples/bambi.jl	2277	Plot Predictions — Distributional Gamma	plot_predictions	distributional_synth	synthetic	y ~ x  +  alpha ~ x	y ~ x  +  alpha ~ x	true		gamma	inferred-from-description	https://bambinos.github.io/bambi/notebooks/plot_predictions.html	false	false
96	true	05c3f465e7987e8d7caa7e214fedddd90415a922	bambi	plot_comp_zip	scripts/examples/bambi.jl	2320	Plot Comparisons — ZIP Fish Count	plot_comparisons	plot_comparisons	https://stats.idre.ucla.edu/stat/data/fish.csv	count ~ livebait + camper + persons + child	count ~ livebait + camper + persons + child	true		zero_inflated_poisson	inferred-from-description	https://bambinos.github.io/bambi/notebooks/plot_comparisons.html	false	false
97	true	05c3f465e7987e8d7caa7e214fedddd90415a922	bambi	plot_comp_logistic	scripts/examples/bambi.jl	2335	Plot Comparisons — Logistic Titanic Survival	plot_comparisons	titanic	https://vincentarelbundock.github.io/Rdatasets/csv/Stat2Data/Titanic.csv	Survived ~ PClass * SexCode * Age	Survived ~ PClass * SexCode * Age	true		bernoulli	inferred-from-description	https://bambinos.github.io/bambi/notebooks/plot_comparisons.html	false	false
98	true	05c3f465e7987e8d7caa7e214fedddd90415a922	bambi	plot_slopes_main	scripts/examples/bambi.jl	2369	Plot Slopes — Main Effects	plot_slopes	plot_slopes	https://vincentarelbundock.github.io/Rdatasets/csv/carData/Wells.csv	switch ~ dist100 + arsenic + educ4	switch ~ dist100 + arsenic + educ4	true		bernoulli	inferred-from-description	https://bambinos.github.io/bambi/notebooks/plot_slopes.html	false	false
99	true	05c3f465e7987e8d7caa7e214fedddd90415a922	bambi	plot_slopes_interaction	scripts/examples/bambi.jl	2385	Plot Slopes — With Interactions	plot_slopes	plot_slopes	https://vincentarelbundock.github.io/Rdatasets/csv/carData/Wells.csv	switch ~ dist100 + arsenic + educ4 + dist100:educ4 + arsenic:educ4	switch ~ dist100 + arsenic + educ4 + dist100:educ4 + arsenic:educ4	true		bernoulli	inferred-from-description	https://bambinos.github.io/bambi/notebooks/plot_slopes.html	false	false
100	true	05c3f465e7987e8d7caa7e214fedddd90415a922	bambi	alternative_samplers	scripts/examples/bambi.jl	2416	Using Other Samplers — JAX-Based Samplers	alternative_samplers	alternative_samplers	synthetic	y ~ x	y ~ x	true		gaussian	inferred-from-description	https://bambinos.github.io/bambi/notebooks/alternative_samplers.html	false	false
101	true	05c3f465e7987e8d7caa7e214fedddd90415a922	brms	cbpp_binomial	scripts/examples/brms.jl	16	Custom Families — Standard Binomial GLMM	cbpp	cbpp	https://vincentarelbundock.github.io/Rdatasets/csv/lme4/cbpp.csv	incidence | trials(size) ~ period + (1|herd)	incidence | trials(size) ~ period + (1|herd)	true			unresolved	https://paulbuerkner.com/brms/articles/brms_customfamilies.html	false	false
102	true	05c3f465e7987e8d7caa7e214fedddd90415a922	brms	cbpp_beta_binomial	scripts/examples/brms.jl	32	Custom Families — Beta-Binomial GLMM	cbpp	cbpp	https://vincentarelbundock.github.io/Rdatasets/csv/lme4/cbpp.csv	incidence | vint(size) ~ period + (1|herd)	incidence | vint(size) ~ period + (1|herd)	true			unresolved	https://paulbuerkner.com/brms/articles/brms_customfamilies.html	false	false
103	true	05c3f465e7987e8d7caa7e214fedddd90415a922	brms	distreg_normal	scripts/examples/brms.jl	102	Distributional Regression — Location-Scale Normal	distreg	distreg_dat1	synthetic	bf(symptom_post ~ group, sigma ~ group)	bf(symptom_post ~ group, sigma ~ group)	true			unresolved	https://paulbuerkner.com/brms/articles/brms_distreg.html	false	false
104	true	05c3f465e7987e8d7caa7e214fedddd90415a922	brms	distreg_nb	scripts/examples/brms.jl	118	Distributional Regression — Negative Binomial Counts	distreg	distreg_fish	http://paulbuerkner.com/data/fish.csv	count ~ persons + child + camper	count ~ persons + child + camper	true			unresolved	https://paulbuerkner.com/brms/articles/brms_distreg.html	false	false
105	true	05c3f465e7987e8d7caa7e214fedddd90415a922	brms	distreg_zip	scripts/examples/brms.jl	133	Distributional Regression — Zero-Inflated Poisson	distreg	distreg_fish	http://paulbuerkner.com/data/fish.csv	bf(count ~ persons + child + camper, zi ~ child)	bf(count ~ persons + child + camper, zi ~ child)	true			unresolved	https://paulbuerkner.com/brms/articles/brms_distreg.html	false	false
106	true	05c3f465e7987e8d7caa7e214fedddd90415a922	brms	distreg_gam	scripts/examples/brms.jl	148	Distributional Regression — Smooth GAM	distreg	distreg_gam	synthetic	bf(y ~ s(x1) + s(x2) + (1|fac), sigma ~ s(x0) + (1|fac))	bf(y ~ s(x1) + s(x2) + (1|fac), sigma ~ s(x0) + (1|fac))	true			unresolved	https://paulbuerkner.com/brms/articles/brms_distreg.html	false	false
107	true	05c3f465e7987e8d7caa7e214fedddd90415a922	brms	nhanes_imputed	scripts/examples/brms.jl	176	Handle Missing Values — Multiple Imputation	nhanes	nhanes	https://vincentarelbundock.github.io/Rdatasets/csv/mice/nhanes.csv	bmi ~ age * chl	bmi ~ age * chl	true			unresolved	https://paulbuerkner.com/brms/articles/brms_missings.html	false	false
108	true	05c3f465e7987e8d7caa7e214fedddd90415a922	brms	nhanes_joint	scripts/examples/brms.jl	192	Handle Missing Values — Joint Imputation Model	nhanes	nhanes	https://vincentarelbundock.github.io/Rdatasets/csv/mice/nhanes.csv	bf(bmi | mi() ~ age * mi(chl)) + bf(chl | mi() ~ age) + set_rescor(FALSE)	bf(bmi | mi() ~ age * mi(chl)) + bf(chl | mi() ~ age) + set_rescor(FALSE)	true			unresolved	https://paulbuerkner.com/brms/articles/brms_missings.html	false	false
109	true	05c3f465e7987e8d7caa7e214fedddd90415a922	brms	nhanes_error	scripts/examples/brms.jl	208	Handle Missing Values — Measurement Error Variant	nhanes	nhanes	https://vincentarelbundock.github.io/Rdatasets/csv/mice/nhanes.csv	bf(bmi | mi() ~ age * mi(chl)) + bf(chl | mi(se = se_chl) ~ age) + set_rescor(FALSE)	bf(bmi | mi() ~ age * mi(chl)) + bf(chl | mi(se = se_chl) ~ age) + set_rescor(FALSE)	true			unresolved	https://paulbuerkner.com/brms/articles/brms_missings.html	false	false
110	true	05c3f465e7987e8d7caa7e214fedddd90415a922	brms	income_mo	scripts/examples/brms.jl	252	Monotonic Effects — Main Effect	income	income	synthetic	ls ~ mo(income)	ls ~ mo(income)	true			unresolved	https://paulbuerkner.com/brms/articles/brms_monotonic.html	false	false
111	true	05c3f465e7987e8d7caa7e214fedddd90415a922	brms	income_num	scripts/examples/brms.jl	268	Monotonic Effects — Numeric Comparison	income	income	synthetic	ls ~ income_num	ls ~ income_num	true			unresolved	https://paulbuerkner.com/brms/articles/brms_monotonic.html	false	false
112	true	05c3f465e7987e8d7caa7e214fedddd90415a922	brms	income_nominal	scripts/examples/brms.jl	283	Monotonic Effects — Nominal Factor Comparison	income	income	synthetic	ls ~ income	ls ~ income	true			unresolved	https://paulbuerkner.com/brms/articles/brms_monotonic.html	false	false
113	true	05c3f465e7987e8d7caa7e214fedddd90415a922	brms	income_mo_age	scripts/examples/brms.jl	298	Monotonic Effects — Interaction with Age	income	income	synthetic	ls ~ mo(income) * age	ls ~ mo(income) * age	true			unresolved	https://paulbuerkner.com/brms/articles/brms_monotonic.html	false	false
114	true	05c3f465e7987e8d7caa7e214fedddd90415a922	brms	income_mo_city	scripts/examples/brms.jl	313	Monotonic Effects — City-Level Random Slopes	income	income	synthetic	ls ~ mo(income) * age + (mo(income) | city)	ls ~ mo(income) * age + (mo(income) | city)	true			unresolved	https://paulbuerkner.com/brms/articles/brms_monotonic.html	false	false
115	true	05c3f465e7987e8d7caa7e214fedddd90415a922	brms	btdata_compact	scripts/examples/brms.jl	341	Multivariate Models — Compact mvbind Syntax	btdata	btdata	https://vincentarelbundock.github.io/Rdatasets/csv/MCMCglmm/BTdata.csv	bf(mvbind(tarsus, back) ~ sex + hatchdate + (1|p|fosternest) + (1|q|dam)) + set_rescor(TRUE)	bf(mvbind(tarsus, back) ~ sex + hatchdate + (1|p|fosternest) + (1|q|dam)) + set_rescor(TRUE)	true			unresolved	https://paulbuerkner.com/brms/articles/brms_multivariate.html	false	false
116	true	05c3f465e7987e8d7caa7e214fedddd90415a922	brms	btdata_explicit	scripts/examples/brms.jl	357	Multivariate Models — Explicit Separate Formulas	btdata	btdata	https://vincentarelbundock.github.io/Rdatasets/csv/MCMCglmm/BTdata.csv	bf(tarsus ~ sex + hatchdate + (1|p|fosternest) + (1|q|dam)) + bf(back ~ sex + hatchdate + (1|p|fosternest) + (1|q|dam)) + set_rescor(TRUE)	bf(tarsus ~ sex + hatchdate + (1|p|fosternest) + (1|q|dam)) + bf(back ~ sex + hatchdate + (1|p|fosternest) + (1|q|dam)) + set_rescor(TRUE)	true			unresolved	https://paulbuerkner.com/brms/articles/brms_multivariate.html	false	false
117	true	05c3f465e7987e8d7caa7e214fedddd90415a922	brms	btdata_spline	scripts/examples/brms.jl	373	Multivariate Models — Skew-Normal with Splines	btdata	btdata	https://vincentarelbundock.github.io/Rdatasets/csv/MCMCglmm/BTdata.csv	bf(tarsus ~ sex + s(hatchdate, k=5) + (1|p|fosternest) + (1|q|dam), family = skew_normal()) + bf(back ~ sex + s(hatchdate, k=5) + (1|p|fosternest) + (1|q|dam)) + set_rescor(TRUE)	bf(tarsus ~ sex + s(hatchdate, k=5) + (1|p|fosternest) + (1|q|dam), family = skew_normal()) + bf(back ~ sex + s(hatchdate, k=5) + (1|p|fosternest) + (1|q|dam)) + set_rescor(TRUE)	true			unresolved	https://paulbuerkner.com/brms/articles/brms_multivariate.html	false	false
118	true	05c3f465e7987e8d7caa7e214fedddd90415a922	brms	nonlinear_exp	scripts/examples/brms.jl	434	Nonlinear Models — Exponential Decay	nonlinear	nonlinear_dat	synthetic	bf(y ~ b1 * exp(b2 * x), b1 + b2 ~ 1, nl = TRUE)	bf(y ~ b1 * exp(b2 * x), b1 + b2 ~ 1, nl = TRUE)	true			unresolved	https://paulbuerkner.com/brms/articles/brms_nonlinear.html	false	false
119	true	05c3f465e7987e8d7caa7e214fedddd90415a922	brms	nonlinear_linear	scripts/examples/brms.jl	450	Nonlinear Models — Linear Comparison	nonlinear	nonlinear_dat	synthetic	y ~ x	y ~ x	true			unresolved	https://paulbuerkner.com/brms/articles/brms_nonlinear.html	false	false
120	true	05c3f465e7987e8d7caa7e214fedddd90415a922	brms	nonlinear_loss	scripts/examples/brms.jl	465	Nonlinear Models — Weibull Loss Development	nonlinear	loss	synthetic	bf(cum ~ ult * (1 - exp(-(dev/theta)^omega)), ult ~ 1 + (1|AY), omega ~ 1, theta ~ 1, nl = TRUE)	bf(cum ~ ult * (1 - exp(-(dev/theta)^omega)), ult ~ 1 + (1|AY), omega ~ 1, theta ~ 1, nl = TRUE)	true			unresolved	https://paulbuerkner.com/brms/articles/brms_nonlinear.html	false	false
121	true	05c3f465e7987e8d7caa7e214fedddd90415a922	brms	phylo_simple_re	scripts/examples/brms.jl	532	Phylogenetic Models — Simple Random Effect	phylogenetics	phylo_simple	http://paulbuerkner.com/data/data_simple.txt	phen ~ cofactor + (1|gr(phylo, cov = A))	phen ~ cofactor + (1|gr(phylo, cov = A))	true			unresolved	https://paulbuerkner.com/brms/articles/brms_phylogenetics.html	false	false
122	true	05c3f465e7987e8d7caa7e214fedddd90415a922	brms	phylo_simple_resid	scripts/examples/brms.jl	547	Phylogenetic Models — Additional Residual Effect	phylogenetics	phylo_simple	http://paulbuerkner.com/data/data_simple.txt	phen ~ cofactor + (1|gr(phylo, cov = A)) + (1|phylo)	phen ~ cofactor + (1|gr(phylo, cov = A)) + (1|phylo)	true			unresolved	https://paulbuerkner.com/brms/articles/brms_phylogenetics.html	false	false
123	true	05c3f465e7987e8d7caa7e214fedddd90415a922	brms	phylo_repeat_re	scripts/examples/brms.jl	563	Phylogenetic Models — Repeated Observations	phylogenetics	phylo_repeat	http://paulbuerkner.com/data/data_repeat.txt	phen ~ cofactor + (1|gr(phylo, cov = A)) + (1|species)	phen ~ cofactor + (1|gr(phylo, cov = A)) + (1|species)	true			unresolved	https://paulbuerkner.com/brms/articles/brms_phylogenetics.html	false	false
124	true	05c3f465e7987e8d7caa7e214fedddd90415a922	brms	phylo_effect	scripts/examples/brms.jl	579	Phylogenetic Models — Meta-Analysis	phylogenetics	phylo_effect	http://paulbuerkner.com/data/data_effect.txt	Zr | se(sqrt(1/(N-3))) ~ 1 + (1|gr(phylo, cov = A))	Zr | se(sqrt(1/(N-3))) ~ 1 + (1|gr(phylo, cov = A))	true			unresolved	https://paulbuerkner.com/brms/articles/brms_phylogenetics.html	false	false
125	true	05c3f465e7987e8d7caa7e214fedddd90415a922	brms	phylo_pois	scripts/examples/brms.jl	595	Phylogenetic Models — Poisson Family	phylogenetics	phylo_pois	http://paulbuerkner.com/data/data_pois.txt	phen_pois ~ cofactor + (1|gr(phylo, cov = A))	phen_pois ~ cofactor + (1|gr(phylo, cov = A))	true			unresolved	https://paulbuerkner.com/brms/articles/brms_phylogenetics.html	false	false
126	true	05c3f465e7987e8d7caa7e214fedddd90415a922	mcelreath	globe	scripts/examples/mcelreath.jl	21	Globe Tossing	globe	globe	synthetic	w | trials(n) ~ 0 + Intercept	w | trials(n) ~ 0 + Intercept	true			unresolved	synthetic	false	false
127	true	05c3f465e7987e8d7caa7e214fedddd90415a922	mcelreath	howell1_intercept	scripts/examples/mcelreath.jl	50	Heights and Weights — Intercept Only	howell1	howell1	https://github.com/rmcelreath/rethinking/blob/master/data/Howell1.csv	height ~ 1	height ~ 1	true			unresolved	https://github.com/rmcelreath/rethinking/blob/master/data/Howell1.csv	false	false
128	true	05c3f465e7987e8d7caa7e214fedddd90415a922	mcelreath	howell1_linear	scripts/examples/mcelreath.jl	69	Heights and Weights — Linear Regression	howell1	howell1	https://github.com/rmcelreath/rethinking/blob/master/data/Howell1.csv	height ~ 1 + weight_c	height ~ 1 + weight_c	true			unresolved	https://github.com/rmcelreath/rethinking/blob/master/data/Howell1.csv	false	false
129	true	05c3f465e7987e8d7caa7e214fedddd90415a922	mcelreath	howell1_quad	scripts/examples/mcelreath.jl	88	Heights and Weights — Quadratic Polynomial	howell1	howell1	https://github.com/rmcelreath/rethinking/blob/master/data/Howell1.csv	height ~ 1 + weight_s + weight_s2	height ~ 1 + weight_s + weight_s2	true			unresolved	https://github.com/rmcelreath/rethinking/blob/master/data/Howell1.csv	false	false
130	true	05c3f465e7987e8d7caa7e214fedddd90415a922	mcelreath	howell1_cubic	scripts/examples/mcelreath.jl	108	Heights and Weights — Cubic Polynomial	howell1	howell1	https://github.com/rmcelreath/rethinking/blob/master/data/Howell1.csv	height ~ 1 + weight_s + weight_s2 + weight_s3	height ~ 1 + weight_s + weight_s2 + weight_s3	true			unresolved	https://github.com/rmcelreath/rethinking/blob/master/data/Howell1.csv	false	false
131	true	05c3f465e7987e8d7caa7e214fedddd90415a922	mcelreath	howell1_nl	scripts/examples/mcelreath.jl	128	Heights and Weights — Nonlinear Exponential Growth	howell1	howell1	https://github.com/rmcelreath/rethinking/blob/master/data/Howell1.csv	bf(height ~ a + exp(lb) * weight_c, a ~ 1, lb ~ 1, nl = TRUE)	bf(height ~ a + exp(lb) * weight_c, a ~ 1, lb ~ 1, nl = TRUE)	true			unresolved	https://github.com/rmcelreath/rethinking/blob/master/data/Howell1.csv	false	false
132	true	05c3f465e7987e8d7caa7e214fedddd90415a922	mcelreath	howell1_volume	scripts/examples/mcelreath.jl	147	Heights and Weights — Nonlinear Volume Model	howell1	howell1	https://github.com/rmcelreath/rethinking/blob/master/data/Howell1.csv	bf(w ~ log(3.141593 * k * p^2 * h^3), k + p ~ 1, nl = TRUE)	bf(w ~ log(3.141593 * k * p^2 * h^3), k + p ~ 1, nl = TRUE)	true			unresolved	https://github.com/rmcelreath/rethinking/blob/master/data/Howell1.csv	false	false
133	true	05c3f465e7987e8d7caa7e214fedddd90415a922	mcelreath	cherry_blossoms	scripts/examples/mcelreath.jl	178	Cherry Blossoms — B-Spline Regression	cherry_blossoms	cherry_blossoms	https://github.com/rmcelreath/rethinking/blob/master/data/cherry_blossoms.csv	doy ~ 1 + B	doy ~ 1 + B	true			unresolved	https://github.com/rmcelreath/rethinking/blob/master/data/cherry_blossoms.csv	false	false
134	true	05c3f465e7987e8d7caa7e214fedddd90415a922	mcelreath	waffle_divorce_a	scripts/examples/mcelreath.jl	209	Waffle Divorce — Age Predicts Divorce	waffle_divorce	waffle_divorce	https://github.com/rmcelreath/rethinking/blob/master/data/WaffleDivorce.csv	D ~ 1 + A	D ~ 1 + A	true			unresolved	https://github.com/rmcelreath/rethinking/blob/master/data/WaffleDivorce.csv	false	false
135	true	05c3f465e7987e8d7caa7e214fedddd90415a922	mcelreath	waffle_divorce_m	scripts/examples/mcelreath.jl	231	Waffle Divorce — Marriage Rate Predicts Divorce	waffle_divorce	waffle_divorce	https://github.com/rmcelreath/rethinking/blob/master/data/WaffleDivorce.csv	D ~ 1 + M	D ~ 1 + M	true			unresolved	https://github.com/rmcelreath/rethinking/blob/master/data/WaffleDivorce.csv	false	false
136	true	05c3f465e7987e8d7caa7e214fedddd90415a922	mcelreath	waffle_divorce_am	scripts/examples/mcelreath.jl	253	Waffle Divorce — Multiple Regression (M's effect vanishes)	waffle_divorce	waffle_divorce	https://github.com/rmcelreath/rethinking/blob/master/data/WaffleDivorce.csv	D ~ 1 + M + A	D ~ 1 + M + A	true			unresolved	https://github.com/rmcelreath/rethinking/blob/master/data/WaffleDivorce.csv	false	false
137	true	05c3f465e7987e8d7caa7e214fedddd90415a922	mcelreath	waffle_divorce_mediator	scripts/examples/mcelreath.jl	275	Waffle Divorce — Mediator Regression (A predicts M)	waffle_divorce	waffle_divorce	https://github.com/rmcelreath/rethinking/blob/master/data/WaffleDivorce.csv	M ~ 1 + A	M ~ 1 + A	true			unresolved	https://github.com/rmcelreath/rethinking/blob/master/data/WaffleDivorce.csv	false	false
138	true	05c3f465e7987e8d7caa7e214fedddd90415a922	mcelreath	waffle_divorce_multivariate	scripts/examples/mcelreath.jl	297	Waffle Divorce — Multivariate Simultaneous Causal Model	waffle_divorce	waffle_divorce	https://github.com/rmcelreath/rethinking/blob/master/data/WaffleDivorce.csv	bf(D ~ 1 + M + A) + bf(M ~ 1 + A) + set_rescor(FALSE)	bf(D ~ 1 + M + A) + bf(M ~ 1 + A) + set_rescor(FALSE)	true			unresolved	https://github.com/rmcelreath/rethinking/blob/master/data/WaffleDivorce.csv	false	false
139	true	05c3f465e7987e8d7caa7e214fedddd90415a922	mcelreath	waffle_divorce_meas_err	scripts/examples/mcelreath.jl	319	Waffle Divorce — Measurement Error Model	waffle_divorce	waffle_divorce	https://github.com/rmcelreath/rethinking/blob/master/data/WaffleDivorce.csv	D_obs | mi(D_sd) ~ 1 + A + M	D_obs | mi(D_sd) ~ 1 + A + M	true			unresolved	https://github.com/rmcelreath/rethinking/blob/master/data/WaffleDivorce.csv	false	false
140	true	05c3f465e7987e8d7caa7e214fedddd90415a922	mcelreath	milk_neo	scripts/examples/mcelreath.jl	354	Milk Energy — Neocortex Predictor	milk	milk	https://github.com/rmcelreath/rethinking/blob/master/data/milk.csv	kcal_s ~ 1 + neo_s	kcal_s ~ 1 + neo_s	true			unresolved	https://github.com/rmcelreath/rethinking/blob/master/data/milk.csv	false	false
141	true	05c3f465e7987e8d7caa7e214fedddd90415a922	mcelreath	milk_mass	scripts/examples/mcelreath.jl	381	Milk Energy — Log Body Mass Predictor	milk	milk	https://github.com/rmcelreath/rethinking/blob/master/data/milk.csv	kcal_s ~ 1 + logmass_s	kcal_s ~ 1 + logmass_s	true			unresolved	https://github.com/rmcelreath/rethinking/blob/master/data/milk.csv	false	false
142	true	05c3f465e7987e8d7caa7e214fedddd90415a922	mcelreath	milk_both	scripts/examples/mcelreath.jl	408	Milk Energy — Neocortex and Mass (Masked Association)	milk	milk	https://github.com/rmcelreath/rethinking/blob/master/data/milk.csv	kcal_s ~ 1 + neo_s + logmass_s	kcal_s ~ 1 + neo_s + logmass_s	true			unresolved	https://github.com/rmcelreath/rethinking/blob/master/data/milk.csv	false	false
143	true	05c3f465e7987e8d7caa7e214fedddd90415a922	mcelreath	milk_clade	scripts/examples/mcelreath.jl	435	Milk Energy — Clade Index Model	milk	milk	https://github.com/rmcelreath/rethinking/blob/master/data/milk.csv	kcal_s ~ 0 + clade	kcal_s ~ 0 + clade	true			unresolved	https://github.com/rmcelreath/rethinking/blob/master/data/milk.csv	false	false
144	true	05c3f465e7987e8d7caa7e214fedddd90415a922	mcelreath	milk_mi	scripts/examples/mcelreath.jl	462	Milk Energy — Joint Missing-Data Model	milk	milk	https://github.com/rmcelreath/rethinking/blob/master/data/milk.csv	bf(k ~ 1 + mi(b) + m) + bf(b | mi() ~ 1) + set_rescor(FALSE)	bf(k ~ 1 + mi(b) + m) + bf(b | mi() ~ 1) + set_rescor(FALSE)	true			unresolved	https://github.com/rmcelreath/rethinking/blob/master/data/milk.csv	false	false
145	true	05c3f465e7987e8d7caa7e214fedddd90415a922	mcelreath	plant_growth_baseline	scripts/examples/mcelreath.jl	514	Plant Growth — Baseline (No Treatment Effect)	plant_growth	plant_growth	synthetic	h1 ~ 0 + h0	h1 ~ 0 + h0	true			unresolved	synthetic	false	false
146	true	05c3f465e7987e8d7caa7e214fedddd90415a922	mcelreath	plant_growth_biased	scripts/examples/mcelreath.jl	530	Plant Growth — Post-Treatment Bias	plant_growth	plant_growth	synthetic	bf(h1 ~ h0 * (a + t * treatment + f * fungus), a + t + f ~ 1, nl = TRUE)	bf(h1 ~ h0 * (a + t * treatment + f * fungus), a + t + f ~ 1, nl = TRUE)	true			unresolved	synthetic	false	false
147	true	05c3f465e7987e8d7caa7e214fedddd90415a922	mcelreath	plant_growth_causal	scripts/examples/mcelreath.jl	547	Plant Growth — Causal Model (Excluding Mediator)	plant_growth	plant_growth	synthetic	bf(h1 ~ h0 * (a + t * treatment), a + t ~ 1, nl = TRUE)	bf(h1 ~ h0 * (a + t * treatment), a + t ~ 1, nl = TRUE)	true			unresolved	synthetic	false	false
148	true	05c3f465e7987e8d7caa7e214fedddd90415a922	mcelreath	happiness_collider	scripts/examples/mcelreath.jl	594	Happiness — Collider Bias (Spurious Age Effect)	happiness	happiness	synthetic	happiness ~ 0 + mid + a	happiness ~ 0 + mid + a	true			unresolved	synthetic	false	false
149	true	05c3f465e7987e8d7caa7e214fedddd90415a922	mcelreath	happiness_causal	scripts/examples/mcelreath.jl	611	Happiness — Causal Model (No Age Effect)	happiness	happiness	synthetic	happiness ~ 0 + Intercept + a	happiness ~ 0 + Intercept + a	true			unresolved	synthetic	false	false
150	true	05c3f465e7987e8d7caa7e214fedddd90415a922	mcelreath	rugged_pooled	scripts/examples/mcelreath.jl	640	Terrain Ruggedness — Pooled Model	rugged	rugged	https://github.com/rmcelreath/rethinking/blob/master/data/rugged.csv	log_gdp_std ~ 1 + rugged_std_c	log_gdp_std ~ 1 + rugged_std_c	true			unresolved	https://github.com/rmcelreath/rethinking/blob/master/data/rugged.csv	false	false
151	true	05c3f465e7987e8d7caa7e214fedddd90415a922	mcelreath	rugged_continent	scripts/examples/mcelreath.jl	662	Terrain Ruggedness — Continent Intercepts	rugged	rugged	https://github.com/rmcelreath/rethinking/blob/master/data/rugged.csv	log_gdp_std ~ 0 + cid + rugged_std_c	log_gdp_std ~ 0 + cid + rugged_std_c	true			unresolved	https://github.com/rmcelreath/rethinking/blob/master/data/rugged.csv	false	false
152	true	05c3f465e7987e8d7caa7e214fedddd90415a922	mcelreath	rugged_nl	scripts/examples/mcelreath.jl	684	Terrain Ruggedness — Nonlinear Continent Slopes	rugged	rugged	https://github.com/rmcelreath/rethinking/blob/master/data/rugged.csv	bf(log_gdp_std ~ 0 + a + b * rugged_std_c, a ~ 0 + cid, b ~ 0 + cid, nl = TRUE)	bf(log_gdp_std ~ 0 + a + b * rugged_std_c, a ~ 0 + cid, b ~ 0 + cid, nl = TRUE)	true			unresolved	https://github.com/rmcelreath/rethinking/blob/master/data/rugged.csv	false	false
153	true	05c3f465e7987e8d7caa7e214fedddd90415a922	mcelreath	tulips_additive	scripts/examples/mcelreath.jl	718	Tulips — Additive Water and Shade Effects	tulips	tulips	https://github.com/rmcelreath/rethinking/blob/master/data/tulips.csv	blooms_std ~ 1 + water_cent + shade_cent	blooms_std ~ 1 + water_cent + shade_cent	true			unresolved	https://github.com/rmcelreath/rethinking/blob/master/data/tulips.csv	false	false
154	true	05c3f465e7987e8d7caa7e214fedddd90415a922	mcelreath	tulips_interaction	scripts/examples/mcelreath.jl	737	Tulips — Water × Shade Interaction	tulips	tulips	https://github.com/rmcelreath/rethinking/blob/master/data/tulips.csv	blooms_std ~ 1 + water_cent + shade_cent + water_cent:shade_cent	blooms_std ~ 1 + water_cent + shade_cent + water_cent:shade_cent	true			unresolved	https://github.com/rmcelreath/rethinking/blob/master/data/tulips.csv	false	false
155	true	05c3f465e7987e8d7caa7e214fedddd90415a922	mcelreath	hetero	scripts/examples/mcelreath.jl	773	Distributional Model — Heteroscedastic Gaussian	hetero	hetero	synthetic	bf(y ~ 1, sigma ~ 1 + x)	bf(y ~ 1, sigma ~ 1 + x)	true			unresolved	synthetic	false	false
156	true	05c3f465e7987e8d7caa7e214fedddd90415a922	mcelreath	chimpanzees_intercept	scripts/examples/mcelreath.jl	803	Chimpanzees — Intercept Only	chimpanzees	chimpanzees	https://github.com/rmcelreath/rethinking/blob/master/data/chimpanzees.csv	pulled_left | trials(1) ~ 1	pulled_left | trials(1) ~ 1	true			unresolved	https://github.com/rmcelreath/rethinking/blob/master/data/chimpanzees.csv	false	false
157	true	05c3f465e7987e8d7caa7e214fedddd90415a922	mcelreath	chimpanzees_actors	scripts/examples/mcelreath.jl	823	Chimpanzees — Actor-Indexed Intercepts and Treatment Effects	chimpanzees	chimpanzees	https://github.com/rmcelreath/rethinking/blob/master/data/chimpanzees.csv	bf(pulled_left | trials(1) ~ a + b, a ~ 0 + actor, b ~ 0 + treatment, nl = TRUE)	bf(pulled_left | trials(1) ~ a + b, a ~ 0 + actor, b ~ 0 + treatment, nl = TRUE)	true			unresolved	https://github.com/rmcelreath/rethinking/blob/master/data/chimpanzees.csv	false	false
158	true	05c3f465e7987e8d7caa7e214fedddd90415a922	mcelreath	chimpanzees_multilevel	scripts/examples/mcelreath.jl	842	Chimpanzees — Multilevel Partial Pooling	chimpanzees	chimpanzees	https://github.com/rmcelreath/rethinking/blob/master/data/chimpanzees.csv	bf(pulled_left | trials(1) ~ a + b, a ~ 1 + (1 | actor) + (1 | block), b ~ 0 + treatment, nl = TRUE)	bf(pulled_left | trials(1) ~ a + b, a ~ 1 + (1 | actor) + (1 | block), b ~ 0 + treatment, nl = TRUE)	true			unresolved	https://github.com/rmcelreath/rethinking/blob/master/data/chimpanzees.csv	false	false
159	true	05c3f465e7987e8d7caa7e214fedddd90415a922	mcelreath	chimpanzees_slopes	scripts/examples/mcelreath.jl	862	Chimpanzees — Varying Slopes by Treatment	chimpanzees	chimpanzees	https://github.com/rmcelreath/rethinking/blob/master/data/chimpanzees.csv	pulled_left | trials(1) ~ 0 + treatment + (0 + treatment | actor) + (0 + treatment | block)	pulled_left | trials(1) ~ 0 + treatment + (0 + treatment | actor) + (0 + treatment | block)	true			unresolved	https://github.com/rmcelreath/rethinking/blob/master/data/chimpanzees.csv	false	false
160	true	05c3f465e7987e8d7caa7e214fedddd90415a922	mcelreath	ucbadmit_gender	scripts/examples/mcelreath.jl	893	UC Berkeley Admissions — Gender Gap	ucbadmit	ucbadmit	https://github.com/rmcelreath/rethinking/blob/master/data/UCBadmit.csv	admit | trials(applications) ~ 0 + gid	admit | trials(applications) ~ 0 + gid	true			unresolved	https://github.com/rmcelreath/rethinking/blob/master/data/UCBadmit.csv	false	false
161	true	05c3f465e7987e8d7caa7e214fedddd90415a922	mcelreath	ucbadmit_dept	scripts/examples/mcelreath.jl	911	UC Berkeley Admissions — Gender + Department	ucbadmit	ucbadmit	https://github.com/rmcelreath/rethinking/blob/master/data/UCBadmit.csv	bf(admit | trials(applications) ~ a + d, a ~ 0 + gid, d ~ 0 + dept, nl = TRUE)	bf(admit | trials(applications) ~ a + d, a ~ 0 + gid, d ~ 0 + dept, nl = TRUE)	true			unresolved	https://github.com/rmcelreath/rethinking/blob/master/data/UCBadmit.csv	false	false
162	true	05c3f465e7987e8d7caa7e214fedddd90415a922	mcelreath	ucbadmit_beta_binomial	scripts/examples/mcelreath.jl	929	UC Berkeley Admissions — Beta-Binomial	ucbadmit	ucbadmit	https://github.com/rmcelreath/rethinking/blob/master/data/UCBadmit.csv	admit | vint(applications) ~ 0 + gid	admit | vint(applications) ~ 0 + gid	true			unresolved	https://github.com/rmcelreath/rethinking/blob/master/data/UCBadmit.csv	false	false
163	true	05c3f465e7987e8d7caa7e214fedddd90415a922	mcelreath	kline_intercept	scripts/examples/mcelreath.jl	969	Kline Island — Intercept-Only Poisson	kline	kline	https://github.com/rmcelreath/rethinking/blob/master/data/Kline.csv	total_tools ~ 1	total_tools ~ 1	true			unresolved	https://github.com/rmcelreath/rethinking/blob/master/data/Kline.csv	false	false
164	true	05c3f465e7987e8d7caa7e214fedddd90415a922	mcelreath	kline_contact	scripts/examples/mcelreath.jl	988	Kline Island — Contact-Indexed Intercepts and Log-Population Slopes	kline	kline	https://github.com/rmcelreath/rethinking/blob/master/data/Kline.csv	bf(total_tools ~ a + b * log_pop_std, a + b ~ 0 + cid, nl = TRUE)	bf(total_tools ~ a + b * log_pop_std, a + b ~ 0 + cid, nl = TRUE)	true			unresolved	https://github.com/rmcelreath/rethinking/blob/master/data/Kline.csv	false	false
165	true	05c3f465e7987e8d7caa7e214fedddd90415a922	mcelreath	kline_power	scripts/examples/mcelreath.jl	1007	Kline Island — Scientific Power-Law Model	kline	kline	https://github.com/rmcelreath/rethinking/blob/master/data/Kline.csv	bf(total_tools ~ exp(a) * population^b / g, a + b ~ 0 + cid, g ~ 1, nl = TRUE)	bf(total_tools ~ exp(a) * population^b / g, a + b ~ 0 + cid, g ~ 1, nl = TRUE)	true			unresolved	https://github.com/rmcelreath/rethinking/blob/master/data/Kline.csv	false	false
166	true	05c3f465e7987e8d7caa7e214fedddd90415a922	mcelreath	kline2	scripts/examples/mcelreath.jl	1026	Kline Island — Gaussian Process over Geography	kline2	kline2	https://github.com/rmcelreath/rethinking/blob/master/data/Kline2.csv	bf(total_tools ~ exp(a) * population^b / g, a ~ 1 + gp(lat_adj, lon2_adj, scale=FALSE), b + g ~ 1, nl = TRUE)	bf(total_tools ~ exp(a) * population^b / g, a ~ 1 + gp(lat_adj, lon2_adj, scale=FALSE), b + g ~ 1, nl = TRUE)	true			unresolved	https://github.com/rmcelreath/rethinking/blob/master/data/Kline2.csv	false	false
167	true	05c3f465e7987e8d7caa7e214fedddd90415a922	mcelreath	trolley_intercept	scripts/examples/mcelreath.jl	1060	Trolley — Intercept Only (6 Thresholds)	trolley	trolley	https://github.com/rmcelreath/rethinking/blob/master/data/Trolley.csv	response ~ 1	response ~ 1	true			unresolved	https://github.com/rmcelreath/rethinking/blob/master/data/Trolley.csv	false	false
168	true	05c3f465e7987e8d7caa7e214fedddd90415a922	mcelreath	trolley_effects	scripts/examples/mcelreath.jl	1082	Trolley — Action, Contact, and Intention Effects	trolley	trolley	https://github.com/rmcelreath/rethinking/blob/master/data/Trolley.csv	response ~ 1 + action + contact + intention + intention:action + intention:contact	response ~ 1 + action + contact + intention + intention:action + intention:contact	true			unresolved	https://github.com/rmcelreath/rethinking/blob/master/data/Trolley.csv	false	false
169	true	05c3f465e7987e8d7caa7e214fedddd90415a922	mcelreath	trolley_edu	scripts/examples/mcelreath.jl	1103	Trolley — Monotonic Education Effect	trolley	trolley	https://github.com/rmcelreath/rethinking/blob/master/data/Trolley.csv	response ~ 1 + action + contact + intention + mo(edu_new)	response ~ 1 + action + contact + intention + mo(edu_new)	true			unresolved	https://github.com/rmcelreath/rethinking/blob/master/data/Trolley.csv	false	false
170	true	05c3f465e7987e8d7caa7e214fedddd90415a922	mcelreath	reedfrogs_nopooling	scripts/examples/mcelreath.jl	1138	Reed Frogs — No-Pooling Model	reedfrogs	reedfrogs	https://github.com/rmcelreath/rethinking/blob/master/data/reedfrogs.csv	surv | trials(density) ~ 0 + factor(tank)	surv | trials(density) ~ 0 + factor(tank)	true			unresolved	https://github.com/rmcelreath/rethinking/blob/master/data/reedfrogs.csv	false	false
171	true	05c3f465e7987e8d7caa7e214fedddd90415a922	mcelreath	reedfrogs_partial	scripts/examples/mcelreath.jl	1156	Reed Frogs — Partial Pooling via Multilevel Model	reedfrogs	reedfrogs	https://github.com/rmcelreath/rethinking/blob/master/data/reedfrogs.csv	surv | trials(density) ~ 1 + (1 | tank)	surv | trials(density) ~ 1 + (1 | tank)	true			unresolved	https://github.com/rmcelreath/rethinking/blob/master/data/reedfrogs.csv	false	false
172	true	05c3f465e7987e8d7caa7e214fedddd90415a922	mcelreath	cafe	scripts/examples/mcelreath.jl	1202	Café Visit Times — Varying Slopes	cafe	cafe	synthetic	wait ~ 1 + afternoon + (1 + afternoon | cafe)	wait ~ 1 + afternoon + (1 + afternoon | cafe)	true			unresolved	synthetic	false	false
173	true	05c3f465e7987e8d7caa7e214fedddd90415a922	mcelreath	primates301_ols	scripts/examples/mcelreath.jl	1232	Primates — OLS Without Phylogeny	primates301	primates301	https://github.com/rmcelreath/rethinking/blob/master/data/Primates301.csv	b ~ 1 + m + g	b ~ 1 + m + g	true			unresolved	https://github.com/rmcelreath/rethinking/blob/master/data/Primates301.csv	false	false
174	true	05c3f465e7987e8d7caa7e214fedddd90415a922	mcelreath	primates301_phylo	scripts/examples/mcelreath.jl	1251	Primates — Phylogenetic Regression	primates301	primates301	https://github.com/rmcelreath/rethinking/blob/master/data/Primates301.csv	b ~ 1 + m + g + fcor(R)	b ~ 1 + m + g + fcor(R)	true			unresolved	https://github.com/rmcelreath/rethinking/blob/master/data/Primates301.csv	false	false
175	true	05c3f465e7987e8d7caa7e214fedddd90415a922	mcelreath	moralizing_gods	scripts/examples/mcelreath.jl	1284	Moralizing Gods — Missing-Data Handling	moralizing_gods	moralizing_gods	https://github.com/rmcelreath/rethinking/blob/master/data/Moralizing_gods.csv	moralizing_gods | trials(1) ~ 1 + writing	moralizing_gods | trials(1) ~ 1 + writing	true			unresolved	https://github.com/rmcelreath/rethinking/blob/master/data/Moralizing_gods.csv	false	false
176	true	05c3f465e7987e8d7caa7e214fedddd90415a922	mcelreath	panda_nuts	scripts/examples/mcelreath.jl	1314	Panda Nuts — Nonlinear Learning-Curve Model	panda_nuts	panda_nuts	https://github.com/rmcelreath/rethinking/blob/master/data/Panda_nuts.csv	bf(n_panda ~ seconds * phi * (1 - exp(-k * age_s))^theta, phi + k + theta ~ 1, nl = TRUE)	bf(n_panda ~ seconds * phi * (1 - exp(-k * age_s))^theta, phi + k + theta ~ 1, nl = TRUE)	true			unresolved	https://github.com/rmcelreath/rethinking/blob/master/data/Panda_nuts.csv	false	false
177	true	05c3f465e7987e8d7caa7e214fedddd90415a922	mcelreath	lynx_hare_ar	scripts/examples/mcelreath.jl	1345	Lynx and Hare — AR(1) Autoregressive Model	lynx_hare	lynx_hare	https://github.com/rmcelreath/rethinking/blob/master/data/Lynx_Hare.csv	Hare ~ 1 + ar(time = Year, p = 1)	Hare ~ 1 + ar(time = Year, p = 1)	true			unresolved	https://github.com/rmcelreath/rethinking/blob/master/data/Lynx_Hare.csv	false	false
178	true	05c3f465e7987e8d7caa7e214fedddd90415a922	mcelreath	lynx_hare_lag	scripts/examples/mcelreath.jl	1364	Lynx and Hare — Lag-1 Regression	lynx_hare	lynx_hare	https://github.com/rmcelreath/rethinking/blob/master/data/Lynx_Hare.csv	Hare ~ 1 + Hare_1	Hare ~ 1 + Hare_1	true			unresolved	https://github.com/rmcelreath/rethinking/blob/master/data/Lynx_Hare.csv	false	false
179	true	05c3f465e7987e8d7caa7e214fedddd90415a922	mcelreath	lynx_hare_mi	scripts/examples/mcelreath.jl	1384	Lynx and Hare — Missing-Data Model for Lagged Hare	lynx_hare	lynx_hare	https://github.com/rmcelreath/rethinking/blob/master/data/Lynx_Hare.csv	bf(Hare ~ 1 + mi(Hare_1)) + bf(Hare_1 | mi() ~ 1) + set_rescor(FALSE)	bf(Hare ~ 1 + mi(Hare_1)) + bf(Hare_1 | mi() ~ 1) + set_rescor(FALSE)	true			unresolved	https://github.com/rmcelreath/rethinking/blob/master/data/Lynx_Hare.csv	false	false
180	true	05c3f465e7987e8d7caa7e214fedddd90415a922	mcelreath	lynx_hare_var	scripts/examples/mcelreath.jl	1403	Lynx and Hare — Bivariate VAR(1)	lynx_hare	lynx_hare	https://github.com/rmcelreath/rethinking/blob/master/data/Lynx_Hare.csv	bf(Hare ~ 0 + Intercept + Hare_1 + Lynx_1) + bf(Lynx ~ 0 + Intercept + Lynx_1 + Hare_1) + set_rescor(FALSE)	bf(Hare ~ 0 + Intercept + Hare_1 + Lynx_1) + bf(Lynx ~ 0 + Intercept + Lynx_1 + Hare_1) + set_rescor(FALSE)	true			unresolved	https://github.com/rmcelreath/rethinking/blob/master/data/Lynx_Hare.csv	false	false
181	true	05c3f465e7987e8d7caa7e214fedddd90415a922	mcelreath	mcelreath_btdata_intercept	scripts/examples/mcelreath.jl	1437	Blue Tit Morphology — Intercept Only	btdata	btdata	https://vincentarelbundock.github.io/Rdatasets/csv/MCMCglmm/BTdata.csv	mvbind(tarsus, back) ~ 1	mvbind(tarsus, back) ~ 1	true			unresolved	https://vincentarelbundock.github.io/Rdatasets/csv/MCMCglmm/BTdata.csv	false	false
182	true	05c3f465e7987e8d7caa7e214fedddd90415a922	mcelreath	mcelreath_btdata_full	scripts/examples/mcelreath.jl	1454	Blue Tit Morphology — Full Model	btdata	btdata	https://vincentarelbundock.github.io/Rdatasets/csv/MCMCglmm/BTdata.csv	mvbind(tarsus, back) ~ sex + hatchdate + (1 | p | fosternest) + (1 | q | dam)	mvbind(tarsus, back) ~ sex + hatchdate + (1 | p | fosternest) + (1 | q | dam)	true			unresolved	https://vincentarelbundock.github.io/Rdatasets/csv/MCMCglmm/BTdata.csv	false	false
183	true	05c3f465e7987e8d7caa7e214fedddd90415a922	mcelreath	mcelreath_btdata_interaction	scripts/examples/mcelreath.jl	1471	Blue Tit Morphology — Sex × Hatchdate Interaction	btdata	btdata	https://vincentarelbundock.github.io/Rdatasets/csv/MCMCglmm/BTdata.csv	mvbind(tarsus, back) ~ sex * hatchdate + (1 | p | fosternest) + (1 | q | dam)	mvbind(tarsus, back) ~ sex * hatchdate + (1 | p | fosternest) + (1 | q | dam)	true			unresolved	https://vincentarelbundock.github.io/Rdatasets/csv/MCMCglmm/BTdata.csv	false	false
184	true	05c3f465e7987e8d7caa7e214fedddd90415a922	kruschke	z15n50	scripts/examples/kruschke.jl	32	Coin-Flip — Bernoulli Intercept	z15n50	z15n50	synthetic	y ~ 1	y ~ 1	true			unresolved	synthetic	false	false
185	true	05c3f465e7987e8d7caa7e214fedddd90415a922	kruschke	z6n8z2n7	scripts/examples/kruschke.jl	48	Coin-Flip — Two-Mint Separate Intercepts	z6n8z2n7	z6n8z2n7	synthetic	y ~ 0 + s	y ~ 0 + s	true			unresolved	synthetic	false	false
186	true	05c3f465e7987e8d7caa7e214fedddd90415a922	kruschke	therapeutic_touch	scripts/examples/kruschke.jl	86	Hierarchical Bernoulli — Therapeutic Touch	therapeutic_touch	therapeutic_touch	https://raw.githubusercontent.com/ASKurz/Doing-Bayesian-Data-Analysis-in-brms-and-the-tidyverse/master/data.R/TherapeuticTouchData.csv	y ~ 1 + (1 | s)	y ~ 1 + (1 | s)	true			unresolved	https://raw.githubusercontent.com/ASKurz/Doing-Bayesian-Data-Analysis-in-brms-and-the-tidyverse/master/data.R/TherapeuticTouchData.csv	false	false
187	true	05c3f465e7987e8d7caa7e214fedddd90415a922	kruschke	batting_average	scripts/examples/kruschke.jl	102	Hierarchical Binomial — MLB Batting Average	batting_average	batting_average	https://raw.githubusercontent.com/ASKurz/Doing-Bayesian-Data-Analysis-in-brms-and-the-tidyverse/master/data.R/BattingAverage.csv	Hits | trials(AtBats) ~ 1 + (1 | PriPos) + (1 | PriPos:Player)	Hits | trials(AtBats) ~ 1 + (1 | PriPos) + (1 | PriPos:Player)	true			unresolved	https://raw.githubusercontent.com/ASKurz/Doing-Bayesian-Data-Analysis-in-brms-and-the-tidyverse/master/data.R/BattingAverage.csv	false	false
188	true	05c3f465e7987e8d7caa7e214fedddd90415a922	kruschke	recall_conditions	scripts/examples/kruschke.jl	139	Binomial Recall — Separate Probability per Condition	recall	recall	synthetic	n_recalled | trials(20) ~ 0 + condition	n_recalled | trials(20) ~ 0 + condition	true			unresolved	synthetic	false	false
189	true	05c3f465e7987e8d7caa7e214fedddd90415a922	kruschke	recall_pooled	scripts/examples/kruschke.jl	155	Binomial Recall — Pooled Single Intercept	recall	recall	synthetic	n_recalled | trials(20) ~ 1	n_recalled | trials(20) ~ 1	true			unresolved	synthetic	false	false
190	true	05c3f465e7987e8d7caa7e214fedddd90415a922	kruschke	two_group_iq_baseline	scripts/examples/kruschke.jl	182	Two-Group IQ — Single-Group Baseline	two_group_iq	two_group_iq	https://raw.githubusercontent.com/ASKurz/Doing-Bayesian-Data-Analysis-in-brms-and-the-tidyverse/master/data.R/TwoGroupIQ.csv	Score ~ 1	Score ~ 1	true			unresolved	https://raw.githubusercontent.com/ASKurz/Doing-Bayesian-Data-Analysis-in-brms-and-the-tidyverse/master/data.R/TwoGroupIQ.csv	false	false
191	true	05c3f465e7987e8d7caa7e214fedddd90415a922	kruschke	two_group_iq_hetero	scripts/examples/kruschke.jl	198	Two-Group IQ — Heteroscedastic Groups	two_group_iq	two_group_iq	https://raw.githubusercontent.com/ASKurz/Doing-Bayesian-Data-Analysis-in-brms-and-the-tidyverse/master/data.R/TwoGroupIQ.csv	bf(Score ~ 0 + Group, sigma ~ 0 + Group)	bf(Score ~ 0 + Group, sigma ~ 0 + Group)	true			unresolved	https://raw.githubusercontent.com/ASKurz/Doing-Bayesian-Data-Analysis-in-brms-and-the-tidyverse/master/data.R/TwoGroupIQ.csv	false	false
192	true	05c3f465e7987e8d7caa7e214fedddd90415a922	kruschke	calcium	scripts/examples/kruschke.jl	229	Calcium RCT — Separate Group Means	calcium	calcium	https://jse.amstat.org/datasets/calcium.dat.txt	decrease ~ 0 + treatment	decrease ~ 0 + treatment	true			unresolved	https://jse.amstat.org/datasets/calcium.dat.txt	false	false
193	true	05c3f465e7987e8d7caa7e214fedddd90415a922	kruschke	htwt	scripts/examples/kruschke.jl	297	Simple Linear Regression — Height Predicts Weight	htwt	htwt	https://raw.githubusercontent.com/ASKurz/Doing-Bayesian-Data-Analysis-in-brms-and-the-tidyverse/master/data.R/HtWtData300.csv	weight_z ~ 1 + height_z	weight_z ~ 1 + height_z	true			unresolved	https://raw.githubusercontent.com/ASKurz/Doing-Bayesian-Data-Analysis-in-brms-and-the-tidyverse/master/data.R/HtWtData300.csv	false	false
194	true	05c3f465e7987e8d7caa7e214fedddd90415a922	kruschke	hier_linreg	scripts/examples/kruschke.jl	315	Hierarchical Linear Regression — Varying Intercepts and Slopes	hier_linreg	hier_linreg	https://raw.githubusercontent.com/ASKurz/Doing-Bayesian-Data-Analysis-in-brms-and-the-tidyverse/master/data.R/HierLinRegressData.csv	y_z ~ 1 + x_z + (1 + x_z || Subj)	y_z ~ 1 + x_z + (1 + x_z || Subj)	true			unresolved	https://raw.githubusercontent.com/ASKurz/Doing-Bayesian-Data-Analysis-in-brms-and-the-tidyverse/master/data.R/HierLinRegressData.csv	false	false
195	true	05c3f465e7987e8d7caa7e214fedddd90415a922	kruschke	income_famsize	scripts/examples/kruschke.jl	333	Income by Family Size — Measurement-Error Model	income_famsize	income_famsize	https://raw.githubusercontent.com/ASKurz/Doing-Bayesian-Data-Analysis-in-brms-and-the-tidyverse/master/data.R/IncomeFamszState3yr.csv	median_income_z | se(se_z, sigma = TRUE) ~ 1 + family_size_z + I(family_size_z^2) + (1 + family_size_z + I(family_size_z^2) || State)	median_income_z | se(se_z, sigma = TRUE) ~ 1 + family_size_z + I(family_size_z^2) + (1 + family_size_z + I(family_size_z^2) || State)	true			unresolved	https://raw.githubusercontent.com/ASKurz/Doing-Bayesian-Data-Analysis-in-brms-and-the-tidyverse/master/data.R/IncomeFamszState3yr.csv	false	false
196	true	05c3f465e7987e8d7caa7e214fedddd90415a922	kruschke	guber1999_base	scripts/examples/kruschke.jl	363	Guber 1999 — Base Multiple Regression	guber1999	guber1999	https://raw.githubusercontent.com/ASKurz/Doing-Bayesian-Data-Analysis-in-brms-and-the-tidyverse/master/data.R/Guber1999data.csv	satt_z ~ 1 + spend_z + prcnt_take_z	satt_z ~ 1 + spend_z + prcnt_take_z	true			unresolved	https://raw.githubusercontent.com/ASKurz/Doing-Bayesian-Data-Analysis-in-brms-and-the-tidyverse/master/data.R/Guber1999data.csv	false	false
197	true	05c3f465e7987e8d7caa7e214fedddd90415a922	kruschke	guber1999_complement	scripts/examples/kruschke.jl	390	Guber 1999 — Complement Proportion Predictor	guber1999	guber1999	https://raw.githubusercontent.com/ASKurz/Doing-Bayesian-Data-Analysis-in-brms-and-the-tidyverse/master/data.R/Guber1999data.csv	satt_z ~ 0 + Intercept + spend_z + prcnt_take_z + prop_not_take_z	satt_z ~ 0 + Intercept + spend_z + prcnt_take_z + prop_not_take_z	true			unresolved	https://raw.githubusercontent.com/ASKurz/Doing-Bayesian-Data-Analysis-in-brms-and-the-tidyverse/master/data.R/Guber1999data.csv	false	false
198	true	05c3f465e7987e8d7caa7e214fedddd90415a922	kruschke	guber1999_interaction	scripts/examples/kruschke.jl	417	Guber 1999 — Interaction Term	guber1999	guber1999	https://raw.githubusercontent.com/ASKurz/Doing-Bayesian-Data-Analysis-in-brms-and-the-tidyverse/master/data.R/Guber1999data.csv	satt_z ~ 1 + spend_z + prcnt_take_z + interaction_z	satt_z ~ 1 + spend_z + prcnt_take_z + interaction_z	true			unresolved	https://raw.githubusercontent.com/ASKurz/Doing-Bayesian-Data-Analysis-in-brms-and-the-tidyverse/master/data.R/Guber1999data.csv	false	false
199	true	05c3f465e7987e8d7caa7e214fedddd90415a922	kruschke	fruitfly_hierarchical	scripts/examples/kruschke.jl	455	Fruitfly — Hierarchical One-Way ANOVA	fruitfly	fruitfly	https://raw.githubusercontent.com/ASKurz/Doing-Bayesian-Data-Analysis-in-brms-and-the-tidyverse/master/data.R/FruitflyDataReduced.csv	Longevity ~ 1 + (1 | CompanionNumber)	Longevity ~ 1 + (1 | CompanionNumber)	true			unresolved	https://raw.githubusercontent.com/ASKurz/Doing-Bayesian-Data-Analysis-in-brms-and-the-tidyverse/master/data.R/FruitflyDataReduced.csv	false	false
200	true	05c3f465e7987e8d7caa7e214fedddd90415a922	kruschke	fruitfly_pooled	scripts/examples/kruschke.jl	472	Fruitfly — Pooled Baseline	fruitfly	fruitfly	https://raw.githubusercontent.com/ASKurz/Doing-Bayesian-Data-Analysis-in-brms-and-the-tidyverse/master/data.R/FruitflyDataReduced.csv	Longevity ~ 1	Longevity ~ 1	true			unresolved	https://raw.githubusercontent.com/ASKurz/Doing-Bayesian-Data-Analysis-in-brms-and-the-tidyverse/master/data.R/FruitflyDataReduced.csv	false	false
201	true	05c3f465e7987e8d7caa7e214fedddd90415a922	kruschke	fruitfly_robust	scripts/examples/kruschke.jl	489	Fruitfly — Robust ANOVA with Heterogeneous Sigma	fruitfly	fruitfly	https://raw.githubusercontent.com/ASKurz/Doing-Bayesian-Data-Analysis-in-brms-and-the-tidyverse/master/data.R/FruitflyDataReduced.csv	bf(Longevity ~ 0 + CompanionNumber, sigma ~ 0 + CompanionNumber)	bf(Longevity ~ 0 + CompanionNumber, sigma ~ 0 + CompanionNumber)	true			unresolved	https://raw.githubusercontent.com/ASKurz/Doing-Bayesian-Data-Analysis-in-brms-and-the-tidyverse/master/data.R/FruitflyDataReduced.csv	false	false
202	true	05c3f465e7987e8d7caa7e214fedddd90415a922	kruschke	fruitfly_ancova	scripts/examples/kruschke.jl	506	Fruitfly — ANCOVA with Thorax Covariate	fruitfly	fruitfly	https://raw.githubusercontent.com/ASKurz/Doing-Bayesian-Data-Analysis-in-brms-and-the-tidyverse/master/data.R/FruitflyDataReduced.csv	Longevity ~ 1 + thorax_c + (1 | CompanionNumber)	Longevity ~ 1 + thorax_c + (1 | CompanionNumber)	true			unresolved	https://raw.githubusercontent.com/ASKurz/Doing-Bayesian-Data-Analysis-in-brms-and-the-tidyverse/master/data.R/FruitflyDataReduced.csv	false	false
203	true	05c3f465e7987e8d7caa7e214fedddd90415a922	kruschke	fruitfly_anhecova	scripts/examples/kruschke.jl	523	Fruitfly — ANHECOVA with Random Thorax Slope	fruitfly	fruitfly	https://raw.githubusercontent.com/ASKurz/Doing-Bayesian-Data-Analysis-in-brms-and-the-tidyverse/master/data.R/FruitflyDataReduced.csv	Longevity ~ 1 + thorax_c + (1 + thorax_c | CompanionNumber)	Longevity ~ 1 + thorax_c + (1 + thorax_c | CompanionNumber)	true			unresolved	https://raw.githubusercontent.com/ASKurz/Doing-Bayesian-Data-Analysis-in-brms-and-the-tidyverse/master/data.R/FruitflyDataReduced.csv	false	false
204	true	05c3f465e7987e8d7caa7e214fedddd90415a922	kruschke	salary_anova	scripts/examples/kruschke.jl	560	Salary — Two-Way Random Effects ANOVA	salary	salary	https://raw.githubusercontent.com/ASKurz/Doing-Bayesian-Data-Analysis-in-brms-and-the-tidyverse/master/data.R/Salary.csv	Salary ~ 1 + (1 | Pos) + (1 | Org) + (1 | Pos:Org)	Salary ~ 1 + (1 | Pos) + (1 | Org) + (1 | Pos:Org)	true			unresolved	https://raw.githubusercontent.com/ASKurz/Doing-Bayesian-Data-Analysis-in-brms-and-the-tidyverse/master/data.R/Salary.csv	false	false
205	true	05c3f465e7987e8d7caa7e214fedddd90415a922	kruschke	salary_robust	scripts/examples/kruschke.jl	576	Salary — Robust ANOVA with Heterogeneous Residual Variance	salary	salary	https://raw.githubusercontent.com/ASKurz/Doing-Bayesian-Data-Analysis-in-brms-and-the-tidyverse/master/data.R/Salary.csv	bf(Salary ~ 1 + (1 | Pos) + (1 | Org) + (1 | Pos:Org), sigma ~ 1 + (1 | Pos:Org))	bf(Salary ~ 1 + (1 | Pos) + (1 | Org) + (1 | Pos:Org), sigma ~ 1 + (1 | Pos:Org))	true			unresolved	https://raw.githubusercontent.com/ASKurz/Doing-Bayesian-Data-Analysis-in-brms-and-the-tidyverse/master/data.R/Salary.csv	false	false
206	true	05c3f465e7987e8d7caa7e214fedddd90415a922	kruschke	splitplot_field	scripts/examples/kruschke.jl	592	Split-Plot ANOVA — With Field Blocking	splitplot	splitplot	https://raw.githubusercontent.com/ASKurz/Doing-Bayesian-Data-Analysis-in-brms-and-the-tidyverse/master/data.R/SplitPlotAgriData.csv	Yield ~ 1 + (1 | Till) + (1 | Fert) + (1 | Field) + (1 | Till:Fert)	Yield ~ 1 + (1 | Till) + (1 | Fert) + (1 | Field) + (1 | Till:Fert)	true			unresolved	https://raw.githubusercontent.com/ASKurz/Doing-Bayesian-Data-Analysis-in-brms-and-the-tidyverse/master/data.R/SplitPlotAgriData.csv	false	false
207	true	05c3f465e7987e8d7caa7e214fedddd90415a922	kruschke	splitplot_nofield	scripts/examples/kruschke.jl	608	Split-Plot ANOVA — Without Field Blocking	splitplot	splitplot	https://raw.githubusercontent.com/ASKurz/Doing-Bayesian-Data-Analysis-in-brms-and-the-tidyverse/master/data.R/SplitPlotAgriData.csv	Yield ~ 1 + (1 | Till) + (1 | Fert) + (1 | Till:Fert)	Yield ~ 1 + (1 | Till) + (1 | Fert) + (1 | Till:Fert)	true			unresolved	https://raw.githubusercontent.com/ASKurz/Doing-Bayesian-Data-Analysis-in-brms-and-the-tidyverse/master/data.R/SplitPlotAgriData.csv	false	false
208	true	05c3f465e7987e8d7caa7e214fedddd90415a922	kruschke	htwt110_single	scripts/examples/kruschke.jl	635	Logistic Regression — Single Predictor (Weight)	htwt110	htwt110	https://raw.githubusercontent.com/ASKurz/Doing-Bayesian-Data-Analysis-in-brms-and-the-tidyverse/master/data.R/HtWtData110.csv	male ~ 1 + weight_z	male ~ 1 + weight_z	true			unresolved	https://raw.githubusercontent.com/ASKurz/Doing-Bayesian-Data-Analysis-in-brms-and-the-tidyverse/master/data.R/HtWtData110.csv	false	false
209	true	05c3f465e7987e8d7caa7e214fedddd90415a922	kruschke	htwt110_two_pred	scripts/examples/kruschke.jl	653	Logistic Regression — Two Predictors (Weight and Height)	htwt110	htwt110	https://raw.githubusercontent.com/ASKurz/Doing-Bayesian-Data-Analysis-in-brms-and-the-tidyverse/master/data.R/HtWtData110.csv	male ~ 1 + weight_z + height_z	male ~ 1 + weight_z + height_z	true			unresolved	https://raw.githubusercontent.com/ASKurz/Doing-Bayesian-Data-Analysis-in-brms-and-the-tidyverse/master/data.R/HtWtData110.csv	false	false
210	true	05c3f465e7987e8d7caa7e214fedddd90415a922	kruschke	htwt110_robust	scripts/examples/kruschke.jl	671	Robust Logistic Regression — Mixture with Guessing	htwt110	htwt110	https://raw.githubusercontent.com/ASKurz/Doing-Bayesian-Data-Analysis-in-brms-and-the-tidyverse/master/data.R/HtWtData110.csv	bf(male ~ a * 0.5 + (1 - a) * 1 / (1 + exp(-(b0 + b1 * weight_z))), a + b0 + b1 ~ 1, nl = TRUE)	bf(male ~ a * 0.5 + (1 - a) * 1 / (1 + exp(-(b0 + b1 * weight_z))), a + b0 + b1 ~ 1, nl = TRUE)	true			unresolved	https://raw.githubusercontent.com/ASKurz/Doing-Bayesian-Data-Analysis-in-brms-and-the-tidyverse/master/data.R/HtWtData110.csv	false	false
211	true	05c3f465e7987e8d7caa7e214fedddd90415a922	kruschke	softmax_categorical	scripts/examples/kruschke.jl	739	Softmax — Categorical Regression with Two Predictors	softmax	softmax1	https://raw.githubusercontent.com/ASKurz/Doing-Bayesian-Data-Analysis-in-brms-and-the-tidyverse/master/data.R/SoftmaxRegData1.csv	Y ~ 0 + Intercept + X1 + X2	Y ~ 0 + Intercept + X1 + X2	true			unresolved	https://raw.githubusercontent.com/ASKurz/Doing-Bayesian-Data-Analysis-in-brms-and-the-tidyverse/master/data.R/SoftmaxRegData1.csv	false	false
212	true	05c3f465e7987e8d7caa7e214fedddd90415a922	kruschke	softmax_baseline	scripts/examples/kruschke.jl	755	Softmax — Intercepts-Only Baseline	softmax	softmax1	https://raw.githubusercontent.com/ASKurz/Doing-Bayesian-Data-Analysis-in-brms-and-the-tidyverse/master/data.R/SoftmaxRegData1.csv	Y ~ 1	Y ~ 1	true			unresolved	https://raw.githubusercontent.com/ASKurz/Doing-Bayesian-Data-Analysis-in-brms-and-the-tidyverse/master/data.R/SoftmaxRegData1.csv	false	false
213	true	05c3f465e7987e8d7caa7e214fedddd90415a922	kruschke	condlog1_ordinal	scripts/examples/kruschke.jl	771	Conditional Logistic — Ordinal Regression (Data Set 1)	softmax	condlog1	https://raw.githubusercontent.com/ASKurz/Doing-Bayesian-Data-Analysis-in-brms-and-the-tidyverse/master/data.R/CondLogistRegData1.csv	Y_ord ~ 1 + cs(X1) + cs(X2)	Y_ord ~ 1 + cs(X1) + cs(X2)	true			unresolved	https://raw.githubusercontent.com/ASKurz/Doing-Bayesian-Data-Analysis-in-brms-and-the-tidyverse/master/data.R/CondLogistRegData1.csv	false	false
214	true	05c3f465e7987e8d7caa7e214fedddd90415a922	kruschke	condlog2_ordinal	scripts/examples/kruschke.jl	787	Conditional Logistic — Ordinal Regression (Data Set 2)	softmax	condlog2	https://raw.githubusercontent.com/ASKurz/Doing-Bayesian-Data-Analysis-in-brms-and-the-tidyverse/master/data.R/CondLogistRegData2.csv	Y_ord ~ 1 + cs(X1) + cs(X2)	Y_ord ~ 1 + cs(X1) + cs(X2)	true			unresolved	https://raw.githubusercontent.com/ASKurz/Doing-Bayesian-Data-Analysis-in-brms-and-the-tidyverse/master/data.R/CondLogistRegData2.csv	false	false
215	true	05c3f465e7987e8d7caa7e214fedddd90415a922	kruschke	ordinal_probit_intercept	scripts/examples/kruschke.jl	836	Ordinal Probit — Intercept Only	ordinal_probit	ordinal_probit	https://raw.githubusercontent.com/ASKurz/Doing-Bayesian-Data-Analysis-in-brms-and-the-tidyverse/master/data.R/OrdinalProbitData1.csv	Y ~ 1	Y ~ 1	true			unresolved	https://raw.githubusercontent.com/ASKurz/Doing-Bayesian-Data-Analysis-in-brms-and-the-tidyverse/master/data.R/OrdinalProbitData1.csv	false	false
216	true	05c3f465e7987e8d7caa7e214fedddd90415a922	kruschke	ordinal_probit_disc	scripts/examples/kruschke.jl	852	Ordinal Probit — Discrimination Parameter	ordinal_probit	ordinal_probit	https://raw.githubusercontent.com/ASKurz/Doing-Bayesian-Data-Analysis-in-brms-and-the-tidyverse/master/data.R/OrdinalProbitData1.csv	bf(Y ~ 1 + X) + lf(disc ~ 0 + X, cmc = FALSE)	bf(Y ~ 1 + X) + lf(disc ~ 0 + X, cmc = FALSE)	true			unresolved	https://raw.githubusercontent.com/ASKurz/Doing-Bayesian-Data-Analysis-in-brms-and-the-tidyverse/master/data.R/OrdinalProbitData1.csv	false	false
217	true	05c3f465e7987e8d7caa7e214fedddd90415a922	kruschke	ordinal_probit_hetero	scripts/examples/kruschke.jl	868	Ordinal Probit — Heteroscedastic Gaussian Comparison	ordinal_probit	ordinal_probit	https://raw.githubusercontent.com/ASKurz/Doing-Bayesian-Data-Analysis-in-brms-and-the-tidyverse/master/data.R/OrdinalProbitData1.csv	bf(Y ~ 0 + X, sigma ~ 0 + X)	bf(Y ~ 0 + X, sigma ~ 0 + X)	true			unresolved	https://raw.githubusercontent.com/ASKurz/Doing-Bayesian-Data-Analysis-in-brms-and-the-tidyverse/master/data.R/OrdinalProbitData1.csv	false	false
218	true	05c3f465e7987e8d7caa7e214fedddd90415a922	kruschke	happiness_assets	scripts/examples/kruschke.jl	884	Happiness and Assets — Cumulative Ordinal Probit	happiness_assets	happiness_assets	https://raw.githubusercontent.com/ASKurz/Doing-Bayesian-Data-Analysis-in-brms-and-the-tidyverse/master/data.R/HappinessAssetsDebt.csv	Happiness ~ 1 + Assets_s	Happiness ~ 1 + Assets_s	true			unresolved	https://raw.githubusercontent.com/ASKurz/Doing-Bayesian-Data-Analysis-in-brms-and-the-tidyverse/master/data.R/HappinessAssetsDebt.csv	false	false
219	true	05c3f465e7987e8d7caa7e214fedddd90415a922	kruschke	movies	scripts/examples/kruschke.jl	901	Movie Ratings — Cumulative Ordinal Regression	movies	movies	https://raw.githubusercontent.com/ASKurz/Doing-Bayesian-Data-Analysis-in-brms-and-the-tidyverse/master/data.R/Movies.csv	Rating ~ 1 + Year_s + Length_s	Rating ~ 1 + Year_s + Length_s	true			unresolved	https://raw.githubusercontent.com/ASKurz/Doing-Bayesian-Data-Analysis-in-brms-and-the-tidyverse/master/data.R/Movies.csv	false	false
220	true	05c3f465e7987e8d7caa7e214fedddd90415a922	kruschke	haireye_poisson	scripts/examples/kruschke.jl	930	Hair-Eye Color — Poisson Log-Linear	haireye	haireye	https://raw.githubusercontent.com/ASKurz/Doing-Bayesian-Data-Analysis-in-brms-and-the-tidyverse/master/data.R/HairEyeColor.csv	Count ~ 1 + (1 | Hair) + (1 | Eye) + (1 | Hair:Eye)	Count ~ 1 + (1 | Hair) + (1 | Eye) + (1 | Hair:Eye)	true			unresolved	https://raw.githubusercontent.com/ASKurz/Doing-Bayesian-Data-Analysis-in-brms-and-the-tidyverse/master/data.R/HairEyeColor.csv	false	false
221	true	05c3f465e7987e8d7caa7e214fedddd90415a922	kruschke	haireye_binomial	scripts/examples/kruschke.jl	946	Hair-Eye Color — Binomial Version	haireye	haireye	https://raw.githubusercontent.com/ASKurz/Doing-Bayesian-Data-Analysis-in-brms-and-the-tidyverse/master/data.R/HairEyeColor.csv	Count | trials(264) ~ 1 + (1 | Hair) + (1 | Eye) + (1 | Hair:Eye)	Count | trials(264) ~ 1 + (1 | Hair) + (1 | Eye) + (1 | Hair:Eye)	true			unresolved	https://raw.githubusercontent.com/ASKurz/Doing-Bayesian-Data-Analysis-in-brms-and-the-tidyverse/master/data.R/HairEyeColor.csv	false	false
222	true	05c3f465e7987e8d7caa7e214fedddd90415a922	kruschke	censored_missing	scripts/examples/kruschke.jl	987	Censored Data — Missing Values Model	censored	censored	synthetic	y_na ~ 1	y_na ~ 1	true			unresolved	synthetic	false	false
223	true	05c3f465e7987e8d7caa7e214fedddd90415a922	kruschke	censored_lr	scripts/examples/kruschke.jl	1003	Censored Data — Left/Right Censoring	censored	censored	synthetic	y1 | cens(cen1) ~ 1	y1 | cens(cen1) ~ 1	true			unresolved	synthetic	false	false
224	true	05c3f465e7987e8d7caa7e214fedddd90415a922	kruschke	censored_interval	scripts/examples/kruschke.jl	1019	Censored Data — Interval Censoring	censored	censored	synthetic	y2 | cens(cen2, y3) ~ 1	y2 | cens(cen2, y3) ~ 1	true			unresolved	synthetic	false	false
225	true	05c3f465e7987e8d7caa7e214fedddd90415a922	burkner_papers	epilepsy_base	scripts/examples/burkner_papers.jl	37	Epileptic Seizure Counts — Poisson GLMM	epilepsy	epilepsy	https://vincentarelbundock.github.io/Rdatasets/csv/MASS/epil.csv	count ~ zBase * Trt + (1 | patient)	count ~ zBase * Trt + (1 | patient)	true			unresolved	https://doi.org/10.18637/jss.v080.i01	false	false
226	true	05c3f465e7987e8d7caa7e214fedddd90415a922	burkner_papers	epilepsy_trunc	scripts/examples/burkner_papers.jl	53	Epileptic Seizure Counts — Truncated Poisson	epilepsy	epilepsy	https://vincentarelbundock.github.io/Rdatasets/csv/MASS/epil.csv	count | trunc(ub = 104) ~ zBase * Trt + (1 | patient)	count | trunc(ub = 104) ~ zBase * Trt + (1 | patient)	true			unresolved	https://doi.org/10.18637/jss.v080.i01	false	false
227	true	05c3f465e7987e8d7caa7e214fedddd90415a922	burkner_papers	epilepsy_simple	scripts/examples/burkner_papers.jl	69	Epileptic Seizure Counts — Simplified Main Effects	epilepsy	epilepsy	https://vincentarelbundock.github.io/Rdatasets/csv/MASS/epil.csv	count ~ Trt + (1 | patient)	count ~ Trt + (1 | patient)	true			unresolved	https://doi.org/10.18637/jss.v080.i01	false	false
228	true	05c3f465e7987e8d7caa7e214fedddd90415a922	burkner_papers	inhaler	scripts/examples/burkner_papers.jl	117	Inhaler Ordinal Ratings — Sequential Ratio Model	inhaler	inhaler	synthetic	rating ~ period + carry + cs(treat)	rating ~ period + carry + cs(treat)	true			unresolved	https://doi.org/10.18637/jss.v080.i01	false	false
229	true	05c3f465e7987e8d7caa7e214fedddd90415a922	burkner_papers	kidney	scripts/examples/burkner_papers.jl	169	Kidney Recurrence Times — Lognormal Survival	kidney	kidney	synthetic	time | cens(censored) ~ age * sex + disease + (1 | patient)	time | cens(censored) ~ age * sex + disease + (1 | patient)	true			unresolved	https://doi.org/10.18637/jss.v080.i01	false	false
230	true	05c3f465e7987e8d7caa7e214fedddd90415a922	burkner_papers	hetero_jss_sigma	scripts/examples/burkner_papers.jl	203	Heteroscedastic Model — Group-Specific Sigma	hetero_jss	hetero_jss	synthetic	bf(y ~ x, sigma ~ 0 + x)	bf(y ~ x, sigma ~ 0 + x)	true			unresolved	https://doi.org/10.18637/jss.v080.i01	false	false
231	true	05c3f465e7987e8d7caa7e214fedddd90415a922	burkner_papers	hetero_jss_quantile	scripts/examples/burkner_papers.jl	220	Quantile Regression — Asymmetric Laplace	hetero_jss	hetero_jss	synthetic	bf(y ~ x, quantile = 0.25)	bf(y ~ x, quantile = 0.25)	true			unresolved	https://doi.org/10.18637/jss.v080.i01	false	false
232	true	05c3f465e7987e8d7caa7e214fedddd90415a922	burkner_papers	fish_rj_poisson	scripts/examples/burkner_papers.jl	250	Fish Counts — Poisson Baseline	fish_rj	fish_rj	http://paulbuerkner.com/data/fish.csv	count ~ persons + child + camper	count ~ persons + child + camper	true			unresolved	https://doi.org/10.32614/RJ-2018-017	false	false
233	true	05c3f465e7987e8d7caa7e214fedddd90415a922	burkner_papers	fish_rj_zip	scripts/examples/burkner_papers.jl	266	Fish Counts — Zero-Inflated Poisson	fish_rj	fish_rj	http://paulbuerkner.com/data/fish.csv	bf(count ~ persons + child + camper, zi ~ child)	bf(count ~ persons + child + camper, zi ~ child)	true			unresolved	https://doi.org/10.32614/RJ-2018-017	false	false
234	true	05c3f465e7987e8d7caa7e214fedddd90415a922	burkner_papers	rent99_spline	scripts/examples/burkner_papers.jl	307	Munich Rent Data — Tensor-Product Spline	rent99	rent99	synthetic	rentsqm ~ t2(area, yearc) + (1 | district)	rentsqm ~ t2(area, yearc) + (1 | district)	true			unresolved	https://doi.org/10.32614/RJ-2018-017	false	false
235	true	05c3f465e7987e8d7caa7e214fedddd90415a922	burkner_papers	rent99_distr	scripts/examples/burkner_papers.jl	323	Munich Rent Data — Distributional Smooth Regression	rent99	rent99	synthetic	bf(rentsqm ~ t2(area, yearc) + (1 | ID1 | district), sigma ~ t2(area, yearc) + (1 | ID1 | district))	bf(rentsqm ~ t2(area, yearc) + (1 | ID1 | district), sigma ~ t2(area, yearc) + (1 | ID1 | district))	true			unresolved	https://doi.org/10.32614/RJ-2018-017	false	false
236	true	05c3f465e7987e8d7caa7e214fedddd90415a922	burkner_papers	loss_rj	scripts/examples/burkner_papers.jl	369	Nonlinear Loss Development — Weibull Curve	loss_rj	loss_rj	synthetic	bf(cum ~ ult * (1 - exp(-(dev/theta)^omega)), ult ~ 1 + (1 | AY), omega ~ 1, theta ~ 1, nl = TRUE)	bf(cum ~ ult * (1 - exp(-(dev/theta)^omega)), ult ~ 1 + (1 | AY), omega ~ 1, theta ~ 1, nl = TRUE)	true			unresolved	https://doi.org/10.32614/RJ-2018-017	false	false
237	true	05c3f465e7987e8d7caa7e214fedddd90415a922	burkner_papers	multi_member_equal	scripts/examples/burkner_papers.jl	413	Multiple Membership Model — Equal Weights	multi_member	multi_member	synthetic	y ~ 1 + (1 | mm(s1, s2))	y ~ 1 + (1 | mm(s1, s2))	true			unresolved	https://doi.org/10.32614/RJ-2018-017	false	false
238	true	05c3f465e7987e8d7caa7e214fedddd90415a922	burkner_papers	multi_member_weighted	scripts/examples/burkner_papers.jl	429	Multiple Membership Model — Weighted	multi_member	multi_member	synthetic	y ~ 1 + (1 | mm(s1, s2, weights = cbind(w1, w2)))	y ~ 1 + (1 | mm(s1, s2, weights = cbind(w1, w2)))	true			unresolved	https://doi.org/10.32614/RJ-2018-017	false	false
239	true	05c3f465e7987e8d7caa7e214fedddd90415a922	action_models	rw_jget_lr	scripts/examples/action_models.jl	82	Rescorla-Wagner × JGET — Learning Rate vs. Delusional Ideation	rw_jget	jget_sub	https://github.com/ComputationalPsychiatry/ActionModels.jl/tree/main/docs/example_data/JGET	learning_rate ~ 1 + pdi_total + session + (1 | ID)	learning_rate ~ 1 + pdi_total + session + (1 | ID)	true			unresolved	https://github.com/ComputationalPsychiatry/ActionModels.jl/blob/main/docs/julia_files/D_tutorials_examples/example_jget.jl	false	false
240	true	05c3f465e7987e8d7caa7e214fedddd90415a922	action_models	rw_jget_noise	scripts/examples/action_models.jl	103	Rescorla-Wagner × JGET — Action Noise vs. Delusional Ideation	rw_jget	jget_sub	https://github.com/ComputationalPsychiatry/ActionModels.jl/tree/main/docs/example_data/JGET	action_noise ~ 1 + pdi_total + session + (1 | ID)	action_noise ~ 1 + pdi_total + session + (1 | ID)	true			unresolved	https://github.com/ComputationalPsychiatry/ActionModels.jl/blob/main/docs/julia_files/D_tutorials_examples/example_jget.jl	false	false
241	true	05c3f465e7987e8d7caa7e214fedddd90415a922	action_models	pvl_igt_lr	scripts/examples/action_models.jl	122	PVL-Delta × IGT — Learning Rate vs. Clinical Group	pvl_igt	ahn_igt	https://github.com/ComputationalPsychiatry/ActionModels.jl/tree/main/docs/example_data/ahn_et_al_2014	learning_rate ~ clinical_group + (1 | subjID)	learning_rate ~ clinical_group + (1 | subjID)	true			unresolved	https://github.com/ComputationalPsychiatry/ActionModels.jl/blob/main/docs/julia_files/C_premade_models/pvl_delta.jl	false	false
242	true	05c3f465e7987e8d7caa7e214fedddd90415a922	action_models	pvl_igt_reward	scripts/examples/action_models.jl	140	PVL-Delta × IGT — Reward Sensitivity vs. Clinical Group	pvl_igt	ahn_igt	https://github.com/ComputationalPsychiatry/ActionModels.jl/tree/main/docs/example_data/ahn_et_al_2014	reward_sensitivity ~ clinical_group + (1 | subjID)	reward_sensitivity ~ clinical_group + (1 | subjID)	true			unresolved	https://github.com/ComputationalPsychiatry/ActionModels.jl/blob/main/docs/julia_files/C_premade_models/pvl_delta.jl	false	false
243	true	05c3f465e7987e8d7caa7e214fedddd90415a922	action_models	pvl_igt_loss	scripts/examples/action_models.jl	157	PVL-Delta × IGT — Loss Aversion vs. Clinical Group	pvl_igt	ahn_igt	https://github.com/ComputationalPsychiatry/ActionModels.jl/tree/main/docs/example_data/ahn_et_al_2014	loss_aversion ~ clinical_group + (1 | subjID)	loss_aversion ~ clinical_group + (1 | subjID)	true			unresolved	https://github.com/ComputationalPsychiatry/ActionModels.jl/blob/main/docs/julia_files/C_premade_models/pvl_delta.jl	false	false
244	true	05c3f465e7987e8d7caa7e214fedddd90415a922	action_models	pvl_igt_noise	scripts/examples/action_models.jl	174	PVL-Delta × IGT — Action Noise vs. Clinical Group	pvl_igt	ahn_igt	https://github.com/ComputationalPsychiatry/ActionModels.jl/tree/main/docs/example_data/ahn_et_al_2014	action_noise ~ clinical_group + (1 | subjID)	action_noise ~ clinical_group + (1 | subjID)	true			unresolved	https://github.com/ComputationalPsychiatry/ActionModels.jl/blob/main/docs/julia_files/C_premade_models/pvl_delta.jl	false	false
245	true	05c3f465e7987e8d7caa7e214fedddd90415a922	epidist	delay_naive	scripts/examples/epidist.jl	86	Delay Distribution — Naive Lognormal (No Bias Correction)	outbreak_delays	outbreak_aggregated	synthetic	delay | weights(n) ~ 1	delay | weights(n) ~ 1	true			unresolved	https://epidist.epinowcast.org/articles/epidist.html	false	false
246	true	05c3f465e7987e8d7caa7e214fedddd90415a922	epidist	delay_marginal	scripts/examples/epidist.jl	105	Delay Distribution — Marginal Lognormal (Censoring + Truncation Corrected)	outbreak_delays	outbreak_aggregated	synthetic	delay_lwr | weights(n) + vreal(relative_obs_time, pwindow, swindow, delay_upr) ~ 1	delay_lwr | weights(n) + vreal(relative_obs_time, pwindow, swindow, delay_upr) ~ 1	true			unresolved	https://epidist.epinowcast.org/articles/epidist.html	false	false
247	true	05c3f465e7987e8d7caa7e214fedddd90415a922	epinowcast	enw_basic	scripts/examples/epinowcast.jl	114	Epinowcast — Basic: Geometric Random Walk + Lognormal Delay	epinowcast_basic	hosp_triangle	synthetic	enw_expectation(~0 + (1|day)) + enw_reference(~1, dist='lognormal')	enw_expectation(~0 + (1|day)) + enw_reference(~1, dist='lognormal')	true			unresolved	https://package.epinowcast.org/articles/epinowcast.html	false	false
248	true	05c3f465e7987e8d7caa7e214fedddd90415a922	epinowcast	enw_report_dow	scripts/examples/epinowcast.jl	133	Epinowcast — Report Day-of-Week Effects	epinowcast_basic	hosp_triangle	synthetic	enw_expectation(~0 + (1|day)) + enw_reference(~1, dist='lognormal') + enw_report(~(1|day_of_week))	enw_expectation(~0 + (1|day)) + enw_reference(~1, dist='lognormal') + enw_report(~(1|day_of_week))	true			unresolved	https://package.epinowcast.org/articles/epinowcast.html	false	false
249	true	05c3f465e7987e8d7caa7e214fedddd90415a922	epinowcast	enw_np_reference	scripts/examples/epinowcast.jl	153	Epinowcast — Non-parametric Hazard Delay Model	epinowcast_basic	hosp_triangle	synthetic	enw_expectation(~0 + (1|day)) + enw_reference(parametric=~0, non_parametric=~0+delay)	enw_expectation(~0 + (1|day)) + enw_reference(parametric=~0, non_parametric=~0+delay)	true			unresolved	https://package.epinowcast.org/articles/model.html	false	false
250	true	05c3f465e7987e8d7caa7e214fedddd90415a922	epinowcast	enw_age_reference	scripts/examples/epinowcast.jl	174	Epinowcast — Age-Stratified Hierarchical Delays	epinowcast_age	hosp_triangle_age	synthetic	enw_expectation(~0 + (1|day_of_week) + (1|day:.group)) + enw_reference(~1 + (1|age_group)) + enw_report(~(1|day_of_week))	enw_expectation(~0 + (1|day_of_week) + (1|day:.group)) + enw_reference(~1 + (1|age_group)) + enw_report(~(1|day_of_week))	true			unresolved	https://package.epinowcast.org/articles/germany-age-stratified-nowcasting.html	false	false
251	true	05c3f465e7987e8d7caa7e214fedddd90415a922	epinowcast	enw_age_week_reference	scripts/examples/epinowcast.jl	195	Epinowcast — Time-Varying Delay with Weekly Random Walk by Age Group	epinowcast_age	hosp_triangle_age	synthetic	enw_expectation(~0 + (1|day_of_week) + (1|day:.group)) + enw_reference(~1 + (1|age_group) + rw(week, by=age_group)) + enw_report(~(1|day_of_week))	enw_expectation(~0 + (1|day_of_week) + (1|day:.group)) + enw_reference(~1 + (1|age_group) + rw(week, by=age_group)) + enw_report(~(1|day_of_week))	true			unresolved	https://package.epinowcast.org/articles/germany-age-stratified-nowcasting.html	false	false
252	true	05c3f465e7987e8d7caa7e214fedddd90415a922	epinowcast	enw_rt_renewal	scripts/examples/epinowcast.jl	216	Epinowcast — Renewal Process with Rt Estimation	epinowcast_rt	hosp_triangle	synthetic	enw_expectation(r=~1+rw(week), generation_time=gt_pmf, observation=~1+(1|day_of_week)) + enw_reference(~1, dist='lognormal')	enw_expectation(r=~1+rw(week), generation_time=gt_pmf, observation=~1+(1|day_of_week)) + enw_reference(~1, dist='lognormal')	true			unresolved	https://package.epinowcast.org/articles/single-timeseries-rt-estimation.html	false	false
253	false	05c3f465e7987e8d7caa7e214fedddd90415a922	epinowcast	bnc_empirical	scripts/examples/epinowcast.jl	240	Baseline Nowcast — Empirical Delay Estimation	baselinenowcast	hosp_triangle	synthetic	baselinenowcast(scale_factor = 3, prop_delay = 0.5)	baselinenowcast(scale_factor = 3, prop_delay = 0.5)	true			unresolved	https://baselinenowcast.epinowcast.org/articles/baselinenowcast.html	false	true
254	true	05c3f465e7987e8d7caa7e214fedddd90415a922	rstanarm	mtcars_lm	scripts/examples/rstanarm.jl	176	Motor Trend Cars — Gaussian Linear Model	mtcars	mtcars	https://vincentarelbundock.github.io/Rdatasets/csv/datasets/mtcars.csv	mpg ~ wt + am	mpg ~ wt + am	true			unresolved	https://mc-stan.org/rstanarm/articles/priors.html	false	false
255	true	05c3f465e7987e8d7caa7e214fedddd90415a922	rstanarm	clouds_lm	scripts/examples/rstanarm.jl	194	Cloud Seeding — Regularized Linear Model (R² Prior)	clouds	clouds	https://vincentarelbundock.github.io/Rdatasets/csv/HSAUR/clouds.csv	rainfall ~ seeding * (sne + cloudcover + prewetness + echomotion) + time	rainfall ~ seeding * (sne + cloudcover + prewetness + echomotion) + time	true			unresolved	https://mc-stan.org/rstanarm/articles/lm.html	false	false
256	true	05c3f465e7987e8d7caa7e214fedddd90415a922	rstanarm	womensrole_logit	scripts/examples/rstanarm.jl	214	Women's Role Survey — Logistic Regression	womensrole	womensrole	https://vincentarelbundock.github.io/Rdatasets/csv/HSAUR/womensrole.csv	cbind(agree, disagree) ~ education + sex	cbind(agree, disagree) ~ education + sex	true			unresolved	https://mc-stan.org/rstanarm/articles/rstanarm.html	false	false
257	true	05c3f465e7987e8d7caa7e214fedddd90415a922	rstanarm	womensrole_quad	scripts/examples/rstanarm.jl	229	Women's Role Survey — Logistic with Quadratic Education	womensrole	womensrole	https://vincentarelbundock.github.io/Rdatasets/csv/HSAUR/womensrole.csv	cbind(agree, disagree) ~ education + I(education^2) + sex	cbind(agree, disagree) ~ education + I(education^2) + sex	true			unresolved	https://mc-stan.org/rstanarm/articles/rstanarm.html	false	false
258	true	05c3f465e7987e8d7caa7e214fedddd90415a922	rstanarm	kidiq_hs	scripts/examples/rstanarm.jl	246	Child IQ — Maternal High-School Status	kidiq	kidiq	https://vincentarelbundock.github.io/Rdatasets/csv/rstanarm/kidiq.csv	kid_score ~ mom_hs	kid_score ~ mom_hs	true			unresolved	https://mc-stan.org/rstanarm/articles/continuous.html	false	false
259	true	05c3f465e7987e8d7caa7e214fedddd90415a922	rstanarm	kidiq_iq	scripts/examples/rstanarm.jl	261	Child IQ — Maternal IQ	kidiq	kidiq	https://vincentarelbundock.github.io/Rdatasets/csv/rstanarm/kidiq.csv	kid_score ~ mom_iq	kid_score ~ mom_iq	true			unresolved	https://mc-stan.org/rstanarm/articles/continuous.html	false	false
260	true	05c3f465e7987e8d7caa7e214fedddd90415a922	rstanarm	kidiq_both	scripts/examples/rstanarm.jl	276	Child IQ — Maternal High-School Status and IQ	kidiq	kidiq	https://vincentarelbundock.github.io/Rdatasets/csv/rstanarm/kidiq.csv	kid_score ~ mom_hs + mom_iq	kid_score ~ mom_hs + mom_iq	true			unresolved	https://mc-stan.org/rstanarm/articles/continuous.html	false	false
261	true	05c3f465e7987e8d7caa7e214fedddd90415a922	rstanarm	kidiq_interaction	scripts/examples/rstanarm.jl	290	Child IQ — Maternal High-School × IQ Interaction	kidiq	kidiq	https://vincentarelbundock.github.io/Rdatasets/csv/rstanarm/kidiq.csv	kid_score ~ mom_hs * mom_iq	kid_score ~ mom_hs * mom_iq	true			unresolved	https://mc-stan.org/rstanarm/articles/continuous.html	false	false
262	true	05c3f465e7987e8d7caa7e214fedddd90415a922	rstanarm	clotting_gamma	scripts/examples/rstanarm.jl	307	Blood Clotting Time — Gamma GLM	clotting	clotting	synthetic	clot_time ~ log_plasma * lot_id	clot_time ~ log_plasma * lot_id	true			unresolved	https://mc-stan.org/rstanarm/articles/continuous.html	false	false
263	true	05c3f465e7987e8d7caa7e214fedddd90415a922	rstanarm	wells_dist	scripts/examples/rstanarm.jl	325	Bangladesh Wells — Logistic (Distance Only)	wells	wells	https://vincentarelbundock.github.io/Rdatasets/csv/rstanarm/wells.csv	switch ~ dist100	switch ~ dist100	true			unresolved	https://mc-stan.org/rstanarm/articles/binomial.html	false	false
264	true	05c3f465e7987e8d7caa7e214fedddd90415a922	rstanarm	wells_both	scripts/examples/rstanarm.jl	340	Bangladesh Wells — Logistic (Distance + Arsenic)	wells	wells	https://vincentarelbundock.github.io/Rdatasets/csv/rstanarm/wells.csv	switch ~ dist100 + arsenic	switch ~ dist100 + arsenic	true			unresolved	https://mc-stan.org/rstanarm/articles/binomial.html	false	false
265	true	05c3f465e7987e8d7caa7e214fedddd90415a922	rstanarm	roaches_poisson	scripts/examples/rstanarm.jl	357	Urban Roaches — Poisson Count Model	roaches	roaches	https://vincentarelbundock.github.io/Rdatasets/csv/rstanarm/roaches.csv	y ~ roach1 + treatment + senior + offset(log(exposure2))	y ~ roach1 + treatment + senior + offset(log(exposure2))	true			unresolved	https://mc-stan.org/rstanarm/articles/count.html	false	false
266	true	05c3f465e7987e8d7caa7e214fedddd90415a922	rstanarm	roaches_nb	scripts/examples/rstanarm.jl	373	Urban Roaches — Negative Binomial Count Model	roaches	roaches	https://vincentarelbundock.github.io/Rdatasets/csv/rstanarm/roaches.csv	y ~ roach1 + treatment + senior + offset(log(exposure2))	y ~ roach1 + treatment + senior + offset(log(exposure2))	true			unresolved	https://mc-stan.org/rstanarm/articles/count.html	false	false
267	true	05c3f465e7987e8d7caa7e214fedddd90415a922	rstanarm	weightgain_anova	scripts/examples/rstanarm.jl	390	Rat Weight Gain — Bayesian ANOVA (R² Prior)	weightgain	weightgain	https://vincentarelbundock.github.io/Rdatasets/csv/HSAUR/weightgain.csv	weightgain ~ source * type	weightgain ~ source * type	true			unresolved	https://mc-stan.org/rstanarm/articles/aov.html	false	false
268	true	05c3f465e7987e8d7caa7e214fedddd90415a922	rstanarm	weightgain_re	scripts/examples/rstanarm.jl	405	Rat Weight Gain — Factors as Random Effects	weightgain	weightgain	https://vincentarelbundock.github.io/Rdatasets/csv/HSAUR/weightgain.csv	weightgain ~ 1 + (1|source) + (1|type) + (1|source:type)	weightgain ~ 1 + (1|source) + (1|type) + (1|source:type)	true			unresolved	https://mc-stan.org/rstanarm/articles/aov.html	false	false
269	true	05c3f465e7987e8d7caa7e214fedddd90415a922	rstanarm	esoph_polr	scripts/examples/rstanarm.jl	422	Esophageal Cancer — Ordinal Logistic Regression	esoph	esoph	https://vincentarelbundock.github.io/Rdatasets/csv/datasets/esoph.csv	tobgp ~ agegp + alcgp	tobgp ~ agegp + alcgp	true			unresolved	https://mc-stan.org/rstanarm/articles/polr.html	false	false
270	true	05c3f465e7987e8d7caa7e214fedddd90415a922	rstanarm	gasoline_beta	scripts/examples/rstanarm.jl	439	Gasoline Yield — Beta Regression (Mean Only)	gasoline_yield	gasoline_yield	https://vincentarelbundock.github.io/Rdatasets/csv/betareg/GasolineYield.csv	yield ~ gravity + pressure + temp10 + batch	yield ~ gravity + pressure + temp10 + batch	true			unresolved	https://mc-stan.org/rstanarm/articles/betareg.html	false	false
271	true	05c3f465e7987e8d7caa7e214fedddd90415a922	rstanarm	gasoline_beta_distr	scripts/examples/rstanarm.jl	455	Gasoline Yield — Distributional Beta Regression	gasoline_yield	gasoline_yield	https://vincentarelbundock.github.io/Rdatasets/csv/betareg/GasolineYield.csv	yield ~ gravity + pressure + temp10 + batch | gravity + pressure	yield ~ gravity + pressure + temp10 + batch | gravity + pressure	true			unresolved	https://mc-stan.org/rstanarm/articles/betareg.html	false	false
272	true	05c3f465e7987e8d7caa7e214fedddd90415a922	rstanarm	cbpp_glmm	scripts/examples/rstanarm.jl	476	Bovine Pleuropneumonia — Binomial GLMM	cbpp_glmm	cbpp_rs	https://vincentarelbundock.github.io/Rdatasets/csv/lme4/cbpp.csv	cbind(incidence, size - incidence) ~ size + period + (1|herd)	cbind(incidence, size - incidence) ~ size + period + (1|herd)	true			unresolved	https://mc-stan.org/rstanarm/articles/glmer.html	false	false
273	true	05c3f465e7987e8d7caa7e214fedddd90415a922	rstanarm	bball_pooled	scripts/examples/rstanarm.jl	496	MLB Batting 1970 — Complete Pooling	bball_pooling	bball1970	https://vincentarelbundock.github.io/Rdatasets/csv/rstanarm/bball1970.csv	cbind(Hits, AB - Hits) ~ 1	cbind(Hits, AB - Hits) ~ 1	true			unresolved	https://mc-stan.org/rstanarm/articles/pooling.html	false	false
274	true	05c3f465e7987e8d7caa7e214fedddd90415a922	rstanarm	bball_nopooling	scripts/examples/rstanarm.jl	511	MLB Batting 1970 — No Pooling	bball_pooling	bball1970	https://vincentarelbundock.github.io/Rdatasets/csv/rstanarm/bball1970.csv	cbind(Hits, AB - Hits) ~ 0 + Player	cbind(Hits, AB - Hits) ~ 0 + Player	true			unresolved	https://mc-stan.org/rstanarm/articles/pooling.html	false	false
275	true	05c3f465e7987e8d7caa7e214fedddd90415a922	rstanarm	bball_partial	scripts/examples/rstanarm.jl	526	MLB Batting 1970 — Partial Pooling (Hierarchical)	bball_pooling	bball1970	https://vincentarelbundock.github.io/Rdatasets/csv/rstanarm/bball1970.csv	cbind(Hits, AB - Hits) ~ (1|Player)	cbind(Hits, AB - Hits) ~ (1|Player)	true			unresolved	https://mc-stan.org/rstanarm/articles/pooling.html	false	false
276	true	05c3f465e7987e8d7caa7e214fedddd90415a922	vasishth	pupil	scripts/examples/vasishth.jl	30	Pupil Dilation Experiment — Gaussian Regression	pupil	pupil	https://osf.io/z43dz/?action=download	p_size ~ 1 + c_load	p_size ~ 1 + c_load	true			unresolved	https://bruno.nicenboim.me/bayescogsci/	false	false
277	true	05c3f465e7987e8d7caa7e214fedddd90415a922	vasishth	spacebar	scripts/examples/vasishth.jl	67	Spacebar-Pressing Response Times — Lognormal Regression	spacebar	spacebar	synthetic	t ~ 1 + c_trial	t ~ 1 + c_trial	true			unresolved	https://bruno.nicenboim.me/bayescogsci/	false	false
278	true	05c3f465e7987e8d7caa7e214fedddd90415a922	vasishth	recall_wm	scripts/examples/vasishth.jl	104	Working Memory Recall Accuracy — Logistic Regression	recall_wm	recall_wm	https://osf.io/6r9ka/?action=download	correct ~ 1 + c_set_size	correct ~ 1 + c_set_size	true			unresolved	https://bruno.nicenboim.me/bayescogsci/	false	false
279	true	05c3f465e7987e8d7caa7e214fedddd90415a922	vasishth	n400_uncorr	scripts/examples/vasishth.jl	147	N400 EEG — Uncorrelated Varying Slopes	n400	n400	https://osf.io/q7dsk/?action=download	n400 ~ c_cloze + (c_cloze || subj)	n400 ~ c_cloze + (c_cloze || subj)	true			unresolved	https://bruno.nicenboim.me/bayescogsci/	false	false
280	true	05c3f465e7987e8d7caa7e214fedddd90415a922	vasishth	n400_corr	scripts/examples/vasishth.jl	164	N400 EEG — Correlated Varying Slopes	n400	n400	https://osf.io/q7dsk/?action=download	n400 ~ c_cloze + (c_cloze | subj)	n400 ~ c_cloze + (c_cloze | subj)	true			unresolved	https://bruno.nicenboim.me/bayescogsci/	false	false
281	true	05c3f465e7987e8d7caa7e214fedddd90415a922	vasishth	n400_crossed	scripts/examples/vasishth.jl	181	N400 EEG — Crossed Random Effects	n400	n400	https://osf.io/q7dsk/?action=download	n400 ~ c_cloze + (c_cloze | subj) + (c_cloze | item)	n400 ~ c_cloze + (c_cloze | subj) + (c_cloze | item)	true			unresolved	https://bruno.nicenboim.me/bayescogsci/	false	false
282	true	05c3f465e7987e8d7caa7e214fedddd90415a922	vasishth	n400_distr	scripts/examples/vasishth.jl	197	N400 EEG — Distributional Model for Sigma	n400	n400	https://osf.io/q7dsk/?action=download	bf(n400 ~ c_cloze + (c_cloze | subj) + (c_cloze | item), sigma ~ 1 + (1 | subj))	bf(n400 ~ c_cloze + (c_cloze | subj) + (c_cloze | item), sigma ~ 1 + (1 | subj))	true			unresolved	https://bruno.nicenboim.me/bayescogsci/	false	false
283	true	05c3f465e7987e8d7caa7e214fedddd90415a922	vasishth	stroop	scripts/examples/vasishth.jl	240	Stroop Task — Lognormal Varying-Slopes Model	stroop	stroop	https://osf.io/n8xa7/?action=download	RT ~ c_cond + (c_cond | subj)	RT ~ c_cond + (c_cond | subj)	true			unresolved	https://bruno.nicenboim.me/bayescogsci/	false	false
284	true	05c3f465e7987e8d7caa7e214fedddd90415a922	vasishth	pooling_partial	scripts/examples/vasishth.jl	281	Hierarchical Pooling — Partial Pooling	pooling	pooling	synthetic	y ~ 1 + (1 | subj)	y ~ 1 + (1 | subj)	true			unresolved	https://bruno.nicenboim.me/bayescogsci/	false	false
285	true	05c3f465e7987e8d7caa7e214fedddd90415a922	vasishth	pooling_complete	scripts/examples/vasishth.jl	297	Hierarchical Pooling — Complete Pooling	pooling	pooling	synthetic	y ~ 1	y ~ 1	true			unresolved	https://bruno.nicenboim.me/bayescogsci/	false	false
286	true	05c3f465e7987e8d7caa7e214fedddd90415a922	vasishth	pooling_none	scripts/examples/vasishth.jl	313	Hierarchical Pooling — No Pooling	pooling	pooling	synthetic	y ~ 0 + factor(subj)	y ~ 0 + factor(subj)	true			unresolved	https://bruno.nicenboim.me/bayescogsci/	false	false
287	true	05c3f465e7987e8d7caa7e214fedddd90415a922	vasishth	contrasts1_treatment	scripts/examples/vasishth.jl	350	Contrast Coding — Treatment Contrast	contrasts1	contrasts1	synthetic	DV ~ F	DV ~ F	true			unresolved	https://bruno.nicenboim.me/bayescogsci/	false	false
288	true	05c3f465e7987e8d7caa7e214fedddd90415a922	vasishth	contrasts1_cellmeans	scripts/examples/vasishth.jl	366	Contrast Coding — Cell-Means Parameterization	contrasts1	contrasts1	synthetic	DV ~ -1 + F	DV ~ -1 + F	true			unresolved	https://bruno.nicenboim.me/bayescogsci/	false	false
289	true	05c3f465e7987e8d7caa7e214fedddd90415a922	vasishth	contrasts1_monotonic	scripts/examples/vasishth.jl	382	Contrast Coding — Monotonic Effect	contrasts1	contrasts1	synthetic	DV ~ 1 + mo(F)	DV ~ 1 + mo(F)	true			unresolved	https://bruno.nicenboim.me/bayescogsci/	false	false
290	true	05c3f465e7987e8d7caa7e214fedddd90415a922	vasishth	contrasts2x2_factorial	scripts/examples/vasishth.jl	423	2×2 Factorial — Full Factorial Model	contrasts2x2	contrasts2x2	synthetic	DV ~ A * B	DV ~ A * B	true			unresolved	https://bruno.nicenboim.me/bayescogsci/	false	false
291	true	05c3f465e7987e8d7caa7e214fedddd90415a922	vasishth	contrasts2x2_nested	scripts/examples/vasishth.jl	439	2×2 Factorial — Nested Model	contrasts2x2	contrasts2x2	synthetic	DV ~ B / A	DV ~ B / A	true			unresolved	https://bruno.nicenboim.me/bayescogsci/	false	false
292	true	05c3f465e7987e8d7caa7e214fedddd90415a922	vasishth	contrasts2x2_logistic	scripts/examples/vasishth.jl	455	2×2 Factorial — Logistic Regression	contrasts2x2	contrasts2x2	synthetic	pDV ~ A * B	pDV ~ A * B	true			unresolved	https://bruno.nicenboim.me/bayescogsci/	false	false
293	true	05c3f465e7987e8d7caa7e214fedddd90415a922	vasishth	meta_sbi	scripts/examples/vasishth.jl	499	Meta-Analysis — Random Effects Model	meta_sbi	meta_sbi	https://osf.io/du3qp/?action=download	effect | resp_se(SE, sigma = FALSE) ~ 1 + (1 | study_id)	effect | resp_se(SE, sigma = FALSE) ~ 1 + (1 | study_id)	true			unresolved	https://bruno.nicenboim.me/bayescogsci/	false	false
294	true	05c3f465e7987e8d7caa7e214fedddd90415a922	vasishth	indiv_diff_naive	scripts/examples/vasishth.jl	541	Individual Differences — Naive OLS	indiv_diff	indiv_diff	https://osf.io/du3qp/?action=download	mean_rspeed ~ c_mean_pcu	mean_rspeed ~ c_mean_pcu	true			unresolved	https://bruno.nicenboim.me/bayescogsci/	false	false
295	true	05c3f465e7987e8d7caa7e214fedddd90415a922	vasishth	indiv_diff_me	scripts/examples/vasishth.jl	557	Individual Differences — Measurement Error Model	indiv_diff	indiv_diff	https://osf.io/du3qp/?action=download	mean_rspeed | resp_se(se_rspeed, sigma = TRUE) ~ me(c_mean_pcu, se_pcu)	mean_rspeed | resp_se(se_rspeed, sigma = TRUE) ~ me(c_mean_pcu, se_pcu)	true			unresolved	https://bruno.nicenboim.me/bayescogsci/	false	false
296	true	05c3f465e7987e8d7caa7e214fedddd90415a922	bmm	mixture2p_setsize	scripts/examples/bmm.jl	64	Mixture2p — Two-Parameter Mixture Model (Set Size Effects)	color_wheel_mixture	bays2009_synth	synthetic	thetat ~ 0 + set_size + (0 + set_size | id); kappa ~ 0 + set_size + (0 + set_size | id)	thetat ~ 0 + set_size + (0 + set_size | id); kappa ~ 0 + set_size + (0 + set_size | id)	true			unresolved	https://venpopov.github.io/bmm/articles/bmm_mixture_models.html	false	false
297	true	05c3f465e7987e8d7caa7e214fedddd90415a922	bmm	mixture3p_setsize	scripts/examples/bmm.jl	92	Mixture3p — Three-Parameter Mixture Model (Non-Target Swaps)	color_wheel_mixture	bays2009_synth	synthetic	thetat ~ 0 + set_size + (0 + set_size | id); thetant ~ 0 + set_size + (0 + set_size | id); kappa ~ 0 + set_size + (0 + set_size | id)	thetat ~ 0 + set_size + (0 + set_size | id); thetant ~ 0 + set_size + (0 + set_size | id); kappa ~ 0 + set_size + (0 + set_size | id)	true			unresolved	https://venpopov.github.io/bmm/articles/bmm_mixture_models.html	false	false
298	true	05c3f465e7987e8d7caa7e214fedddd90415a922	bmm	sdm_condition	scripts/examples/bmm.jl	149	SDM — Signal Discrimination Model (Condition Effects)	sdm_condition	sdm_synth	synthetic	c ~ 0 + cond; kappa ~ 0 + cond	c ~ 0 + cond; kappa ~ 0 + cond	true			unresolved	https://venpopov.github.io/bmm/articles/bmm_sdm_simple.html	false	false
299	true	05c3f465e7987e8d7caa7e214fedddd90415a922	bmm	imm_full_condition	scripts/examples/bmm.jl	219	IMM Full — Interference Measurement Model (All Four Parameters)	imm_condition	imm_synth	synthetic	c ~ 0 + cond; a ~ 0 + cond; s ~ 0 + cond; kappa ~ 0 + cond	c ~ 0 + cond; a ~ 0 + cond; s ~ 0 + cond; kappa ~ 0 + cond	true			unresolved	https://venpopov.github.io/bmm/articles/bmm_imm.html	false	false
300	true	05c3f465e7987e8d7caa7e214fedddd90415a922	flocker	single_season_repvarying	scripts/examples/flocker.jl	73	Single-Season Occupancy — Multi-Species with Event Covariates	single_season	fd_rep_varying	synthetic	occ: ~ uc1 + (1 + uc1 | species); det: ~ uc1 + ec1 + (1 + uc1 + ec1 | species)	occ: ~ uc1 + (1 + uc1 | species); det: ~ uc1 + ec1 + (1 + uc1 + ec1 | species)	true			unresolved	https://jsocolar.github.io/flocker/articles/flocker_tutorial.html	false	false
301	true	05c3f465e7987e8d7caa7e214fedddd90415a922	flocker	single_season_repconstant	scripts/examples/flocker.jl	102	Single-Season Occupancy — Multi-Species, No Event Covariates	single_season	fd_rep_varying	synthetic	occ: ~ uc1 + (1 + uc1 | species); det: ~ uc1 + (1 + uc1 | species)	occ: ~ uc1 + (1 + uc1 | species); det: ~ uc1 + (1 + uc1 | species)	true			unresolved	https://jsocolar.github.io/flocker/articles/flocker_tutorial.html	false	false
302	true	05c3f465e7987e8d7caa7e214fedddd90415a922	flocker	colex_explicit	scripts/examples/flocker.jl	175	Colonisation-Extinction — Explicit Initial Occupancy	colex_multiseason	fd_multi	synthetic	occ: ~ uc1; det: ~ uc1 + ec1; col: ~ uc1; ex: ~ uc1	occ: ~ uc1; det: ~ uc1 + ec1; col: ~ uc1; ex: ~ uc1	true			unresolved	https://jsocolar.github.io/flocker/articles/flocker_tutorial.html	false	false
303	true	05c3f465e7987e8d7caa7e214fedddd90415a922	flocker	colex_equilibrium	scripts/examples/flocker.jl	199	Colonisation-Extinction — Equilibrium Initial Occupancy	colex_multiseason	fd_multi	synthetic	det: ~ uc1 + ec1; col: ~ uc1; ex: ~ uc1	det: ~ uc1 + ec1; col: ~ uc1; ex: ~ uc1	true			unresolved	https://jsocolar.github.io/flocker/articles/flocker_tutorial.html	false	false
304	true	05c3f465e7987e8d7caa7e214fedddd90415a922	flocker	autologistic_equilibrium	scripts/examples/flocker.jl	221	Autologistic Occupancy — Equilibrium Initial Occupancy	autologistic_multiseason	fd_multi	synthetic	det: ~ uc1 + ec1; col: ~ uc1; auto: ~ 1	det: ~ uc1 + ec1; col: ~ uc1; auto: ~ 1	true			unresolved	https://jsocolar.github.io/flocker/articles/flocker_tutorial.html	false	false
305	true	05c3f465e7987e8d7caa7e214fedddd90415a922	flocker	augmented_multispecies	scripts/examples/flocker.jl	311	Data-Augmented Occupancy — Species Richness Estimation	augmented_richness	fd_augmented	synthetic	occ: ~ (1 | ff_species); det: ~ uc1 + ec1 + (1 + uc1 + ec1 | ff_species)	occ: ~ (1 | ff_species); det: ~ uc1 + ec1 + (1 + uc1 + ec1 | ff_species)	true			unresolved	https://jsocolar.github.io/flocker/articles/flocker_tutorial.html	false	false
306	true	05c3f465e7987e8d7caa7e214fedddd90415a922	mvgam	portal_glm_re	scripts/examples/mvgam.jl	83	Poisson GLM — Hierarchical Year Random Effects	portal_counts	portal_synth	synthetic	count ~ s(year_fac, bs = "re") - 1	count ~ s(year_fac, bs = "re") - 1	true			unresolved	https://nicholasjclark.github.io/mvgam/articles/mvgam_overview.html	false	false
307	true	05c3f465e7987e8d7caa7e214fedddd90415a922	mvgam	portal_ar_ndvi	scripts/examples/mvgam.jl	103	Poisson GAM — NDVI Smooth + AR(1) Latent Trend	portal_counts	portal_synth	synthetic	obs: count ~ 1 | trend: ~ s(ndvi_ma12, k = 6) [AR()]	obs: count ~ 1 | trend: ~ s(ndvi_ma12, k = 6) [AR()]	true			unresolved	https://nicholasjclark.github.io/mvgam/articles/mvgam_overview.html	false	false
308	true	05c3f465e7987e8d7caa7e214fedddd90415a922	mvgam	portal_shared_trend	scripts/examples/mvgam.jl	351	Shared Latent Trend — Multi-Series Seasonal AR(1)	portal_counts	portal_synth	synthetic	obs: count ~ series - 1 | trend: ~ s(season, bs = "cc", k = 8) [AR()]	obs: count ~ series - 1 | trend: ~ s(season, bs = "cc", k = 8) [AR()]	true			unresolved	https://nicholasjclark.github.io/mvgam/articles/shared_states.html	false	false
309	true	05c3f465e7987e8d7caa7e214fedddd90415a922	mvgam	plankton_var	scripts/examples/mvgam.jl	180	Gaussian VAR — Tensor-Product Environmental Smooths	plankton_var	plankton_synth	synthetic	obs: y ~ -1 | trend: ~ te(temp, month, k = c(4, 4)) + te(temp, month, k = c(4, 4), by = trend) - 1 [VAR(cor = TRUE)]	obs: y ~ -1 | trend: ~ te(temp, month, k = c(4, 4)) + te(temp, month, k = c(4, 4), by = trend) - 1 [VAR(cor = TRUE)]	true			unresolved	https://nicholasjclark.github.io/mvgam/articles/trend_formulas.html	false	false
310	true	05c3f465e7987e8d7caa7e214fedddd90415a922	mvgam	salmon_beta_ar	scripts/examples/mvgam.jl	248	Beta AR(1) — Time-Varying Upwelling Effect on Salmon Survival	salmon_survival	salmon_synth	synthetic	obs: survival ~ 1 | trend: ~ dynamic(CUI.apr, k = 25, scale = FALSE) - 1 [AR()]	obs: survival ~ 1 | trend: ~ dynamic(CUI.apr, k = 25, scale = FALSE) - 1 [AR()]	true			unresolved	https://nicholasjclark.github.io/mvgam/articles/time_varying_effects.html	false	false
311	true	05c3f465e7987e8d7caa7e214fedddd90415a922	mvgam	nmix_detection	scripts/examples/mvgam.jl	323	N-Mixture — Smooth Detection and Abundance Sub-Models	nmix_detection	nmix_synth	synthetic	obs: y ~ s(det_cov, k = 4) + s(det_cov2, k = 4) | trend: ~ s(abund_cov, k = 4) + s(abund_fac, bs = "re") [nmix()]	obs: y ~ s(det_cov, k = 4) + s(det_cov2, k = 4) | trend: ~ s(abund_cov, k = 4) + s(abund_fac, bs = "re") [nmix()]	true			unresolved	https://nicholasjclark.github.io/mvgam/articles/nmixtures.html	false	false
312	true	05c3f465e7987e8d7caa7e214fedddd90415a922	lme4	sleepstudy_slope	scripts/examples/lme4.jl	103	Sleep Deprivation — Correlated Random Slopes	sleep_deprivation	sleepstudy	https://vincentarelbundock.github.io/Rdatasets/csv/lme4/sleepstudy.csv	Reaction ~ Days + (Days | Subject)	Reaction ~ Days + (Days | Subject)	true	gaussian		explicit	https://cran.r-project.org/web/packages/lme4/vignettes/lmer.pdf	false	false
313	true	05c3f465e7987e8d7caa7e214fedddd90415a922	lme4	sleepstudy_uncorr	scripts/examples/lme4.jl	123	Sleep Deprivation — Uncorrelated Random Slopes	sleep_deprivation	sleepstudy	https://vincentarelbundock.github.io/Rdatasets/csv/lme4/sleepstudy.csv	Reaction ~ Days + (Days || Subject)	Reaction ~ Days + (Days || Subject)	true	gaussian		explicit	https://cran.r-project.org/web/packages/lme4/vignettes/lmer.pdf	false	false
314	true	05c3f465e7987e8d7caa7e214fedddd90415a922	lme4	dyestuff_re	scripts/examples/lme4.jl	144	Dyestuff — Minimal Random-Intercept LMM	dyestuff	dyestuff	https://vincentarelbundock.github.io/Rdatasets/csv/lme4/Dyestuff.csv	Yield ~ 1 + (1 | Batch)	Yield ~ 1 + (1 | Batch)	true	gaussian		explicit	https://doi.org/10.18637/jss.v067.i01	false	false
315	true	05c3f465e7987e8d7caa7e214fedddd90415a922	lme4	lme4_cbpp_glmm	scripts/examples/lme4.jl	164	CBPP — Binomial GLMM (lme4 syntax)	cbpp	lme4_cbpp	https://vincentarelbundock.github.io/Rdatasets/csv/lme4/cbpp.csv	cbind(incidence, size - incidence) ~ period + (1 | herd)	cbind(incidence, size - incidence) ~ period + (1 | herd)	true	binomial		explicit	https://doi.org/10.18637/jss.v067.i01	false	false
316	true	05c3f465e7987e8d7caa7e214fedddd90415a922	lme4	penicillin_crossed	scripts/examples/lme4.jl	187	Penicillin — Crossed Random Intercepts	penicillin	penicillin	https://vincentarelbundock.github.io/Rdatasets/csv/lme4/Penicillin.csv	diameter ~ 1 + (1 | plate) + (1 | sample)	diameter ~ 1 + (1 | plate) + (1 | sample)	true	gaussian		explicit	https://doi.org/10.18637/jss.v067.i01	false	false
317	true	05c3f465e7987e8d7caa7e214fedddd90415a922	lme4	pastes_nested	scripts/examples/lme4.jl	207	Pastes — Nested Random Effects	pastes	pastes	https://vincentarelbundock.github.io/Rdatasets/csv/lme4/Pastes.csv	strength ~ (1 | batch/cask)	strength ~ (1 | batch/cask)	true	gaussian		explicit	https://doi.org/10.18637/jss.v067.i01	false	false
318	true	05c3f465e7987e8d7caa7e214fedddd90415a922	lme4	verbagg_crossed	scripts/examples/lme4.jl	227	Verbal Aggression — Bernoulli GLMM, Crossed Random Effects	verbal_aggression	verbagg	https://vincentarelbundock.github.io/Rdatasets/csv/lme4/VerbAgg.csv	r2 ~ Anger + Gender + btype + situ + (1 | id) + (1 | item)	r2 ~ Anger + Gender + btype + situ + (1 | id) + (1 | item)	true	binomial		explicit	https://doi.org/10.18637/jss.v067.i01	false	false
319	true	05c3f465e7987e8d7caa7e214fedddd90415a922	lme4	contraception_urban	scripts/examples/lme4.jl	250	Contraception — Binomial GLMM with Random Slopes	contraception	contraception	https://vincentarelbundock.github.io/Rdatasets/csv/mlmRev/Contraception.csv	use ~ age + I(age^2) + livch + urban + (urban | district)	use ~ age + I(age^2) + livch + urban + (urban | district)	true	binomial		explicit	https://cran.r-project.org/package=lme4	false	false
320	true	05c3f465e7987e8d7caa7e214fedddd90415a922	mixed_models_jl	dyestuff_re	scripts/examples/mixed_models_jl.jl	93	Dyestuff — Minimal Random-Intercept LMM	dyestuff	dyestuff	https://vincentarelbundock.github.io/Rdatasets/csv/lme4/Dyestuff.csv	Yield ~ 1 + (1 | Batch)	Yield ~ 1 + (1 | Batch)	true	gaussian		explicit	https://juliastats.org/MixedModels.jl/stable/constructors/	false	false
321	true	05c3f465e7987e8d7caa7e214fedddd90415a922	mixed_models_jl	sleepstudy_slope	scripts/examples/mixed_models_jl.jl	116	Sleep Deprivation — Correlated Random Slopes	sleep_deprivation	sleepstudy	https://vincentarelbundock.github.io/Rdatasets/csv/lme4/sleepstudy.csv	Reaction ~ 1 + Days + (1 + Days | Subject)	Reaction ~ 1 + Days + (1 + Days | Subject)	true	gaussian		explicit	https://juliastats.org/MixedModels.jl/stable/constructors/	false	false
322	true	05c3f465e7987e8d7caa7e214fedddd90415a922	mixed_models_jl	sleepstudy_zerocorr	scripts/examples/mixed_models_jl.jl	136	Sleep Deprivation — Uncorrelated Random Slopes (zerocorr)	sleep_deprivation	sleepstudy	https://vincentarelbundock.github.io/Rdatasets/csv/lme4/sleepstudy.csv	Reaction ~ 1 + Days + zerocorr(1 + Days | Subject)	Reaction ~ 1 + Days + zerocorr(1 + Days | Subject)	true	gaussian		explicit	https://juliastats.org/MixedModels.jl/stable/constructors/	false	false
323	true	05c3f465e7987e8d7caa7e214fedddd90415a922	mixed_models_jl	penicillin_crossed	scripts/examples/mixed_models_jl.jl	157	Penicillin — Crossed Random Intercepts	penicillin	penicillin	https://vincentarelbundock.github.io/Rdatasets/csv/lme4/Penicillin.csv	diameter ~ 1 + (1 | plate) + (1 | sample)	diameter ~ 1 + (1 | plate) + (1 | sample)	true	gaussian		explicit	https://juliastats.org/MixedModels.jl/stable/constructors/	false	false
324	true	05c3f465e7987e8d7caa7e214fedddd90415a922	mixed_models_jl	pastes_nested	scripts/examples/mixed_models_jl.jl	178	Pastes — Nested Random Effects	pastes	pastes	https://vincentarelbundock.github.io/Rdatasets/csv/lme4/Pastes.csv	strength ~ 1 + (1 | batch/cask)	strength ~ 1 + (1 | batch/cask)	true	gaussian		explicit	https://juliastats.org/MixedModels.jl/stable/constructors/	false	false
325	true	05c3f465e7987e8d7caa7e214fedddd90415a922	mixed_models_jl	verbagg_crossed	scripts/examples/mixed_models_jl.jl	198	Verbal Aggression — Bernoulli GLMM, Crossed Random Effects	verbal_aggression	verbagg	https://vincentarelbundock.github.io/Rdatasets/csv/lme4/VerbAgg.csv	r2 ~ 1 + Anger + Gender + btype + situ + (1 | id) + (1 | item)	r2 ~ 1 + Anger + Gender + btype + situ + (1 | id) + (1 | item)	true	bernoulli		explicit	https://juliastats.org/MixedModels.jl/stable/constructors/	false	false
326	true	05c3f465e7987e8d7caa7e214fedddd90415a922	mixed_models_jl	contraception_glmm	scripts/examples/mixed_models_jl.jl	222	Contraception — Bernoulli GLMM with Polynomial Age	contraception	contraception	https://vincentarelbundock.github.io/Rdatasets/csv/mlmRev/Contraception.csv	use ~ 1 + age + abs2(age) + livch + urban + (1 | district)	use ~ 1 + age + abs2(age) + livch + urban + (1 | district)	true	bernoulli		explicit	https://juliastats.org/MixedModels.jl/stable/constructors/	false	false
327	true	05c3f465e7987e8d7caa7e214fedddd90415a922	inla	cement_lm	scripts/examples/inla.jl	176	Cement — Gaussian Linear Model (no random effects)	cement	cement	https://vincentarelbundock.github.io/Rdatasets/csv/MASS/cement.csv	y ~ x1 + x2 + x3 + x4	y ~ x1 + x2 + x3 + x4	true			unresolved	https://becarioprecario.bitbucket.io/inla-gitbook/ch-INLA.html	false	false
328	true	05c3f465e7987e8d7caa7e214fedddd90415a922	inla	penicillin_iid	scripts/examples/inla.jl	194	Penicillin — Gaussian GLMM with IID Random Intercept	penicillin	penicillin	https://vincentarelbundock.github.io/Rdatasets/csv/lme4/Penicillin.csv	diameter ~ 1 + sample + f(plate_id, model = 'iid')	diameter ~ 1 + sample + f(plate_id, model = 'iid')	true			unresolved	https://becarioprecario.bitbucket.io/inla-gitbook/ch-multilevel.html	false	false
329	true	05c3f465e7987e8d7caa7e214fedddd90415a922	inla	sleepstudy_iid	scripts/examples/inla.jl	209	Sleep Deprivation — Gaussian GLMM with IID Random Intercept	sleepstudy	sleepstudy_inla	https://vincentarelbundock.github.io/Rdatasets/csv/lme4/sleepstudy.csv	Reaction ~ 1 + Days + f(subject_id, model = 'iid')	Reaction ~ 1 + Days + f(subject_id, model = 'iid')	true			unresolved	https://becarioprecario.bitbucket.io/inla-gitbook/ch-multilevel.html	false	false
330	true	05c3f465e7987e8d7caa7e214fedddd90415a922	inla	sleepstudy_slopes	scripts/examples/inla.jl	224	Sleep Deprivation — Gaussian GLMM with IID Random Slopes	sleepstudy	sleepstudy_inla	https://vincentarelbundock.github.io/Rdatasets/csv/lme4/sleepstudy.csv	Reaction ~ 1 + f(subject_id, Days, model = 'iid')	Reaction ~ 1 + f(subject_id, Days, model = 'iid')	true			unresolved	https://becarioprecario.bitbucket.io/inla-gitbook/ch-multilevel.html	false	false
331	true	05c3f465e7987e8d7caa7e214fedddd90415a922	inla	airp_rw1	scripts/examples/inla.jl	241	Airline Passengers — Random Walk (RW1) Temporal Smoothing	airpassengers_temporal	airpassengers	synthetic	log_y ~ 0 + f(t, model = 'rw1')	log_y ~ 0 + f(t, model = 'rw1')	true			unresolved	https://becarioprecario.bitbucket.io/inla-gitbook/ch-temporal.html	false	false
332	true	05c3f465e7987e8d7caa7e214fedddd90415a922	inla	airp_rw2	scripts/examples/inla.jl	257	Airline Passengers — Random Walk (RW2) Temporal Smoothing	airpassengers_temporal	airpassengers	synthetic	log_y ~ 0 + f(t, model = 'rw2')	log_y ~ 0 + f(t, model = 'rw2')	true			unresolved	https://becarioprecario.bitbucket.io/inla-gitbook/ch-temporal.html	false	false
333	true	05c3f465e7987e8d7caa7e214fedddd90415a922	inla	airp_ar1	scripts/examples/inla.jl	272	Airline Passengers — AR(1) Temporal Process	airpassengers_temporal	airpassengers	synthetic	log_y ~ 0 + f(t, model = 'ar1')	log_y ~ 0 + f(t, model = 'ar1')	true			unresolved	https://becarioprecario.bitbucket.io/inla-gitbook/ch-temporal.html	false	false
334	true	05c3f465e7987e8d7caa7e214fedddd90415a922	inla	airp_seasonal	scripts/examples/inla.jl	287	Airline Passengers — Seasonal Latent Field	airpassengers_temporal	airpassengers	synthetic	log_y ~ 0 + f(t, model = 'seasonal', season.length = 12)	log_y ~ 0 + f(t, model = 'seasonal', season.length = 12)	true			unresolved	https://becarioprecario.bitbucket.io/inla-gitbook/ch-temporal.html	false	false
335	true	05c3f465e7987e8d7caa7e214fedddd90415a922	inla	veteran_weibull	scripts/examples/inla.jl	304	VA Lung Cancer — Weibull Survival Model	veteran_survival	veteran	https://vincentarelbundock.github.io/Rdatasets/csv/survival/veteran.csv	inla.surv(time, status) ~ trt + celltype + karno + diagtime + age + prior	inla.surv(time, status) ~ trt + celltype + karno + diagtime + age + prior	true			unresolved	https://becarioprecario.bitbucket.io/inla-gitbook/ch-survival.html	false	false
336	true	05c3f465e7987e8d7caa7e214fedddd90415a922	inla	lidar_rw2	scripts/examples/inla.jl	325	LIDAR — Nonparametric Regression via RW2	lidar_smooth	lidar	https://vincentarelbundock.github.io/Rdatasets/csv/SemiPar/lidar.csv	logratio ~ -1 + f(range, model = 'rw2', constr = FALSE)	logratio ~ -1 + f(range, model = 'rw2', constr = FALSE)	true			unresolved	https://becarioprecario.bitbucket.io/inla-gitbook/ch-smoothing.html	false	false
337	true	05c3f465e7987e8d7caa7e214fedddd90415a922	inla	surg_binomial	scripts/examples/inla.jl	344	Hospital Mortality — Binomial IID Overdispersion	surg_mortality	surg	synthetic	r ~ f(hospital, model = 'iid')	r ~ f(hospital, model = 'iid')	true			unresolved	https://becarioprecario.bitbucket.io/inla-gitbook/ch-INLA.html	false	false
338	true	05c3f465e7987e8d7caa7e214fedddd90415a922	inla	boston_besag	scripts/examples/inla.jl	360	Boston Housing — Gaussian Spatial (ICAR / Besag)	boston_spatial	boston_housing	https://vincentarelbundock.github.io/Rdatasets/csv/MASS/Boston.csv	log(medv) ~ crim + zn + indus + chas + nox + rm + age + dis + rad + tax + ptratio + black + lstat + f(id, model = 'besag', graph = W)	log(medv) ~ crim + zn + indus + chas + nox + rm + age + dis + rad + tax + ptratio + black + lstat + f(id, model = 'besag', graph = W)	true			unresolved	https://becarioprecario.bitbucket.io/inla-gitbook/ch-spatial.html	false	false
339	true	05c3f465e7987e8d7caa7e214fedddd90415a922	mcmcglmm	plodia_iid	scripts/examples/mcmcglmm.jl	119	Phenoloxidase — Gaussian GLMM with Full-Sib Family Random Effect	plodiaPO_iid	plodiaPO	https://vincentarelbundock.github.io/Rdatasets/csv/MCMCglmm/PlodiaPO.csv	fixed: PO ~ 1; random: ~FSfamily	fixed: PO ~ 1; random: ~FSfamily	true			unresolved	https://cran.r-project.org/web/packages/MCMCglmm/vignettes/Overview.pdf	false	false
340	true	05c3f465e7987e8d7caa7e214fedddd90415a922	mcmcglmm	btdata_iid	scripts/examples/mcmcglmm.jl	137	Blue Tit Tarsus — Gaussian GLMM with Foster-Nest Random Intercept	btdata_iid	btdata	https://vincentarelbundock.github.io/Rdatasets/csv/MCMCglmm/BTdata.csv	fixed: tarsus ~ sex + hatchdate; random: ~fosternest	fixed: tarsus ~ sex + hatchdate; random: ~fosternest	true			unresolved	https://jarrodhadfield.github.io/MCMCglmm/course-notes/	false	false
341	true	05c3f465e7987e8d7caa7e214fedddd90415a922	mcmcglmm	btdata_animal	scripts/examples/mcmcglmm.jl	152	Blue Tit Tarsus — Animal Model (Additive Genetic Variance)	btdata_animal	btdata	https://vincentarelbundock.github.io/Rdatasets/csv/MCMCglmm/BTdata.csv	fixed: tarsus ~ sex + hatchdate; random: ~fosternest + animal	fixed: tarsus ~ sex + hatchdate; random: ~fosternest + animal	true			unresolved	https://jarrodhadfield.github.io/MCMCglmm/course-notes/	false	false
342	true	05c3f465e7987e8d7caa7e214fedddd90415a922	mcmcglmm	chickweight_rslope	scripts/examples/mcmcglmm.jl	171	Chick Growth — Random Regression (Unstructured G-matrix)	chickweight_rslope	chickweight	https://vincentarelbundock.github.io/Rdatasets/csv/datasets/ChickWeight.csv	fixed: weight ~ Time + I(Time^2) + Diet:Time; random: ~us(1 + Time):Chick	fixed: weight ~ Time + I(Time^2) + Diet:Time; random: ~us(1 + Time):Chick	true			unresolved	https://jarrodhadfield.github.io/MCMCglmm/course-notes/	false	false
343	true	05c3f465e7987e8d7caa7e214fedddd90415a922	mcmcglmm	btdata_bivariate	scripts/examples/mcmcglmm.jl	192	Blue Tit Bivariate — Multivariate Gaussian Animal Model	btdata_bivariate	btdata	https://vincentarelbundock.github.io/Rdatasets/csv/MCMCglmm/BTdata.csv	fixed: cbind(tarsus, back) ~ trait - 1 + trait:sex + trait:hatchdate; random: ~us(trait):fosternest + us(trait):animal; rcov: ~us(trait):units	fixed: cbind(tarsus, back) ~ trait - 1 + trait:sex + trait:hatchdate; random: ~us(trait):fosternest + us(trait):animal; rcov: ~us(trait):units	true			unresolved	https://jarrodhadfield.github.io/MCMCglmm/course-notes/	false	false
344	true	05c3f465e7987e8d7caa7e214fedddd90415a922	mcmcglmm	pbcseq_bivariate	scripts/examples/mcmcglmm.jl	212	PBC — Bivariate Gaussian + Threshold Joint Model	pbcseq_bivariate	pbcseq	https://vincentarelbundock.github.io/Rdatasets/csv/survival/pbcseq.csv	fixed: cbind(log_bili, ascites) ~ trait - 1 + trait:(age + sex); random: ~us(trait):id; rcov: ~us(trait):units	fixed: cbind(log_bili, ascites) ~ trait - 1 + trait:(age + sex); random: ~us(trait):id; rcov: ~us(trait):units	true			unresolved	https://jarrodhadfield.github.io/MCMCglmm/course-notes/	false	false
345	true	05c3f465e7987e8d7caa7e214fedddd90415a922	mcmcglmm	sshorns_ordinal	scripts/examples/mcmcglmm.jl	234	Soay Sheep Horn Type — Ordinal Threshold Model	sshorns_ordinal	sshorns	https://vincentarelbundock.github.io/Rdatasets/csv/MCMCglmm/SShorns.csv	fixed: horn ~ sex; random: ~id	fixed: horn ~ sex; random: ~id	true			unresolved	https://jarrodhadfield.github.io/MCMCglmm/course-notes/	false	false
346	true	05c3f465e7987e8d7caa7e214fedddd90415a922	glmmtmb	owls_zip	scripts/examples/glmmtmb.jl	156	Barn Owls — Zero-Inflated Poisson GLMM	owls_zi	owls	https://vincentarelbundock.github.io/Rdatasets/csv/glmmTMB/Owls.csv	NCalls ~ (FT + ArrivalTime)*SexParent + offset(log_brood) + (1|Nest); zi: ~1	NCalls ~ (FT + ArrivalTime)*SexParent + offset(log_brood) + (1|Nest); zi: ~1	true			unresolved	https://cran.r-project.org/web/packages/glmmTMB/vignettes/glmmTMB.html	false	false
347	true	05c3f465e7987e8d7caa7e214fedddd90415a922	glmmtmb	owls_zinb2	scripts/examples/glmmtmb.jl	175	Barn Owls — Zero-Inflated Negative Binomial (NB2) GLMM	owls_zi	owls	https://vincentarelbundock.github.io/Rdatasets/csv/glmmTMB/Owls.csv	NCalls ~ (FT + ArrivalTime)*SexParent + offset(log_brood) + (1|Nest); zi: ~1	NCalls ~ (FT + ArrivalTime)*SexParent + offset(log_brood) + (1|Nest); zi: ~1	true			unresolved	https://cran.r-project.org/web/packages/glmmTMB/vignettes/glmmTMB.html	false	false
348	true	05c3f465e7987e8d7caa7e214fedddd90415a922	glmmtmb	owls_zinb1	scripts/examples/glmmtmb.jl	194	Barn Owls — Zero-Inflated Negative Binomial (NB1) GLMM	owls_zi	owls	https://vincentarelbundock.github.io/Rdatasets/csv/glmmTMB/Owls.csv	NCalls ~ (FT + ArrivalTime)*SexParent + BroodSize + (1|Nest); zi: ~1	NCalls ~ (FT + ArrivalTime)*SexParent + BroodSize + (1|Nest); zi: ~1	true			unresolved	https://cran.r-project.org/web/packages/glmmTMB/vignettes/glmmTMB.html	false	false
349	true	05c3f465e7987e8d7caa7e214fedddd90415a922	glmmtmb	owls_hurdle	scripts/examples/glmmtmb.jl	212	Barn Owls — Hurdle NB1 GLMM	owls_zi	owls	https://vincentarelbundock.github.io/Rdatasets/csv/glmmTMB/Owls.csv	NCalls ~ (FT + ArrivalTime)*SexParent + BroodSize + (1|Nest); zi: ~.	NCalls ~ (FT + ArrivalTime)*SexParent + BroodSize + (1|Nest); zi: ~.	true			unresolved	https://cran.r-project.org/web/packages/glmmTMB/vignettes/glmmTMB.html	false	false
350	true	05c3f465e7987e8d7caa7e214fedddd90415a922	glmmtmb	salamanders_zinb2	scripts/examples/glmmtmb.jl	233	Salamanders — ZI NB2 with Species-Varying Zero-Inflation	salamanders_zi	salamanders	https://vincentarelbundock.github.io/Rdatasets/csv/glmmTMB/Salamanders.csv	count ~ spp + (1|site); zi: ~spp	count ~ spp + (1|site); zi: ~spp	true			unresolved	https://cran.r-project.org/web/packages/glmmTMB/vignettes/glmmTMB.html	false	false
351	true	05c3f465e7987e8d7caa7e214fedddd90415a922	glmmtmb	salamanders_genpois	scripts/examples/glmmtmb.jl	249	Salamanders — Generalised Poisson with ZI	salamanders_zi	salamanders	https://vincentarelbundock.github.io/Rdatasets/csv/glmmTMB/Salamanders.csv	count ~ spp + mined + (1|site); zi: ~spp + mined	count ~ spp + mined + (1|site); zi: ~spp + mined	true			unresolved	https://cran.r-project.org/web/packages/glmmTMB/vignettes/glmmTMB.html	false	false
352	true	05c3f465e7987e8d7caa7e214fedddd90415a922	glmmtmb	beta_disp	scripts/examples/glmmtmb.jl	266	Beta Regression — Dispersion as Function of Predictor	beta_disp	beta_sim	synthetic	y ~ x; disp: ~x	y ~ x; disp: ~x	true			unresolved	https://cran.r-project.org/web/packages/glmmTMB/vignettes/glmmTMB.html	false	false
353	true	05c3f465e7987e8d7caa7e214fedddd90415a922	glmmtmb	ar1_covar	scripts/examples/glmmtmb.jl	284	Grouped Time Series — AR(1) Random-Effect Covariance	ar1_covar	ar1_sim	synthetic	y ~ ar1(times + 0 | group)	y ~ ar1(times + 0 | group)	true			unresolved	https://cran.r-project.org/web/packages/glmmTMB/vignettes/covstruct.html	false	false
354	true	05c3f465e7987e8d7caa7e214fedddd90415a922	glmmtmb	volcano_spatial	scripts/examples/glmmtmb.jl	301	Volcanic Topography — Spatial Exponential Covariance	volcano_spatial	volcano_spatial	synthetic	z ~ 1 + exp(pos + 0 | group)	z ~ 1 + exp(pos + 0 | group)	true			unresolved	https://cran.r-project.org/web/packages/glmmTMB/vignettes/covstruct.html	false	false
355	true	05c3f465e7987e8d7caa7e214fedddd90415a922	glm_jl	dobson_poisson	scripts/examples/glm_jl.jl	86	Dobson Poisson — Log-Linear GLM	dobson_poisson	dobson_poisson	synthetic	Counts ~ Outcome + Treatment	Counts ~ Outcome + Treatment	true	poisson		explicit	https://juliastats.org/GLM.jl/stable/examples/	false	false
356	true	05c3f465e7987e8d7caa7e214fedddd90415a922	glm_jl	quine_nb	scripts/examples/glm_jl.jl	106	Quine — Negative Binomial GLM	quine	quine	https://vincentarelbundock.github.io/Rdatasets/csv/MASS/quine.csv	Days ~ Eth + Sex + Age + Lrn	Days ~ Eth + Sex + Age + Lrn	true	negativebinomial		explicit	https://juliastats.org/GLM.jl/stable/examples/	false	false
357	true	05c3f465e7987e8d7caa7e214fedddd90415a922	glm_jl	quine_poisson	scripts/examples/glm_jl.jl	188	Quine — Poisson GLM (vs. Negative Binomial)	quine	quine	https://vincentarelbundock.github.io/Rdatasets/csv/MASS/quine.csv	Days ~ Eth + Sex + Age + Lrn	Days ~ Eth + Sex + Age + Lrn	true	poisson		explicit	https://juliastats.org/GLM.jl/stable/examples/	false	false
358	true	05c3f465e7987e8d7caa7e214fedddd90415a922	glm_jl	trees_lm	scripts/examples/glm_jl.jl	126	Trees — Gaussian GLM (OLS)	trees	trees	https://vincentarelbundock.github.io/Rdatasets/csv/datasets/trees.csv	Volume ~ Height + Girth	Volume ~ Height + Girth	true	gaussian		explicit	https://juliastats.org/GLM.jl/stable/	false	false
359	true	05c3f465e7987e8d7caa7e214fedddd90415a922	glm_jl	pima_logistic	scripts/examples/glm_jl.jl	146	Pima Diabetes — Logistic Regression	pima_diabetes	pima_tr	https://vincentarelbundock.github.io/Rdatasets/csv/MASS/Pima.tr.csv	type ~ npreg + glu + bp + bmi + ped + age	type ~ npreg + glu + bp + bmi + ped + age	true	binomial		explicit	https://juliastats.org/GLM.jl/stable/	false	false
360	true	05c3f465e7987e8d7caa7e214fedddd90415a922	glm_jl	savings_ols	scripts/examples/glm_jl.jl	168	Life-Cycle Savings — Multiple Linear Regression	lifecycle_savings	lifecycle_savings	https://vincentarelbundock.github.io/Rdatasets/csv/datasets/LifeCycleSavings.csv	SR ~ Pop15 + Pop75 + DPI + DDPI	SR ~ Pop15 + Pop75 + DPI + DDPI	true	gaussian		explicit	https://juliastats.org/GLM.jl/stable/	false	false
