source_fidelity_first_pass	inferred_translation_note	family_audit_dataset_evidence	source_fidelity_verdict	family_audit_evidence_strength	source_line	renderer_family_provenance	probe_id	renderer_family_claim	family_discrepancy	family_adapter_clean_reviewed_sha	family_audit_authoritative_revision	formula_support	family_adapter_canonical_sha	dimension	failure_stage	descriptor_mount_contract	source_path	formula_claim_matches_return	family_audit_authoritative_path_anchor	family_audit_retrieved_at_utc	brmi_eval	dataset_claim	exact_current_brm_body	warmuphmc_draws	dataset_receipt_statuses	data_only_citation	family_adapter_validation_sha	source_fidelity_manual_reviewed	stan_transpile	family_description_claim	family_audit_evidence_class	family_adapter_control_tier	descriptor	inferred_current_brm_body	sbbrmi_lower	exact_translation_status	receipt_final_url	sbpmx_semantic_pattern	citation_authority_class	historical_sha	source_correction_with_evidence	receipt_evidence_anchor	semantic_route_note	receipt_http_status	data_shape_assumptions	warmuphmc	row_source_claim	source_fidelity_reason	inferred_family_provenance	semantic_route	exact_surface_secondary_gap	family_audit_negative_evidence	probe_evidence_from_row	log_density	exact_surface_support_class	exact_evidence_kind	stan_data_sha256	family_support	failure_evidence	exact_probe_id	inferred_translation_status	receipt_body_sha256	source	family_audit_http_status	bridgestan_instantiate	row_key	exact_capability_tier	dataset_support	brmi_parse	stanc	family_adapter_control_scope	stan_code_sha256	family_audit_explicit_evidence	name_claim	formula_return	gradient_finite	sbpmx_pattern_provenance	family_adapter_landed_applies	family_metadata_claim	receipt_retrieved_at	key	deployed	family_audit_semantic_evidence	exact_translation_note	probe_evidence_kind	family_audit_decision_rationale	inferred_surface_support_class	dataset_receipt_urls	inferred_surface_secondary_gap	formula_claim	family_audit_authoritative_surface	inferred_family	inferred_capability_tier	row_index
confirmed	explicit Normal likelihood; named log-scale sigma predictor uses native linked-predictor syntax		confirmed		17	CatalogServer_default_unsubstantiated	1de46a383b6fd66d	gaussian	renderer-default-unsubstantiated; inference happens to agree			exact_text_present		6		authoritative brm_descriptor/brm_execute; experimental SbPMX semantic_app mount adapter	scripts/examples/bambi.jl	true			pass	escs			reachable-data-or-description	false		false	pass	gaussian			pass	loc ~ o + c + e + a + n\nlog(sigma) ~ 1\ndrugs ~ Normal(loc, sigma)	pass	unresolved-family	https://bambinos.github.io/bambi/notebooks/ESCS_multiple_regression.html	@options + option_domain/option_records + semantic_card under semantic_app	cited_project_author_publisher_surface	05c3f465e7987e8d7caa7e214fedddd90415a922		text_offset=0; matched_terms=linear,multiple,regression; context_sha256=9e389253f340799c	direct population/likelihood route when the family and terms are supported	200	synthetic n=12; positive continuous predictors; integer groups; family-valid outcome	not-run	https://bambinos.github.io/bambi/notebooks/ESCS_multiple_regression.html	The retrieved official/primary source contains the normalized claimed formula text.	inferred-from-description	ordinary_brm	family evidence remains indeterminate		2	-6.641951786101243	historical-semantics-unresolved	not-probed	d5765f001f2fc70f3bc4494a7e148397f8c428784a2b77e6433a717d0bc238c4	explicit_token_present			ready	39b640cdf7da4d26e676831930e1981e17c153ef1f450d2461f8b18345c28816	bambi		pass	bambi:escs	unresolved-family	name_or_key_present	pass	pass		ff360b57fddd06f6dd9d434abbdd4296a11c7feb900f03251789572d554a1bf4		Multiple Linear Regression	drugs ~ o + c + e + a + n	true	SbPMX origin/main@a8fd3c02e1e2305683a56c91384701bfeba6b528:design/{ASKS.md,SbPMX.jl,mock_runtime.jl},compat/check-semantic-model-pipeline.jl	false		2026-07-28T21:07:08.539495+00:00	escs	true		family is not explicit or defensibly inferred	direct		already-expressible-verbatim	https://ndownloader.figshare.com/files/28870722		drugs ~ o + c + e + a + n		gaussian	bridgestan-finite-density-gradient	1
confirmed	bs(...) arguments do not map mechanically to current s(...) semantics		confirmed		46	CatalogServer_default_unsubstantiated		gaussian	renderer-default-unsubstantiated; inference happens to agree			exact_text_present				no executable descriptor until translation is resolved	scripts/examples/bambi.jl	true			not-run	cherry_blossoms			reachable-data-or-description	false		false	not-run	gaussian			not-run		not-run	unresolved-family	https://bambinos.github.io/bambi/notebooks/splines_cherry_blossoms.html	@options + option_domain/option_records + semantic_card under semantic_app	cited_project_author_publisher_surface	05c3f465e7987e8d7caa7e214fedddd90415a922		text_offset=2874; matched_terms=cherry_blossoms,doy,year; context_sha256=2f1fa945820e4fd9	direct population/likelihood route when the family and terms are supported	200	synthetic n=12; positive continuous predictors; integer groups; family-valid outcome	not-run	https://bambinos.github.io/bambi/notebooks/splines_cherry_blossoms.html	The retrieved official/primary source contains the normalized claimed formula text.	inferred-from-description	ordinary_brm	family evidence remains indeterminate				historical-semantics-unresolved	not-probed		explicit_token_present			unsupported	f30a483595ba2cabe13f7833db6bc6b71bcdc9d50b4576d208b03ab621f08390	bambi		not-run	bambi:cherry_blossoms_explicit	unresolved-family	name_or_key_present	not-run	not-run				Regression Splines — Explicit Intercept	doy ~ bs(year, knots=iknots, intercept=True)	not-run	SbPMX origin/main@a8fd3c02e1e2305683a56c91384701bfeba6b528:design/{ASKS.md,SbPMX.jl,mock_runtime.jl},compat/check-semantic-model-pipeline.jl	false		2026-07-28T21:07:08.612484+00:00	cherry_blossoms_explicit	true		family is not explicit or defensibly inferred	not-probed		historical-semantics-unresolved	https://ndownloader.figshare.com/files/31072807		doy ~ bs(year, knots=iknots, intercept=True)		gaussian	unsupported	2
confirmed	bs(...) arguments do not map mechanically to current s(...) semantics		confirmed		63	CatalogServer_default_unsubstantiated		gaussian	renderer-default-unsubstantiated; inference happens to agree			exact_text_present				no executable descriptor until translation is resolved	scripts/examples/bambi.jl	true			not-run	cherry_blossoms			reachable-data-or-description	false		false	not-run	gaussian			not-run		not-run	unresolved-family	https://bambinos.github.io/bambi/notebooks/splines_cherry_blossoms.html	@options + option_domain/option_records + semantic_card under semantic_app	cited_project_author_publisher_surface	05c3f465e7987e8d7caa7e214fedddd90415a922		text_offset=2874; matched_terms=cherry_blossoms,doy,year; context_sha256=2f1fa945820e4fd9	direct population/likelihood route when the family and terms are supported	200	synthetic n=12; positive continuous predictors; integer groups; family-valid outcome	not-run	https://bambinos.github.io/bambi/notebooks/splines_cherry_blossoms.html	The retrieved official/primary source contains the normalized claimed formula text.	inferred-from-description	ordinary_brm	family evidence remains indeterminate				historical-semantics-unresolved	not-probed		explicit_token_present			unsupported	f30a483595ba2cabe13f7833db6bc6b71bcdc9d50b4576d208b03ab621f08390	bambi		not-run	bambi:cherry_blossoms_absorbed	unresolved-family	name_or_key_present	not-run	not-run				Regression Splines — Absorbed Intercept	doy ~ bs(year, knots=iknots)	not-run	SbPMX origin/main@a8fd3c02e1e2305683a56c91384701bfeba6b528:design/{ASKS.md,SbPMX.jl,mock_runtime.jl},compat/check-semantic-model-pipeline.jl	false		2026-07-28T21:07:08.612484+00:00	cherry_blossoms_absorbed	true		family is not explicit or defensibly inferred	not-probed		historical-semantics-unresolved	https://ndownloader.figshare.com/files/31072807		doy ~ bs(year, knots=iknots)		gaussian	unsupported	3
confirmed	explicit Normal likelihood; named log-scale sigma predictor uses native linked-predictor syntax		confirmed		92	CatalogServer_default_unsubstantiated	e633874c6aa03216	gaussian	renderer-default-unsubstantiated; inference happens to agree			exact_text_present		6		authoritative brm_descriptor/brm_execute; experimental SbPMX semantic_app mount adapter	scripts/examples/bambi.jl	true			pass	dietox			reachable-data-or-description	false		false	pass	gaussian			pass	loc ~ Time + (Time|Pig)\nlog(sigma) ~ 1\nWeight ~ Normal(loc, sigma)	pass	unresolved-family	https://bambinos.github.io/bambi/notebooks/multi-level_regression.html	@options + option_domain/option_records + semantic_card under semantic_app	cited_project_author_publisher_surface	05c3f465e7987e8d7caa7e214fedddd90415a922		text_offset=32; matched_terms=hierarchical,linear,pig,regression; context_sha256=5c63a9b5d81f61bc	direct population/likelihood route when the family and terms are supported	200	synthetic n=12; positive continuous predictors; integer groups; family-valid outcome	not-run	https://bambinos.github.io/bambi/notebooks/multi-level_regression.html	The retrieved official/primary source contains the normalized claimed formula text.	inferred-from-description	ordinary_brm	family evidence remains indeterminate		8	-8.317384082920588	historical-semantics-unresolved	not-probed	27e4a80934d5d43af7f04a3b599f2b919897ca4019f4f7b0359496c0561e0939	explicit_token_present			ready	81282bd4c28db9192948ad5647f670e82caff32ec8bb2a484d444c6f20914364	bambi		pass	bambi:dietox	unresolved-family	name_or_key_present	pass	pass		f775e281d2707ac0d685e8a2d1b7d54ea7cda287b076d970a2f47664c986580f		Hierarchical Linear Regression — Pig Growth	Weight ~ Time + (Time|Pig)	true	SbPMX origin/main@a8fd3c02e1e2305683a56c91384701bfeba6b528:design/{ASKS.md,SbPMX.jl,mock_runtime.jl},compat/check-semantic-model-pipeline.jl	false		2026-07-28T21:07:08.571485+00:00	dietox	true		family is not explicit or defensibly inferred	direct		already-expressible-verbatim	https://vincentarelbundock.github.io/Rdatasets/csv/geepack/dietox.csv		Weight ~ Time + (Time|Pig)		gaussian	bridgestan-finite-density-gradient	4
confirmed	explicit Normal likelihood; named log-scale sigma predictor uses native linked-predictor syntax		confirmed		121	CatalogServer_default_unsubstantiated	120c7abcf006cdf4	gaussian	renderer-default-unsubstantiated; inference happens to agree			exact_text_present		7		authoritative brm_descriptor/brm_execute; experimental SbPMX semantic_app mount adapter	scripts/examples/bambi.jl	true			pass	sleepstudy			reachable-data-or-description	false		false	pass	gaussian			pass	loc ~ 1 + Days + (Days | Subject)\nlog(sigma) ~ 1\nReaction ~ Normal(loc, sigma)	pass	unresolved-family	https://bambinos.github.io/bambi/notebooks/sleepstudy.html	@options + option_domain/option_records + semantic_card under semantic_app	cited_project_author_publisher_surface	05c3f465e7987e8d7caa7e214fedddd90415a922		text_offset=32; matched_terms=hierarchical,linear,regression,sleep,sleepstudy; context_sha256=f743de055d0c0408	direct population/likelihood route when the family and terms are supported	200	synthetic n=12; positive continuous predictors; integer groups; family-valid outcome	not-run	https://bambinos.github.io/bambi/notebooks/sleepstudy.html	The retrieved official/primary source contains the normalized claimed formula text.	inferred-from-description	ordinary_brm	family evidence remains indeterminate		10	-8.317384082920588	historical-semantics-unresolved	not-probed	1edfbb7abc19fd827115bbadf4019793a276980bcd69189649d239fdef65dca1	explicit_token_present			ready	ea98686a223bac28c7fca02e91b479047736565c0fa8e292204398d014a6af2d	bambi		pass	bambi:sleepstudy	unresolved-family	name_or_key_present	pass	pass		c234a305f43ff86987704aca7d99883449aaa5d29c4008f6084cd8a7f971e096		Hierarchical Linear Regression — Sleep Deprivation	Reaction ~ 1 + Days + (Days | Subject)	true	SbPMX origin/main@a8fd3c02e1e2305683a56c91384701bfeba6b528:design/{ASKS.md,SbPMX.jl,mock_runtime.jl},compat/check-semantic-model-pipeline.jl	false		2026-07-28T21:07:08.611857+00:00	sleepstudy	true		family is not explicit or defensibly inferred	direct		already-expressible-verbatim	https://ndownloader.figshare.com/files/31181002		Reaction ~ 1 + Days + (Days | Subject)		gaussian	bridgestan-finite-density-gradient	5
confirmed	explicit Normal likelihood; named log-scale sigma predictor uses native linked-predictor syntax		confirmed		162	CatalogServer_default_unsubstantiated	e4fd4161c4711597	gaussian	renderer-default-unsubstantiated; inference happens to agree			exact_text_present		2		authoritative brm_descriptor/brm_execute; experimental SbPMX semantic_app mount adapter	scripts/examples/bambi.jl	true			pass	radon			reachable-data-or-description	false		false	pass	gaussian			pass	loc ~ 0 + floor\nlog(sigma) ~ 1\nlog_radon ~ Normal(loc, sigma)	pass	unresolved-family	https://bambinos.github.io/bambi/notebooks/radon_example.html	@options + option_domain/option_records + semantic_card under semantic_app	cited_project_author_publisher_surface	05c3f465e7987e8d7caa7e214fedddd90415a922		text_offset=32; matched_terms=radon; context_sha256=6772ed23bfaf627b	direct population/likelihood route when the family and terms are supported	200	synthetic n=12; positive continuous predictors; integer groups; family-valid outcome	not-run	https://bambinos.github.io/bambi/notebooks/radon_example.html	The retrieved official/primary source contains the normalized claimed formula text.	inferred-from-description	ordinary_brm	family evidence remains indeterminate		12	-7.817384082920588	historical-semantics-unresolved	not-probed	b4cfc1bb7bf164c423983db7d9c6e06c3cb16637504e3ccdb2272f878f01ec16	explicit_token_present			ready	8ef807a88bd293b86636285eca82f476d175186bae5307ae2e30d30ebe6ff09f	bambi		pass	bambi:radon_pooled	unresolved-family	name_or_key_present	pass	pass		4b52b2624b2d878fbaeec21e188814f8b4167035882458058ee22a3aa2c76e02		Radon — Complete Pooling	log_radon ~ 0 + floor	true	SbPMX origin/main@a8fd3c02e1e2305683a56c91384701bfeba6b528:design/{ASKS.md,SbPMX.jl,mock_runtime.jl},compat/check-semantic-model-pipeline.jl	false		2026-07-28T21:07:08.610088+00:00	radon_pooled	true		family is not explicit or defensibly inferred	direct		already-expressible-verbatim	https://raw.githubusercontent.com/pymc-devs/pymc-examples/main/examples/data/srrs2.dat		log_radon ~ 0 + floor		gaussian	bridgestan-finite-density-gradient	6
confirmed	explicit Normal likelihood; named log-scale sigma predictor uses native linked-predictor syntax		confirmed		178	CatalogServer_default_unsubstantiated	f66156a0512117f2	gaussian	renderer-default-unsubstantiated; inference happens to agree			exact_text_present		2		authoritative brm_descriptor/brm_execute; experimental SbPMX semantic_app mount adapter	scripts/examples/bambi.jl	true			pass	radon			reachable-data-or-description	false		false	pass	gaussian			pass	loc ~ 0 + county & floor\nlog(sigma) ~ 1\nlog_radon ~ Normal(loc, sigma)	pass	unresolved-family	https://bambinos.github.io/bambi/notebooks/radon_example.html	@options + option_domain/option_records + semantic_card under semantic_app	cited_project_author_publisher_surface	05c3f465e7987e8d7caa7e214fedddd90415a922		text_offset=1902; matched_terms=county,pooling; context_sha256=be17a1919e3ed9e4	direct population/likelihood route when the family and terms are supported	200	synthetic n=12; positive continuous predictors; integer groups; family-valid outcome	not-run	https://bambinos.github.io/bambi/notebooks/radon_example.html	The retrieved official/primary source contains the normalized claimed formula text.	inferred-from-description	ordinary_brm	family evidence remains indeterminate		14	-3.8069883206128132	historical-semantics-unresolved	not-probed	e8700a3971454ddc27dc5401bae43dd07efed661be6906bf15034826c8a1aade	explicit_token_present			ready	8ef807a88bd293b86636285eca82f476d175186bae5307ae2e30d30ebe6ff09f	bambi		pass	bambi:radon_nopooling	unresolved-family	name_or_key_present	pass	pass		8f2a37ee2fbc509c892f978aaeb523dae01ae78fa45585cff61a59d0aa8083e3		Radon — No Pooling	log_radon ~ 0 + county:floor	true	SbPMX origin/main@a8fd3c02e1e2305683a56c91384701bfeba6b528:design/{ASKS.md,SbPMX.jl,mock_runtime.jl},compat/check-semantic-model-pipeline.jl	false		2026-07-28T21:07:08.610088+00:00	radon_nopooling	true		family is not explicit or defensibly inferred	direct		already-expressible-via-semantic-rewrite	https://raw.githubusercontent.com/pymc-devs/pymc-examples/main/examples/data/srrs2.dat		log_radon ~ 0 + county:floor		gaussian	bridgestan-finite-density-gradient	7
confirmed	explicit Normal likelihood; named log-scale sigma predictor uses native linked-predictor syntax		confirmed		194	CatalogServer_default_unsubstantiated	028bfd95057ed5a1	gaussian	renderer-default-unsubstantiated; inference happens to agree			exact_text_present		6		authoritative brm_descriptor/brm_execute; experimental SbPMX semantic_app mount adapter	scripts/examples/bambi.jl	true			pass	radon			reachable-data-or-description	false		false	pass	gaussian			pass	loc ~ 1 + (1|county)\nlog(sigma) ~ 1\nlog_radon ~ Normal(loc, sigma)	pass	unresolved-family	https://bambinos.github.io/bambi/notebooks/radon_example.html	@options + option_domain/option_records + semantic_card under semantic_app	cited_project_author_publisher_surface	05c3f465e7987e8d7caa7e214fedddd90415a922		text_offset=1902; matched_terms=county,intercept,partial,pooling; context_sha256=be17a1919e3ed9e4	direct population/likelihood route when the family and terms are supported	200	synthetic n=12; positive continuous predictors; integer groups; family-valid outcome	not-run	https://bambinos.github.io/bambi/notebooks/radon_example.html	The retrieved official/primary source contains the normalized claimed formula text.	inferred-from-description	ordinary_brm	family evidence remains indeterminate		16	-8.47744637392999	historical-semantics-unresolved	not-probed	9c7f9604748a5de7aab16c2849dab2949f58bf3350e0708aca7e26c546f8b58d	explicit_token_present			ready	8ef807a88bd293b86636285eca82f476d175186bae5307ae2e30d30ebe6ff09f	bambi		pass	bambi:radon_partial	unresolved-family	name_or_key_present	pass	pass		cdd785639a1743ba8874e60815beee900005ed1abd97bcfb4c5ac68109f53c45		Radon — Partial Pooling (Intercept Only)	log_radon ~ 1 + (1|county)	true	SbPMX origin/main@a8fd3c02e1e2305683a56c91384701bfeba6b528:design/{ASKS.md,SbPMX.jl,mock_runtime.jl},compat/check-semantic-model-pipeline.jl	false		2026-07-28T21:07:08.610088+00:00	radon_partial	true		family is not explicit or defensibly inferred	direct		already-expressible-verbatim	https://raw.githubusercontent.com/pymc-devs/pymc-examples/main/examples/data/srrs2.dat		log_radon ~ 1 + (1|county)		gaussian	bridgestan-finite-density-gradient	8
adapted-but-defensible	explicit Normal likelihood; named log-scale sigma predictor uses native linked-predictor syntax		adapted-but-defensible		209	CatalogServer_default_unsubstantiated	b56724233a9c414d	gaussian	renderer-default-unsubstantiated; inference happens to agree			partial_semantic_terms:3/3		7		authoritative brm_descriptor/brm_execute; experimental SbPMX semantic_app mount adapter	scripts/examples/bambi.jl	true			pass	radon			reachable-data-or-description	false		true	pass	gaussian			pass	loc ~ 1 + floor + (1|county)\nlog(sigma) ~ 1\nlog_radon ~ Normal(loc, sigma)	pass	unresolved-family	https://bambinos.github.io/bambi/notebooks/radon_example.html	@options + option_domain/option_records + semantic_card under semantic_app	cited_project_author_publisher_surface	05c3f465e7987e8d7caa7e214fedddd90415a922	If source-literal reproduction is required, use log_radon ~ 0 + floor + (1 | county).	radon_example: source model block containing log_radon, 0 + floor, and county random intercept	direct population/likelihood route when the family and terms are supported	200	synthetic n=12; positive continuous predictors; integer groups; family-valid outcome	not-run	https://bambinos.github.io/bambi/notebooks/radon_example.html	The cited model uses cell-means coding (0 + floor) while the catalog uses intercept-plus-contrast coding (1 + floor); for binary floor these span the same fixed-effect column space.	inferred-from-description	ordinary_brm	family evidence remains indeterminate		18	-7.817384082920588	historical-semantics-unresolved	not-probed	6a3fb93de56743080df55bbaf2cf1642fb8e0b4b60d31e23b75f514054501aed	explicit_token_present			ready	8ef807a88bd293b86636285eca82f476d175186bae5307ae2e30d30ebe6ff09f	bambi		pass	bambi:radon_floor	unresolved-family	name_or_key_present	pass	pass		0c00e69534d1b1dd58cb916ff105e14b96410f43e992baa7d897beba2ca07037		Radon — Partial Pooling with Floor	log_radon ~ 1 + floor + (1|county)	true	SbPMX origin/main@a8fd3c02e1e2305683a56c91384701bfeba6b528:design/{ASKS.md,SbPMX.jl,mock_runtime.jl},compat/check-semantic-model-pipeline.jl	false		2026-07-28T21:07:08.610088+00:00	radon_floor	true		family is not explicit or defensibly inferred	direct		already-expressible-verbatim	https://raw.githubusercontent.com/pymc-devs/pymc-examples/main/examples/data/srrs2.dat		log_radon ~ 1 + floor + (1|county)		gaussian	bridgestan-finite-density-gradient	9
adapted-but-defensible	explicit Normal likelihood; named log-scale sigma predictor uses native linked-predictor syntax		adapted-but-defensible		224	CatalogServer_default_unsubstantiated	78f4dc75e92b683c	gaussian	renderer-default-unsubstantiated; inference happens to agree			partial_semantic_terms:3/3		6		authoritative brm_descriptor/brm_execute; experimental SbPMX semantic_app mount adapter	scripts/examples/bambi.jl	true			pass	radon			reachable-data-or-description	false		true	pass	gaussian			pass	loc ~ floor + (floor|county)\nlog(sigma) ~ 1\nlog_radon ~ Normal(loc, sigma)	pass	unresolved-family	https://bambinos.github.io/bambi/notebooks/radon_example.html	@options + option_domain/option_records + semantic_card under semantic_app	cited_project_author_publisher_surface	05c3f465e7987e8d7caa7e214fedddd90415a922	For literal provenance use log_radon ~ 0 + floor + (0 + floor | county).	radon_example: varying-slopes model block with 0 + floor in fixed and county terms	direct population/likelihood route when the family and terms are supported	200	synthetic n=12; positive continuous predictors; integer groups; family-valid outcome	not-run	https://bambinos.github.io/bambi/notebooks/radon_example.html	The source uses floor cell means in both fixed and county-varying terms; the catalog uses intercept/slope coding. With a full correlated two-dimensional county effect this is an invertible reparameterization, although priors are not invariant.	inferred-from-description	ordinary_brm	family evidence remains indeterminate		20	-8.317384082920588	historical-semantics-unresolved	not-probed	d7f695d0ab8330e5d645a8f497e7c496fdb9c0bb4f31491d272a6f1be19d623f	explicit_token_present			ready	8ef807a88bd293b86636285eca82f476d175186bae5307ae2e30d30ebe6ff09f	bambi		pass	bambi:radon_slopes	unresolved-family	name_or_key_present	pass	pass		9cff9b063dd3f71b0e58587a853214b559815aeeac3d7787cb22445dbc3e071a		Radon — Varying Slopes	log_radon ~ floor + (floor|county)	true	SbPMX origin/main@a8fd3c02e1e2305683a56c91384701bfeba6b528:design/{ASKS.md,SbPMX.jl,mock_runtime.jl},compat/check-semantic-model-pipeline.jl	false		2026-07-28T21:07:08.610088+00:00	radon_slopes	true		family is not explicit or defensibly inferred	direct		already-expressible-verbatim	https://raw.githubusercontent.com/pymc-devs/pymc-examples/main/examples/data/srrs2.dat		log_radon ~ floor + (floor|county)		gaussian	bridgestan-finite-density-gradient	10
adapted-but-defensible	explicit Normal likelihood; named log-scale sigma predictor uses native linked-predictor syntax		mismatch		239	CatalogServer_default_unsubstantiated	eb96fda1c41710fe	gaussian	renderer-default-unsubstantiated; inference happens to agree			partial_semantic_terms:4/4		7		authoritative brm_descriptor/brm_execute; experimental SbPMX semantic_app mount adapter	scripts/examples/bambi.jl	true			pass	radon			reachable-data-or-description	false		true	pass	gaussian			pass	loc ~ floor + log_u + (1|county)\nlog(sigma) ~ 1\nlog_radon ~ Normal(loc, sigma)	pass	unresolved-family	https://bambinos.github.io/bambi/notebooks/radon_example.html	@options + option_domain/option_records + semantic_card under semantic_app	cited_project_author_publisher_surface	05c3f465e7987e8d7caa7e214fedddd90415a922	Use log_radon ~ 0 + floor + log_u + (0 + floor | county), or cite a separate random-intercept-only adaptation.	radon_example: county-predictor model block containing log_u and 0 + floor | county	direct population/likelihood route when the family and terms are supported	200	synthetic n=12; positive continuous predictors; integer groups; family-valid outcome	not-run	https://bambinos.github.io/bambi/notebooks/radon_example.html	The cited model retains county-specific floor effects together with log uranium; the catalog drops the county-varying floor component and keeps only a county intercept.	inferred-from-description	ordinary_brm	family evidence remains indeterminate		22	-3.8069883206128132	historical-semantics-unresolved	not-probed	28c680f53e605ef263fa164d528e713e47523371a78bf5e330569a7c4bf688eb	explicit_token_present			ready	8ef807a88bd293b86636285eca82f476d175186bae5307ae2e30d30ebe6ff09f	bambi		pass	bambi:radon_county_pred	unresolved-family	name_or_key_present	pass	pass		5ca014d4696093f88712ff8490ee41f6161213fd84da15d6afd2999088c89824		Radon — County-Level Uranium Predictor	log_radon ~ floor + log_u + (1|county)	true	SbPMX origin/main@a8fd3c02e1e2305683a56c91384701bfeba6b528:design/{ASKS.md,SbPMX.jl,mock_runtime.jl},compat/check-semantic-model-pipeline.jl	false		2026-07-28T21:07:08.610088+00:00	radon_county_pred	true		family is not explicit or defensibly inferred	direct		already-expressible-verbatim	https://raw.githubusercontent.com/pymc-devs/pymc-examples/main/examples/data/srrs2.dat		log_radon ~ floor + log_u + (1|county)		gaussian	bridgestan-finite-density-gradient	11
confirmed	explicit Normal likelihood; named log-scale sigma predictor uses native linked-predictor syntax		confirmed		272	CatalogServer_default_unsubstantiated	f300aae241e42e94	gaussian	renderer-default-unsubstantiated; inference happens to agree			exact_text_present		6		authoritative brm_descriptor/brm_execute; experimental SbPMX semantic_app mount adapter	scripts/examples/bambi.jl	true			pass	strack_rrr			reachable-data-or-description	false		false	pass	gaussian			pass	loc ~ condition + (1|uid)\nlog(sigma) ~ 1\nvalue ~ Normal(loc, sigma)	pass	unresolved-family	https://bambinos.github.io/bambi/notebooks/Strack_RRR_re_analysis.html	@options + option_domain/option_records + semantic_card under semantic_app	cited_project_author_publisher_surface	05c3f465e7987e8d7caa7e214fedddd90415a922		text_offset=19; matched_terms=effects,random,rrr,strack; context_sha256=50939f31cfe51883	direct population/likelihood route when the family and terms are supported	200	synthetic n=12; positive continuous predictors; integer groups; family-valid outcome	not-run	https://bambinos.github.io/bambi/notebooks/Strack_RRR_re_analysis.html	The retrieved official/primary source contains the normalized claimed formula text.	inferred-from-description	ordinary_brm	family evidence remains indeterminate		24	-7.817384082920588	historical-semantics-unresolved	not-probed	9fb4180ccbc6793e6530af494bc42ac9863b628ee28eaa3da4029b54caea14be	explicit_token_present			ready	5f00a46661437bc2c863ee3f93eefa739def1e7b8b5bf91a145b7082b3aa61ed	bambi		pass	bambi:strack_rrr_simple	unresolved-family	name_or_key_present	pass	pass		a9bb78235ba2acfdccd14b6865ee54299358736f62d7126b94d9af08ed153a12		Strack RRR — Simple Random Effects	value ~ condition + (1|uid)	true	SbPMX origin/main@a8fd3c02e1e2305683a56c91384701bfeba6b528:design/{ASKS.md,SbPMX.jl,mock_runtime.jl},compat/check-semantic-model-pipeline.jl	false		2026-07-28T21:07:08.539671+00:00	strack_rrr_simple	true		family is not explicit or defensibly inferred	direct		already-expressible-verbatim	https://github.com/bambinos/bambi		value ~ condition + (1|uid)		gaussian	bridgestan-finite-density-gradient	12
confirmed	explicit Normal likelihood; named log-scale sigma predictor uses native linked-predictor syntax		confirmed		288	CatalogServer_default_unsubstantiated	49e10b0e231ac524	gaussian	renderer-default-unsubstantiated; inference happens to agree			exact_text_present		16		authoritative brm_descriptor/brm_execute; experimental SbPMX semantic_app mount adapter	scripts/examples/bambi.jl	true			pass	strack_rrr			reachable-data-or-description	false		false	pass	gaussian			pass	loc ~ condition + age + gender + (1|uid) + (condition|study) + (condition|stimulus)\nlog(sigma) ~ 1\nvalue ~ Normal(loc, sigma)	pass	unresolved-family	https://bambinos.github.io/bambi/notebooks/Strack_RRR_re_analysis.html	@options + option_domain/option_records + semantic_card under semantic_app	cited_project_author_publisher_surface	05c3f465e7987e8d7caa7e214fedddd90415a922		text_offset=382; matched_terms=effects,random,rrr,strack,study; context_sha256=d386e40b775e9b1f	direct population/likelihood route when the family and terms are supported	200	synthetic n=12; positive continuous predictors; integer groups; family-valid outcome	not-run	https://bambinos.github.io/bambi/notebooks/Strack_RRR_re_analysis.html	The retrieved official/primary source contains the normalized claimed formula text.	inferred-from-description	ordinary_brm	family evidence remains indeterminate		26	-2.5583030664754682	historical-semantics-unresolved	not-probed	825f5f0ff797fcf95022ab2df9f19c339ecaa0f37e83417e322812873d186043	explicit_token_present			ready	5f00a46661437bc2c863ee3f93eefa739def1e7b8b5bf91a145b7082b3aa61ed	bambi		pass	bambi:strack_rrr_full	unresolved-family	name_or_key_present	pass	pass		79c859151228b600220b2b7f10cc872ac060416ad414807b604416944045a195		Strack RRR — Full Crossed Random Effects	value ~ condition + age + gender + (1|uid) + (condition|study) + (condition|stimulus)	true	SbPMX origin/main@a8fd3c02e1e2305683a56c91384701bfeba6b528:design/{ASKS.md,SbPMX.jl,mock_runtime.jl},compat/check-semantic-model-pipeline.jl	false		2026-07-28T21:07:08.539671+00:00	strack_rrr_full	true		family is not explicit or defensibly inferred	direct		already-expressible-verbatim	https://github.com/bambinos/bambi		value ~ condition + age + gender + (1|uid) + (condition|study) + (condition|stimulus)		gaussian	bridgestan-finite-density-gradient	13
confirmed	three-way/chained `*` expansion cannot be represented by current binary raw-column `&`; prederive the exact interaction/design columns		confirmed		321	CatalogServer_default_unsubstantiated		gaussian	renderer-default-unsubstantiated; inference happens to agree			exact_text_present				no executable descriptor until translation is resolved	scripts/examples/bambi.jl	true			not-run	shooter			reachable-data-or-description	false		false	not-run	gaussian			not-run		not-run	unresolved-family	https://bambinos.github.io/bambi/notebooks/shooter_crossed_random_ANOVA.html	@options + option_domain/option_records + semantic_card under semantic_app	cited_project_author_publisher_surface	05c3f465e7987e8d7caa7e214fedddd90415a922		text_offset=2232; matched_terms=object,rate,shooter,subject,target,task; context_sha256=86af394f5bbb0f20	direct population/likelihood route when the family and terms are supported	200	synthetic n=12; positive continuous predictors; integer groups; family-valid outcome	not-run	https://bambinos.github.io/bambi/notebooks/shooter_crossed_random_ANOVA.html	The retrieved official/primary source contains the normalized claimed formula text.	inferred-from-description	ordinary_brm	family evidence remains indeterminate				historical-semantics-unresolved	not-probed		explicit_token_present			semantic-rewrite	446a4d28141a9e801d04dd212140c443fa160e5f80c19d2a51ee3f48b77c3252	bambi		not-run	bambi:shooter_rate_simple	unresolved-family	name_or_key_present	not-run	not-run				Shooter Task — Rate (No Target Effect)	rate ~ S(race) * S(object) + (S(race) * S(object) | subject)	not-run	SbPMX origin/main@a8fd3c02e1e2305683a56c91384701bfeba6b528:design/{ASKS.md,SbPMX.jl,mock_runtime.jl},compat/check-semantic-model-pipeline.jl	false		2026-07-28T21:07:08.610539+00:00	shooter_rate_simple	true		family is not explicit or defensibly inferred	not-probed		already-expressible-via-semantic-rewrite	https://raw.githubusercontent.com/bambinos/bambi/main/docs/notebooks/data/shooter.csv		rate ~ S(race) * S(object) + (S(race) * S(object) | subject)		gaussian	semantic-rewrite	14
confirmed	three-way/chained `*` expansion cannot be represented by current binary raw-column `&`; prederive the exact interaction/design columns		confirmed		337	CatalogServer_default_unsubstantiated		gaussian	renderer-default-unsubstantiated; inference happens to agree			exact_text_present				no executable descriptor until translation is resolved	scripts/examples/bambi.jl	true			not-run	shooter			reachable-data-or-description	false		false	not-run	gaussian			not-run		not-run	unresolved-family	https://bambinos.github.io/bambi/notebooks/shooter_crossed_random_ANOVA.html	@options + option_domain/option_records + semantic_card under semantic_app	cited_project_author_publisher_surface	05c3f465e7987e8d7caa7e214fedddd90415a922		text_offset=2232; matched_terms=object,rate,shooter,subject,target,task; context_sha256=86af394f5bbb0f20	direct population/likelihood route when the family and terms are supported	200	synthetic n=12; positive continuous predictors; integer groups; family-valid outcome	not-run	https://bambinos.github.io/bambi/notebooks/shooter_crossed_random_ANOVA.html	The retrieved official/primary source contains the normalized claimed formula text.	inferred-from-description	ordinary_brm	family evidence remains indeterminate				historical-semantics-unresolved	not-probed		explicit_token_present			semantic-rewrite	446a4d28141a9e801d04dd212140c443fa160e5f80c19d2a51ee3f48b77c3252	bambi		not-run	bambi:shooter_rate_target	unresolved-family	name_or_key_present	not-run	not-run				Shooter Task — Rate (With Target Effect)	rate ~ S(race) * S(object) + (S(race) * S(object) | subject) + (S(object) | target)	not-run	SbPMX origin/main@a8fd3c02e1e2305683a56c91384701bfeba6b528:design/{ASKS.md,SbPMX.jl,mock_runtime.jl},compat/check-semantic-model-pipeline.jl	false		2026-07-28T21:07:08.610539+00:00	shooter_rate_target	true		family is not explicit or defensibly inferred	not-probed		already-expressible-via-semantic-rewrite	https://raw.githubusercontent.com/bambinos/bambi/main/docs/notebooks/data/shooter.csv		rate ~ S(race) * S(object) + (S(race) * S(object) | subject) + (S(object) | target)		gaussian	semantic-rewrite	15
confirmed	three-way/chained `*` expansion cannot be represented by current binary raw-column `&`; prederive the exact interaction/design columns		confirmed		353	CatalogServer_default_unsubstantiated		gaussian	renderer-default-contradicts semantic inference			exact_text_present				no executable descriptor until translation is resolved	scripts/examples/bambi.jl	true			not-run	shooter			reachable-data-or-description	false		false	not-run	bernoulli			not-run		not-run	unresolved-family	https://bambinos.github.io/bambi/notebooks/shooter_crossed_random_ANOVA.html	@options + option_domain/option_records + semantic_card under semantic_app	cited_project_author_publisher_surface	05c3f465e7987e8d7caa7e214fedddd90415a922		text_offset=2232; matched_terms=object,shoot,shooter,subject,target,task; context_sha256=8202f0c340178976	direct population/likelihood route when the family and terms are supported	200	synthetic n=12; positive continuous predictors; integer groups; family-valid outcome	not-run	https://bambinos.github.io/bambi/notebooks/shooter_crossed_random_ANOVA.html	The retrieved official/primary source contains the normalized claimed formula text.	inferred-from-description	ordinary_brm	family evidence remains indeterminate				historical-semantics-unresolved	not-probed		explicit_token_present			semantic-rewrite	446a4d28141a9e801d04dd212140c443fa160e5f80c19d2a51ee3f48b77c3252	bambi		not-run	bambi:shooter_binary	unresolved-family	name_or_key_present	not-run	not-run				Shooter Task — Binary Shoot Decision	shoot_or_not[shoot] ~ S(race)*S(object) + (S(race)*S(object) | subject) + (S(object) | target)	not-run	SbPMX origin/main@a8fd3c02e1e2305683a56c91384701bfeba6b528:design/{ASKS.md,SbPMX.jl,mock_runtime.jl},compat/check-semantic-model-pipeline.jl	false		2026-07-28T21:07:08.610539+00:00	shooter_binary	true		family is not explicit or defensibly inferred	not-probed		already-expressible-via-semantic-rewrite	https://raw.githubusercontent.com/bambinos/bambi/main/docs/notebooks/data/shooter.csv		shoot_or_not[shoot] ~ S(race)*S(object) + (S(race)*S(object) | subject) + (S(object) | target)		bernoulli	semantic-rewrite	16
unverifiable	explicit Bernoulli-logit likelihood		unverifiable		390	CatalogServer_default_unsubstantiated	94080b000d8beca3	gaussian	renderer-default-contradicts semantic inference			insufficient_terms:0/0		2		authoritative brm_descriptor/brm_execute; experimental SbPMX semantic_app mount adapter	scripts/examples/bambi.jl	true			pass	fixed_random			synthetic-no-external-receipt	false		false	pass	bernoulli			pass	log_odds ~ x + z\ny ~ BernoulliLogit(log_odds)	pass	unresolved-family	https://bambinos.github.io/bambi/notebooks/fixed_random.html	@options + option_domain/option_records + semantic_card under semantic_app	cited_project_author_publisher_surface	05c3f465e7987e8d7caa7e214fedddd90415a922		text_offset=0; matched_terms=effects,fixed,model,random; context_sha256=3ee34c860228943a	direct population/likelihood route when the family and terms are supported	200	synthetic n=12; positive continuous predictors; integer groups; family-valid outcome	not-run	https://bambinos.github.io/bambi/notebooks/fixed_random.html	Retrieved source does not expose enough formula-specific evidence to confirm or refute the catalog claim conservatively.	inferred-from-description	ordinary_brm	family evidence remains indeterminate		34	-8.317766166719343	historical-semantics-unresolved	not-probed	08d1619285d63cadc966690f7f7b90728f1bb9fe775aa52eeee6b2d759d8b329	explicit_token_present			ready	d4bce0eae68bcb51665e67733fcd6b6842aa9790cbae90236b42613b2ee4e49e	bambi		pass	bambi:fixed_random_naive	unresolved-family	name_or_key_present	pass	pass		796f6253cff10172da33f605c950e641d3b4cf3fda07044106acb7d8383714ce		Fixed/Random Effects — Naive Model	y ~ x + z	true	SbPMX origin/main@a8fd3c02e1e2305683a56c91384701bfeba6b528:design/{ASKS.md,SbPMX.jl,mock_runtime.jl},compat/check-semantic-model-pipeline.jl	false		2026-07-28T21:07:08.553523+00:00	fixed_random_naive	true		family is not explicit or defensibly inferred	direct		already-expressible-verbatim	synthetic		y ~ x + z		bernoulli	bridgestan-finite-density-gradient	17
confirmed	explicit Bernoulli-logit likelihood		confirmed		405	CatalogServer_default_unsubstantiated	845d72471ba99ef7	gaussian	renderer-default-contradicts semantic inference			exact_text_present		4		authoritative brm_descriptor/brm_execute; experimental SbPMX semantic_app mount adapter	scripts/examples/bambi.jl	true			pass	fixed_random			synthetic-no-external-receipt	false		false	pass	bernoulli			pass	log_odds ~ 0 + group + x + z\ny ~ BernoulliLogit(log_odds)	pass	unresolved-family	https://bambinos.github.io/bambi/notebooks/fixed_random.html	@options + option_domain/option_records + semantic_card under semantic_app	cited_project_author_publisher_surface	05c3f465e7987e8d7caa7e214fedddd90415a922		text_offset=617; matched_terms=effects,fixed,group,model,random; context_sha256=487827b296c417c8	direct population/likelihood route when the family and terms are supported	200	synthetic n=12; positive continuous predictors; integer groups; family-valid outcome	not-run	https://bambinos.github.io/bambi/notebooks/fixed_random.html	The retrieved official/primary source contains the normalized claimed formula text.	inferred-from-description	ordinary_brm	family evidence remains indeterminate		36	-8.317766166719343	historical-semantics-unresolved	not-probed	c82590ed1dfcf6a3fd987ba0eb7bd4721e3ae2e68854faca0bc0b07b8556e7a8	explicit_token_present			ready	d4bce0eae68bcb51665e67733fcd6b6842aa9790cbae90236b42613b2ee4e49e	bambi		pass	bambi:fixed_random_fe	unresolved-family	name_or_key_present	pass	pass		45602a63779662937bdcbbe62edff9de140ae90b6bceae8ac0875b3d385e1231		Fixed/Random Effects — Fixed Effects Model	y ~ 0 + C(group) + x + z	true	SbPMX origin/main@a8fd3c02e1e2305683a56c91384701bfeba6b528:design/{ASKS.md,SbPMX.jl,mock_runtime.jl},compat/check-semantic-model-pipeline.jl	false		2026-07-28T21:07:08.553523+00:00	fixed_random_fe	true		family is not explicit or defensibly inferred	direct		already-expressible-via-semantic-rewrite	synthetic		y ~ 0 + C(group) + x + z		bernoulli	bridgestan-finite-density-gradient	18
confirmed	explicit Bernoulli-logit likelihood		confirmed		420	CatalogServer_default_unsubstantiated	126e85a74fc6645b	gaussian	renderer-default-contradicts semantic inference			exact_text_present		6		authoritative brm_descriptor/brm_execute; experimental SbPMX semantic_app mount adapter	scripts/examples/bambi.jl	true			pass	fixed_random			synthetic-no-external-receipt	false		false	pass	bernoulli			pass	log_odds ~ x + z + (1|group)\ny ~ BernoulliLogit(log_odds)	pass	unresolved-family	https://bambinos.github.io/bambi/notebooks/fixed_random.html	@options + option_domain/option_records + semantic_card under semantic_app	cited_project_author_publisher_surface	05c3f465e7987e8d7caa7e214fedddd90415a922		text_offset=617; matched_terms=effects,fixed,group,model,random; context_sha256=487827b296c417c8	direct population/likelihood route when the family and terms are supported	200	synthetic n=12; positive continuous predictors; integer groups; family-valid outcome	not-run	https://bambinos.github.io/bambi/notebooks/fixed_random.html	The retrieved official/primary source contains the normalized claimed formula text.	inferred-from-description	ordinary_brm	family evidence remains indeterminate		38	-8.317766166719343	historical-semantics-unresolved	not-probed	50fde2b851ade1187a3b1105c2359cf22443fff37f1f294e21419438bff12d82	explicit_token_present			ready	d4bce0eae68bcb51665e67733fcd6b6842aa9790cbae90236b42613b2ee4e49e	bambi		pass	bambi:fixed_random_re	unresolved-family	name_or_key_present	pass	pass		993b9b4885dddfd45ef6af8b3abb9856e7ef64f0ac30ac04892661b0f10aa164		Fixed/Random Effects — Random Effects Model	y ~ x + z + (1|group)	true	SbPMX origin/main@a8fd3c02e1e2305683a56c91384701bfeba6b528:design/{ASKS.md,SbPMX.jl,mock_runtime.jl},compat/check-semantic-model-pipeline.jl	false		2026-07-28T21:07:08.553523+00:00	fixed_random_re	true		family is not explicit or defensibly inferred	direct		already-expressible-verbatim	synthetic		y ~ x + z + (1|group)		bernoulli	bridgestan-finite-density-gradient	19
confirmed	explicit Bernoulli-logit likelihood		confirmed		435	CatalogServer_default_unsubstantiated	62d1aebc981f4219	gaussian	renderer-default-contradicts semantic inference			exact_text_present		7		authoritative brm_descriptor/brm_execute; experimental SbPMX semantic_app mount adapter	scripts/examples/bambi.jl	true			pass	fixed_random			synthetic-no-external-receipt	false		false	pass	bernoulli			pass	log_odds ~ x + z + xbar + (1|group)\ny ~ BernoulliLogit(log_odds)	pass	unresolved-family	https://bambinos.github.io/bambi/notebooks/fixed_random.html	@options + option_domain/option_records + semantic_card under semantic_app	cited_project_author_publisher_surface	05c3f465e7987e8d7caa7e214fedddd90415a922		text_offset=617; matched_terms=effects,fixed,group,mundlak,random; context_sha256=487827b296c417c8	direct population/likelihood route when the family and terms are supported	200	synthetic n=12; positive continuous predictors; integer groups; family-valid outcome	not-run	https://bambinos.github.io/bambi/notebooks/fixed_random.html	The retrieved official/primary source contains the normalized claimed formula text.	inferred-from-description	ordinary_brm	family evidence remains indeterminate		40	-8.317766166719343	historical-semantics-unresolved	not-probed	a6e2fad6e2fc6afc50041652816562f5a45d099dfa213d25729430137c55903f	explicit_token_present			ready	d4bce0eae68bcb51665e67733fcd6b6842aa9790cbae90236b42613b2ee4e49e	bambi		pass	bambi:fixed_random_mundlak	unresolved-family	name_or_key_present	pass	pass		544297fc465c12ca5954d1d817d5ff6ec1d102ad5e4efd47c9b808dc70add3b5		Fixed/Random Effects — Mundlak Machine	y ~ x + z + xbar + (1|group)	true	SbPMX origin/main@a8fd3c02e1e2305683a56c91384701bfeba6b528:design/{ASKS.md,SbPMX.jl,mock_runtime.jl},compat/check-semantic-model-pipeline.jl	false		2026-07-28T21:07:08.553523+00:00	fixed_random_mundlak	true		family is not explicit or defensibly inferred	direct		already-expressible-verbatim	synthetic		y ~ x + z + xbar + (1|group)		bernoulli	bridgestan-finite-density-gradient	20
unverifiable	explicit Normal likelihood; named log-scale sigma predictor uses native linked-predictor syntax		unverifiable		467	CatalogServer_default_unsubstantiated	a458f12f272bf78b	gaussian	renderer-default-unsubstantiated; inference happens to agree			insufficient_terms:0/0		2		authoritative brm_descriptor/brm_execute; experimental SbPMX semantic_app mount adapter	scripts/examples/bambi.jl	true			pass	t_regression			synthetic-no-external-receipt	false		false	pass	gaussian			pass	loc ~ x\nlog(sigma) ~ 1\ny ~ Normal(loc, sigma)	pass	unresolved-family	https://bambinos.github.io/bambi/notebooks/t_regression.html	@options + option_domain/option_records + semantic_card under semantic_app	cited_project_author_publisher_surface	05c3f465e7987e8d7caa7e214fedddd90415a922		text_offset=0; matched_terms=regression,robust; context_sha256=9d343ef506cff257	direct population/likelihood route when the family and terms are supported	200	synthetic n=12; positive continuous predictors; integer groups; family-valid outcome	not-run	https://bambinos.github.io/bambi/notebooks/t_regression.html	Retrieved source does not expose enough formula-specific evidence to confirm or refute the catalog claim conservatively.	inferred-from-description	ordinary_brm	family evidence remains indeterminate		42	-7.817384082920588	historical-semantics-unresolved	not-probed	28d5c8d51b2b49c4c2a58cd6c4a4a15574427da8e534c122c6b752d742c27e19	explicit_token_present			ready	c314d1505674bdaa1c461cf48d0c3d38237511b38efee0442992e21c6203afa0	bambi		pass	bambi:t_regression_gaussian	unresolved-family	name_or_key_present	pass	pass		bd16d2c179883196a07e5ee5e7a599683a0864a3a90ee56902e8c65676bffac3		Robust Regression — Gaussian Family	y ~ x	true	SbPMX origin/main@a8fd3c02e1e2305683a56c91384701bfeba6b528:design/{ASKS.md,SbPMX.jl,mock_runtime.jl},compat/check-semantic-model-pipeline.jl	false		2026-07-28T21:07:08.615046+00:00	t_regression_gaussian	true		family is not explicit or defensibly inferred	direct		already-expressible-verbatim	synthetic		y ~ x		gaussian	bridgestan-finite-density-gradient	21
unverifiable	the SBBRMI-only LocationScale Student-t dispatcher landed at canonical 11031f2 and is executable; each row still needs its historical degrees-of-freedom value/prior recovered before this symbolic `nu` body is faithful		unverifiable		482	CatalogServer_default_unsubstantiated		gaussian	renderer-default-contradicts semantic inference	a707af21d138b0019810f8dce9d655109dc97ff6		insufficient_terms:0/0	11031f2d3bbd0c9cad42bed53a4a8dd193ab9d2e			no executable descriptor until translation is resolved	scripts/examples/bambi.jl	true			not-run	t_regression			synthetic-no-external-receipt	false	4d8f565b1cf4b347b3d0e93a0b6499c2561dc42d	false	not-run	t		landed-surface-control-stanc-bridgestan-finite-predict-pointwise	not-run	loc ~ x\nlog(scale) ~ 1\ny ~ LocationScale(loc, scale, TDist(nu))	not-run	unresolved-family	https://bambinos.github.io/bambi/notebooks/t_regression.html	@options + option_domain/option_records + semantic_card under semantic_app	cited_project_author_publisher_surface	05c3f465e7987e8d7caa7e214fedddd90415a922		text_offset=0; matched_terms=regression,robust; context_sha256=9d343ef506cff257	direct population/likelihood route when the family and terms are supported	200	synthetic n=12; positive continuous predictors; integer groups; family-valid outcome	not-run	https://bambinos.github.io/bambi/notebooks/t_regression.html	Retrieved source does not expose enough formula-specific evidence to confirm or refute the catalog claim conservatively.	inferred-from-description	ordinary_brm	family evidence remains indeterminate				historical-semantics-unresolved	not-probed		not_observed			semantic-rewrite	c314d1505674bdaa1c461cf48d0c3d38237511b38efee0442992e21c6203afa0	bambi		not-run	bambi:t_regression_t	unresolved-family	name_or_key_present	not-run	not-run	combined synthetic family-surface control only; never inherited as row validation			Robust Regression — Student's t Family	y ~ x	not-run	SbPMX origin/main@a8fd3c02e1e2305683a56c91384701bfeba6b528:design/{ASKS.md,SbPMX.jl,mock_runtime.jl},compat/check-semantic-model-pipeline.jl	true		2026-07-28T21:07:08.615046+00:00	t_regression_t	true		family is not explicit or defensibly inferred	not-probed		already-expressible-via-semantic-rewrite	synthetic		y ~ x		student_t	semantic-rewrite	22
confirmed	explicit Normal likelihood; named log-scale sigma predictor uses native linked-predictor syntax		confirmed		519	CatalogServer_default_unsubstantiated	181998d886e20088	gaussian	renderer-default-unsubstantiated; inference happens to agree			exact_text_present		7		authoritative brm_descriptor/brm_execute; experimental SbPMX semantic_app mount adapter	scripts/examples/bambi.jl	true			pass	predict_new_groups			reachable-data-or-description	false		false	pass	gaussian			pass	loc ~ 0 + weeks + smoking_status + (0 + weeks | patient)\nlog(sigma) ~ 1\nfvc ~ Normal(loc, sigma)	pass	unresolved-family	https://bambinos.github.io/bambi/notebooks/predict_new_groups.html	@options + option_domain/option_records + semantic_card under semantic_app	cited_project_author_publisher_surface	05c3f465e7987e8d7caa7e214fedddd90415a922		text_offset=6432; matched_terms=fvc,smoking_status,weeks; context_sha256=a21d2400efbf8a43	direct population/likelihood route when the family and terms are supported	200	synthetic n=12; positive continuous predictors; integer groups; family-valid outcome	not-run	https://bambinos.github.io/bambi/notebooks/predict_new_groups.html	The retrieved official/primary source contains the normalized claimed formula text.	inferred-from-description	ordinary_brm	family evidence remains indeterminate		46	-4.306988320612813	historical-semantics-unresolved	not-probed	034f9eb90448fbfb2330ca36eef3e17ed3d11647bb0124f956e8ec1c9536ce4e	explicit_token_present			ready	6627763b6c73d1d67ff1ff2e0d1cbe219195cefaf149d03f039644b093c7245f	bambi		pass	bambi:predict_new_groups	unresolved-family	name_or_key_present	pass	pass		43adbcab8fa98d91c10269a62057bacc40395d12a6351505a598fc31f5bf0642		Predict New Groups	fvc ~ 0 + weeks + smoking_status + (0 + weeks | patient)	true	SbPMX origin/main@a8fd3c02e1e2305683a56c91384701bfeba6b528:design/{ASKS.md,SbPMX.jl,mock_runtime.jl},compat/check-semantic-model-pipeline.jl	false		2026-07-28T21:07:08.609232+00:00	predict_new_groups	true		family is not explicit or defensibly inferred	direct		already-expressible-verbatim	https://gist.githubusercontent.com/ucals/2cf9d101992cb1b78c2cdd6e3bac6a4b/raw/43034c39052dcf97d4b894d2ec1bc3f90f3623d9/osic_pulmonary_fibrosis.csv		fvc ~ 0 + weeks + smoking_status + (0 + weeks | patient)		gaussian	bridgestan-finite-density-gradient	23
unverifiable	explicit Normal likelihood; named log-scale sigma predictor uses native linked-predictor syntax		unverifiable		590	CatalogServer_default_unsubstantiated	a3d635d38339cc8f	gaussian	renderer-default-unsubstantiated; inference happens to agree			insufficient_terms:0/0		3		authoritative brm_descriptor/brm_execute; experimental SbPMX semantic_app mount adapter	scripts/examples/bambi.jl	true			pass	poly_falling			synthetic-no-external-receipt	false		false	pass	gaussian			pass	loc ~ protect(t^2) + 1\nlog(sigma) ~ 1\nx ~ Normal(loc, sigma)	pass	unresolved-family	https://bambinos.github.io/bambi/notebooks/polynomial_regression.html	@options + option_domain/option_records + semantic_card under semantic_app	cited_project_author_publisher_surface	05c3f465e7987e8d7caa7e214fedddd90415a922		text_offset=0; matched_terms=polynomial,regression; context_sha256=19512a2ece7abe5b	direct population/likelihood route when the family and terms are supported	200	synthetic n=12; positive continuous predictors; integer groups; family-valid outcome	not-run	https://bambinos.github.io/bambi/notebooks/polynomial_regression.html	Retrieved source does not expose enough formula-specific evidence to confirm or refute the catalog claim conservatively.	inferred-from-description	ordinary_brm	family evidence remains indeterminate		48	-7.817384082920588	historical-semantics-unresolved	not-probed	c4aeffee53247ca51e5ae774f655111dccfa2a937708d9cd9eb1022a44b21e44	explicit_token_present			ready	59daf510ec50cbdcfafd6ce16b7f88c8854dd27b3b572930d1ff6202f033b438	bambi		pass	bambi:poly_falling_explicit	unresolved-family	name_or_key_present	pass	pass		d6c58037ed8215e078cf57efc0224f875615f05c4ee1d75e4363e38fb95c143e		Polynomial Regression — Falling Ball (Explicit)	x ~ I(t**2) + 1	true	SbPMX origin/main@a8fd3c02e1e2305683a56c91384701bfeba6b528:design/{ASKS.md,SbPMX.jl,mock_runtime.jl},compat/check-semantic-model-pipeline.jl	false		2026-07-28T21:07:08.608650+00:00	poly_falling_explicit	true		family is not explicit or defensibly inferred	direct		already-expressible-via-semantic-rewrite	synthetic		x ~ I(t**2) + 1		gaussian	bridgestan-finite-density-gradient	24
unverifiable	explicit Normal likelihood; named log-scale sigma predictor uses native linked-predictor syntax		unverifiable		606	CatalogServer_default_unsubstantiated	a3d635d38339cc8f	gaussian	renderer-default-unsubstantiated; inference happens to agree			insufficient_terms:0/0		3		authoritative brm_descriptor/brm_execute; experimental SbPMX semantic_app mount adapter	scripts/examples/bambi.jl	true			pass	poly_falling			synthetic-no-external-receipt	false		false	pass	gaussian			pass	loc ~ protect(t^2) + 1\nlog(sigma) ~ 1\nx ~ Normal(loc, sigma)	pass	unresolved-family	https://bambinos.github.io/bambi/notebooks/polynomial_regression.html	@options + option_domain/option_records + semantic_card under semantic_app	cited_project_author_publisher_surface	05c3f465e7987e8d7caa7e214fedddd90415a922		text_offset=0; matched_terms=polynomial,regression; context_sha256=19512a2ece7abe5b	direct population/likelihood route when the family and terms are supported	200	synthetic n=12; positive continuous predictors; integer groups; family-valid outcome	not-run	https://bambinos.github.io/bambi/notebooks/polynomial_regression.html	Retrieved source does not expose enough formula-specific evidence to confirm or refute the catalog claim conservatively.	inferred-from-description	ordinary_brm	family evidence remains indeterminate		48	-7.817384082920588	historical-semantics-unresolved	not-probed	c4aeffee53247ca51e5ae774f655111dccfa2a937708d9cd9eb1022a44b21e44	explicit_token_present			ready	59daf510ec50cbdcfafd6ce16b7f88c8854dd27b3b572930d1ff6202f033b438	bambi		pass	bambi:poly_falling_alt	unresolved-family	name_or_key_present	pass	pass		d6c58037ed8215e078cf57efc0224f875615f05c4ee1d75e4363e38fb95c143e		Polynomial Regression — Falling Ball (Curly-Brace Syntax)	x ~ {t**2} + 1	true	SbPMX origin/main@a8fd3c02e1e2305683a56c91384701bfeba6b528:design/{ASKS.md,SbPMX.jl,mock_runtime.jl},compat/check-semantic-model-pipeline.jl	false		2026-07-28T21:07:08.608650+00:00	poly_falling_alt	true		family is not explicit or defensibly inferred	inherited-identical-probe		already-expressible-via-semantic-rewrite	synthetic		x ~ {t**2} + 1		gaussian	bridgestan-finite-density-gradient	25
confirmed	explicit Normal likelihood; named log-scale sigma predictor uses native linked-predictor syntax		confirmed		622	CatalogServer_default_unsubstantiated	c5af9e9b5a1eae86	gaussian	renderer-default-unsubstantiated; inference happens to agree			exact_text_present		3		authoritative brm_descriptor/brm_execute; experimental SbPMX semantic_app mount adapter	scripts/examples/bambi.jl	true			pass	poly_falling			synthetic-no-external-receipt	false		false	pass	gaussian			pass	loc ~ tsquared + 1\nlog(sigma) ~ 1\nx ~ Normal(loc, sigma)	pass	unresolved-family	https://bambinos.github.io/bambi/notebooks/polynomial_regression.html	@options + option_domain/option_records + semantic_card under semantic_app	cited_project_author_publisher_surface	05c3f465e7987e8d7caa7e214fedddd90415a922		text_offset=5355; matched_terms=column,tsquared; context_sha256=c8b5109512c81c87	direct population/likelihood route when the family and terms are supported	200	synthetic n=12; positive continuous predictors; integer groups; family-valid outcome	not-run	https://bambinos.github.io/bambi/notebooks/polynomial_regression.html	The retrieved official/primary source contains the normalized claimed formula text.	inferred-from-description	ordinary_brm	family evidence remains indeterminate		52	-7.817384082920588	historical-semantics-unresolved	not-probed	e68a29c95706e70af1af6f359ff57cf4d2239683652d105116350a19f62ce114	explicit_token_present			ready	59daf510ec50cbdcfafd6ce16b7f88c8854dd27b3b572930d1ff6202f033b438	bambi		pass	bambi:poly_falling_precomp	unresolved-family	name_or_key_present	pass	pass		15ef5cb4e72e690c62f461e05aa457b46b3d223330cb5f113e22cd4235d60463		Polynomial Regression — Falling Ball (Pre-Computed Column)	x ~ tsquared + 1	true	SbPMX origin/main@a8fd3c02e1e2305683a56c91384701bfeba6b528:design/{ASKS.md,SbPMX.jl,mock_runtime.jl},compat/check-semantic-model-pipeline.jl	false		2026-07-28T21:07:08.608650+00:00	poly_falling_precomp	true		family is not explicit or defensibly inferred	direct		already-expressible-verbatim	synthetic		x ~ tsquared + 1		gaussian	bridgestan-finite-density-gradient	26
unverifiable	explicit Normal likelihood; named log-scale sigma predictor uses native linked-predictor syntax		unverifiable		638	CatalogServer_default_unsubstantiated	b4e43a7ca2279f5f	gaussian	renderer-default-unsubstantiated; inference happens to agree			insufficient_terms:0/0		4		authoritative brm_descriptor/brm_execute; experimental SbPMX semantic_app mount adapter	scripts/examples/bambi.jl	true			pass	poly_projectile			synthetic-no-external-receipt	false		false	pass	gaussian			pass	loc ~ protect(t^2) + t + 1\nlog(sigma) ~ 1\nx ~ Normal(loc, sigma)	pass	unresolved-family	https://bambinos.github.io/bambi/notebooks/polynomial_regression.html	@options + option_domain/option_records + semantic_card under semantic_app	cited_project_author_publisher_surface	05c3f465e7987e8d7caa7e214fedddd90415a922		text_offset=0; matched_terms=polynomial,regression; context_sha256=19512a2ece7abe5b	direct population/likelihood route when the family and terms are supported	200	synthetic n=12; positive continuous predictors; integer groups; family-valid outcome	not-run	https://bambinos.github.io/bambi/notebooks/polynomial_regression.html	Retrieved source does not expose enough formula-specific evidence to confirm or refute the catalog claim conservatively.	inferred-from-description	ordinary_brm	family evidence remains indeterminate		54	-7.817384082920588	historical-semantics-unresolved	not-probed	d7ebcbfe7fe132241e8ae7128139c4177782b870f423a31aed8026f264b11c59	explicit_token_present			ready	59daf510ec50cbdcfafd6ce16b7f88c8854dd27b3b572930d1ff6202f033b438	bambi		pass	bambi:poly_projectile_power	unresolved-family	name_or_key_present	pass	pass		313feed9b3aa1d48870cb309ddc4a0b0ae608ca1241b502f435b14680466aa47		Polynomial Regression — Projectile (Power Basis)	x ~ I(t**2) + t + 1	true	SbPMX origin/main@a8fd3c02e1e2305683a56c91384701bfeba6b528:design/{ASKS.md,SbPMX.jl,mock_runtime.jl},compat/check-semantic-model-pipeline.jl	false		2026-07-28T21:07:08.608650+00:00	poly_projectile_power	true		family is not explicit or defensibly inferred	direct		already-expressible-via-semantic-rewrite	synthetic		x ~ I(t**2) + t + 1		gaussian	bridgestan-finite-density-gradient	27
confirmed	polynomial basis is expressible through explicitly prederived columns, but raw/orthogonal basis identity and degree must be recovered		confirmed		654	CatalogServer_default_unsubstantiated		gaussian	renderer-default-unsubstantiated; inference happens to agree			exact_text_present				no executable descriptor until translation is resolved	scripts/examples/bambi.jl	true			not-run	poly_projectile			synthetic-no-external-receipt	false		false	not-run	gaussian			not-run		not-run	unresolved-family	https://bambinos.github.io/bambi/notebooks/polynomial_regression.html	@options + option_domain/option_records + semantic_card under semantic_app	cited_project_author_publisher_surface	05c3f465e7987e8d7caa7e214fedddd90415a922		text_offset=4828; matched_terms=raw,syntax; context_sha256=ed1f8f53d496f70d	direct population/likelihood route when the family and terms are supported	200	synthetic n=12; positive continuous predictors; integer groups; family-valid outcome	not-run	https://bambinos.github.io/bambi/notebooks/polynomial_regression.html	The retrieved official/primary source contains the normalized claimed formula text.	inferred-from-description	ordinary_brm	family evidence remains indeterminate				historical-semantics-unresolved	not-probed		explicit_token_present			semantic-rewrite	59daf510ec50cbdcfafd6ce16b7f88c8854dd27b3b572930d1ff6202f033b438	bambi		not-run	bambi:poly_projectile_poly	unresolved-family	name_or_key_present	not-run	not-run				Polynomial Regression — Projectile (poly() Syntax)	x ~ poly(t, 2, raw=True)	not-run	SbPMX origin/main@a8fd3c02e1e2305683a56c91384701bfeba6b528:design/{ASKS.md,SbPMX.jl,mock_runtime.jl},compat/check-semantic-model-pipeline.jl	false		2026-07-28T21:07:08.608650+00:00	poly_projectile_poly	true		family is not explicit or defensibly inferred	not-probed		already-expressible-via-semantic-rewrite	synthetic		x ~ poly(t, 2, raw=True)		gaussian	semantic-rewrite	28
confirmed	source `:` interaction has a transformed/non-atomic operand; current `&` accepts raw columns only; prederive the exact interaction/design columns		confirmed		670	CatalogServer_default_unsubstantiated		gaussian	renderer-default-unsubstantiated; inference happens to agree			exact_text_present				no executable descriptor until translation is resolved	scripts/examples/bambi.jl	true			not-run	poly_planets			synthetic-no-external-receipt	false		false	not-run	gaussian			not-run		not-run	unresolved-family	https://bambinos.github.io/bambi/notebooks/polynomial_regression.html	@options + option_domain/option_records + semantic_card under semantic_app	cited_project_author_publisher_surface	05c3f465e7987e8d7caa7e214fedddd90415a922		text_offset=1297; matched_terms=planet,time; context_sha256=613b03594a8d7387	direct population/likelihood route when the family and terms are supported	200	synthetic n=12; positive continuous predictors; integer groups; family-valid outcome	not-run	https://bambinos.github.io/bambi/notebooks/polynomial_regression.html	The retrieved official/primary source contains the normalized claimed formula text.	inferred-from-description	ordinary_brm	family evidence remains indeterminate				historical-semantics-unresolved	not-probed		explicit_token_present			semantic-rewrite	59daf510ec50cbdcfafd6ce16b7f88c8854dd27b3b572930d1ff6202f033b438	bambi		not-run	bambi:poly_planets	unresolved-family	name_or_key_present	not-run	not-run				Polynomial Regression — Multi-Planet	Height ~ I(Time**2):Planet + Time + 0	not-run	SbPMX origin/main@a8fd3c02e1e2305683a56c91384701bfeba6b528:design/{ASKS.md,SbPMX.jl,mock_runtime.jl},compat/check-semantic-model-pipeline.jl	false		2026-07-28T21:07:08.608650+00:00	poly_planets	true		family is not explicit or defensibly inferred	not-probed		already-expressible-via-semantic-rewrite	synthetic		Height ~ I(Time**2):Planet + Time + 0		gaussian	semantic-rewrite	29
confirmed	response expression is supported after an explicit named data-derivation step; transformed-response Jacobian/conditioning semantics still require review		confirmed		701	CatalogServer_default_unsubstantiated		gaussian	renderer-default-contradicts semantic inference			exact_text_present				no executable descriptor until translation is resolved	scripts/examples/bambi.jl	true			not-run	logistic_anes			reachable-data-or-description	false		false	not-run	bernoulli			not-run		not-run	unresolved-family	https://bambinos.github.io/bambi/notebooks/logistic_regression.html	@options + option_domain/option_records + semantic_card under semantic_app	cited_project_author_publisher_surface	05c3f465e7987e8d7caa7e214fedddd90415a922		text_offset=21; matched_terms=intention,logistic,regression,vote; context_sha256=fff96ffd6135f775	direct population/likelihood route when the family and terms are supported	200	synthetic n=12; positive continuous predictors; integer groups; family-valid outcome	not-run	https://bambinos.github.io/bambi/notebooks/logistic_regression.html	The retrieved official/primary source contains the normalized claimed formula text.	inferred-from-description	ordinary_brm	family evidence remains indeterminate				historical-semantics-unresolved	not-probed		explicit_token_present			semantic-rewrite	2a382b45531c2e5392c7262c8c7644c7d7db7d19977420b9095f6cbeb61179be	bambi		not-run	bambi:logistic_anes	unresolved-family	name_or_key_present	not-run	not-run				Logistic Regression — Vote Intention	vote['clinton'] ~ party_id + party_id:age	not-run	SbPMX origin/main@a8fd3c02e1e2305683a56c91384701bfeba6b528:design/{ASKS.md,SbPMX.jl,mock_runtime.jl},compat/check-semantic-model-pipeline.jl	false		2026-07-28T21:07:08.565065+00:00	logistic_anes	true		family is not explicit or defensibly inferred	not-probed		already-expressible-via-semantic-rewrite	https://ndownloader.figshare.com/files/28870740		vote['clinton'] ~ party_id + party_id:age		bernoulli	semantic-rewrite	30
confirmed	response expression is supported after an explicit named data-derivation step; transformed-response Jacobian/conditioning semantics still require review		confirmed		734	CatalogServer_default_unsubstantiated		gaussian	renderer-default-contradicts semantic inference			exact_text_present				no executable descriptor until translation is resolved	scripts/examples/bambi.jl	true			not-run	model_comparison			reachable-data-or-description	false		false	not-run	bernoulli			not-run		not-run	unresolved-family	https://bambinos.github.io/bambi/notebooks/model_comparison.html	@options + option_domain/option_records + semantic_card under semantic_app	cited_project_author_publisher_surface	05c3f465e7987e8d7caa7e214fedddd90415a922		text_offset=2890; matched_terms=hs_week,income,race,sex; context_sha256=6f402e9a5e8074fa	direct population/likelihood route when the family and terms are supported	200	synthetic n=12; positive continuous predictors; integer groups; family-valid outcome	not-run	https://bambinos.github.io/bambi/notebooks/model_comparison.html	The retrieved official/primary source contains the normalized claimed formula text.	inferred-from-description	ordinary_brm	family evidence remains indeterminate				historical-semantics-unresolved	not-probed		explicit_token_present			semantic-rewrite	811f3df2ca426eda2e619b1ef27c8183d040b92ada5535df2a4ec174661956a7	bambi		not-run	bambi:model_comparison_linear	unresolved-family	name_or_key_present	not-run	not-run				Model Comparison — Linear	income['>50K'] ~ sex + race + scale(age) + scale(hs_week)	not-run	SbPMX origin/main@a8fd3c02e1e2305683a56c91384701bfeba6b528:design/{ASKS.md,SbPMX.jl,mock_runtime.jl},compat/check-semantic-model-pipeline.jl	false		2026-07-28T21:07:08.569578+00:00	model_comparison_linear	true		family is not explicit or defensibly inferred	not-probed		already-expressible-via-semantic-rewrite	https://ndownloader.figshare.com/files/28870743		income['>50K'] ~ sex + race + scale(age) + scale(hs_week)		bernoulli	semantic-rewrite	31
confirmed	response expression is supported after an explicit named data-derivation step; transformed-response Jacobian/conditioning semantics still require review		confirmed		750	CatalogServer_default_unsubstantiated		gaussian	renderer-default-contradicts semantic inference			exact_text_present				no executable descriptor until translation is resolved	scripts/examples/bambi.jl	true			not-run	model_comparison			reachable-data-or-description	false		false	not-run	bernoulli			not-run		not-run	unresolved-family	https://bambinos.github.io/bambi/notebooks/model_comparison.html	@options + option_domain/option_records + semantic_card under semantic_app	cited_project_author_publisher_surface	05c3f465e7987e8d7caa7e214fedddd90415a922		text_offset=2890; matched_terms=hs_week,income,race,sex; context_sha256=6f402e9a5e8074fa	direct population/likelihood route when the family and terms are supported	200	synthetic n=12; positive continuous predictors; integer groups; family-valid outcome	not-run	https://bambinos.github.io/bambi/notebooks/model_comparison.html	The retrieved official/primary source contains the normalized claimed formula text.	inferred-from-description	ordinary_brm	family evidence remains indeterminate				historical-semantics-unresolved	not-probed		explicit_token_present			semantic-rewrite	811f3df2ca426eda2e619b1ef27c8183d040b92ada5535df2a4ec174661956a7	bambi		not-run	bambi:model_comparison_quad	unresolved-family	name_or_key_present	not-run	not-run				Model Comparison — Quadratic	income['>50K'] ~ sex + race + scale(age) + I(scale(age)**2) + scale(hs_week) + I(scale(hs_week)**2)	not-run	SbPMX origin/main@a8fd3c02e1e2305683a56c91384701bfeba6b528:design/{ASKS.md,SbPMX.jl,mock_runtime.jl},compat/check-semantic-model-pipeline.jl	false		2026-07-28T21:07:08.569578+00:00	model_comparison_quad	true		family is not explicit or defensibly inferred	not-probed		already-expressible-via-semantic-rewrite	https://ndownloader.figshare.com/files/28870743		income['>50K'] ~ sex + race + scale(age) + I(scale(age)**2) + scale(hs_week) + I(scale(hs_week)**2)		bernoulli	semantic-rewrite	32
adapted-but-defensible	response expression is supported after an explicit named data-derivation step; transformed-response Jacobian/conditioning semantics still require review		confirmed		765	CatalogServer_default_unsubstantiated		gaussian	renderer-default-contradicts semantic inference			partial_semantic_terms:6/6				no executable descriptor until translation is resolved	scripts/examples/bambi.jl	true			not-run	model_comparison			reachable-data-or-description	false		true	not-run	bernoulli			not-run		not-run	unresolved-family	https://bambinos.github.io/bambi/notebooks/model_comparison.html	@options + option_domain/option_records + semantic_card under semantic_app	cited_project_author_publisher_surface	05c3f465e7987e8d7caa7e214fedddd90415a922		model_comparison: adult-model formula construction and Bernoulli model block	direct population/likelihood route when the family and terms are supported	200	synthetic n=12; positive continuous predictors; integer groups; family-valid outcome	not-run	https://bambinos.github.io/bambi/notebooks/model_comparison.html	The page programmatically constructs the adult Bernoulli model from cubic age, hs_week, sex, and race; the catalog is the explicit expansion of that generated formula.	inferred-from-description	ordinary_brm	family evidence remains indeterminate				historical-semantics-unresolved	not-probed		explicit_token_present			semantic-rewrite	811f3df2ca426eda2e619b1ef27c8183d040b92ada5535df2a4ec174661956a7	bambi		not-run	bambi:model_comparison_cubic	unresolved-family	name_or_key_present	not-run	not-run				Model Comparison — Cubic	income['>50K'] ~ sex + race + scale(age) + I(scale(age)**2) + I(scale(age)**3) + scale(hs_week) + I(scale(hs_week)**2) + I(scale(hs_week)**3)	not-run	SbPMX origin/main@a8fd3c02e1e2305683a56c91384701bfeba6b528:design/{ASKS.md,SbPMX.jl,mock_runtime.jl},compat/check-semantic-model-pipeline.jl	false		2026-07-28T21:07:08.569578+00:00	model_comparison_cubic	true		family is not explicit or defensibly inferred	not-probed		already-expressible-via-semantic-rewrite	https://ndownloader.figshare.com/files/28870743		income['>50K'] ~ sex + race + scale(age) + I(scale(age)**2) + I(scale(age)**3) + scale(hs_week) + I(scale(hs_week)**2) + I(scale(hs_week)**3)		bernoulli	semantic-rewrite	33
confirmed	trials/cbind response lowered to explicit BinomialLogit		confirmed		799	CatalogServer_default_unsubstantiated	ecbdaff7608cdc65	gaussian	renderer-default-contradicts semantic inference			exact_text_present		1		authoritative brm_descriptor/brm_execute; experimental SbPMX semantic_app mount adapter	scripts/examples/bambi.jl	true			pass	hierarchical_binomial			reachable-data-or-description	false		false	pass	binomial			pass	log_odds ~ 0 + playerID\nH ~ BinomialLogit(AB, log_odds)	pass	unresolved-family	https://bambinos.github.io/bambi/notebooks/hierarchical_binomial_bambi.html	@options + option_domain/option_records + semantic_card under semantic_app	cited_project_author_publisher_surface	05c3f465e7987e8d7caa7e214fedddd90415a922		text_offset=3517; matched_terms=playerid; context_sha256=eb8671f9eeb2dbad	direct population/likelihood route when the family and terms are supported	200	synthetic n=12; positive continuous predictors; integer groups; family-valid outcome	not-run	https://bambinos.github.io/bambi/notebooks/hierarchical_binomial_bambi.html	The retrieved official/primary source contains the normalized claimed formula text.	inferred-from-description	ordinary_brm	family evidence remains indeterminate		68	-66.54212933375474	historical-semantics-unresolved	not-probed	7b286d62d91adac6cbc87098e583506bb95f4b09428eaee402236e482cf8bfaf	explicit_token_present			ready	ebedd5c19370a62d47542c2b1ae28116cbd97fc7fc22b25d3e6b004891436864	bambi		pass	bambi:hierarchical_binomial_nopooling	unresolved-family	name_or_key_present	pass	pass		33b2c5a420030258852e2a428c2853478d367a75261cb19d8340fe4060d6f3a2		Hierarchical Binomial — No Pooling	p(H, AB) ~ 0 + playerID	true	SbPMX origin/main@a8fd3c02e1e2305683a56c91384701bfeba6b528:design/{ASKS.md,SbPMX.jl,mock_runtime.jl},compat/check-semantic-model-pipeline.jl	false		2026-07-28T21:07:08.555170+00:00	hierarchical_binomial_nopooling	true		family is not explicit or defensibly inferred	direct		already-expressible-verbatim	https://ndownloader.figshare.com/files/29749140		p(H, AB) ~ 0 + playerID		binomial	bridgestan-finite-density-gradient	34
confirmed	trials/cbind response lowered to explicit BinomialLogit		confirmed		814	CatalogServer_default_unsubstantiated	0ace46915d77415f	gaussian	renderer-default-contradicts semantic inference			exact_text_present		5		authoritative brm_descriptor/brm_execute; experimental SbPMX semantic_app mount adapter	scripts/examples/bambi.jl	true			pass	hierarchical_binomial			reachable-data-or-description	false		false	pass	binomial			pass	log_odds ~ 1 + (1|playerID)\nH ~ BinomialLogit(AB, log_odds)	pass	unresolved-family	https://bambinos.github.io/bambi/notebooks/hierarchical_binomial_bambi.html	@options + option_domain/option_records + semantic_card under semantic_app	cited_project_author_publisher_surface	05c3f465e7987e8d7caa7e214fedddd90415a922		text_offset=3517; matched_terms=playerid; context_sha256=eb8671f9eeb2dbad	direct population/likelihood route when the family and terms are supported	200	synthetic n=12; positive continuous predictors; integer groups; family-valid outcome	not-run	https://bambinos.github.io/bambi/notebooks/hierarchical_binomial_bambi.html	The retrieved official/primary source contains the normalized claimed formula text.	inferred-from-description	ordinary_brm	family evidence remains indeterminate		70	-66.54212933375474	historical-semantics-unresolved	not-probed	54710fc8d13aecf2f2b9fd11218657ff52b2c4ce9399cb4e909c4b32e1cc8984	explicit_token_present			ready	ebedd5c19370a62d47542c2b1ae28116cbd97fc7fc22b25d3e6b004891436864	bambi		pass	bambi:hierarchical_binomial_partial	unresolved-family	name_or_key_present	pass	pass		128155bba619e64c51d69ae5a54e958f5847221ab340dee7a982a761715d2263		Hierarchical Binomial — Partial Pooling	p(H, AB) ~ 1 + (1|playerID)	true	SbPMX origin/main@a8fd3c02e1e2305683a56c91384701bfeba6b528:design/{ASKS.md,SbPMX.jl,mock_runtime.jl},compat/check-semantic-model-pipeline.jl	false		2026-07-28T21:07:08.555170+00:00	hierarchical_binomial_partial	true		family is not explicit or defensibly inferred	direct		already-expressible-verbatim	https://ndownloader.figshare.com/files/29749140		p(H, AB) ~ 1 + (1|playerID)		binomial	bridgestan-finite-density-gradient	35
unverifiable	trials/cbind response lowered to explicit BinomialLogit		unverifiable		845	CatalogServer_default_unsubstantiated	87ee880b79582a60	gaussian	renderer-default-contradicts semantic inference			insufficient_terms:0/0		1		authoritative brm_descriptor/brm_execute; experimental SbPMX semantic_app mount adapter	scripts/examples/bambi.jl	true			pass	alternative_links			synthetic-no-external-receipt	false		false	pass	binomial			pass	log_odds ~ x\ny ~ BinomialLogit(n, log_odds)	pass	unresolved-family	https://bambinos.github.io/bambi/notebooks/alternative_links_binary.html	@options + option_domain/option_records + semantic_card under semantic_app	cited_project_author_publisher_surface	05c3f465e7987e8d7caa7e214fedddd90415a922		text_offset=33; matched_terms=alternative; context_sha256=7f1261d4379aa0f4	direct population/likelihood route when the family and terms are supported	200	synthetic n=12; positive continuous predictors; integer groups; family-valid outcome	not-run	https://bambinos.github.io/bambi/notebooks/alternative_links_binary.html	Retrieved source does not expose enough formula-specific evidence to confirm or refute the catalog claim conservatively.	inferred-from-description	ordinary_brm	family evidence remains indeterminate		72	-66.54212933375474	historical-semantics-unresolved	not-probed	12e44e4781fdc23b4ba7bdaf89e4fa5dbefa52d67af8548271af33351c0e7864	explicit_token_present			ready	7250c7b9eab2a0f090bded1e82b2b8f89af686d50899430657196a2f5ed0290a	bambi		pass	bambi:alternative_links_logit	unresolved-family	name_or_key_present	pass	pass		866f749e6ce1d1cee62aa13d21eb991c687c5054dc596dd5e45ddef10c184542		Alternative Links — Logit	p(y, n) ~ x	true	SbPMX origin/main@a8fd3c02e1e2305683a56c91384701bfeba6b528:design/{ASKS.md,SbPMX.jl,mock_runtime.jl},compat/check-semantic-model-pipeline.jl	false		2026-07-28T21:07:08.539819+00:00	alternative_links_logit	true		family is not explicit or defensibly inferred	direct		already-expressible-verbatim	synthetic		p(y, n) ~ x		binomial	bridgestan-finite-density-gradient	36
unverifiable	trials/cbind response lowered to explicit BinomialLogit		unverifiable		860	CatalogServer_default_unsubstantiated	87ee880b79582a60	gaussian	renderer-default-contradicts semantic inference			insufficient_terms:0/0		1		authoritative brm_descriptor/brm_execute; experimental SbPMX semantic_app mount adapter	scripts/examples/bambi.jl	true			pass	alternative_links			synthetic-no-external-receipt	false		false	pass	binomial			pass	log_odds ~ x\ny ~ BinomialLogit(n, log_odds)	pass	unresolved-family	https://bambinos.github.io/bambi/notebooks/alternative_links_binary.html	@options + option_domain/option_records + semantic_card under semantic_app	cited_project_author_publisher_surface	05c3f465e7987e8d7caa7e214fedddd90415a922		text_offset=33; matched_terms=alternative; context_sha256=7f1261d4379aa0f4	direct population/likelihood route when the family and terms are supported	200	synthetic n=12; positive continuous predictors; integer groups; family-valid outcome	not-run	https://bambinos.github.io/bambi/notebooks/alternative_links_binary.html	Retrieved source does not expose enough formula-specific evidence to confirm or refute the catalog claim conservatively.	inferred-from-description	ordinary_brm	family evidence remains indeterminate		72	-66.54212933375474	historical-semantics-unresolved	not-probed	12e44e4781fdc23b4ba7bdaf89e4fa5dbefa52d67af8548271af33351c0e7864	explicit_token_present			ready	7250c7b9eab2a0f090bded1e82b2b8f89af686d50899430657196a2f5ed0290a	bambi		pass	bambi:alternative_links_probit	unresolved-family	name_or_key_present	pass	pass		866f749e6ce1d1cee62aa13d21eb991c687c5054dc596dd5e45ddef10c184542		Alternative Links — Probit	p(y, n) ~ x	true	SbPMX origin/main@a8fd3c02e1e2305683a56c91384701bfeba6b528:design/{ASKS.md,SbPMX.jl,mock_runtime.jl},compat/check-semantic-model-pipeline.jl	false		2026-07-28T21:07:08.539819+00:00	alternative_links_probit	true		family is not explicit or defensibly inferred	inherited-identical-probe		already-expressible-verbatim	synthetic		p(y, n) ~ x		binomial	bridgestan-finite-density-gradient	37
unverifiable	trials/cbind response lowered to explicit BinomialLogit		unverifiable		875	CatalogServer_default_unsubstantiated	87ee880b79582a60	gaussian	renderer-default-contradicts semantic inference			insufficient_terms:0/0		1		authoritative brm_descriptor/brm_execute; experimental SbPMX semantic_app mount adapter	scripts/examples/bambi.jl	true			pass	alternative_links			synthetic-no-external-receipt	false		false	pass	binomial			pass	log_odds ~ x\ny ~ BinomialLogit(n, log_odds)	pass	unresolved-family	https://bambinos.github.io/bambi/notebooks/alternative_links_binary.html	@options + option_domain/option_records + semantic_card under semantic_app	cited_project_author_publisher_surface	05c3f465e7987e8d7caa7e214fedddd90415a922		text_offset=33; matched_terms=alternative; context_sha256=7f1261d4379aa0f4	direct population/likelihood route when the family and terms are supported	200	synthetic n=12; positive continuous predictors; integer groups; family-valid outcome	not-run	https://bambinos.github.io/bambi/notebooks/alternative_links_binary.html	Retrieved source does not expose enough formula-specific evidence to confirm or refute the catalog claim conservatively.	inferred-from-description	ordinary_brm	family evidence remains indeterminate		72	-66.54212933375474	historical-semantics-unresolved	not-probed	12e44e4781fdc23b4ba7bdaf89e4fa5dbefa52d67af8548271af33351c0e7864	explicit_token_present			ready	7250c7b9eab2a0f090bded1e82b2b8f89af686d50899430657196a2f5ed0290a	bambi		pass	bambi:alternative_links_cloglog	unresolved-family	name_or_key_present	pass	pass		866f749e6ce1d1cee62aa13d21eb991c687c5054dc596dd5e45ddef10c184542		Alternative Links — Complementary Log-Log	p(y, n) ~ x	true	SbPMX origin/main@a8fd3c02e1e2305683a56c91384701bfeba6b528:design/{ASKS.md,SbPMX.jl,mock_runtime.jl},compat/check-semantic-model-pipeline.jl	false		2026-07-28T21:07:08.539819+00:00	alternative_links_cloglog	true		family is not explicit or defensibly inferred	inherited-identical-probe		already-expressible-verbatim	synthetic		p(y, n) ~ x		binomial	bridgestan-finite-density-gradient	38
confirmed	historical Wald/inverse-Gaussian parameterization is unresolved and no stock BRM likelihood mapping is audited		confirmed		905	CatalogServer_default_unsubstantiated		gaussian	renderer-default-contradicts semantic inference			exact_text_present				no executable descriptor until translation is resolved	scripts/examples/bambi.jl	true			not-run	wald_gamma			reachable-data-or-description	false		false	not-run	wald			not-run		not-run	unresolved-family	https://bambinos.github.io/bambi/notebooks/wald_gamma_glm.html	@options + option_domain/option_records + semantic_card under semantic_app	cited_project_author_publisher_surface	05c3f465e7987e8d7caa7e214fedddd90415a922		text_offset=2500; matched_terms=agecat,area,claimcst0,gender; context_sha256=5ddf198e5697fb74	direct population/likelihood route when the family and terms are supported	200	synthetic n=12; positive continuous predictors; integer groups; family-valid outcome	not-run	https://bambinos.github.io/bambi/notebooks/wald_gamma_glm.html	The retrieved official/primary source contains the normalized claimed formula text.	inferred-from-description	ordinary_brm	family evidence remains indeterminate				historical-semantics-unresolved	not-probed		explicit_token_present			unsupported	e4c4a3febd510eb94a41a200420a2fd29d8fe00559b6bfca2cb4269c85998ebb	bambi		not-run	bambi:wald_gamma_wald	unresolved-family	name_or_key_present	not-run	not-run				Wald Regression — Insurance Claims (Wald Family)	claimcst0 ~ C(agecat) + gender + area	not-run	SbPMX origin/main@a8fd3c02e1e2305683a56c91384701bfeba6b528:design/{ASKS.md,SbPMX.jl,mock_runtime.jl},compat/check-semantic-model-pipeline.jl	false		2026-07-28T21:07:08.616255+00:00	wald_gamma_wald	true		family is not explicit or defensibly inferred	not-probed		historical-semantics-unresolved	https://ndownloader.figshare.com/files/28870713		claimcst0 ~ C(agecat) + gender + area		wald	unsupported	39
confirmed	mean/shape gamma model converted to Distributions shape/rate		confirmed		921	CatalogServer_default_unsubstantiated	faaf50b115ae466a	gaussian	renderer-default-contradicts semantic inference			exact_text_present		4		authoritative brm_descriptor/brm_execute; experimental SbPMX semantic_app mount adapter	scripts/examples/bambi.jl	true			pass	wald_gamma			reachable-data-or-description	false		false	pass	gamma			pass	log(mu) ~ agecat + gender + area\nlog(shape) ~ 1\nrate = shape / mu\nclaimcst0 ~ Gamma(shape, rate)	pass	unresolved-family	https://bambinos.github.io/bambi/notebooks/wald_gamma_glm.html	@options + option_domain/option_records + semantic_card under semantic_app	cited_project_author_publisher_surface	05c3f465e7987e8d7caa7e214fedddd90415a922		text_offset=2500; matched_terms=agecat,area,claimcst0,gender; context_sha256=5ddf198e5697fb74	direct population/likelihood route when the family and terms are supported	200	synthetic n=12; positive continuous predictors; integer groups; family-valid outcome	not-run	https://bambinos.github.io/bambi/notebooks/wald_gamma_glm.html	The retrieved official/primary source contains the normalized claimed formula text.	inferred-from-description	ordinary_brm	family evidence remains indeterminate		80	-7.603557068658984	historical-semantics-unresolved	not-probed	25f38c15f122a3a7f740e23095edfc4139f9dfdf5450f67ca04fc1fa65cd00d2	explicit_token_present			ready	e4c4a3febd510eb94a41a200420a2fd29d8fe00559b6bfca2cb4269c85998ebb	bambi		pass	bambi:wald_gamma_gamma	unresolved-family	name_or_key_present	pass	pass		f0799731a99ebde93052316576eb68056558495e6d81e017bb088c4f6672f7b5		Gamma Regression — Insurance Claims (Gamma Family)	claimcst0 ~ agecat + gender + area	true	SbPMX origin/main@a8fd3c02e1e2305683a56c91384701bfeba6b528:design/{ASKS.md,SbPMX.jl,mock_runtime.jl},compat/check-semantic-model-pipeline.jl	false		2026-07-28T21:07:08.616255+00:00	wald_gamma_gamma	true		family is not explicit or defensibly inferred	direct		already-expressible-verbatim	https://ndownloader.figshare.com/files/28870713		claimcst0 ~ agecat + gender + area		gamma	bridgestan-finite-density-gradient	40
confirmed	native linked predictors and the SBBRMI-only NegativeBinomial2(mu,phi) adapter landed at canonical 11031f2; this exact census uses the non-log neg_binomial_2 path on StanBlocks 329a178, while the formerly broken neg_binomial_2_log trace was subsequently fixed in StanBlocks 144188a		confirmed		956	CatalogServer_default_unsubstantiated	c72c78df7b8540e8	gaussian	renderer-default-contradicts semantic inference	a707af21d138b0019810f8dce9d655109dc97ff6		exact_text_present	11031f2d3bbd0c9cad42bed53a4a8dd193ab9d2e	3		authoritative brm_descriptor/brm_execute; experimental SbPMX semantic_app mount adapter	scripts/examples/bambi.jl	true			pass	negative_binomial			reachable-data-or-description	false	4d8f565b1cf4b347b3d0e93a0b6499c2561dc42d	false	pass	negativebinomial		landed-surface-control-stanc-bridgestan-finite-predict-pointwise	pass	log(mu) ~ 0 + prog + zscale(math)\nlog(phi) ~ 1\ndaysabs ~ NegativeBinomial2(mu, phi)	pass	unresolved-family	https://bambinos.github.io/bambi/notebooks/negative_binomial.html	@options + option_domain/option_records + semantic_card under semantic_app	cited_project_author_publisher_surface	05c3f465e7987e8d7caa7e214fedddd90415a922		text_offset=6876; matched_terms=daysabs,math,prog; context_sha256=def4faf4c2f65f3e	direct population/likelihood route when the family and terms are supported	200	synthetic n=12; positive continuous predictors; integer groups; family-valid outcome	not-run	https://bambinos.github.io/bambi/notebooks/negative_binomial.html	The retrieved official/primary source contains the normalized claimed formula text.	inferred-from-description	ordinary_brm	family evidence remains indeterminate		82	-20.79441541679836	historical-semantics-unresolved	not-probed	66325a026b095b18ec451eefa50fac00e9158914d5c0e3ba39f91aa766910f10	explicit_token_present			ready	debca1ede81f7beec4e26cb248077890a7f197c1a3fbdc11fbe3277caba2243f	bambi		pass	bambi:negative_binomial_main	unresolved-family	name_or_key_present	pass	pass	combined synthetic family-surface control only; never inherited as row validation	31eac972189390b8d4cc4590642c30cd71a8efd1da25d971080b46381f9ce952		Negative Binomial — Main Effects	daysabs ~ 0 + prog + scale(math)	true	SbPMX origin/main@a8fd3c02e1e2305683a56c91384701bfeba6b528:design/{ASKS.md,SbPMX.jl,mock_runtime.jl},compat/check-semantic-model-pipeline.jl	true		2026-07-28T21:07:08.578204+00:00	negative_binomial_main	true		family is not explicit or defensibly inferred	direct		already-expressible-via-semantic-rewrite	https://stats.idre.ucla.edu/stat/stata/dae/nb_data.dta		daysabs ~ 0 + prog + scale(math)		negativebinomial	bridgestan-finite-density-gradient	41
confirmed	native linked predictors and the SBBRMI-only NegativeBinomial2(mu,phi) adapter landed at canonical 11031f2; this exact census uses the non-log neg_binomial_2 path on StanBlocks 329a178, while the formerly broken neg_binomial_2_log trace was subsequently fixed in StanBlocks 144188a		confirmed		972	CatalogServer_default_unsubstantiated	644598cc055bca8a	gaussian	renderer-default-contradicts semantic inference	a707af21d138b0019810f8dce9d655109dc97ff6		exact_text_present	11031f2d3bbd0c9cad42bed53a4a8dd193ab9d2e		sbbrmi_lower	authoritative brm_descriptor/brm_execute; experimental SbPMX semantic_app mount adapter	scripts/examples/bambi.jl	true			pass	negative_binomial			reachable-data-or-description	false	4d8f565b1cf4b347b3d0e93a0b6499c2561dc42d	false	not-run	negativebinomial		landed-surface-control-stanc-bridgestan-finite-predict-pointwise	not-run	log(mu) ~ 0 + prog + zscale(math) + prog & zscale(math)\nlog(phi) ~ 1\ndaysabs ~ NegativeBinomial2(mu, phi)	fail	unresolved-family	https://bambinos.github.io/bambi/notebooks/negative_binomial.html	@options + option_domain/option_records + semantic_card under semantic_app	cited_project_author_publisher_surface	05c3f465e7987e8d7caa7e214fedddd90415a922		text_offset=6876; matched_terms=daysabs,math,prog; context_sha256=def4faf4c2f65f3e	direct population/likelihood route when the family and terms are supported	200	synthetic n=12; positive continuous predictors; integer groups; family-valid outcome	not-run	https://bambinos.github.io/bambi/notebooks/negative_binomial.html	The retrieved official/primary source contains the normalized claimed formula text.	inferred-from-description	ordinary_brm	family evidence remains indeterminate		84		historical-semantics-unresolved	not-probed		explicit_token_present	sbimpl: interaction operand must be a raw-data NamedColumn, got ExprColumn{typeof(zscale), Tuple{NamedColumn{Symbol, DataColumn{Vector{Float64}}}}, @NamedTuple{}}; interactions with `mo` / `me` / `s` / `ar` are not supported yet Stacktrace:   [1] error(::String, ::String)     @ Base ./error.jl:44   [2] _sb_interaction_operand(t::ExprColumn{typeof(zscale), Tuple{NamedColumn{Symbol, DataColumn{Vector{Float64}}}}, @NamedTuple{}})     @ BayesianRegressionModels /tmp/kb-agent-scratch.corpus.F6m3FP/src/sbimpl.jl:3247   [3] _sb_interaction_cols!(cols::Vector{Any}, t::ExprColumn{typeof(&), Tuple{NamedColumn{Symbol, DataColumn{Vector{Float64}}}, ExprColumn{typeof(zscale), Tuple{NamedColumn{Symbol, DataColumn{Vector{Float64}}}}, @NamedTuple{}}}, @NamedTuple{}}, data::Dict{Symbol, Any}, stmts::Vector{Any})     @ BayesianRegressionModels /tmp/kb-agent-scratch.corpus.F6m3FP/src/sbimpl.jl:3222   [4] _sb_pop_cols_expr!(cols::Vector{Any}, ::typeof(&), t::ExprColumn{typeof(&), Tuple{NamedColumn{Symbol, DataColumn{Vector{Float64}}}, ExprColumn{typeof(zscale), Tuple{NamedColumn{Symbol, DataColumn{Vector{Float64}}}}, @NamedTuple{}}}, @NamedTuple{}}, data::Dict{Symbol, Any}, stmts::Vector{Any}, _pop_te…		ready	debca1ede81f7beec4e26cb248077890a7f197c1a3fbdc11fbe3277caba2243f	bambi		not-run	bambi:negative_binomial_interaction	unresolved-family	name_or_key_present	pass	not-run	combined synthetic family-surface control only; never inherited as row validation			Negative Binomial — Interaction	daysabs ~ 0 + prog + scale(math) + prog:scale(math)	not-run	SbPMX origin/main@a8fd3c02e1e2305683a56c91384701bfeba6b528:design/{ASKS.md,SbPMX.jl,mock_runtime.jl},compat/check-semantic-model-pipeline.jl	true		2026-07-28T21:07:08.578204+00:00	negative_binomial_interaction	true		family is not explicit or defensibly inferred	direct		already-expressible-via-semantic-rewrite	https://stats.idre.ucla.edu/stat/stata/dae/nb_data.dta		daysabs ~ 0 + prog + scale(math) + prog:scale(math)		negativebinomial	failed-sbbrmi_lower	42
confirmed	explicit log-link Poisson likelihood; offset(...) becomes ordinary log exposure		confirmed		1004	CatalogServer_default_unsubstantiated	a3d48c3db122f2d3	gaussian	renderer-default-contradicts semantic inference			exact_text_present		4		authoritative brm_descriptor/brm_execute; experimental SbPMX semantic_app mount adapter	scripts/examples/bambi.jl	true			pass	count_roaches			reachable-data-or-description	false		false	pass	poisson			pass	log_rate ~ roach1 + treatment + senior + log(exposure2)\ny ~ Poisson(exp(log_rate))	pass	unresolved-family	https://bambinos.github.io/bambi/notebooks/count_roaches.html	@options + option_domain/option_records + semantic_card under semantic_app	cited_project_author_publisher_surface	05c3f465e7987e8d7caa7e214fedddd90415a922		text_offset=2445; matched_terms=exposure2,roach1,senior,treatment; context_sha256=90d658005d3e94fa	direct population/likelihood route when the family and terms are supported	200	synthetic n=12; positive continuous predictors; integer groups; family-valid outcome	not-run	https://bambinos.github.io/bambi/notebooks/count_roaches.html	The retrieved official/primary source contains the normalized claimed formula text.	inferred-from-description	ordinary_brm	family evidence remains indeterminate		86	-12.0	historical-semantics-unresolved	not-probed	671b1c220e5920a353120c29ad2ea374c1b230bc8480f7875867cb5f910cb9d7	explicit_token_present			ready	a989a12065ab61d6c63377de0a884d9cc3dd53a6965c6cdbf0081f861c2e0a87	bambi		pass	bambi:count_roaches_poisson	unresolved-family	name_or_key_present	pass	pass		0f63cd58ab40f8efdb6089c00e69fcc7e5e3eb8f962be512d5715ccec50e0122		Count Regression with Offset — Poisson	y ~ roach1 + treatment + senior + offset(log(exposure2))	true	SbPMX origin/main@a8fd3c02e1e2305683a56c91384701bfeba6b528:design/{ASKS.md,SbPMX.jl,mock_runtime.jl},compat/check-semantic-model-pipeline.jl	false		2026-07-28T21:07:08.550996+00:00	count_roaches_poisson	true		family is not explicit or defensibly inferred	direct		already-expressible-via-semantic-rewrite	https://raw.githubusercontent.com/bambinos/bambi/main/docs/notebooks/data/roaches.csv		y ~ roach1 + treatment + senior + offset(log(exposure2))		poisson	bridgestan-finite-density-gradient	43
confirmed	native linked predictors and the SBBRMI-only NegativeBinomial2(mu,phi) adapter landed at canonical 11031f2; this exact census uses the non-log neg_binomial_2 path on StanBlocks 329a178, while the formerly broken neg_binomial_2_log trace was subsequently fixed in StanBlocks 144188a		confirmed		1020	CatalogServer_default_unsubstantiated	5347fecd135f80e2	gaussian	renderer-default-contradicts semantic inference	a707af21d138b0019810f8dce9d655109dc97ff6		exact_text_present	11031f2d3bbd0c9cad42bed53a4a8dd193ab9d2e	5		authoritative brm_descriptor/brm_execute; experimental SbPMX semantic_app mount adapter	scripts/examples/bambi.jl	true			pass	count_roaches			reachable-data-or-description	false	4d8f565b1cf4b347b3d0e93a0b6499c2561dc42d	false	pass	negativebinomial		landed-surface-control-stanc-bridgestan-finite-predict-pointwise	pass	log(mu) ~ roach1 + treatment + senior + log(exposure2)\nlog(phi) ~ 1\ny ~ NegativeBinomial2(mu, phi)	pass	unresolved-family	https://bambinos.github.io/bambi/notebooks/count_roaches.html	@options + option_domain/option_records + semantic_card under semantic_app	cited_project_author_publisher_surface	05c3f465e7987e8d7caa7e214fedddd90415a922		text_offset=2445; matched_terms=exposure2,roach1,senior,treatment; context_sha256=90d658005d3e94fa	direct population/likelihood route when the family and terms are supported	200	synthetic n=12; positive continuous predictors; integer groups; family-valid outcome	not-run	https://bambinos.github.io/bambi/notebooks/count_roaches.html	The retrieved official/primary source contains the normalized claimed formula text.	inferred-from-description	ordinary_brm	family evidence remains indeterminate		88	-20.79441541679836	historical-semantics-unresolved	not-probed	7f602875c741778fa89d0be1554c869f623f6c998c8afdbc23d33cab6cbaf770	explicit_token_present			ready	a989a12065ab61d6c63377de0a884d9cc3dd53a6965c6cdbf0081f861c2e0a87	bambi		pass	bambi:count_roaches_nb	unresolved-family	name_or_key_present	pass	pass	combined synthetic family-surface control only; never inherited as row validation	423c2411e40c77f17f1c7dbf28f9b9010d1916f2325f38899e91a10c80a35b9a		Count Regression with Offset — Negative Binomial	y ~ roach1 + treatment + senior + offset(log(exposure2))	true	SbPMX origin/main@a8fd3c02e1e2305683a56c91384701bfeba6b528:design/{ASKS.md,SbPMX.jl,mock_runtime.jl},compat/check-semantic-model-pipeline.jl	true		2026-07-28T21:07:08.550996+00:00	count_roaches_nb	true		family is not explicit or defensibly inferred	direct		already-expressible-via-semantic-rewrite	https://raw.githubusercontent.com/bambinos/bambi/main/docs/notebooks/data/roaches.csv		y ~ roach1 + treatment + senior + offset(log(exposure2))		negativebinomial	bridgestan-finite-density-gradient	44
confirmed	mean/precision beta parameterization written explicitly with inline shape expressions		confirmed		1098	CatalogServer_default_unsubstantiated	3593b54707d8db08	gaussian	renderer-default-contradicts semantic inference			exact_text_present		2		authoritative brm_descriptor/brm_execute; experimental SbPMX semantic_app mount adapter	scripts/examples/bambi.jl	true			pass	beta_probs			synthetic-no-external-receipt	false		false	pass	beta			pass	logit(mu) ~ 1\nlog(phi) ~ 1\nprobabilities ~ Beta(mu * phi, (1 - mu) * phi)	pass	unresolved-family	https://bambinos.github.io/bambi/notebooks/beta_regression.html	@options + option_domain/option_records + semantic_card under semantic_app	cited_project_author_publisher_surface	05c3f465e7987e8d7caa7e214fedddd90415a922		text_offset=2281; matched_terms=probabilities; context_sha256=a0e50e4d1e09a066	direct population/likelihood route when the family and terms are supported	200	synthetic n=12; positive continuous predictors; integer groups; family-valid outcome	not-run	https://bambinos.github.io/bambi/notebooks/beta_regression.html	The retrieved official/primary source contains the normalized claimed formula text.	inferred-from-description	ordinary_brm	family evidence remains indeterminate		90	-3.342077309841285	historical-semantics-unresolved	not-probed	3ea12d3272d366600885d80324a91e90a82dbcb147b0ce9248b3afd3b2fcbdcb	explicit_token_present			ready	c7aed1a5a8da36e25009dc4e85774bc7a447be70df2a5925be1e2d8a01a4972a	bambi		pass	bambi:beta_probs_intercept	unresolved-family	name_or_key_present	pass	pass		912a33768d202ae70c1c229ef8449cce45877441593cec5ee83ab30d819d4250		Beta Regression — Intercept Only (Probabilities)	probabilities ~ 1	true	SbPMX origin/main@a8fd3c02e1e2305683a56c91384701bfeba6b528:design/{ASKS.md,SbPMX.jl,mock_runtime.jl},compat/check-semantic-model-pipeline.jl	false		2026-07-28T21:07:08.540611+00:00	beta_probs_intercept	true		family is not explicit or defensibly inferred	direct		already-expressible-verbatim	synthetic		probabilities ~ 1		beta	bridgestan-finite-density-gradient	45
confirmed	mean/precision beta parameterization written explicitly with inline shape expressions		confirmed		1113	CatalogServer_default_unsubstantiated	9d7e206f1be52225	gaussian	renderer-default-contradicts semantic inference			exact_text_present		2		authoritative brm_descriptor/brm_execute; experimental SbPMX semantic_app mount adapter	scripts/examples/bambi.jl	true			pass	beta_coin			synthetic-no-external-receipt	false		false	pass	beta			pass	logit(mu) ~ delta_d\nlog(phi) ~ 1\np ~ Beta(mu * phi, (1 - mu) * phi)	pass	unresolved-family	https://bambinos.github.io/bambi/notebooks/beta_regression.html	@options + option_domain/option_records + semantic_card under semantic_app	cited_project_author_publisher_surface	05c3f465e7987e8d7caa7e214fedddd90415a922		text_offset=9652; matched_terms=delta_d; context_sha256=b20280001bd37644	direct population/likelihood route when the family and terms are supported	200	synthetic n=12; positive continuous predictors; integer groups; family-valid outcome	not-run	https://bambinos.github.io/bambi/notebooks/beta_regression.html	The retrieved official/primary source contains the normalized claimed formula text.	inferred-from-description	ordinary_brm	family evidence remains indeterminate		92	-3.342077309841285	historical-semantics-unresolved	not-probed	b959e4ad8acf88ba232bcd35f9008aed9714e1a504548360aa37496b7c0d90a5	explicit_token_present			ready	c7aed1a5a8da36e25009dc4e85774bc7a447be70df2a5925be1e2d8a01a4972a	bambi		pass	bambi:beta_coin	unresolved-family	name_or_key_present	pass	pass		cff73644473e6c807dc8ca8134b70a37df4faa40fe07b2804ffa5cbc538faeb3		Beta Regression — Coin Dirt	p ~ delta_d	true	SbPMX origin/main@a8fd3c02e1e2305683a56c91384701bfeba6b528:design/{ASKS.md,SbPMX.jl,mock_runtime.jl},compat/check-semantic-model-pipeline.jl	false		2026-07-28T21:07:08.540611+00:00	beta_coin	true		family is not explicit or defensibly inferred	direct		already-expressible-verbatim	synthetic		p ~ delta_d		beta	bridgestan-finite-density-gradient	46
confirmed	mean/precision beta parameterization written explicitly with inline shape expressions		confirmed		1128	CatalogServer_default_unsubstantiated	9ff55a833eafc31a	gaussian	renderer-default-contradicts semantic inference			exact_text_present		2		authoritative brm_descriptor/brm_execute; experimental SbPMX semantic_app mount adapter	scripts/examples/bambi.jl	true			pass	beta_batting			reachable-data-or-description	false		false	pass	beta			pass	logit(mu) ~ 1\nlog(phi) ~ 1\nbatting_avg ~ Beta(mu * phi, (1 - mu) * phi)	pass	unresolved-family	https://bambinos.github.io/bambi/notebooks/beta_regression.html	@options + option_domain/option_records + semantic_card under semantic_app	cited_project_author_publisher_surface	05c3f465e7987e8d7caa7e214fedddd90415a922		text_offset=12464; matched_terms=average,batting,batting_avg; context_sha256=dcbb021a88ae54f6	direct population/likelihood route when the family and terms are supported	200	synthetic n=12; positive continuous predictors; integer groups; family-valid outcome	not-run	https://bambinos.github.io/bambi/notebooks/beta_regression.html	The retrieved official/primary source contains the normalized claimed formula text.	inferred-from-description	ordinary_brm	family evidence remains indeterminate		94	-3.342077309841285	historical-semantics-unresolved	not-probed	681da8b6194d397f5464741e949b3193c1667b11d635c0a9500c2619e98af517	explicit_token_present			ready	c7aed1a5a8da36e25009dc4e85774bc7a447be70df2a5925be1e2d8a01a4972a	bambi		pass	bambi:beta_batting_intercept	unresolved-family	name_or_key_present	pass	pass		7e39d1fa87531dc1aa23e9ca5dd544d3cdc455800aa7161ef6c7b6ed8778e2fd		Beta Regression — Batting Average Intercept Only	batting_avg ~ 1	true	SbPMX origin/main@a8fd3c02e1e2305683a56c91384701bfeba6b528:design/{ASKS.md,SbPMX.jl,mock_runtime.jl},compat/check-semantic-model-pipeline.jl	false		2026-07-28T21:07:08.540611+00:00	beta_batting_intercept	true		family is not explicit or defensibly inferred	direct		already-expressible-verbatim	https://ndownloader.figshare.com/files/29749140		batting_avg ~ 1		beta	bridgestan-finite-density-gradient	47
confirmed	mean/precision beta parameterization written explicitly with inline shape expressions		confirmed		1143	CatalogServer_default_unsubstantiated	0ed402108b95669b	gaussian	renderer-default-contradicts semantic inference			exact_text_present		2		authoritative brm_descriptor/brm_execute; experimental SbPMX semantic_app mount adapter	scripts/examples/bambi.jl	true			pass	beta_batting			reachable-data-or-description	false		false	pass	beta			pass	logit(mu) ~ batting_avg_shift\nlog(phi) ~ 1\nbatting_avg ~ Beta(mu * phi, (1 - mu) * phi)	pass	unresolved-family	https://bambinos.github.io/bambi/notebooks/beta_regression.html	@options + option_domain/option_records + semantic_card under semantic_app	cited_project_author_publisher_surface	05c3f465e7987e8d7caa7e214fedddd90415a922		text_offset=12464; matched_terms=average,batting,batting_avg; context_sha256=dcbb021a88ae54f6	direct population/likelihood route when the family and terms are supported	200	synthetic n=12; positive continuous predictors; integer groups; family-valid outcome	not-run	https://bambinos.github.io/bambi/notebooks/beta_regression.html	The retrieved official/primary source contains the normalized claimed formula text.	inferred-from-description	ordinary_brm	family evidence remains indeterminate		96	-3.342077309841285	historical-semantics-unresolved	not-probed	708e14505fd89df2346f53bc011b8a4d53cbc8f09384c5159cb292a7f81ac1c6	explicit_token_present			ready	c7aed1a5a8da36e25009dc4e85774bc7a447be70df2a5925be1e2d8a01a4972a	bambi		pass	bambi:beta_batting_shift	unresolved-family	name_or_key_present	pass	pass		fe1b0bf85d9dbecbfdb1ac41d614acaa5c94ac4743076de126040dbc63ec5a65		Beta Regression — Batting Average with Shift Predictor	batting_avg ~ batting_avg_shift	true	SbPMX origin/main@a8fd3c02e1e2305683a56c91384701bfeba6b528:design/{ASKS.md,SbPMX.jl,mock_runtime.jl},compat/check-semantic-model-pipeline.jl	false		2026-07-28T21:07:08.540611+00:00	beta_batting_shift	true		family is not explicit or defensibly inferred	direct		already-expressible-verbatim	https://ndownloader.figshare.com/files/29749140		batting_avg ~ batting_avg_shift		beta	bridgestan-finite-density-gradient	48
unverifiable	outcome family `categorical` has no stock ordinary BRM likelihood adapter; independent responses may be split only when authoritative residual independence is established		unverifiable		1222	CatalogServer_default_unsubstantiated		gaussian	renderer-default-contradicts semantic inference			insufficient_terms:0/0				no executable descriptor until translation is resolved	scripts/examples/bambi.jl	true			not-run	categorical_toy			synthetic-no-external-receipt	false		false	not-run	categorical			not-run		not-run	unresolved-family	https://bambinos.github.io/bambi/notebooks/categorical_regression.html	@options + option_domain/option_records + semantic_card under semantic_app	cited_project_author_publisher_surface	05c3f465e7987e8d7caa7e214fedddd90415a922		text_offset=0; matched_terms=categorical,dataset,regression; context_sha256=4b2331b914119f59	direct population/likelihood route when the family and terms are supported	200	synthetic n=12; positive continuous predictors; integer groups; family-valid outcome	not-run	https://bambinos.github.io/bambi/notebooks/categorical_regression.html	Retrieved source does not expose enough formula-specific evidence to confirm or refute the catalog claim conservatively.	inferred-from-description	ordinary_brm	family evidence remains indeterminate				historical-semantics-unresolved	not-probed		explicit_token_present			unsupported	d3af4c8cfb9ed02527b12d34dfae6ae98cae021389b6c89484a4571d58b47ed6	bambi		not-run	bambi:categorical_toy	unresolved-family	name_or_key_present	not-run	not-run				Categorical Regression — Toy Dataset	y ~ x	not-run	SbPMX origin/main@a8fd3c02e1e2305683a56c91384701bfeba6b528:design/{ASKS.md,SbPMX.jl,mock_runtime.jl},compat/check-semantic-model-pipeline.jl	false		2026-07-28T21:07:08.545087+00:00	categorical_toy	true		family is not explicit or defensibly inferred	not-probed		genuinely-missing-brm-surface	synthetic	StanBlocks building blocks may exist; see surface audits	y ~ x		categorical	unsupported	49
confirmed	outcome family `categorical` has no stock ordinary BRM likelihood adapter; independent responses may be split only when authoritative residual independence is established		confirmed		1237	CatalogServer_default_unsubstantiated		gaussian	renderer-default-contradicts semantic inference			exact_text_present				no executable descriptor until translation is resolved	scripts/examples/bambi.jl	true			not-run	categorical_regression			reachable-data-or-description	false		false	not-run	categorical			not-run		not-run	unresolved-family	https://bambinos.github.io/bambi/notebooks/categorical_regression.html	@options + option_domain/option_records + semantic_card under semantic_app	cited_project_author_publisher_surface	05c3f465e7987e8d7caa7e214fedddd90415a922		text_offset=4700; matched_terms=petal_length,petal_width,sepal_length,sepal_width,species; context_sha256=ab27749f451acefe	direct population/likelihood route when the family and terms are supported	200	synthetic n=12; positive continuous predictors; integer groups; family-valid outcome	not-run	https://bambinos.github.io/bambi/notebooks/categorical_regression.html	The retrieved official/primary source contains the normalized claimed formula text.	inferred-from-description	ordinary_brm	family evidence remains indeterminate				historical-semantics-unresolved	not-probed		explicit_token_present			unsupported	d3af4c8cfb9ed02527b12d34dfae6ae98cae021389b6c89484a4571d58b47ed6	bambi		not-run	bambi:categorical_iris	unresolved-family	name_or_key_present	not-run	not-run				Categorical Regression — Iris Species	species ~ sepal_length + sepal_width + petal_length + petal_width	not-run	SbPMX origin/main@a8fd3c02e1e2305683a56c91384701bfeba6b528:design/{ASKS.md,SbPMX.jl,mock_runtime.jl},compat/check-semantic-model-pipeline.jl	false		2026-07-28T21:07:08.545087+00:00	categorical_iris	true		family is not explicit or defensibly inferred	not-probed		genuinely-missing-brm-surface	https://vincentarelbundock.github.io/Rdatasets/csv/datasets/iris.csv	StanBlocks building blocks may exist; see surface audits	species ~ sepal_length + sepal_width + petal_length + petal_width		categorical	unsupported	50
confirmed	outcome family `categorical` has no stock ordinary BRM likelihood adapter; independent responses may be split only when authoritative residual independence is established		confirmed		1256	CatalogServer_default_unsubstantiated		gaussian	renderer-default-contradicts semantic inference			exact_text_present				no executable descriptor until translation is resolved	scripts/examples/bambi.jl	true			not-run	categorical_alligator			synthetic-no-external-receipt	false		false	not-run	categorical			not-run		not-run	unresolved-family	https://bambinos.github.io/bambi/notebooks/categorical_regression.html	@options + option_domain/option_records + semantic_card under semantic_app	cited_project_author_publisher_surface	05c3f465e7987e8d7caa7e214fedddd90415a922		text_offset=7484; matched_terms=alligator,choice,food,sex; context_sha256=991c32098c88e3f8	direct population/likelihood route when the family and terms are supported	200	synthetic n=12; positive continuous predictors; integer groups; family-valid outcome	not-run	https://bambinos.github.io/bambi/notebooks/categorical_regression.html	The retrieved official/primary source contains the normalized claimed formula text.	inferred-from-description	ordinary_brm	family evidence remains indeterminate				historical-semantics-unresolved	not-probed		explicit_token_present			unsupported	d3af4c8cfb9ed02527b12d34dfae6ae98cae021389b6c89484a4571d58b47ed6	bambi		not-run	bambi:categorical_alligator	unresolved-family	name_or_key_present	not-run	not-run				Categorical Regression — Alligator Food Choice	choice ~ length + sex	not-run	SbPMX origin/main@a8fd3c02e1e2305683a56c91384701bfeba6b528:design/{ASKS.md,SbPMX.jl,mock_runtime.jl},compat/check-semantic-model-pipeline.jl	false		2026-07-28T21:07:08.545087+00:00	categorical_alligator	true		family is not explicit or defensibly inferred	not-probed		genuinely-missing-brm-surface	synthetic	StanBlocks building blocks may exist; see surface audits	choice ~ length + sex		categorical	unsupported	51
confirmed	likelihood family `vonmises` has no semantics-preserving current translation		confirmed		1288	CatalogServer_default_unsubstantiated		gaussian	renderer-default-contradicts semantic inference			exact_text_present				no executable descriptor until translation is resolved	scripts/examples/bambi.jl	true			not-run	circular_regression			reachable-data-or-description	false		false	not-run	vonmises			not-run		not-run	unresolved-family	https://bambinos.github.io/bambi/notebooks/circular_regression.html	@options + option_domain/option_records + semantic_card under semantic_app	cited_project_author_publisher_surface	05c3f465e7987e8d7caa7e214fedddd90415a922		text_offset=0; matched_terms=circular,regression; context_sha256=ca82a03e9f7ce9bf	direct population/likelihood route when the family and terms are supported	200	synthetic n=12; positive continuous predictors; integer groups; family-valid outcome	not-run	https://bambinos.github.io/bambi/notebooks/circular_regression.html	The retrieved official/primary source contains the normalized claimed formula text.	inferred-from-description	ordinary_brm	family evidence remains indeterminate				historical-semantics-unresolved	not-probed		explicit_token_present			unsupported	55699db4a48e4b67d2127310598349787cede90de9214c3abf15748140f8de9c	bambi		not-run	bambi:circular_vonmises	unresolved-family	name_or_key_present	not-run	not-run				Circular Regression — Von Mises Family	direction ~ distance	not-run	SbPMX origin/main@a8fd3c02e1e2305683a56c91384701bfeba6b528:design/{ASKS.md,SbPMX.jl,mock_runtime.jl},compat/check-semantic-model-pipeline.jl	false		2026-07-28T21:07:08.548265+00:00	circular_vonmises	true		family is not explicit or defensibly inferred	not-probed		genuinely-missing-brm-surface	https://ndownloader.figshare.com/files/34446077	StanBlocks building blocks may exist; see surface audits	direction ~ distance		vonmises	unsupported	52
confirmed	explicit Normal likelihood; named log-scale sigma predictor uses native linked-predictor syntax		confirmed		1304	CatalogServer_default_unsubstantiated	059698c311f11ec5	gaussian	renderer-default-unsubstantiated; inference happens to agree			exact_text_present		2		authoritative brm_descriptor/brm_execute; experimental SbPMX semantic_app mount adapter	scripts/examples/bambi.jl	true			pass	circular_regression			reachable-data-or-description	false		false	pass	gaussian			pass	loc ~ distance\nlog(sigma) ~ 1\ndirection ~ Normal(loc, sigma)	pass	unresolved-family	https://bambinos.github.io/bambi/notebooks/circular_regression.html	@options + option_domain/option_records + semantic_card under semantic_app	cited_project_author_publisher_surface	05c3f465e7987e8d7caa7e214fedddd90415a922		text_offset=9; matched_terms=circular,comparison,regression; context_sha256=9ba25b40e2187b4b	direct population/likelihood route when the family and terms are supported	200	synthetic n=12; positive continuous predictors; integer groups; family-valid outcome	not-run	https://bambinos.github.io/bambi/notebooks/circular_regression.html	The retrieved official/primary source contains the normalized claimed formula text.	inferred-from-description	ordinary_brm	family evidence remains indeterminate		106	-7.817384082920588	historical-semantics-unresolved	not-probed	3ee6b766ae16f1dd5d2f3ebd64264765eabcc2a2e4fd058a924ac84eea8fd2c4	explicit_token_present			ready	55699db4a48e4b67d2127310598349787cede90de9214c3abf15748140f8de9c	bambi		pass	bambi:circular_gaussian	unresolved-family	name_or_key_present	pass	pass		ced2aadce7b1ea5d83e632ab90e0d563d465edccdd5c777a692c696a12ffb7ea		Circular Regression — Gaussian Comparison	direction ~ distance	true	SbPMX origin/main@a8fd3c02e1e2305683a56c91384701bfeba6b528:design/{ASKS.md,SbPMX.jl,mock_runtime.jl},compat/check-semantic-model-pipeline.jl	false		2026-07-28T21:07:08.548265+00:00	circular_gaussian	true		family is not explicit or defensibly inferred	direct		already-expressible-verbatim	https://ndownloader.figshare.com/files/34446077		direction ~ distance		gaussian	bridgestan-finite-density-gradient	53
confirmed	bs(...) arguments do not map mechanically to current s(...) semantics		confirmed		1332	CatalogServer_default_unsubstantiated		gaussian	renderer-default-contradicts semantic inference			exact_text_present				no executable descriptor until translation is resolved	scripts/examples/bambi.jl	true			not-run	quantile_regression			reachable-data-or-description	false		false	not-run	asymmetriclaplace			not-run		not-run	unresolved-family	https://bambinos.github.io/bambi/notebooks/quantile_regression.html	@options + option_domain/option_records + semantic_card under semantic_app	cited_project_author_publisher_surface	05c3f465e7987e8d7caa7e214fedddd90415a922		text_offset=1653; matched_terms=age,asymmetric,laplace; context_sha256=6eb28875a17f13e4	direct population/likelihood route when the family and terms are supported	200	synthetic n=12; positive continuous predictors; integer groups; family-valid outcome	not-run	https://bambinos.github.io/bambi/notebooks/quantile_regression.html	The retrieved official/primary source contains the normalized claimed formula text.	inferred-from-description	ordinary_brm	family evidence remains indeterminate				historical-semantics-unresolved	not-probed		explicit_token_present			unsupported	505a4d8639de329e318e736aeddf4bb83790ab37a5fe482cd46f3b300d5c5496	bambi		not-run	bambi:quantile_p10	unresolved-family	name_or_key_present	not-run	not-run				Quantile Regression — p10 (Asymmetric Laplace)	bmi ~ bs(age, knots=knots)	not-run	SbPMX origin/main@a8fd3c02e1e2305683a56c91384701bfeba6b528:design/{ASKS.md,SbPMX.jl,mock_runtime.jl},compat/check-semantic-model-pipeline.jl	false		2026-07-28T21:07:08.609709+00:00	quantile_p10	true		family is not explicit or defensibly inferred	not-probed		historical-semantics-unresolved	https://raw.githubusercontent.com/bambinos/bambi/main/docs/notebooks/data/bmi.csv		bmi ~ bs(age, knots=knots)		asymmetriclaplace	unsupported	54
confirmed	bs(...) arguments do not map mechanically to current s(...) semantics		confirmed		1347	CatalogServer_default_unsubstantiated		gaussian	renderer-default-contradicts semantic inference			exact_text_present				no executable descriptor until translation is resolved	scripts/examples/bambi.jl	true			not-run	quantile_regression			reachable-data-or-description	false		false	not-run	asymmetriclaplace			not-run		not-run	unresolved-family	https://bambinos.github.io/bambi/notebooks/quantile_regression.html	@options + option_domain/option_records + semantic_card under semantic_app	cited_project_author_publisher_surface	05c3f465e7987e8d7caa7e214fedddd90415a922		text_offset=1653; matched_terms=age,asymmetric,laplace; context_sha256=6eb28875a17f13e4	direct population/likelihood route when the family and terms are supported	200	synthetic n=12; positive continuous predictors; integer groups; family-valid outcome	not-run	https://bambinos.github.io/bambi/notebooks/quantile_regression.html	The retrieved official/primary source contains the normalized claimed formula text.	inferred-from-description	ordinary_brm	family evidence remains indeterminate				historical-semantics-unresolved	not-probed		explicit_token_present			unsupported	505a4d8639de329e318e736aeddf4bb83790ab37a5fe482cd46f3b300d5c5496	bambi		not-run	bambi:quantile_p50	unresolved-family	name_or_key_present	not-run	not-run				Quantile Regression — p50 (Asymmetric Laplace)	bmi ~ bs(age, knots=knots)	not-run	SbPMX origin/main@a8fd3c02e1e2305683a56c91384701bfeba6b528:design/{ASKS.md,SbPMX.jl,mock_runtime.jl},compat/check-semantic-model-pipeline.jl	false		2026-07-28T21:07:08.609709+00:00	quantile_p50	true		family is not explicit or defensibly inferred	not-probed		historical-semantics-unresolved	https://raw.githubusercontent.com/bambinos/bambi/main/docs/notebooks/data/bmi.csv		bmi ~ bs(age, knots=knots)		asymmetriclaplace	unsupported	55
confirmed	bs(...) arguments do not map mechanically to current s(...) semantics		confirmed		1363	CatalogServer_default_unsubstantiated		gaussian	renderer-default-contradicts semantic inference			exact_text_present				no executable descriptor until translation is resolved	scripts/examples/bambi.jl	true			not-run	quantile_regression			reachable-data-or-description	false		false	not-run	asymmetriclaplace			not-run		not-run	unresolved-family	https://bambinos.github.io/bambi/notebooks/quantile_regression.html	@options + option_domain/option_records + semantic_card under semantic_app	cited_project_author_publisher_surface	05c3f465e7987e8d7caa7e214fedddd90415a922		text_offset=1653; matched_terms=age,asymmetric,laplace; context_sha256=6eb28875a17f13e4	direct population/likelihood route when the family and terms are supported	200	synthetic n=12; positive continuous predictors; integer groups; family-valid outcome	not-run	https://bambinos.github.io/bambi/notebooks/quantile_regression.html	The retrieved official/primary source contains the normalized claimed formula text.	inferred-from-description	ordinary_brm	family evidence remains indeterminate				historical-semantics-unresolved	not-probed		explicit_token_present			unsupported	505a4d8639de329e318e736aeddf4bb83790ab37a5fe482cd46f3b300d5c5496	bambi		not-run	bambi:quantile_p90	unresolved-family	name_or_key_present	not-run	not-run				Quantile Regression — p90 (Asymmetric Laplace)	bmi ~ bs(age, knots=knots)	not-run	SbPMX origin/main@a8fd3c02e1e2305683a56c91384701bfeba6b528:design/{ASKS.md,SbPMX.jl,mock_runtime.jl},compat/check-semantic-model-pipeline.jl	false		2026-07-28T21:07:08.609709+00:00	quantile_p90	true		family is not explicit or defensibly inferred	not-probed		historical-semantics-unresolved	https://raw.githubusercontent.com/bambinos/bambi/main/docs/notebooks/data/bmi.csv		bmi ~ bs(age, knots=knots)		asymmetriclaplace	unsupported	56
confirmed	bs(...) arguments do not map mechanically to current s(...) semantics		confirmed		1378	CatalogServer_default_unsubstantiated		gaussian	renderer-default-unsubstantiated; inference happens to agree			exact_text_present				no executable descriptor until translation is resolved	scripts/examples/bambi.jl	true			not-run	quantile_regression			reachable-data-or-description	false		false	not-run	gaussian			not-run		not-run	unresolved-family	https://bambinos.github.io/bambi/notebooks/quantile_regression.html	@options + option_domain/option_records + semantic_card under semantic_app	cited_project_author_publisher_surface	05c3f465e7987e8d7caa7e214fedddd90415a922		text_offset=9; matched_terms=comparison,quantile,regression; context_sha256=56dc6fe916551122	direct population/likelihood route when the family and terms are supported	200	synthetic n=12; positive continuous predictors; integer groups; family-valid outcome	not-run	https://bambinos.github.io/bambi/notebooks/quantile_regression.html	The retrieved official/primary source contains the normalized claimed formula text.	inferred-from-description	ordinary_brm	family evidence remains indeterminate				historical-semantics-unresolved	not-probed		explicit_token_present			unsupported	505a4d8639de329e318e736aeddf4bb83790ab37a5fe482cd46f3b300d5c5496	bambi		not-run	bambi:quantile_gaussian	unresolved-family	name_or_key_present	not-run	not-run				Quantile Regression — Gaussian Comparison	bmi ~ bs(age, knots=knots)	not-run	SbPMX origin/main@a8fd3c02e1e2305683a56c91384701bfeba6b528:design/{ASKS.md,SbPMX.jl,mock_runtime.jl},compat/check-semantic-model-pipeline.jl	false		2026-07-28T21:07:08.609709+00:00	quantile_gaussian	true		family is not explicit or defensibly inferred	not-probed		historical-semantics-unresolved	https://raw.githubusercontent.com/bambinos/bambi/main/docs/notebooks/data/bmi.csv		bmi ~ bs(age, knots=knots)		gaussian	unsupported	57
confirmed	nested/composite grouping factors are expressible after deriving stable integer group ids or expanding nesting; exact source identity must be reviewed		confirmed		1412	CatalogServer_default_unsubstantiated		gaussian	renderer-default-contradicts semantic inference			exact_text_present				no executable descriptor until translation is resolved	scripts/examples/bambi.jl	true			not-run	mister_p			reachable-data-or-description	false		false	not-run	binomial			not-run		not-run	unresolved-family	https://bambinos.github.io/bambi/notebooks/mister_p.html	@options + option_domain/option_records + semantic_card under semantic_app	cited_project_author_publisher_surface	05c3f465e7987e8d7caa7e214fedddd90415a922		text_offset=0; matched_terms=and,multilevel,post,regression,stratification; context_sha256=81581b0f77b20a2c	direct population/likelihood route when the family and terms are supported	200	synthetic n=12; positive continuous predictors; integer groups; family-valid outcome	not-run	https://bambinos.github.io/bambi/notebooks/mister_p.html	The retrieved official/primary source contains the normalized claimed formula text.	inferred-from-description	ordinary_brm	family evidence remains indeterminate				historical-semantics-unresolved	not-probed		explicit_token_present			semantic-rewrite	b800c72ba2e9afe07aaf0e29cd799123a14a7450e1ef73817e5da2bd18a0c897	bambi		not-run	bambi:mister_p	unresolved-family	name_or_key_present	not-run	not-run				MrP — Multilevel Regression and Post-Stratification	p(abortion, n) ~ male + repvote + (1|state) + (1|eth) + (1|edu) + (1|male:eth) + (1|edu:age) + (1|edu:eth)	not-run	SbPMX origin/main@a8fd3c02e1e2305683a56c91384701bfeba6b528:design/{ASKS.md,SbPMX.jl,mock_runtime.jl},compat/check-semantic-model-pipeline.jl	false		2026-07-28T21:07:08.565784+00:00	mister_p	true		family is not explicit or defensibly inferred	not-probed		already-expressible-via-semantic-rewrite	https://dataverse.harvard.edu/		p(abortion, n) ~ male + repvote + (1|state) + (1|eth) + (1|edu) + (1|male:eth) + (1|edu:age) + (1|edu:eth)		binomial	semantic-rewrite	58
confirmed	the SBBRMI-only ZeroInflatedPoisson likelihood/RNG surface landed at canonical 11031f2, but these historical rows split mean and zero-inflation components across separate catalogue cards; their pairing and joint declaration remain unresolved		confirmed		1443	CatalogServer_default_unsubstantiated		gaussian	renderer-default-contradicts semantic inference	a707af21d138b0019810f8dce9d655109dc97ff6		exact_text_present	11031f2d3bbd0c9cad42bed53a4a8dd193ab9d2e			no executable descriptor until translation is resolved	scripts/examples/bambi.jl	true			not-run	zero_inflated			reachable-data-or-description	false	4d8f565b1cf4b347b3d0e93a0b6499c2561dc42d	false	not-run	zero_inflated_poisson		landed-surface-control-stanc-bridgestan-finite-predict-pointwise	not-run		not-run	unresolved-family	https://bambinos.github.io/bambi/notebooks/zero_inflated_regression.html	@options + option_domain/option_records + semantic_card under semantic_app	cited_project_author_publisher_surface	05c3f465e7987e8d7caa7e214fedddd90415a922		text_offset=6908; matched_terms=camper,child,livebait,persons; context_sha256=9b0bf006f7585db3	direct population/likelihood route when the family and terms are supported	200	synthetic n=12; positive continuous predictors; integer groups; family-valid outcome	not-run	https://bambinos.github.io/bambi/notebooks/zero_inflated_regression.html	The retrieved official/primary source contains the normalized claimed formula text.	inferred-from-description	ordinary_brm	family evidence remains indeterminate				historical-semantics-unresolved	not-probed		explicit_token_present			unsupported	33ca671e76ad52b873ffbb752c2d4fa94f142238d38ea4b2f5a3f43d30ef877d	bambi		not-run	bambi:zip_mu	unresolved-family	name_or_key_present	not-run	not-run	combined synthetic family-surface control only; never inherited as row validation			Zero Inflated Poisson — Mu Component	count ~ livebait + camper + persons + child	not-run	SbPMX origin/main@a8fd3c02e1e2305683a56c91384701bfeba6b528:design/{ASKS.md,SbPMX.jl,mock_runtime.jl},compat/check-semantic-model-pipeline.jl	true		2026-07-28T21:07:08.636314+00:00	zip_mu	true		family is not explicit or defensibly inferred	not-probed		historical-semantics-unresolved	https://stats.idre.ucla.edu/stat/data/fish.csv		count ~ livebait + camper + persons + child		zero_inflated_poisson	unsupported	59
confirmed	the SBBRMI-only ZeroInflatedPoisson likelihood/RNG surface landed at canonical 11031f2, but these historical rows split mean and zero-inflation components across separate catalogue cards; their pairing and joint declaration remain unresolved		confirmed		1458	CatalogServer_default_unsubstantiated		gaussian	renderer-default-contradicts semantic inference	a707af21d138b0019810f8dce9d655109dc97ff6		exact_text_present	11031f2d3bbd0c9cad42bed53a4a8dd193ab9d2e			no executable descriptor until translation is resolved	scripts/examples/bambi.jl	true			not-run	zero_inflated			reachable-data-or-description	false	4d8f565b1cf4b347b3d0e93a0b6499c2561dc42d	false	not-run	zero_inflated_poisson		landed-surface-control-stanc-bridgestan-finite-predict-pointwise	not-run		not-run	unresolved-family	https://bambinos.github.io/bambi/notebooks/zero_inflated_regression.html	@options + option_domain/option_records + semantic_card under semantic_app	cited_project_author_publisher_surface	05c3f465e7987e8d7caa7e214fedddd90415a922		text_offset=6908; matched_terms=camper,child,livebait,persons; context_sha256=9b0bf006f7585db3	direct population/likelihood route when the family and terms are supported	200	synthetic n=12; positive continuous predictors; integer groups; family-valid outcome	not-run	https://bambinos.github.io/bambi/notebooks/zero_inflated_regression.html	The retrieved official/primary source contains the normalized claimed formula text.	inferred-from-description	ordinary_brm	family evidence remains indeterminate				historical-semantics-unresolved	not-probed		explicit_token_present			unsupported	33ca671e76ad52b873ffbb752c2d4fa94f142238d38ea4b2f5a3f43d30ef877d	bambi		not-run	bambi:zip_psi	unresolved-family	name_or_key_present	not-run	not-run	combined synthetic family-surface control only; never inherited as row validation			Zero Inflated Poisson — Psi Component	psi ~ livebait + camper + persons + child	not-run	SbPMX origin/main@a8fd3c02e1e2305683a56c91384701bfeba6b528:design/{ASKS.md,SbPMX.jl,mock_runtime.jl},compat/check-semantic-model-pipeline.jl	true		2026-07-28T21:07:08.636314+00:00	zip_psi	true		family is not explicit or defensibly inferred	not-probed		historical-semantics-unresolved	https://stats.idre.ucla.edu/stat/data/fish.csv		psi ~ livebait + camper + persons + child		zero_inflated_poisson	unsupported	60
confirmed	likelihood family `hurdle_poisson` has no semantics-preserving current translation		confirmed		1473	CatalogServer_default_unsubstantiated		gaussian	renderer-default-contradicts semantic inference			exact_text_present				no executable descriptor until translation is resolved	scripts/examples/bambi.jl	true			not-run	zero_inflated			reachable-data-or-description	false		false	not-run	hurdle_poisson			not-run		not-run	unresolved-family	https://bambinos.github.io/bambi/notebooks/zero_inflated_regression.html	@options + option_domain/option_records + semantic_card under semantic_app	cited_project_author_publisher_surface	05c3f465e7987e8d7caa7e214fedddd90415a922		text_offset=6908; matched_terms=camper,child,livebait,persons; context_sha256=9b0bf006f7585db3	direct population/likelihood route when the family and terms are supported	200	synthetic n=12; positive continuous predictors; integer groups; family-valid outcome	not-run	https://bambinos.github.io/bambi/notebooks/zero_inflated_regression.html	The retrieved official/primary source contains the normalized claimed formula text.	inferred-from-description	ordinary_brm	family evidence remains indeterminate				historical-semantics-unresolved	not-probed		explicit_token_present			unsupported	33ca671e76ad52b873ffbb752c2d4fa94f142238d38ea4b2f5a3f43d30ef877d	bambi		not-run	bambi:hurdle_mu	unresolved-family	name_or_key_present	not-run	not-run				Hurdle Poisson — Mu Component	count ~ livebait + camper + persons + child	not-run	SbPMX origin/main@a8fd3c02e1e2305683a56c91384701bfeba6b528:design/{ASKS.md,SbPMX.jl,mock_runtime.jl},compat/check-semantic-model-pipeline.jl	false		2026-07-28T21:07:08.636314+00:00	hurdle_mu	true		family is not explicit or defensibly inferred	not-probed		genuinely-missing-brm-surface	https://stats.idre.ucla.edu/stat/data/fish.csv	StanBlocks building blocks may exist; see surface audits	count ~ livebait + camper + persons + child		hurdle_poisson	unsupported	61
confirmed	likelihood family `hurdle_poisson` has no semantics-preserving current translation		confirmed		1488	CatalogServer_default_unsubstantiated		gaussian	renderer-default-contradicts semantic inference			exact_text_present				no executable descriptor until translation is resolved	scripts/examples/bambi.jl	true			not-run	zero_inflated			reachable-data-or-description	false		false	not-run	hurdle_poisson			not-run		not-run	unresolved-family	https://bambinos.github.io/bambi/notebooks/zero_inflated_regression.html	@options + option_domain/option_records + semantic_card under semantic_app	cited_project_author_publisher_surface	05c3f465e7987e8d7caa7e214fedddd90415a922		text_offset=6908; matched_terms=camper,child,livebait,persons; context_sha256=9b0bf006f7585db3	direct population/likelihood route when the family and terms are supported	200	synthetic n=12; positive continuous predictors; integer groups; family-valid outcome	not-run	https://bambinos.github.io/bambi/notebooks/zero_inflated_regression.html	The retrieved official/primary source contains the normalized claimed formula text.	inferred-from-description	ordinary_brm	family evidence remains indeterminate				historical-semantics-unresolved	not-probed		explicit_token_present			unsupported	33ca671e76ad52b873ffbb752c2d4fa94f142238d38ea4b2f5a3f43d30ef877d	bambi		not-run	bambi:hurdle_psi	unresolved-family	name_or_key_present	not-run	not-run				Hurdle Poisson — Psi Component	psi ~ livebait + camper + persons + child	not-run	SbPMX origin/main@a8fd3c02e1e2305683a56c91384701bfeba6b528:design/{ASKS.md,SbPMX.jl,mock_runtime.jl},compat/check-semantic-model-pipeline.jl	false		2026-07-28T21:07:08.636314+00:00	hurdle_psi	true		family is not explicit or defensibly inferred	not-probed		genuinely-missing-brm-surface	https://stats.idre.ucla.edu/stat/data/fish.csv	StanBlocks building blocks may exist; see surface audits	psi ~ livebait + camper + persons + child		hurdle_poisson	unsupported	62
confirmed	zero linear predictor is semantically available, but current population lowering rejects an empty `loc ~ 0` predictor; use an explicit vector/scalar binding after a row probe		confirmed		1536	CatalogServer_default_unsubstantiated		gaussian	renderer-default-contradicts semantic inference			exact_text_present				no executable descriptor until translation is resolved	scripts/examples/bambi.jl	true			not-run	ordinal_regression			reachable-data-or-description	false		false	not-run	cumulative			not-run	loc = 0\nresponse ~ OrderedLogistic(loc)	not-run	unresolved-family	https://bambinos.github.io/bambi/notebooks/ordinal_regression.html	@options + option_domain/option_records + semantic_card under semantic_app	cited_project_author_publisher_surface	05c3f465e7987e8d7caa7e214fedddd90415a922		text_offset=0; matched_terms=ordinal,regression; context_sha256=0fc766a8a8edf409	direct population/likelihood route when the family and terms are supported	200	synthetic n=12; positive continuous predictors; integer groups; family-valid outcome	not-run	https://bambinos.github.io/bambi/notebooks/ordinal_regression.html	The retrieved official/primary source contains the normalized claimed formula text.	inferred-from-description	ordinary_brm	family evidence remains indeterminate				historical-semantics-unresolved	not-probed		explicit_token_present			semantic-rewrite	9e01c47abcf9189d305e12bab6b552fa9c834e855ef5f0e87cd99b15eeeaa130	bambi		not-run	bambi:ordinal_trolley_intercept	unresolved-family	name_or_key_present	not-run	not-run				Ordinal Regression — Trolley Intercept Only	response ~ 0	not-run	SbPMX origin/main@a8fd3c02e1e2305683a56c91384701bfeba6b528:design/{ASKS.md,SbPMX.jl,mock_runtime.jl},compat/check-semantic-model-pipeline.jl	false		2026-07-28T21:07:08.579350+00:00	ordinal_trolley_intercept	true		family is not explicit or defensibly inferred	not-probed		already-expressible-via-semantic-rewrite	https://raw.githubusercontent.com/rmcelreath/rethinking/master/data/Trolley.csv		response ~ 0		ordered_logistic	semantic-rewrite	63
confirmed	current proportional-odds likelihood; non-logit historical links need separate review		confirmed		1552	CatalogServer_default_unsubstantiated	70f90b6574ce3858	gaussian	renderer-default-contradicts semantic inference			exact_text_present		8		authoritative brm_descriptor/brm_execute; experimental SbPMX semantic_app mount adapter	scripts/examples/bambi.jl	true			pass	ordinal_regression			reachable-data-or-description	false		false	pass	cumulative			pass	loc ~ 0 + action + intention + contact + action & intention + contact & intention\nresponse ~ OrderedLogistic(loc)	pass	unresolved-family	https://bambinos.github.io/bambi/notebooks/ordinal_regression.html	@options + option_domain/option_records + semantic_card under semantic_app	cited_project_author_publisher_surface	05c3f465e7987e8d7caa7e214fedddd90415a922		text_offset=651; matched_terms=intention,ordinal,regression,response; context_sha256=38bb6fa9fd533544	direct population/likelihood route when the family and terms are supported	200	synthetic n=12; positive continuous predictors; integer groups; family-valid outcome	not-run	https://bambinos.github.io/bambi/notebooks/ordinal_regression.html	The retrieved official/primary source contains the normalized claimed formula text.	inferred-from-description	ordinary_brm	family evidence remains indeterminate		128	-21.052072147049337	historical-semantics-unresolved	not-probed	fa0bbef7c1eecd1586781523379d61d1bf571b39d31fc1317940bb586603f04d	explicit_token_present			ready	9e01c47abcf9189d305e12bab6b552fa9c834e855ef5f0e87cd99b15eeeaa130	bambi		pass	bambi:ordinal_trolley_effects	unresolved-family	name_or_key_present	pass	pass		bf7d8978922d9fc4129ef8ff660ab4572c543ad1b10f3c627522307bc00d9ae6		Ordinal Regression — Trolley Action/Intention/Contact	response ~ 0 + action + intention + contact + action:intention + contact:intention	true	SbPMX origin/main@a8fd3c02e1e2305683a56c91384701bfeba6b528:design/{ASKS.md,SbPMX.jl,mock_runtime.jl},compat/check-semantic-model-pipeline.jl	false		2026-07-28T21:07:08.579350+00:00	ordinal_trolley_effects	true		family is not explicit or defensibly inferred	direct		already-expressible-via-semantic-rewrite	https://raw.githubusercontent.com/rmcelreath/rethinking/master/data/Trolley.csv		response ~ 0 + action + intention + contact + action:intention + contact:intention		ordered_logistic	bridgestan-finite-density-gradient	64
confirmed	historical ordinal link/threshold semantics are not equivalent to stock OrderedLogistic		confirmed		1568	CatalogServer_default_unsubstantiated		gaussian	renderer-default-contradicts semantic inference			exact_text_present				no executable descriptor until translation is resolved	scripts/examples/bambi.jl	true			not-run	hr_attrition			reachable-data-or-description	false		false	not-run	sratio			not-run		not-run	unresolved-family	https://bambinos.github.io/bambi/notebooks/ordinal_regression.html	@options + option_domain/option_records + semantic_card under semantic_app	cited_project_author_publisher_surface	05c3f465e7987e8d7caa7e214fedddd90415a922		text_offset=23187; matched_terms=company,years,yearsatcompany; context_sha256=785da7d4f2aefe8c	direct population/likelihood route when the family and terms are supported	200	synthetic n=12; positive continuous predictors; integer groups; family-valid outcome	not-run	https://bambinos.github.io/bambi/notebooks/ordinal_regression.html	The retrieved official/primary source contains the normalized claimed formula text.	inferred-from-description	ordinary_brm	family evidence remains indeterminate				historical-semantics-unresolved	not-probed		explicit_token_present			unsupported	9e01c47abcf9189d305e12bab6b552fa9c834e855ef5f0e87cd99b15eeeaa130	bambi		not-run	bambi:ordinal_hr_years	unresolved-family	name_or_key_present	not-run	not-run				Ordinal Regression — HR Years at Company	YearsAtCompany ~ 0 + TotalWorkingYears	not-run	SbPMX origin/main@a8fd3c02e1e2305683a56c91384701bfeba6b528:design/{ASKS.md,SbPMX.jl,mock_runtime.jl},compat/check-semantic-model-pipeline.jl	false		2026-07-28T21:07:08.579350+00:00	ordinal_hr_years	true		family is not explicit or defensibly inferred	not-probed		historical-semantics-unresolved	https://raw.githubusercontent.com/bambinos/bambi/main/docs/notebooks/data/hr_employee_attrition.tsv.txt		YearsAtCompany ~ 0 + TotalWorkingYears		sratio	unsupported	65
unverifiable	mean/shape gamma model converted to Distributions shape/rate		unverifiable		1614	CatalogServer_default_unsubstantiated	f5d2232b77de538f	gaussian	renderer-default-contradicts semantic inference			insufficient_terms:0/0		2		authoritative brm_descriptor/brm_execute; experimental SbPMX semantic_app mount adapter	scripts/examples/bambi.jl	true			pass	distributional_synth			synthetic-no-external-receipt	false		false	pass	gamma			pass	log(mu) ~ x\nlog(shape) ~ 1\nrate = shape / mu\ny ~ Gamma(shape, rate)	pass	unresolved-family	https://bambinos.github.io/bambi/notebooks/distributional_models.html	@options + option_domain/option_records + semantic_card under semantic_app	cited_project_author_publisher_surface	05c3f465e7987e8d7caa7e214fedddd90415a922		text_offset=0; matched_terms=distributional,models; context_sha256=42702691e45b2eec	direct population/likelihood route when the family and terms are supported	200	synthetic n=12; positive continuous predictors; integer groups; family-valid outcome	not-run	https://bambinos.github.io/bambi/notebooks/distributional_models.html	Retrieved source does not expose enough formula-specific evidence to confirm or refute the catalog claim conservatively.	inferred-from-description	ordinary_brm	family evidence remains indeterminate		132	-10.37931844461955	historical-semantics-unresolved	not-probed	e5dd46ca399dc61d38a5e97d7f061d4b396a19c142ec620e85ee7b60aacfbacb	explicit_token_present			ready	f1569469b846c24ed4db169275feb8607d57cf0f65b059cb86259f5309e40a89	bambi		pass	bambi:distributional_const_alpha	unresolved-family	name_or_key_present	pass	pass		41940bffdbea299a63cdb4e978ee3a1e960acfa8991b9024b1b7b99fdbb28671		Distributional Models — Constant Alpha	y ~ x	true	SbPMX origin/main@a8fd3c02e1e2305683a56c91384701bfeba6b528:design/{ASKS.md,SbPMX.jl,mock_runtime.jl},compat/check-semantic-model-pipeline.jl	false		2026-07-28T21:07:08.551176+00:00	distributional_const_alpha	true		family is not explicit or defensibly inferred	direct		already-expressible-verbatim	synthetic		y ~ x		gamma	bridgestan-finite-density-gradient	66
confirmed	mean/shape gamma model converted to Distributions shape/rate		confirmed		1629	CatalogServer_default_unsubstantiated	56c5394c8e463fc7	gaussian	renderer-default-contradicts semantic inference			exact_text_present		2		authoritative brm_descriptor/brm_execute; experimental SbPMX semantic_app mount adapter	scripts/examples/bambi.jl	true			pass	distributional_synth			synthetic-no-external-receipt	false		false	pass	gamma			pass	log(mu) ~ x\nlog(shape) ~ x\nrate = shape / mu\ny ~ Gamma(shape, rate)	pass	unresolved-family	https://bambinos.github.io/bambi/notebooks/distributional_models.html	@options + option_domain/option_records + semantic_card under semantic_app	cited_project_author_publisher_surface	05c3f465e7987e8d7caa7e214fedddd90415a922		text_offset=0; matched_terms=distributional,models; context_sha256=42702691e45b2eec	direct population/likelihood route when the family and terms are supported	200	synthetic n=12; positive continuous predictors; integer groups; family-valid outcome	not-run	https://bambinos.github.io/bambi/notebooks/distributional_models.html	The retrieved official/primary source contains the normalized claimed formula text.	inferred-from-description	ordinary_brm	family evidence remains indeterminate		134	-10.37931844461955	historical-semantics-unresolved	not-probed	e5dd46ca399dc61d38a5e97d7f061d4b396a19c142ec620e85ee7b60aacfbacb	explicit_token_present			ready	f1569469b846c24ed4db169275feb8607d57cf0f65b059cb86259f5309e40a89	bambi		pass	bambi:distributional_var_alpha	unresolved-family	name_or_key_present	pass	pass		425de98e52a630f829d0953e501956a2b7e700cbf7b85558c41e386ca30e1354		Distributional Models — Varying Alpha	y ~ x  +  alpha ~ x	true	SbPMX origin/main@a8fd3c02e1e2305683a56c91384701bfeba6b528:design/{ASKS.md,SbPMX.jl,mock_runtime.jl},compat/check-semantic-model-pipeline.jl	false		2026-07-28T21:07:08.551176+00:00	distributional_var_alpha	true		family is not explicit or defensibly inferred	direct		already-expressible-verbatim	synthetic		y ~ x  +  alpha ~ x		gamma	bridgestan-finite-density-gradient	67
confirmed	bs(...) arguments do not map mechanically to current s(...) semantics		confirmed		1645	CatalogServer_default_unsubstantiated		gaussian	renderer-default-contradicts semantic inference			exact_text_present				no executable descriptor until translation is resolved	scripts/examples/bambi.jl	true			not-run	distributional_models			reachable-data-or-description	false		false	not-run	gamma			not-run		not-run	unresolved-family	https://bambinos.github.io/bambi/notebooks/distributional_models.html	@options + option_domain/option_records + semantic_card under semantic_app	cited_project_author_publisher_surface	05c3f465e7987e8d7caa7e214fedddd90415a922		text_offset=9599; matched_terms=bikes,hour; context_sha256=462c1ed30f151e54	direct population/likelihood route when the family and terms are supported	200	synthetic n=12; positive continuous predictors; integer groups; family-valid outcome	not-run	https://bambinos.github.io/bambi/notebooks/distributional_models.html	The retrieved official/primary source contains the normalized claimed formula text.	inferred-from-description	ordinary_brm	family evidence remains indeterminate				historical-semantics-unresolved	not-probed		explicit_token_present			unsupported	f1569469b846c24ed4db169275feb8607d57cf0f65b059cb86259f5309e40a89	bambi		not-run	bambi:distributional_bikes	unresolved-family	name_or_key_present	not-run	not-run				Distributional Models — Bikes Spline	count ~ 0 + bs(hour, 8, intercept=True)  +  alpha ~ 0 + bs(hour, 8, intercept=True)	not-run	SbPMX origin/main@a8fd3c02e1e2305683a56c91384701bfeba6b528:design/{ASKS.md,SbPMX.jl,mock_runtime.jl},compat/check-semantic-model-pipeline.jl	false		2026-07-28T21:07:08.551176+00:00	distributional_bikes	true		family is not explicit or defensibly inferred	not-probed		historical-semantics-unresolved	https://ndownloader.figshare.com/files/38737026		count ~ 0 + bs(hour, 8, intercept=True)  +  alpha ~ 0 + bs(hour, 8, intercept=True)		gamma	unsupported	68
confirmed	explicit Normal likelihood; named log-scale sigma predictor uses native linked-predictor syntax		confirmed		1693	CatalogServer_default_unsubstantiated	2035a2b359f5aed0	gaussian	renderer-default-unsubstantiated; inference happens to agree			exact_text_present		14		authoritative brm_descriptor/brm_execute; experimental SbPMX semantic_app mount adapter	scripts/examples/bambi.jl	true			pass	hsgp_1d			synthetic-no-external-receipt	false		false	pass	gaussian			pass	loc ~ 0 + gp(x; k=10, c=2)\nlog(sigma) ~ 1\ny ~ Normal(loc, sigma)	pass	unresolved-family	https://bambinos.github.io/bambi/notebooks/hsgp_1d.html	@options + option_domain/option_records + semantic_card under semantic_app	cited_project_author_publisher_surface	05c3f465e7987e8d7caa7e214fedddd90415a922		text_offset=1652; matched_terms=basic; context_sha256=5c87a6e073bd6f2d	direct population/likelihood route when the family and terms are supported	200	synthetic n=12; positive continuous predictors; integer groups; family-valid outcome	not-run	https://bambinos.github.io/bambi/notebooks/hsgp_1d.html	The retrieved official/primary source contains the normalized claimed formula text.	inferred-from-description	ordinary_brm	family evidence remains indeterminate		138	-7.817384082920588	historical-semantics-unresolved	not-probed	b760bdef4ef21803af7f86326aa641c0e345c56a06696b2e75539dec3a82a7d3	explicit_token_present			ready	d0b05a1a6a43cefbcf8ab0e1dfb2ab38ab30768a1d56b0d88a3e9252e631f53a	bambi		pass	bambi:hsgp_1d_basic	unresolved-family	name_or_key_present	pass	pass		384e895da60372d87ed35fdc77d271662e07a1807aa97d0e12d5339d8849f672		HSGP 1D — Basic	y ~ 0 + hsgp(x, m=10, c=2)	true	SbPMX origin/main@a8fd3c02e1e2305683a56c91384701bfeba6b528:design/{ASKS.md,SbPMX.jl,mock_runtime.jl},compat/check-semantic-model-pipeline.jl	false		2026-07-28T21:07:08.555326+00:00	hsgp_1d_basic	true		family is not explicit or defensibly inferred	direct		already-expressible-via-semantic-rewrite	synthetic		y ~ 0 + hsgp(x, m=10, c=2)		gaussian	bridgestan-finite-density-gradient	69
confirmed	historical centered HSGP semantics are not established as current gp(...) semantics		confirmed		1708	CatalogServer_default_unsubstantiated		gaussian	renderer-default-unsubstantiated; inference happens to agree			exact_text_present				no executable descriptor until translation is resolved	scripts/examples/bambi.jl	true			not-run	hsgp_1d			synthetic-no-external-receipt	false		false	not-run	gaussian			not-run		not-run	unresolved-family	https://bambinos.github.io/bambi/notebooks/hsgp_1d.html	@options + option_domain/option_records + semantic_card under semantic_app	cited_project_author_publisher_surface	05c3f465e7987e8d7caa7e214fedddd90415a922		text_offset=7409; matched_terms=centered; context_sha256=7f1f09d7aea59e8f	direct population/likelihood route when the family and terms are supported	200	synthetic n=12; positive continuous predictors; integer groups; family-valid outcome	not-run	https://bambinos.github.io/bambi/notebooks/hsgp_1d.html	The retrieved official/primary source contains the normalized claimed formula text.	inferred-from-description	ordinary_brm	family evidence remains indeterminate				historical-semantics-unresolved	not-probed		explicit_token_present			unsupported	d0b05a1a6a43cefbcf8ab0e1dfb2ab38ab30768a1d56b0d88a3e9252e631f53a	bambi		not-run	bambi:hsgp_1d_centered	unresolved-family	name_or_key_present	not-run	not-run				HSGP 1D — Centered Parameterization	y ~ 0 + hsgp(x, m=10, c=2, centered=True)	not-run	SbPMX origin/main@a8fd3c02e1e2305683a56c91384701bfeba6b528:design/{ASKS.md,SbPMX.jl,mock_runtime.jl},compat/check-semantic-model-pipeline.jl	false		2026-07-28T21:07:08.555326+00:00	hsgp_1d_centered	true		family is not explicit or defensibly inferred	not-probed		historical-semantics-unresolved	synthetic		y ~ 0 + hsgp(x, m=10, c=2, centered=True)		gaussian	unsupported	70
confirmed	explicit Normal likelihood; named log-scale sigma predictor uses native linked-predictor syntax		confirmed		1723	CatalogServer_default_unsubstantiated	19c554fc1c0f63fb	gaussian	renderer-default-unsubstantiated; inference happens to agree			exact_text_present		148		authoritative brm_descriptor/brm_execute; experimental SbPMX semantic_app mount adapter	scripts/examples/bambi.jl	true			pass	gam_data			reachable-data-or-description	false		false	pass	gaussian			pass	loc ~ 0 + gp(x2; k=12, c=1.5, by=fac)\nlog(sigma) ~ 1\ny ~ Normal(loc, sigma)	pass	unresolved-family	https://bambinos.github.io/bambi/notebooks/hsgp_1d.html	@options + option_domain/option_records + semantic_card under semantic_app	cited_project_author_publisher_surface	05c3f465e7987e8d7caa7e214fedddd90415a922		text_offset=10826; matched_terms=fac,shared; context_sha256=4788300cf05a696e	direct population/likelihood route when the family and terms are supported	200	synthetic n=12; positive continuous predictors; integer groups; family-valid outcome	not-run	https://bambinos.github.io/bambi/notebooks/hsgp_1d.html	The retrieved official/primary source contains the normalized claimed formula text.	inferred-from-description	ordinary_brm	family evidence remains indeterminate		142	-3.8069883206128132	historical-semantics-unresolved	not-probed	a0fb18adef05b09c62c0ca092e6ba209101bf8b44ef9d5b8d3c79554a5ddd0cf	explicit_token_present			ready	d0b05a1a6a43cefbcf8ab0e1dfb2ab38ab30768a1d56b0d88a3e9252e631f53a	bambi		pass	bambi:hsgp_1d_by_group	unresolved-family	name_or_key_present	pass	pass		a060696ac1ebe0e54cfce5b934b02f529359ab0f163879ff1fca9c277195859e		HSGP 1D — By Group (Shared Covariance)	y ~ 0 + hsgp(x2, by=fac, m=12, c=1.5)	true	SbPMX origin/main@a8fd3c02e1e2305683a56c91384701bfeba6b528:design/{ASKS.md,SbPMX.jl,mock_runtime.jl},compat/check-semantic-model-pipeline.jl	false		2026-07-28T21:07:08.555326+00:00	hsgp_1d_by_group	true		family is not explicit or defensibly inferred	direct		already-expressible-via-semantic-rewrite	https://raw.githubusercontent.com/bambinos/bambi/main/docs/notebooks/data/gam_data.csv		y ~ 0 + hsgp(x2, by=fac, m=12, c=1.5)		gaussian	bridgestan-finite-density-gradient	71
confirmed	historical share_cov=false HSGP semantics are not established as current gp(...) semantics		confirmed		1739	CatalogServer_default_unsubstantiated		gaussian	renderer-default-unsubstantiated; inference happens to agree			exact_text_present				no executable descriptor until translation is resolved	scripts/examples/bambi.jl	true			not-run	gam_data			reachable-data-or-description	false		false	not-run	gaussian			not-run		not-run	unresolved-family	https://bambinos.github.io/bambi/notebooks/hsgp_1d.html	@options + option_domain/option_records + semantic_card under semantic_app	cited_project_author_publisher_surface	05c3f465e7987e8d7caa7e214fedddd90415a922		text_offset=10826; matched_terms=fac,share_cov,shared; context_sha256=4788300cf05a696e	direct population/likelihood route when the family and terms are supported	200	synthetic n=12; positive continuous predictors; integer groups; family-valid outcome	not-run	https://bambinos.github.io/bambi/notebooks/hsgp_1d.html	The retrieved official/primary source contains the normalized claimed formula text.	inferred-from-description	ordinary_brm	family evidence remains indeterminate				historical-semantics-unresolved	not-probed		explicit_token_present			unsupported	d0b05a1a6a43cefbcf8ab0e1dfb2ab38ab30768a1d56b0d88a3e9252e631f53a	bambi		not-run	bambi:hsgp_1d_nocov	unresolved-family	name_or_key_present	not-run	not-run				HSGP 1D — By Group (No Shared Covariance)	y ~ 0 + hsgp(x2, by=fac, m=12, c=1.5, share_cov=False)	not-run	SbPMX origin/main@a8fd3c02e1e2305683a56c91384701bfeba6b528:design/{ASKS.md,SbPMX.jl,mock_runtime.jl},compat/check-semantic-model-pipeline.jl	false		2026-07-28T21:07:08.555326+00:00	hsgp_1d_nocov	true		family is not explicit or defensibly inferred	not-probed		historical-semantics-unresolved	https://raw.githubusercontent.com/bambinos/bambi/main/docs/notebooks/data/gam_data.csv		y ~ 0 + hsgp(x2, by=fac, m=12, c=1.5, share_cov=False)		gaussian	unsupported	72
confirmed	multi-axis HSGP is absent from the current one-input gp(...) surface		confirmed		1789	CatalogServer_default_unsubstantiated		gaussian	renderer-default-unsubstantiated; inference happens to agree			exact_text_present				no executable descriptor until translation is resolved	scripts/examples/bambi.jl	true			not-run	hsgp_2d			synthetic-no-external-receipt	false		false	not-run	gaussian			not-run		not-run	unresolved-family	https://bambinos.github.io/bambi/notebooks/hsgp_2d.html	@options + option_domain/option_records + semantic_card under semantic_app	cited_project_author_publisher_surface	05c3f465e7987e8d7caa7e214fedddd90415a922		text_offset=4527; matched_terms=outcome; context_sha256=519d90bc59e48fd0	direct population/likelihood route when the family and terms are supported	200	synthetic n=12; positive continuous predictors; integer groups; family-valid outcome	not-run	https://bambinos.github.io/bambi/notebooks/hsgp_2d.html	The retrieved official/primary source contains the normalized claimed formula text.	inferred-from-description	ordinary_brm	family evidence remains indeterminate				historical-semantics-unresolved	not-probed		explicit_token_present			unsupported	00bd5200788fcf21d9d133c15ed1228fe6f2e516a155d04c3e3b025e0ad3487b	bambi		not-run	bambi:hsgp_2d_iso	unresolved-family	name_or_key_present	not-run	not-run				HSGP 2D — Isotropic	outcome ~ 0 + hsgp(x, y, c=1.5, m=10)	not-run	SbPMX origin/main@a8fd3c02e1e2305683a56c91384701bfeba6b528:design/{ASKS.md,SbPMX.jl,mock_runtime.jl},compat/check-semantic-model-pipeline.jl	false		2026-07-28T21:07:08.560226+00:00	hsgp_2d_iso	true		family is not explicit or defensibly inferred	not-probed		genuinely-missing-brm-surface	synthetic	StanBlocks building blocks may exist; see surface audits	outcome ~ 0 + hsgp(x, y, c=1.5, m=10)		gaussian	unsupported	73
confirmed	multi-axis HSGP is absent from the current one-input gp(...) surface		confirmed		1804	CatalogServer_default_unsubstantiated		gaussian	renderer-default-unsubstantiated; inference happens to agree			exact_text_present				no executable descriptor until translation is resolved	scripts/examples/bambi.jl	true			not-run	hsgp_2d			synthetic-no-external-receipt	false		false	not-run	gaussian			not-run		not-run	unresolved-family	https://bambinos.github.io/bambi/notebooks/hsgp_2d.html	@options + option_domain/option_records + semantic_card under semantic_app	cited_project_author_publisher_surface	05c3f465e7987e8d7caa7e214fedddd90415a922		text_offset=577; matched_terms=group; context_sha256=487827b296c417c8	direct population/likelihood route when the family and terms are supported	200	synthetic n=12; positive continuous predictors; integer groups; family-valid outcome	not-run	https://bambinos.github.io/bambi/notebooks/hsgp_2d.html	The retrieved official/primary source contains the normalized claimed formula text.	inferred-from-description	ordinary_brm	family evidence remains indeterminate				historical-semantics-unresolved	not-probed		explicit_token_present			unsupported	00bd5200788fcf21d9d133c15ed1228fe6f2e516a155d04c3e3b025e0ad3487b	bambi		not-run	bambi:hsgp_2d_by_group	unresolved-family	name_or_key_present	not-run	not-run				HSGP 2D — By Group (Shared Covariance)	outcome ~ 0 + hsgp(x, y, by=group, c=1.5, m=10)	not-run	SbPMX origin/main@a8fd3c02e1e2305683a56c91384701bfeba6b528:design/{ASKS.md,SbPMX.jl,mock_runtime.jl},compat/check-semantic-model-pipeline.jl	false		2026-07-28T21:07:08.560226+00:00	hsgp_2d_by_group	true		family is not explicit or defensibly inferred	not-probed		genuinely-missing-brm-surface	synthetic	StanBlocks building blocks may exist; see surface audits	outcome ~ 0 + hsgp(x, y, by=group, c=1.5, m=10)		gaussian	unsupported	74
confirmed	multi-axis HSGP is absent from the current one-input gp(...) surface		confirmed		1819	CatalogServer_default_unsubstantiated		gaussian	renderer-default-unsubstantiated; inference happens to agree			exact_text_present				no executable descriptor until translation is resolved	scripts/examples/bambi.jl	true			not-run	hsgp_2d			synthetic-no-external-receipt	false		false	not-run	gaussian			not-run		not-run	unresolved-family	https://bambinos.github.io/bambi/notebooks/hsgp_2d.html	@options + option_domain/option_records + semantic_card under semantic_app	cited_project_author_publisher_surface	05c3f465e7987e8d7caa7e214fedddd90415a922		text_offset=577; matched_terms=group; context_sha256=487827b296c417c8	direct population/likelihood route when the family and terms are supported	200	synthetic n=12; positive continuous predictors; integer groups; family-valid outcome	not-run	https://bambinos.github.io/bambi/notebooks/hsgp_2d.html	The retrieved official/primary source contains the normalized claimed formula text.	inferred-from-description	ordinary_brm	family evidence remains indeterminate				historical-semantics-unresolved	not-probed		explicit_token_present			unsupported	00bd5200788fcf21d9d133c15ed1228fe6f2e516a155d04c3e3b025e0ad3487b	bambi		not-run	bambi:hsgp_2d_nocov	unresolved-family	name_or_key_present	not-run	not-run				HSGP 2D — By Group (No Shared Covariance)	outcome ~ 0 + hsgp(x, y, by=group, c=1.5, m=10, share_cov=False)	not-run	SbPMX origin/main@a8fd3c02e1e2305683a56c91384701bfeba6b528:design/{ASKS.md,SbPMX.jl,mock_runtime.jl},compat/check-semantic-model-pipeline.jl	false		2026-07-28T21:07:08.560226+00:00	hsgp_2d_nocov	true		family is not explicit or defensibly inferred	not-probed		genuinely-missing-brm-surface	synthetic	StanBlocks building blocks may exist; see surface audits	outcome ~ 0 + hsgp(x, y, by=group, c=1.5, m=10, share_cov=False)		gaussian	unsupported	75
confirmed	multi-axis HSGP is absent from the current one-input gp(...) surface		confirmed		1835	CatalogServer_default_unsubstantiated		gaussian	renderer-default-unsubstantiated; inference happens to agree			exact_text_present				no executable descriptor until translation is resolved	scripts/examples/bambi.jl	true			not-run	hsgp_2d			synthetic-no-external-receipt	false		false	not-run	gaussian			not-run		not-run	unresolved-family	https://bambinos.github.io/bambi/notebooks/hsgp_2d.html	@options + option_domain/option_records + semantic_card under semantic_app	cited_project_author_publisher_surface	05c3f465e7987e8d7caa7e214fedddd90415a922		text_offset=4527; matched_terms=outcome; context_sha256=519d90bc59e48fd0	direct population/likelihood route when the family and terms are supported	200	synthetic n=12; positive continuous predictors; integer groups; family-valid outcome	not-run	https://bambinos.github.io/bambi/notebooks/hsgp_2d.html	The retrieved official/primary source contains the normalized claimed formula text.	inferred-from-description	ordinary_brm	family evidence remains indeterminate				historical-semantics-unresolved	not-probed		explicit_token_present			unsupported	00bd5200788fcf21d9d133c15ed1228fe6f2e516a155d04c3e3b025e0ad3487b	bambi		not-run	bambi:hsgp_2d_aniso	unresolved-family	name_or_key_present	not-run	not-run				HSGP 2D — Anisotropic	outcome ~ 0 + hsgp(x, y, c=1.5, m=10, iso=False)	not-run	SbPMX origin/main@a8fd3c02e1e2305683a56c91384701bfeba6b528:design/{ASKS.md,SbPMX.jl,mock_runtime.jl},compat/check-semantic-model-pipeline.jl	false		2026-07-28T21:07:08.560226+00:00	hsgp_2d_aniso	true		family is not explicit or defensibly inferred	not-probed		genuinely-missing-brm-surface	synthetic	StanBlocks building blocks may exist; see surface audits	outcome ~ 0 + hsgp(x, y, c=1.5, m=10, iso=False)		gaussian	unsupported	76
confirmed	multi-axis HSGP is absent from the current one-input gp(...) surface		confirmed		1850	CatalogServer_default_unsubstantiated		gaussian	renderer-default-contradicts semantic inference			exact_text_present				no executable descriptor until translation is resolved	scripts/examples/bambi.jl	true			not-run	poisson_data			reachable-data-or-description	false		false	not-run	poisson			not-run		not-run	unresolved-family	https://bambinos.github.io/bambi/notebooks/hsgp_2d.html	@options + option_domain/option_records + semantic_card under semantic_app	cited_project_author_publisher_surface	05c3f465e7987e8d7caa7e214fedddd90415a922		text_offset=982; matched_terms=count,lat; context_sha256=4edf77b00ec2251f	direct population/likelihood route when the family and terms are supported	200	synthetic n=12; positive continuous predictors; integer groups; family-valid outcome	not-run	https://bambinos.github.io/bambi/notebooks/hsgp_2d.html	The retrieved official/primary source contains the normalized claimed formula text.	inferred-from-description	ordinary_brm	family evidence remains indeterminate				historical-semantics-unresolved	not-probed		explicit_token_present			unsupported	00bd5200788fcf21d9d133c15ed1228fe6f2e516a155d04c3e3b025e0ad3487b	bambi		not-run	bambi:hsgp_2d_poisson	unresolved-family	name_or_key_present	not-run	not-run				HSGP 2D — Spatial Poisson Count Data	Count ~ 0 + Year + X1:Year + (1|Site) + hsgp(Lon, Lat, by=Year, m=5, c=1.5)	not-run	SbPMX origin/main@a8fd3c02e1e2305683a56c91384701bfeba6b528:design/{ASKS.md,SbPMX.jl,mock_runtime.jl},compat/check-semantic-model-pipeline.jl	false		2026-07-28T21:07:08.560226+00:00	hsgp_2d_poisson	true		family is not explicit or defensibly inferred	not-probed		genuinely-missing-brm-surface	https://raw.githubusercontent.com/bambinos/bambi/main/docs/notebooks/data/poisson_data.csv	StanBlocks building blocks may exist; see surface audits	Count ~ 0 + Year + X1:Year + (1|Site) + hsgp(Lon, Lat, by=Year, m=5, c=1.5)		poisson	unsupported	77
confirmed	requires a faithful brm_kernel implementation; no ordinary-formula substitute		confirmed		1884	CatalogServer_default_unsubstantiated		gaussian	renderer-default-contradicts semantic inference			exact_text_present				authoritative kernel-capable BRMDescriptor substrate; row-specific experimental semantic_app adapter required	scripts/examples/bambi.jl	true			not-run	survival_model			reachable-data-or-description	false		false	not-run	exponential			not-run		not-run	unresolved-family	https://bambinos.github.io/bambi/notebooks/survival_model.html	@options + option_domain/option_records + semantic_card under semantic_app	cited_project_author_publisher_surface	05c3f465e7987e8d7caa7e214fedddd90415a922		text_offset=1769; matched_terms=adopt,censored; context_sha256=3489f2cd887b9a62	faithful-candidate: censoring/truncation needs a row-specific density or survival contribution; no generic response modifier is shipped	200	synthetic n=12; positive continuous predictors; integer groups; family-valid outcome	not-run	https://bambinos.github.io/bambi/notebooks/survival_model.html	The retrieved official/primary source contains the normalized claimed formula text.	inferred-from-description	brm_kernel	family evidence remains indeterminate				historical-semantics-unresolved	not-probed		explicit_token_present			route-specific	f3c4ee91f4c1c4531310f75d4845f10712c777d82c5e192b4ca9add6d7cbec97	bambi		not-run	bambi:survival_intercept	unresolved-family	name_or_key_present	not-run	not-run				Survival Model — Intercept Only	censored(days_to_event / 31, adopt) ~ 1	not-run	SbPMX origin/main@a8fd3c02e1e2305683a56c91384701bfeba6b528:design/{ASKS.md,SbPMX.jl,mock_runtime.jl},compat/check-semantic-model-pipeline.jl	false		2026-07-28T21:07:08.614043+00:00	survival_intercept	true		family is not explicit or defensibly inferred	not-probed		historical-semantics-unresolved	https://raw.githubusercontent.com/rmcelreath/rethinking/master/data/AustinCats.csv	kernel/plate substrate control is separately probed	censored(days_to_event / 31, adopt) ~ 1		exponential	route-specific	78
confirmed	requires a faithful brm_kernel implementation; no ordinary-formula substitute		confirmed		1900	CatalogServer_default_unsubstantiated		gaussian	renderer-default-contradicts semantic inference			exact_text_present				authoritative kernel-capable BRMDescriptor substrate; row-specific experimental semantic_app adapter required	scripts/examples/bambi.jl	true			not-run	survival_model			reachable-data-or-description	false		false	not-run	exponential			not-run		not-run	unresolved-family	https://bambinos.github.io/bambi/notebooks/survival_model.html	@options + option_domain/option_records + semantic_card under semantic_app	cited_project_author_publisher_surface	05c3f465e7987e8d7caa7e214fedddd90415a922		text_offset=1769; matched_terms=adopt,censored,color; context_sha256=3489f2cd887b9a62	faithful-candidate: censoring/truncation needs a row-specific density or survival contribution; no generic response modifier is shipped	200	synthetic n=12; positive continuous predictors; integer groups; family-valid outcome	not-run	https://bambinos.github.io/bambi/notebooks/survival_model.html	The retrieved official/primary source contains the normalized claimed formula text.	inferred-from-description	brm_kernel	family evidence remains indeterminate				historical-semantics-unresolved	not-probed		explicit_token_present			route-specific	f3c4ee91f4c1c4531310f75d4845f10712c777d82c5e192b4ca9add6d7cbec97	bambi		not-run	bambi:survival_color	unresolved-family	name_or_key_present	not-run	not-run				Survival Model — Color Effect	censored(days_to_event / 31, adopt) ~ 0 + color_id	not-run	SbPMX origin/main@a8fd3c02e1e2305683a56c91384701bfeba6b528:design/{ASKS.md,SbPMX.jl,mock_runtime.jl},compat/check-semantic-model-pipeline.jl	false		2026-07-28T21:07:08.614043+00:00	survival_color	true		family is not explicit or defensibly inferred	not-probed		historical-semantics-unresolved	https://raw.githubusercontent.com/rmcelreath/rethinking/master/data/AustinCats.csv	kernel/plate substrate control is separately probed	censored(days_to_event / 31, adopt) ~ 0 + color_id		exponential	route-specific	79
confirmed	explicit Bernoulli-logit likelihood		confirmed		1948	CatalogServer_default_unsubstantiated	20e89bddf9084727	gaussian	renderer-default-contradicts semantic inference			exact_text_present		3		authoritative brm_descriptor/brm_execute; experimental SbPMX semantic_app mount adapter	scripts/examples/bambi.jl	true			pass	survival_discrete_time			synthetic-no-external-receipt	false		false	pass	bernoulli			pass	log_odds ~ treatment + age + time\nevent ~ BernoulliLogit(log_odds)	pass	unresolved-family	https://bambinos.github.io/bambi/notebooks/survival_discrete_time_notebook.html	@options + option_domain/option_records + semantic_card under semantic_app	cited_project_author_publisher_surface	05c3f465e7987e8d7caa7e214fedddd90415a922		text_offset=9; matched_terms=data,discrete,survival,time; context_sha256=8ba4d102b114acc2	direct population/likelihood route when the family and terms are supported	200	synthetic n=12; positive continuous predictors; integer groups; family-valid outcome	not-run	https://bambinos.github.io/bambi/notebooks/survival_discrete_time_notebook.html	The retrieved official/primary source contains the normalized claimed formula text.	inferred-from-description	ordinary_brm	family evidence remains indeterminate		160	-8.317766166719343	historical-semantics-unresolved	not-probed	a78e6c94a0f1151370973d7519f4d6fcd03a1ea3c35bcd60cbda427a5391457f	explicit_token_present			ready	e58a6aa3998e564c96b29412f6a541b96c67dcb25c338c77f4100815ccb2e1a5	bambi		pass	bambi:survival_disc_sim	unresolved-family	name_or_key_present	pass	pass		765764bf40236e38f1bedaf85f1fc425415b7a83baf539d6291889e7ca8d2ddb		Discrete Time Survival — Simulated Data	event ~ treatment + age + time	true	SbPMX origin/main@a8fd3c02e1e2305683a56c91384701bfeba6b528:design/{ASKS.md,SbPMX.jl,mock_runtime.jl},compat/check-semantic-model-pipeline.jl	false		2026-07-28T21:07:08.613134+00:00	survival_disc_sim	true		family is not explicit or defensibly inferred	direct		already-expressible-verbatim	synthetic		event ~ treatment + age + time		bernoulli	bridgestan-finite-density-gradient	80
confirmed	trials/cbind response lowered to explicit BinomialLogit		confirmed		1964	CatalogServer_default_unsubstantiated	72cc32f5335700df	gaussian	renderer-default-contradicts semantic inference			exact_text_present		4		authoritative brm_descriptor/brm_execute; experimental SbPMX semantic_app mount adapter	scripts/examples/bambi.jl	true			pass	child_mortality			reachable-data-or-description	false		false	pass	binomial			pass	log_odds ~ sex + socBranch + period + zscale(birth_decade)\nevents ~ BinomialLogit(at_risk, log_odds)	pass	unresolved-family	https://bambinos.github.io/bambi/notebooks/survival_discrete_time_notebook.html	@options + option_domain/option_records + semantic_card under semantic_app	cited_project_author_publisher_surface	05c3f465e7987e8d7caa7e214fedddd90415a922		text_offset=2230; matched_terms=child,mortality,period,sex; context_sha256=c0d987b5bf5ea18b	direct population/likelihood route when the family and terms are supported	200	synthetic n=12; positive continuous predictors; integer groups; family-valid outcome	not-run	https://bambinos.github.io/bambi/notebooks/survival_discrete_time_notebook.html	The retrieved official/primary source contains the normalized claimed formula text.	inferred-from-description	ordinary_brm	family evidence remains indeterminate		162	-66.54212933375474	historical-semantics-unresolved	not-probed	4e9c48bdca1164cc1bb4813f95d1d1128dde85de7122035e085b408b68fc4455	explicit_token_present			ready	e58a6aa3998e564c96b29412f6a541b96c67dcb25c338c77f4100815ccb2e1a5	bambi		pass	bambi:survival_disc_binomial	unresolved-family	name_or_key_present	pass	pass		ff28aad58064615ee18eb133d6df42ffd916e8e4c19f7e7783827bff95b044e2		Discrete Time Survival — Binomial Child Mortality	p(events, at_risk) ~ sex + socBranch + period + scale(birth_decade)	true	SbPMX origin/main@a8fd3c02e1e2305683a56c91384701bfeba6b528:design/{ASKS.md,SbPMX.jl,mock_runtime.jl},compat/check-semantic-model-pipeline.jl	false		2026-07-28T21:07:08.613134+00:00	survival_disc_binomial	true		family is not explicit or defensibly inferred	direct		already-expressible-via-semantic-rewrite	https://raw.githubusercontent.com/bambinos/bambi/main/docs/notebooks/data/child.csv		p(events, at_risk) ~ sex + socBranch + period + scale(birth_decade)		binomial	bridgestan-finite-density-gradient	81
confirmed	bs(...) arguments do not map mechanically to current s(...) semantics		confirmed		1980	CatalogServer_default_unsubstantiated		gaussian	renderer-default-contradicts semantic inference			exact_text_present				no executable descriptor until translation is resolved	scripts/examples/bambi.jl	true			not-run	child_mortality			reachable-data-or-description	false		false	not-run	binomial			not-run		not-run	unresolved-family	https://bambinos.github.io/bambi/notebooks/survival_discrete_time_notebook.html	@options + option_domain/option_records + semantic_card under semantic_app	cited_project_author_publisher_surface	05c3f465e7987e8d7caa7e214fedddd90415a922		text_offset=0; matched_terms=discrete,hazard,spline,survival,time; context_sha256=4b41f07b7f13d8b8	direct population/likelihood route when the family and terms are supported	200	synthetic n=12; positive continuous predictors; integer groups; family-valid outcome	not-run	https://bambinos.github.io/bambi/notebooks/survival_discrete_time_notebook.html	The retrieved official/primary source contains the normalized claimed formula text.	inferred-from-description	ordinary_brm	family evidence remains indeterminate				historical-semantics-unresolved	not-probed		explicit_token_present			unsupported	e58a6aa3998e564c96b29412f6a541b96c67dcb25c338c77f4100815ccb2e1a5	bambi		not-run	bambi:survival_disc_spline	unresolved-family	name_or_key_present	not-run	not-run				Discrete Time Survival — Spline Baseline Hazard	p(events, at_risk) ~ sex + socBranch + bs(period, df=4) + scale(birth_decade)	not-run	SbPMX origin/main@a8fd3c02e1e2305683a56c91384701bfeba6b528:design/{ASKS.md,SbPMX.jl,mock_runtime.jl},compat/check-semantic-model-pipeline.jl	false		2026-07-28T21:07:08.613134+00:00	survival_disc_spline	true		family is not explicit or defensibly inferred	not-probed		historical-semantics-unresolved	https://raw.githubusercontent.com/bambinos/bambi/main/docs/notebooks/data/child.csv		p(events, at_risk) ~ sex + socBranch + bs(period, df=4) + scale(birth_decade)		binomial	unsupported	82
confirmed	explicit log-link Poisson likelihood; offset(...) becomes ordinary log exposure		confirmed		1995	CatalogServer_default_unsubstantiated	e468a91e3933e460	gaussian	renderer-default-contradicts semantic inference			exact_text_present		5		authoritative brm_descriptor/brm_execute; experimental SbPMX semantic_app mount adapter	scripts/examples/bambi.jl	true			pass	child_mortality			reachable-data-or-description	false		false	pass	poisson			pass	log_rate ~ sex + socBranch + period + zscale(birth_decade) + log(at_risk)\nevents ~ Poisson(exp(log_rate))	pass	unresolved-family	https://bambinos.github.io/bambi/notebooks/survival_discrete_time_notebook.html	@options + option_domain/option_records + semantic_card under semantic_app	cited_project_author_publisher_surface	05c3f465e7987e8d7caa7e214fedddd90415a922		text_offset=0; matched_terms=discrete,survival,time; context_sha256=4b41f07b7f13d8b8	direct population/likelihood route when the family and terms are supported	200	synthetic n=12; positive continuous predictors; integer groups; family-valid outcome	not-run	https://bambinos.github.io/bambi/notebooks/survival_discrete_time_notebook.html	The retrieved official/primary source contains the normalized claimed formula text.	inferred-from-description	ordinary_brm	family evidence remains indeterminate		166	-12.0	historical-semantics-unresolved	not-probed	202adda9e8a08e6dd42159a7cc79c60614ac2dd19436abe249eae260d2ccce1e	explicit_token_present			ready	e58a6aa3998e564c96b29412f6a541b96c67dcb25c338c77f4100815ccb2e1a5	bambi		pass	bambi:survival_disc_poisson	unresolved-family	name_or_key_present	pass	pass		6e69cd2b3dcfe7df31073bb03de989af026485e37e46e73cc2b368906d0bc563		Discrete Time Survival — Poisson Alternative	events ~ sex + socBranch + period + scale(birth_decade) + offset(log(at_risk))	true	SbPMX origin/main@a8fd3c02e1e2305683a56c91384701bfeba6b528:design/{ASKS.md,SbPMX.jl,mock_runtime.jl},compat/check-semantic-model-pipeline.jl	false		2026-07-28T21:07:08.613134+00:00	survival_disc_poisson	true		family is not explicit or defensibly inferred	direct		already-expressible-via-semantic-rewrite	https://raw.githubusercontent.com/bambinos/bambi/main/docs/notebooks/data/child.csv		events ~ sex + socBranch + period + scale(birth_decade) + offset(log(at_risk))		poisson	bridgestan-finite-density-gradient	83
confirmed	requires a faithful brm_kernel implementation; no ordinary-formula substitute		confirmed		2045	CatalogServer_default_unsubstantiated		gaussian	renderer-default-contradicts semantic inference			exact_text_present				authoritative kernel-capable BRMDescriptor substrate; row-specific experimental semantic_app adapter required	scripts/examples/bambi.jl	true			not-run	survival_continuous_time			synthetic-no-external-receipt	false		false	not-run	weibull			not-run		not-run	unresolved-family	https://bambinos.github.io/bambi/notebooks/survival_continuous_time_notebook.html	@options + option_domain/option_records + semantic_card under semantic_app	cited_project_author_publisher_surface	05c3f465e7987e8d7caa7e214fedddd90415a922		text_offset=11; matched_terms=continuous,survival,time; context_sha256=1f28fa95cccb75ec	faithful-candidate: censoring/truncation needs a row-specific density or survival contribution; no generic response modifier is shipped	200	synthetic n=12; positive continuous predictors; integer groups; family-valid outcome	not-run	https://bambinos.github.io/bambi/notebooks/survival_continuous_time_notebook.html	The retrieved official/primary source contains the normalized claimed formula text.	inferred-from-description	brm_kernel	family evidence remains indeterminate				historical-semantics-unresolved	not-probed		explicit_token_present			route-specific	d4fa259213a97f9ef27b2d48434b8f792ecc668ca926af51d7fbf0fb30b2916d	bambi		not-run	bambi:survival_cont_weibull	unresolved-family	name_or_key_present	not-run	not-run				Continuous Time Survival — Weibull	censored(time, censoring) ~ treatment + age	not-run	SbPMX origin/main@a8fd3c02e1e2305683a56c91384701bfeba6b528:design/{ASKS.md,SbPMX.jl,mock_runtime.jl},compat/check-semantic-model-pipeline.jl	false		2026-07-28T21:07:08.612896+00:00	survival_cont_weibull	true		family is not explicit or defensibly inferred	not-probed		historical-semantics-unresolved	synthetic	kernel/plate substrate control is separately probed	censored(time, censoring) ~ treatment + age		weibull	route-specific	84
confirmed	requires a faithful brm_kernel implementation; no ordinary-formula substitute		confirmed		2061	CatalogServer_default_unsubstantiated		gaussian	renderer-default-contradicts semantic inference			exact_text_present				authoritative kernel-capable BRMDescriptor substrate; row-specific experimental semantic_app adapter required	scripts/examples/bambi.jl	true			not-run	retention			reachable-data-or-description	false		false	not-run	weibull			not-run		not-run	unresolved-family	https://bambinos.github.io/bambi/notebooks/survival_continuous_time_notebook.html	@options + option_domain/option_records + semantic_card under semantic_app	cited_project_author_publisher_surface	05c3f465e7987e8d7caa7e214fedddd90415a922		text_offset=700; matched_terms=continuous,effects,fixed,intention,level,survival,time; context_sha256=38bb6fa9fd533544	faithful-candidate: censoring/truncation needs a row-specific density or survival contribution; no generic response modifier is shipped	200	synthetic n=12; positive continuous predictors; integer groups; family-valid outcome	not-run	https://bambinos.github.io/bambi/notebooks/survival_continuous_time_notebook.html	The retrieved official/primary source contains the normalized claimed formula text.	inferred-from-description	brm_kernel	family evidence remains indeterminate				historical-semantics-unresolved	not-probed		explicit_token_present			route-specific	d4fa259213a97f9ef27b2d48434b8f792ecc668ca926af51d7fbf0fb30b2916d	bambi		not-run	bambi:survival_cont_retention_fe	unresolved-family	name_or_key_present	not-run	not-run				Continuous Time Survival — Retention Fixed Effects	censored(month, censoring) ~ C(gender) + C(level) + C(field) + sentiment + intention	not-run	SbPMX origin/main@a8fd3c02e1e2305683a56c91384701bfeba6b528:design/{ASKS.md,SbPMX.jl,mock_runtime.jl},compat/check-semantic-model-pipeline.jl	false		2026-07-28T21:07:08.612896+00:00	survival_cont_retention_fe	true		family is not explicit or defensibly inferred	not-probed		historical-semantics-unresolved	https://raw.githubusercontent.com/bambinos/bambi/main/docs/notebooks/data/retention.csv	kernel/plate substrate control is separately probed	censored(month, censoring) ~ C(gender) + C(level) + C(field) + sentiment + intention		weibull	route-specific	85
confirmed	requires a faithful brm_kernel implementation; no ordinary-formula substitute		confirmed		2077	CatalogServer_default_unsubstantiated		gaussian	renderer-default-contradicts semantic inference			exact_text_present				authoritative kernel-capable BRMDescriptor substrate; row-specific experimental semantic_app adapter required	scripts/examples/bambi.jl	true			not-run	retention			reachable-data-or-description	false		false	not-run	weibull			not-run		not-run	unresolved-family	https://bambinos.github.io/bambi/notebooks/survival_continuous_time_notebook.html	@options + option_domain/option_records + semantic_card under semantic_app	cited_project_author_publisher_surface	05c3f465e7987e8d7caa7e214fedddd90415a922		text_offset=700; matched_terms=continuous,effects,intention,level,random,survival,time; context_sha256=38bb6fa9fd533544	faithful-candidate: censoring/truncation needs a row-specific density or survival contribution; no generic response modifier is shipped	200	synthetic n=12; positive continuous predictors; integer groups; family-valid outcome	not-run	https://bambinos.github.io/bambi/notebooks/survival_continuous_time_notebook.html	The retrieved official/primary source contains the normalized claimed formula text.	inferred-from-description	brm_kernel	family evidence remains indeterminate				historical-semantics-unresolved	not-probed		explicit_token_present			route-specific	d4fa259213a97f9ef27b2d48434b8f792ecc668ca926af51d7fbf0fb30b2916d	bambi		not-run	bambi:survival_cont_retention_re	unresolved-family	name_or_key_present	not-run	not-run				Continuous Time Survival — Retention Random Effects	censored(month, censoring) ~ C(gender) + C(level) + sentiment + intention + (1|field)	not-run	SbPMX origin/main@a8fd3c02e1e2305683a56c91384701bfeba6b528:design/{ASKS.md,SbPMX.jl,mock_runtime.jl},compat/check-semantic-model-pipeline.jl	false		2026-07-28T21:07:08.612896+00:00	survival_cont_retention_re	true		family is not explicit or defensibly inferred	not-probed		historical-semantics-unresolved	https://raw.githubusercontent.com/bambinos/bambi/main/docs/notebooks/data/retention.csv	kernel/plate substrate control is separately probed	censored(month, censoring) ~ C(gender) + C(level) + sentiment + intention + (1|field)		weibull	route-specific	86
unverifiable	explicit Normal likelihood; named log-scale sigma predictor uses native linked-predictor syntax		unverifiable		2121	CatalogServer_default_unsubstantiated	b4e43a7ca2279f5f	gaussian	renderer-default-unsubstantiated; inference happens to agree			insufficient_terms:0/0		4		authoritative brm_descriptor/brm_execute; experimental SbPMX semantic_app mount adapter	scripts/examples/bambi.jl	true			pass	orthopoly_projectile			synthetic-no-external-receipt	false		false	pass	gaussian			pass	loc ~ protect(t^2) + t + 1\nlog(sigma) ~ 1\nx ~ Normal(loc, sigma)	pass	unresolved-family	https://bambinos.github.io/bambi/notebooks/orthogonal_polynomial_reg.html	@options + option_domain/option_records + semantic_card under semantic_app	cited_project_author_publisher_surface	05c3f465e7987e8d7caa7e214fedddd90415a922		text_offset=0; matched_terms=orthogonal,polynomial; context_sha256=44c7d3f2a97b1a75	direct population/likelihood route when the family and terms are supported	200	synthetic n=12; positive continuous predictors; integer groups; family-valid outcome	not-run	https://bambinos.github.io/bambi/notebooks/orthogonal_polynomial_reg.html	Retrieved source does not expose enough formula-specific evidence to confirm or refute the catalog claim conservatively.	inferred-from-description	ordinary_brm	family evidence remains indeterminate		54	-7.817384082920588	historical-semantics-unresolved	not-probed	d7ebcbfe7fe132241e8ae7128139c4177782b870f423a31aed8026f264b11c59	explicit_token_present			ready	d78ffb6abe92e25cf2bca2715982301ec1461ca1c9269214ea8d27ecadceb5f5	bambi		pass	bambi:orthopoly_explicit	unresolved-family	name_or_key_present	pass	pass		313feed9b3aa1d48870cb309ddc4a0b0ae608ca1241b502f435b14680466aa47		Orthogonal Polynomial — Explicit Quadratic	x ~ I(t**2) + t + 1	true	SbPMX origin/main@a8fd3c02e1e2305683a56c91384701bfeba6b528:design/{ASKS.md,SbPMX.jl,mock_runtime.jl},compat/check-semantic-model-pipeline.jl	false		2026-07-28T21:07:08.579484+00:00	orthopoly_explicit	true		family is not explicit or defensibly inferred	inherited-identical-probe		already-expressible-via-semantic-rewrite	synthetic		x ~ I(t**2) + t + 1		gaussian	bridgestan-finite-density-gradient	87
confirmed	polynomial basis is expressible through explicitly prederived columns, but raw/orthogonal basis identity and degree must be recovered		confirmed		2136	CatalogServer_default_unsubstantiated		gaussian	renderer-default-unsubstantiated; inference happens to agree			exact_text_present				no executable descriptor until translation is resolved	scripts/examples/bambi.jl	true			not-run	orthopoly_projectile			synthetic-no-external-receipt	false		false	not-run	gaussian			not-run		not-run	unresolved-family	https://bambinos.github.io/bambi/notebooks/orthogonal_polynomial_reg.html	@options + option_domain/option_records + semantic_card under semantic_app	cited_project_author_publisher_surface	05c3f465e7987e8d7caa7e214fedddd90415a922		text_offset=0; matched_terms=orthogonal,polynomial; context_sha256=44c7d3f2a97b1a75	direct population/likelihood route when the family and terms are supported	200	synthetic n=12; positive continuous predictors; integer groups; family-valid outcome	not-run	https://bambinos.github.io/bambi/notebooks/orthogonal_polynomial_reg.html	The retrieved official/primary source contains the normalized claimed formula text.	inferred-from-description	ordinary_brm	family evidence remains indeterminate				historical-semantics-unresolved	not-probed		explicit_token_present			semantic-rewrite	d78ffb6abe92e25cf2bca2715982301ec1461ca1c9269214ea8d27ecadceb5f5	bambi		not-run	bambi:orthopoly_poly	unresolved-family	name_or_key_present	not-run	not-run				Orthogonal Polynomial — poly() Degree 2	x ~ poly(t, 2) + 1	not-run	SbPMX origin/main@a8fd3c02e1e2305683a56c91384701bfeba6b528:design/{ASKS.md,SbPMX.jl,mock_runtime.jl},compat/check-semantic-model-pipeline.jl	false		2026-07-28T21:07:08.579484+00:00	orthopoly_poly	true		family is not explicit or defensibly inferred	not-probed		already-expressible-via-semantic-rewrite	synthetic		x ~ poly(t, 2) + 1		gaussian	semantic-rewrite	88
confirmed	explicit Normal likelihood; named log-scale sigma predictor uses native linked-predictor syntax		confirmed		2151	CatalogServer_default_unsubstantiated	775959795892889a	gaussian	renderer-default-unsubstantiated; inference happens to agree			exact_text_present		2		authoritative brm_descriptor/brm_execute; experimental SbPMX semantic_app mount adapter	scripts/examples/bambi.jl	true			pass	orthogonal_polynomial			reachable-data-or-description	false		false	pass	gaussian			pass	loc ~ horsepower\nlog(sigma) ~ 1\nmpg ~ Normal(loc, sigma)	pass	unresolved-family	https://bambinos.github.io/bambi/notebooks/orthogonal_polynomial_reg.html	@options + option_domain/option_records + semantic_card under semantic_app	cited_project_author_publisher_surface	05c3f465e7987e8d7caa7e214fedddd90415a922		text_offset=23064; matched_terms=horsepower,mpg; context_sha256=175adbbd0837f515	direct population/likelihood route when the family and terms are supported	200	synthetic n=12; positive continuous predictors; integer groups; family-valid outcome	not-run	https://bambinos.github.io/bambi/notebooks/orthogonal_polynomial_reg.html	The retrieved official/primary source contains the normalized claimed formula text.	inferred-from-description	ordinary_brm	family evidence remains indeterminate		178	-7.817384082920588	historical-semantics-unresolved	not-probed	5a442e3cf95feb29bb999412bce1ba427534dc0f33cd54fdd38b5734fd0b9aa9	explicit_token_present			ready	d78ffb6abe92e25cf2bca2715982301ec1461ca1c9269214ea8d27ecadceb5f5	bambi		pass	bambi:orthopoly_linear	unresolved-family	name_or_key_present	pass	pass		b46f6c01b396315f998d7da77c25846d008cb2f7b055eaee4b5a856ca4865101		Orthogonal Polynomial — MPG Linear	mpg ~ horsepower	true	SbPMX origin/main@a8fd3c02e1e2305683a56c91384701bfeba6b528:design/{ASKS.md,SbPMX.jl,mock_runtime.jl},compat/check-semantic-model-pipeline.jl	false		2026-07-28T21:07:08.579484+00:00	orthopoly_linear	true		family is not explicit or defensibly inferred	direct		already-expressible-verbatim	https://raw.githubusercontent.com/mwaskom/seaborn-data/master/mpg.csv		mpg ~ horsepower		gaussian	bridgestan-finite-density-gradient	89
confirmed	polynomial basis is expressible through explicitly prederived columns, but raw/orthogonal basis identity and degree must be recovered		confirmed		2166	CatalogServer_default_unsubstantiated		gaussian	renderer-default-unsubstantiated; inference happens to agree			exact_text_present				no executable descriptor until translation is resolved	scripts/examples/bambi.jl	true			not-run	orthogonal_polynomial			reachable-data-or-description	false		false	not-run	gaussian			not-run		not-run	unresolved-family	https://bambinos.github.io/bambi/notebooks/orthogonal_polynomial_reg.html	@options + option_domain/option_records + semantic_card under semantic_app	cited_project_author_publisher_surface	05c3f465e7987e8d7caa7e214fedddd90415a922		text_offset=23064; matched_terms=horsepower,mpg; context_sha256=175adbbd0837f515	direct population/likelihood route when the family and terms are supported	200	synthetic n=12; positive continuous predictors; integer groups; family-valid outcome	not-run	https://bambinos.github.io/bambi/notebooks/orthogonal_polynomial_reg.html	The retrieved official/primary source contains the normalized claimed formula text.	inferred-from-description	ordinary_brm	family evidence remains indeterminate				historical-semantics-unresolved	not-probed		explicit_token_present			semantic-rewrite	d78ffb6abe92e25cf2bca2715982301ec1461ca1c9269214ea8d27ecadceb5f5	bambi		not-run	bambi:orthopoly_quad	unresolved-family	name_or_key_present	not-run	not-run				Orthogonal Polynomial — MPG Quadratic	mpg ~ poly(horsepower, 2)	not-run	SbPMX origin/main@a8fd3c02e1e2305683a56c91384701bfeba6b528:design/{ASKS.md,SbPMX.jl,mock_runtime.jl},compat/check-semantic-model-pipeline.jl	false		2026-07-28T21:07:08.579484+00:00	orthopoly_quad	true		family is not explicit or defensibly inferred	not-probed		already-expressible-via-semantic-rewrite	https://raw.githubusercontent.com/mwaskom/seaborn-data/master/mpg.csv		mpg ~ poly(horsepower, 2)		gaussian	semantic-rewrite	90
confirmed	polynomial basis is expressible through explicitly prederived columns, but raw/orthogonal basis identity and degree must be recovered		confirmed		2181	CatalogServer_default_unsubstantiated		gaussian	renderer-default-unsubstantiated; inference happens to agree			exact_text_present				no executable descriptor until translation is resolved	scripts/examples/bambi.jl	true			not-run	orthogonal_polynomial			reachable-data-or-description	false		false	not-run	gaussian			not-run		not-run	unresolved-family	https://bambinos.github.io/bambi/notebooks/orthogonal_polynomial_reg.html	@options + option_domain/option_records + semantic_card under semantic_app	cited_project_author_publisher_surface	05c3f465e7987e8d7caa7e214fedddd90415a922		text_offset=23064; matched_terms=horsepower,mpg; context_sha256=175adbbd0837f515	direct population/likelihood route when the family and terms are supported	200	synthetic n=12; positive continuous predictors; integer groups; family-valid outcome	not-run	https://bambinos.github.io/bambi/notebooks/orthogonal_polynomial_reg.html	The retrieved official/primary source contains the normalized claimed formula text.	inferred-from-description	ordinary_brm	family evidence remains indeterminate				historical-semantics-unresolved	not-probed		explicit_token_present			semantic-rewrite	d78ffb6abe92e25cf2bca2715982301ec1461ca1c9269214ea8d27ecadceb5f5	bambi		not-run	bambi:orthopoly_compare	unresolved-family	name_or_key_present	not-run	not-run				Orthogonal Polynomial — MPG Degree Comparison	mpg ~ poly(horsepower, degree)	not-run	SbPMX origin/main@a8fd3c02e1e2305683a56c91384701bfeba6b528:design/{ASKS.md,SbPMX.jl,mock_runtime.jl},compat/check-semantic-model-pipeline.jl	false		2026-07-28T21:07:08.579484+00:00	orthopoly_compare	true		family is not explicit or defensibly inferred	not-probed		already-expressible-via-semantic-rewrite	https://raw.githubusercontent.com/mwaskom/seaborn-data/master/mpg.csv		mpg ~ poly(horsepower, degree)		gaussian	semantic-rewrite	91
confirmed	explicit Normal likelihood; named log-scale sigma predictor uses native linked-predictor syntax		confirmed		2227	CatalogServer_default_unsubstantiated	6d3510485f8bd377	gaussian	renderer-default-unsubstantiated; inference happens to agree			exact_text_present		6		authoritative brm_descriptor/brm_execute; experimental SbPMX semantic_app mount adapter	scripts/examples/bambi.jl	true			pass	plot_predictions			reachable-data-or-description	false		false	pass	gaussian			pass	loc ~ 0 + hp + wt + (hp & wt) + cyl + gear\nlog(sigma) ~ 1\nmpg ~ Normal(loc, sigma)	pass	unresolved-family	https://bambinos.github.io/bambi/notebooks/plot_predictions.html	@options + option_domain/option_records + semantic_card under semantic_app	cited_project_author_publisher_surface	05c3f465e7987e8d7caa7e214fedddd90415a922		text_offset=8273; matched_terms=cyl,gear,mpg,mtcars; context_sha256=8858e609c36ef089	direct population/likelihood route when the family and terms are supported	200	synthetic n=12; positive continuous predictors; integer groups; family-valid outcome	not-run	https://bambinos.github.io/bambi/notebooks/plot_predictions.html	The retrieved official/primary source contains the normalized claimed formula text.	inferred-from-description	ordinary_brm	family evidence remains indeterminate		184	-5.690109601815348	historical-semantics-unresolved	not-probed	cab193db25e2364150efb58bb0168a16a97dadd31af18920498dc30639d9afd6	explicit_token_present			ready	6b68089a312b80350b36da48667d8ea84c395e817f4789b2541cbf13d9f44b3a	bambi		pass	bambi:plot_pred_linear	unresolved-family	name_or_key_present	pass	pass		b9a1543abf6556595aca10f135dcae9f3ce118cfafb227e1b1eb4da26bdf1abb		Plot Predictions — Linear Regression (mtcars)	mpg ~ 0 + hp * wt + cyl + gear	true	SbPMX origin/main@a8fd3c02e1e2305683a56c91384701bfeba6b528:design/{ASKS.md,SbPMX.jl,mock_runtime.jl},compat/check-semantic-model-pipeline.jl	false		2026-07-28T21:07:08.592202+00:00	plot_pred_linear	true		family is not explicit or defensibly inferred	direct		already-expressible-via-semantic-rewrite	https://ndownloader.figshare.com/files/40208785		mpg ~ 0 + hp * wt + cyl + gear		gaussian	bridgestan-finite-density-gradient	92
confirmed	native linked predictors and the SBBRMI-only NegativeBinomial2(mu,phi) adapter landed at canonical 11031f2; this exact census uses the non-log neg_binomial_2 path on StanBlocks 329a178, while the formerly broken neg_binomial_2_log trace was subsequently fixed in StanBlocks 144188a		confirmed		2246	CatalogServer_default_unsubstantiated	644598cc055bca8a	gaussian	renderer-default-contradicts semantic inference	a707af21d138b0019810f8dce9d655109dc97ff6		exact_text_present	11031f2d3bbd0c9cad42bed53a4a8dd193ab9d2e		sbbrmi_lower	authoritative brm_descriptor/brm_execute; experimental SbPMX semantic_app mount adapter	scripts/examples/bambi.jl	true			pass	negative_binomial			reachable-data-or-description	false	4d8f565b1cf4b347b3d0e93a0b6499c2561dc42d	false	not-run	negativebinomial		landed-surface-control-stanc-bridgestan-finite-predict-pointwise	not-run	log(mu) ~ 0 + prog + zscale(math) + prog & zscale(math)\nlog(phi) ~ 1\ndaysabs ~ NegativeBinomial2(mu, phi)	fail	unresolved-family	https://bambinos.github.io/bambi/notebooks/plot_predictions.html	@options + option_domain/option_records + semantic_card under semantic_app	cited_project_author_publisher_surface	05c3f465e7987e8d7caa7e214fedddd90415a922		text_offset=20456; matched_terms=absences,daysabs,prog; context_sha256=00bf11f570d55b21	direct population/likelihood route when the family and terms are supported	200	synthetic n=12; positive continuous predictors; integer groups; family-valid outcome	not-run	https://bambinos.github.io/bambi/notebooks/plot_predictions.html	The retrieved official/primary source contains the normalized claimed formula text.	inferred-from-description	ordinary_brm	family evidence remains indeterminate		84		historical-semantics-unresolved	not-probed		explicit_token_present	sbimpl: interaction operand must be a raw-data NamedColumn, got ExprColumn{typeof(zscale), Tuple{NamedColumn{Symbol, DataColumn{Vector{Float64}}}}, @NamedTuple{}}; interactions with `mo` / `me` / `s` / `ar` are not supported yet Stacktrace:   [1] error(::String, ::String)     @ Base ./error.jl:44   [2] _sb_interaction_operand(t::ExprColumn{typeof(zscale), Tuple{NamedColumn{Symbol, DataColumn{Vector{Float64}}}}, @NamedTuple{}})     @ BayesianRegressionModels /tmp/kb-agent-scratch.corpus.F6m3FP/src/sbimpl.jl:3247   [3] _sb_interaction_cols!(cols::Vector{Any}, t::ExprColumn{typeof(&), Tuple{NamedColumn{Symbol, DataColumn{Vector{Float64}}}, ExprColumn{typeof(zscale), Tuple{NamedColumn{Symbol, DataColumn{Vector{Float64}}}}, @NamedTuple{}}}, @NamedTuple{}}, data::Dict{Symbol, Any}, stmts::Vector{Any})     @ BayesianRegressionModels /tmp/kb-agent-scratch.corpus.F6m3FP/src/sbimpl.jl:3222   [4] _sb_pop_cols_expr!(cols::Vector{Any}, ::typeof(&), t::ExprColumn{typeof(&), Tuple{NamedColumn{Symbol, DataColumn{Vector{Float64}}}, ExprColumn{typeof(zscale), Tuple{NamedColumn{Symbol, DataColumn{Vector{Float64}}}}, @NamedTuple{}}}, @NamedTuple{}}, data::Dict{Symbol, Any}, stmts::Vector{Any}, _pop_te…		ready	6b68089a312b80350b36da48667d8ea84c395e817f4789b2541cbf13d9f44b3a	bambi		not-run	bambi:plot_pred_nb	unresolved-family	name_or_key_present	pass	not-run	combined synthetic family-surface control only; never inherited as row validation			Plot Predictions — Negative Binomial (Student Absences)	daysabs ~ 0 + prog + scale(math) + prog:scale(math)	not-run	SbPMX origin/main@a8fd3c02e1e2305683a56c91384701bfeba6b528:design/{ASKS.md,SbPMX.jl,mock_runtime.jl},compat/check-semantic-model-pipeline.jl	true		2026-07-28T21:07:08.592202+00:00	plot_pred_nb	true		family is not explicit or defensibly inferred	inherited-identical-probe		already-expressible-via-semantic-rewrite	https://stats.idre.ucla.edu/stat/stata/dae/nb_data.dta		daysabs ~ 0 + prog + scale(math) + prog:scale(math)		negativebinomial	failed-sbbrmi_lower	93
confirmed	current `&` interactions require raw columns; transformed/non-atomic `*` operands need a data-derivation step; prederive the exact interaction/design columns		confirmed		2261	CatalogServer_default_unsubstantiated		gaussian	renderer-default-contradicts semantic inference			exact_text_present				no executable descriptor until translation is resolved	scripts/examples/bambi.jl	true			not-run	plot_pred_movies			reachable-data-or-description	false		false	not-run	bernoulli			not-run		not-run	unresolved-family	https://bambinos.github.io/bambi/notebooks/plot_predictions.html	@options + option_domain/option_records + semantic_card under semantic_app	cited_project_author_publisher_surface	05c3f465e7987e8d7caa7e214fedddd90415a922		text_offset=0; matched_terms=logistic,plot,predictions,regression; context_sha256=a0ef9dea4803ea5f	direct population/likelihood route when the family and terms are supported	200	synthetic n=12; positive continuous predictors; integer groups; family-valid outcome	not-run	https://bambinos.github.io/bambi/notebooks/plot_predictions.html	The retrieved official/primary source contains the normalized claimed formula text.	inferred-from-description	ordinary_brm	family evidence remains indeterminate				historical-semantics-unresolved	not-probed		explicit_token_present			semantic-rewrite	6b68089a312b80350b36da48667d8ea84c395e817f4789b2541cbf13d9f44b3a	bambi		not-run	bambi:plot_pred_logistic	unresolved-family	name_or_key_present	not-run	not-run				Plot Predictions — Logistic Regression (Movies)	certified_fresh ~ 0 + scale(length) * style	not-run	SbPMX origin/main@a8fd3c02e1e2305683a56c91384701bfeba6b528:design/{ASKS.md,SbPMX.jl,mock_runtime.jl},compat/check-semantic-model-pipeline.jl	false		2026-07-28T21:07:08.592202+00:00	plot_pred_logistic	true		family is not explicit or defensibly inferred	not-probed		already-expressible-via-semantic-rewrite	https://vincentarelbundock.github.io/Rdatasets/csv/ggplot2movies/movies.csv		certified_fresh ~ 0 + scale(length) * style		bernoulli	semantic-rewrite	94
confirmed	mean/shape gamma model converted to Distributions shape/rate		confirmed		2277	CatalogServer_default_unsubstantiated	56c5394c8e463fc7	gaussian	renderer-default-contradicts semantic inference			exact_text_present		2		authoritative brm_descriptor/brm_execute; experimental SbPMX semantic_app mount adapter	scripts/examples/bambi.jl	true			pass	distributional_synth			synthetic-no-external-receipt	false		false	pass	gamma			pass	log(mu) ~ x\nlog(shape) ~ x\nrate = shape / mu\ny ~ Gamma(shape, rate)	pass	unresolved-family	https://bambinos.github.io/bambi/notebooks/plot_predictions.html	@options + option_domain/option_records + semantic_card under semantic_app	cited_project_author_publisher_surface	05c3f465e7987e8d7caa7e214fedddd90415a922		text_offset=0; matched_terms=plot,predictions; context_sha256=a0ef9dea4803ea5f	direct population/likelihood route when the family and terms are supported	200	synthetic n=12; positive continuous predictors; integer groups; family-valid outcome	not-run	https://bambinos.github.io/bambi/notebooks/plot_predictions.html	The retrieved official/primary source contains the normalized claimed formula text.	inferred-from-description	ordinary_brm	family evidence remains indeterminate		134	-10.37931844461955	historical-semantics-unresolved	not-probed	e5dd46ca399dc61d38a5e97d7f061d4b396a19c142ec620e85ee7b60aacfbacb	explicit_token_present			ready	6b68089a312b80350b36da48667d8ea84c395e817f4789b2541cbf13d9f44b3a	bambi		pass	bambi:plot_pred_distr	unresolved-family	name_or_key_present	pass	pass		425de98e52a630f829d0953e501956a2b7e700cbf7b85558c41e386ca30e1354		Plot Predictions — Distributional Gamma	y ~ x  +  alpha ~ x	true	SbPMX origin/main@a8fd3c02e1e2305683a56c91384701bfeba6b528:design/{ASKS.md,SbPMX.jl,mock_runtime.jl},compat/check-semantic-model-pipeline.jl	false		2026-07-28T21:07:08.592202+00:00	plot_pred_distr	true		family is not explicit or defensibly inferred	inherited-identical-probe		already-expressible-verbatim	synthetic		y ~ x  +  alpha ~ x		gamma	bridgestan-finite-density-gradient	95
confirmed	the SBBRMI-only ZeroInflatedPoisson likelihood/RNG surface landed at canonical 11031f2, but these historical rows split mean and zero-inflation components across separate catalogue cards; their pairing and joint declaration remain unresolved		confirmed		2320	CatalogServer_default_unsubstantiated		gaussian	renderer-default-contradicts semantic inference	a707af21d138b0019810f8dce9d655109dc97ff6		exact_text_present	11031f2d3bbd0c9cad42bed53a4a8dd193ab9d2e			no executable descriptor until translation is resolved	scripts/examples/bambi.jl	true			not-run	plot_comparisons			reachable-data-or-description	false	4d8f565b1cf4b347b3d0e93a0b6499c2561dc42d	false	not-run	zero_inflated_poisson		landed-surface-control-stanc-bridgestan-finite-predict-pointwise	not-run		not-run	unresolved-family	https://bambinos.github.io/bambi/notebooks/plot_comparisons.html	@options + option_domain/option_records + semantic_card under semantic_app	cited_project_author_publisher_surface	05c3f465e7987e8d7caa7e214fedddd90415a922		text_offset=7532; matched_terms=camper,child,fish,livebait,persons; context_sha256=515f94543c072c11	direct population/likelihood route when the family and terms are supported	200	synthetic n=12; positive continuous predictors; integer groups; family-valid outcome	not-run	https://bambinos.github.io/bambi/notebooks/plot_comparisons.html	The retrieved official/primary source contains the normalized claimed formula text.	inferred-from-description	ordinary_brm	family evidence remains indeterminate				historical-semantics-unresolved	not-probed		explicit_token_present			unsupported	07d4e5a60f376398cecd92dc232f42d2a2299bc96cfa83d426784a55a6425a9b	bambi		not-run	bambi:plot_comp_zip	unresolved-family	name_or_key_present	not-run	not-run	combined synthetic family-surface control only; never inherited as row validation			Plot Comparisons — ZIP Fish Count	count ~ livebait + camper + persons + child	not-run	SbPMX origin/main@a8fd3c02e1e2305683a56c91384701bfeba6b528:design/{ASKS.md,SbPMX.jl,mock_runtime.jl},compat/check-semantic-model-pipeline.jl	true		2026-07-28T21:07:08.584793+00:00	plot_comp_zip	true		family is not explicit or defensibly inferred	not-probed		historical-semantics-unresolved	https://stats.idre.ucla.edu/stat/data/fish.csv		count ~ livebait + camper + persons + child		zero_inflated_poisson	unsupported	96
confirmed	three-way/chained `*` expansion cannot be represented by current binary raw-column `&`; prederive the exact interaction/design columns		confirmed		2335	CatalogServer_default_unsubstantiated		gaussian	renderer-default-contradicts semantic inference			exact_text_present				no executable descriptor until translation is resolved	scripts/examples/bambi.jl	true			not-run	titanic			reachable-data-or-description	false		false	not-run	bernoulli			not-run		not-run	unresolved-family	https://bambinos.github.io/bambi/notebooks/plot_comparisons.html	@options + option_domain/option_records + semantic_card under semantic_app	cited_project_author_publisher_surface	05c3f465e7987e8d7caa7e214fedddd90415a922		text_offset=25375; matched_terms=pclass,sexcode,survived,titanic; context_sha256=5f9e0f9d56bda82f	direct population/likelihood route when the family and terms are supported	200	synthetic n=12; positive continuous predictors; integer groups; family-valid outcome	not-run	https://bambinos.github.io/bambi/notebooks/plot_comparisons.html	The retrieved official/primary source contains the normalized claimed formula text.	inferred-from-description	ordinary_brm	family evidence remains indeterminate				historical-semantics-unresolved	not-probed		explicit_token_present			semantic-rewrite	07d4e5a60f376398cecd92dc232f42d2a2299bc96cfa83d426784a55a6425a9b	bambi		not-run	bambi:plot_comp_logistic	unresolved-family	name_or_key_present	not-run	not-run				Plot Comparisons — Logistic Titanic Survival	Survived ~ PClass * SexCode * Age	not-run	SbPMX origin/main@a8fd3c02e1e2305683a56c91384701bfeba6b528:design/{ASKS.md,SbPMX.jl,mock_runtime.jl},compat/check-semantic-model-pipeline.jl	false		2026-07-28T21:07:08.584793+00:00	plot_comp_logistic	true		family is not explicit or defensibly inferred	not-probed		already-expressible-via-semantic-rewrite	https://vincentarelbundock.github.io/Rdatasets/csv/Stat2Data/Titanic.csv		Survived ~ PClass * SexCode * Age		bernoulli	semantic-rewrite	97
confirmed	explicit Bernoulli-logit likelihood		confirmed		2369	CatalogServer_default_unsubstantiated	26221c4ef3b81a0c	gaussian	renderer-default-contradicts semantic inference			exact_text_present		3		authoritative brm_descriptor/brm_execute; experimental SbPMX semantic_app mount adapter	scripts/examples/bambi.jl	true			pass	plot_slopes			reachable-data-or-description	false		false	pass	bernoulli			pass	log_odds ~ dist100 + arsenic + educ4\nswitch ~ BernoulliLogit(log_odds)	pass	unresolved-family	https://bambinos.github.io/bambi/notebooks/plot_slopes.html	@options + option_domain/option_records + semantic_card under semantic_app	cited_project_author_publisher_surface	05c3f465e7987e8d7caa7e214fedddd90415a922		text_offset=0; matched_terms=effects,plot,slopes; context_sha256=755eaf7dbddfdc3e	direct population/likelihood route when the family and terms are supported	200	synthetic n=12; positive continuous predictors; integer groups; family-valid outcome	not-run	https://bambinos.github.io/bambi/notebooks/plot_slopes.html	The retrieved official/primary source contains the normalized claimed formula text.	inferred-from-description	ordinary_brm	family evidence remains indeterminate		196	-8.317766166719343	historical-semantics-unresolved	not-probed	71d865f83b1318e96c36eda26d8cd2945c4ceff442e961e10719f37c26c8d81e	explicit_token_present			ready	98c5f2c6e86d94f1206621e95113d3188f857cff0ea255943217d24308beed33	bambi		pass	bambi:plot_slopes_main	unresolved-family	name_or_key_present	pass	pass		1e550813ccc486483d0a0ed61fb35e9c6ce055114e425cc7b1b740117d89a875		Plot Slopes — Main Effects	switch ~ dist100 + arsenic + educ4	true	SbPMX origin/main@a8fd3c02e1e2305683a56c91384701bfeba6b528:design/{ASKS.md,SbPMX.jl,mock_runtime.jl},compat/check-semantic-model-pipeline.jl	false		2026-07-28T21:07:08.602190+00:00	plot_slopes_main	true		family is not explicit or defensibly inferred	direct		already-expressible-verbatim	https://vincentarelbundock.github.io/Rdatasets/csv/carData/Wells.csv		switch ~ dist100 + arsenic + educ4		bernoulli	bridgestan-finite-density-gradient	98
confirmed	explicit Bernoulli-logit likelihood		confirmed		2385	CatalogServer_default_unsubstantiated	dbb03538237c488a	gaussian	renderer-default-contradicts semantic inference			exact_text_present		5		authoritative brm_descriptor/brm_execute; experimental SbPMX semantic_app mount adapter	scripts/examples/bambi.jl	true			pass	plot_slopes			reachable-data-or-description	false		false	pass	bernoulli			pass	log_odds ~ dist100 + arsenic + educ4 + dist100 & educ4 + arsenic & educ4\nswitch ~ BernoulliLogit(log_odds)	pass	unresolved-family	https://bambinos.github.io/bambi/notebooks/plot_slopes.html	@options + option_domain/option_records + semantic_card under semantic_app	cited_project_author_publisher_surface	05c3f465e7987e8d7caa7e214fedddd90415a922		text_offset=0; matched_terms=plot,slopes,with; context_sha256=755eaf7dbddfdc3e	direct population/likelihood route when the family and terms are supported	200	synthetic n=12; positive continuous predictors; integer groups; family-valid outcome	not-run	https://bambinos.github.io/bambi/notebooks/plot_slopes.html	The retrieved official/primary source contains the normalized claimed formula text.	inferred-from-description	ordinary_brm	family evidence remains indeterminate		198	-8.317766166719343	historical-semantics-unresolved	not-probed	19a7a3a3975a1ce161452ff210f7d23f180959c3b2debe9bee06d5dd088d2b78	explicit_token_present			ready	98c5f2c6e86d94f1206621e95113d3188f857cff0ea255943217d24308beed33	bambi		pass	bambi:plot_slopes_interaction	unresolved-family	name_or_key_present	pass	pass		63fa5ee63d62bc98bb640d2df9c4d36781255e64b47e9748a3d75deda595318d		Plot Slopes — With Interactions	switch ~ dist100 + arsenic + educ4 + dist100:educ4 + arsenic:educ4	true	SbPMX origin/main@a8fd3c02e1e2305683a56c91384701bfeba6b528:design/{ASKS.md,SbPMX.jl,mock_runtime.jl},compat/check-semantic-model-pipeline.jl	false		2026-07-28T21:07:08.602190+00:00	plot_slopes_interaction	true		family is not explicit or defensibly inferred	direct		already-expressible-via-semantic-rewrite	https://vincentarelbundock.github.io/Rdatasets/csv/carData/Wells.csv		switch ~ dist100 + arsenic + educ4 + dist100:educ4 + arsenic:educ4		bernoulli	bridgestan-finite-density-gradient	99
unverifiable	explicit Normal likelihood; named log-scale sigma predictor uses native linked-predictor syntax		unverifiable		2416	CatalogServer_default_unsubstantiated	a458f12f272bf78b	gaussian	renderer-default-unsubstantiated; inference happens to agree			insufficient_terms:0/0		2		authoritative brm_descriptor/brm_execute; experimental SbPMX semantic_app mount adapter	scripts/examples/bambi.jl	true			pass	alternative_samplers			synthetic-no-external-receipt	false		false	pass	gaussian			pass	loc ~ x\nlog(sigma) ~ 1\ny ~ Normal(loc, sigma)	pass	unresolved-family	https://bambinos.github.io/bambi/notebooks/alternative_samplers.html	@options + option_domain/option_records + semantic_card under semantic_app	cited_project_author_publisher_surface	05c3f465e7987e8d7caa7e214fedddd90415a922		text_offset=2335; matched_terms=jax,samplers; context_sha256=6422cae3c84d7fee	direct population/likelihood route when the family and terms are supported	200	synthetic n=12; positive continuous predictors; integer groups; family-valid outcome	not-run	https://bambinos.github.io/bambi/notebooks/alternative_samplers.html	Retrieved source does not expose enough formula-specific evidence to confirm or refute the catalog claim conservatively.	inferred-from-description	ordinary_brm	family evidence remains indeterminate		42	-7.817384082920588	historical-semantics-unresolved	not-probed	28d5c8d51b2b49c4c2a58cd6c4a4a15574427da8e534c122c6b752d742c27e19	explicit_token_present			ready	6feb082cb5c26e22247346b4bd42f5643751bb15baf7b8f2ab087f39020d256d	bambi		pass	bambi:alternative_samplers	unresolved-family	name_or_key_present	pass	pass		bd16d2c179883196a07e5ee5e7a599683a0864a3a90ee56902e8c65676bffac3		Using Other Samplers — JAX-Based Samplers	y ~ x	true	SbPMX origin/main@a8fd3c02e1e2305683a56c91384701bfeba6b528:design/{ASKS.md,SbPMX.jl,mock_runtime.jl},compat/check-semantic-model-pipeline.jl	false		2026-07-28T21:07:08.540278+00:00	alternative_samplers	true		family is not explicit or defensibly inferred	inherited-identical-probe		already-expressible-verbatim	synthetic		y ~ x		gaussian	bridgestan-finite-density-gradient	100
confirmed	trials/cbind response lowered to explicit BinomialLogit		confirmed		16	CatalogServer_default_unsubstantiated	de618aa28ac60164	gaussian	renderer-default-contradicts semantic inference			exact_text_present		5		authoritative brm_descriptor/brm_execute; experimental SbPMX semantic_app mount adapter	scripts/examples/brms.jl	true			pass	cbpp			reachable-data-or-description	false		false	pass				pass	log_odds ~ period + (1|herd)\nincidence ~ BinomialLogit(size, log_odds)	pass	unresolved-family	https://paulbuerkner.com/brms/articles/brms_customfamilies.html	@options + option_domain/option_records + semantic_card under semantic_app	cited_project_author_publisher_surface	05c3f465e7987e8d7caa7e214fedddd90415a922		text_offset=1363; matched_terms=cbpp,herd,incidence,period,size,trials; context_sha256=87cbaf3b3e4e6995	direct population/likelihood route when the family and terms are supported	200	synthetic n=12; positive continuous predictors; integer groups; family-valid outcome	not-run	https://paulbuerkner.com/brms/articles/brms_customfamilies.html	The retrieved official/primary source contains the normalized claimed formula text.	inferred-from-response-syntax	ordinary_brm	family evidence remains indeterminate		202	-66.54212933375474	historical-semantics-unresolved	not-probed	bb9bc4724bfab2cae230ff2b8e6788dd8216a36fbec392d8dd3b7bc3285d8689	not_claimed			ready	f249e80402f17f831b5c152855b3ae4ddfa734e30f55f935ac82ddb4c1415579	brms		pass	brms:cbpp_binomial	unresolved-family	name_or_key_present	pass	pass		70cb5a10af42f9a29010277053d1f9cdc3e8726ed302d37b1441bac98dc04dcd		Custom Families — Standard Binomial GLMM	incidence | trials(size) ~ period + (1|herd)	true	SbPMX origin/main@a8fd3c02e1e2305683a56c91384701bfeba6b528:design/{ASKS.md,SbPMX.jl,mock_runtime.jl},compat/check-semantic-model-pipeline.jl	false		2026-07-28T21:07:09.937281+00:00	cbpp_binomial	true		family is not explicit or defensibly inferred	direct		already-expressible-via-semantic-rewrite	https://vincentarelbundock.github.io/Rdatasets/csv/lme4/cbpp.csv		incidence | trials(size) ~ period + (1|herd)		binomial	bridgestan-finite-density-gradient	101
confirmed	beta-binomial likelihood has StanBlocks building blocks but no stock BRM family marker/lowering	Frozen loader URL returned HTTP 200: cbpp has 56 rows and columns rownames,herd,incidence,size,period; first record is herd=1, incidence=2, size=14, period=1.	confirmed	high	32	CatalogServer_default_unsubstantiated		gaussian	renderer-default-contradicts semantic inference		brms c48ec5fd973e365ec1352f631887b9994380d0c0; BRM 05c3f465e7987e8d7caa7e214fedddd90415a922	exact_text_present				no executable descriptor until translation is resolved	scripts/examples/brms.jl	true	brms:vignettes/brms_customfamilies.Rmd:196-201; BRM:scripts/examples/brms.jl:32-38; BRM:scripts/examples/brms.jl:32 @ 05c3f465e7987e8d7caa7e214fedddd90415a922	2026-07-28T23:01:07Z	not-run	cbpp			reachable-data-or-description	false		false	not-run		explicit-family-recovery		not-run		not-run	unresolved-family	https://paulbuerkner.com/brms/articles/brms_customfamilies.html	@options + option_domain/option_records + semantic_card under semantic_app	cited_project_author_publisher_surface	05c3f465e7987e8d7caa7e214fedddd90415a922		text_offset=1363; matched_terms=cbpp,herd,incidence,period,size; context_sha256=87cbaf3b3e4e6995	direct population/likelihood route when the family and terms are supported	200	synthetic n=12; positive continuous predictors; integer groups; family-valid outcome	not-run	https://paulbuerkner.com/brms/articles/brms_customfamilies.html	The retrieved official/primary source contains the normalized claimed formula text.	authoritative-audit-explicit-family-recovery	ordinary_brm	family evidence remains indeterminate	No contradictory family evidence found; dataset is supporting evidence only.			historical-semantics-unresolved	not-probed		not_claimed			unsupported	f249e80402f17f831b5c152855b3ae4ddfa734e30f55f935ac82ddb4c1415579	brms	200	not-run	brms:cbpp_beta_binomial	unresolved-family	name_or_key_present	not-run	not-run			The exact fit2 call passes family = beta_binomial2; the vignette defines this custom family and uses vint(size).	Custom Families — Beta-Binomial GLMM	incidence | vint(size) ~ period + (1|herd)	not-run	SbPMX origin/main@a8fd3c02e1e2305683a56c91384701bfeba6b528:design/{ASKS.md,SbPMX.jl,mock_runtime.jl},compat/check-semantic-model-pipeline.jl	false		2026-07-28T21:07:09.937281+00:00	cbpp_beta_binomial	true	This is a beta-binomial count model with an overdispersion parameter phi, not an ordinary binomial inferred from trials.	family is not explicit or defensibly inferred	not-probed	Exact authoritative call and custom-family object recover beta_binomial2 directly.	genuinely-missing-brm-surface	https://vincentarelbundock.github.io/Rdatasets/csv/lme4/cbpp.csv	StanBlocks building blocks may exist; see surface audits	incidence | vint(size) ~ period + (1|herd)	https://github.com/paul-buerkner/brms; local git object for BayesianRegressionModels.jl frozen revision	beta_binomial	unsupported	102
confirmed	explicit Normal likelihood; named log-scale sigma predictor uses native linked-predictor syntax	Frozen synthetic loader creates 100 rows with numeric symptom_post and group strings from {0,1}.	confirmed	high	102	CatalogServer_default_unsubstantiated	74cfef1d38f5c71b	gaussian	renderer-default-unsubstantiated; inference happens to agree		brms c48ec5fd973e365ec1352f631887b9994380d0c0; BRM 05c3f465e7987e8d7caa7e214fedddd90415a922	exact_text_present		2		authoritative brm_descriptor/brm_execute; experimental SbPMX semantic_app mount adapter	scripts/examples/brms.jl	true	brms:vignettes/brms_distreg.Rmd:93-99; BRM:scripts/examples/brms.jl:102-107; BRM:scripts/examples/brms.jl:102 @ 05c3f465e7987e8d7caa7e214fedddd90415a922	2026-07-28T23:01:07Z	pass	distreg_dat1			synthetic-no-external-receipt	false		false	pass		explicit-family-recovery		pass	loc ~ group\nlog(sigma) ~ group\nsymptom_post ~ Normal(loc, sigma)	pass	unresolved-family	https://paulbuerkner.com/brms/articles/brms_distreg.html	@options + option_domain/option_records + semantic_card under semantic_app	cited_project_author_publisher_surface	05c3f465e7987e8d7caa7e214fedddd90415a922		text_offset=425; matched_terms=distributional,location,regression,scale; context_sha256=9da75331fa7ca5b3	direct population/likelihood route when the family and terms are supported	200	synthetic n=12; positive continuous predictors; integer groups; family-valid outcome	not-run	https://paulbuerkner.com/brms/articles/brms_distreg.html	The retrieved official/primary source contains the normalized claimed formula text.	authoritative-audit-explicit-family-recovery	ordinary_brm	family evidence remains indeterminate	No contradictory family evidence found.	206	-7.817384082920588	historical-semantics-unresolved	not-probed	caab7c1f4f65f9ca3a29411e76818f8f172efe33e1ea88b1138f651643dbc15b	not_claimed			ready	47179d08c36f3ab1bb5679d78acaf48f9ce8815c5e7e5469d7a7deb0d47a00ce	brms	200	pass	brms:distreg_normal	unresolved-family	name_or_key_present	pass	pass		0dcc0efe6fe43279a4e90246727b6f7d1f7d8698c8e35a0b76054366e5618960	The exact authoritative brm call passes family = gaussian().	Distributional Regression — Location-Scale Normal	bf(symptom_post ~ group, sigma ~ group)	true	SbPMX origin/main@a8fd3c02e1e2305683a56c91384701bfeba6b528:design/{ASKS.md,SbPMX.jl,mock_runtime.jl},compat/check-semantic-model-pipeline.jl	false		2026-07-28T21:07:09.939583+00:00	distreg_normal	true	The distributional formula models mu and sigma of a normal response; smooth or group terms do not alter the family.	family is not explicit or defensibly inferred	direct	Family is an explicit argument on the exact authoritative call.	already-expressible-via-semantic-rewrite	synthetic		bf(symptom_post ~ group, sigma ~ group)	https://github.com/paul-buerkner/brms; local git object for BayesianRegressionModels.jl frozen revision	gaussian	bridgestan-finite-density-gradient	103
confirmed	native linked predictors and the SBBRMI-only NegativeBinomial2(mu,phi) adapter landed at canonical 11031f2; this exact census uses the non-log neg_binomial_2 path on StanBlocks 329a178, while the formerly broken neg_binomial_2_log trace was subsequently fixed in StanBlocks 144188a		confirmed		118	CatalogServer_default_unsubstantiated	cd4045b167d557a1	gaussian	renderer-default-contradicts semantic inference	a707af21d138b0019810f8dce9d655109dc97ff6		exact_text_present	11031f2d3bbd0c9cad42bed53a4a8dd193ab9d2e	4		authoritative brm_descriptor/brm_execute; experimental SbPMX semantic_app mount adapter	scripts/examples/brms.jl	true			pass	distreg_fish			reachable-data-or-description	false	4d8f565b1cf4b347b3d0e93a0b6499c2561dc42d	false	pass			landed-surface-control-stanc-bridgestan-finite-predict-pointwise	pass	log(mu) ~ persons + child + camper\nlog(phi) ~ 1\ncount ~ NegativeBinomial2(mu, phi)	pass	unresolved-family	https://paulbuerkner.com/brms/articles/brms_distreg.html	@options + option_domain/option_records + semantic_card under semantic_app	cited_project_author_publisher_surface	05c3f465e7987e8d7caa7e214fedddd90415a922		text_offset=7193; matched_terms=camper,child,count,persons; context_sha256=bc03350948706b21	direct population/likelihood route when the family and terms are supported	200	synthetic n=12; positive continuous predictors; integer groups; family-valid outcome	not-run	https://paulbuerkner.com/brms/articles/brms_distreg.html	The retrieved official/primary source contains the normalized claimed formula text.	inferred-from-name	ordinary_brm	family evidence remains indeterminate		208	-20.79441541679836	historical-semantics-unresolved	not-probed	b13ed9b1ef4d51f53c91c04a117ecf6138bfbba2192d02ea17e8b00d46ce47fc	not_claimed			ready	47179d08c36f3ab1bb5679d78acaf48f9ce8815c5e7e5469d7a7deb0d47a00ce	brms		pass	brms:distreg_nb	unresolved-family	name_or_key_present	pass	pass	combined synthetic family-surface control only; never inherited as row validation	3f80d3339550d78f34abd611419551173d6926d1bf80bbf7ab510cdf9d55743d		Distributional Regression — Negative Binomial Counts	count ~ persons + child + camper	true	SbPMX origin/main@a8fd3c02e1e2305683a56c91384701bfeba6b528:design/{ASKS.md,SbPMX.jl,mock_runtime.jl},compat/check-semantic-model-pipeline.jl	true		2026-07-28T21:07:09.939583+00:00	distreg_nb	true		family is not explicit or defensibly inferred	direct		already-expressible-via-semantic-rewrite	http://paulbuerkner.com/data/fish.csv		count ~ persons + child + camper		negativebinomial	bridgestan-finite-density-gradient	104
confirmed	explicit log-link Poisson likelihood; offset(...) becomes ordinary log exposure		confirmed		133	CatalogServer_default_unsubstantiated	15c31be1759e0507	gaussian	renderer-default-contradicts semantic inference			exact_text_present		3		authoritative brm_descriptor/brm_execute; experimental SbPMX semantic_app mount adapter	scripts/examples/brms.jl	true			pass	distreg_fish			reachable-data-or-description	false		false	pass				pass	log_rate ~ persons + child + camper\ncount ~ Poisson(exp(log_rate))	pass	unresolved-family	https://paulbuerkner.com/brms/articles/brms_distreg.html	@options + option_domain/option_records + semantic_card under semantic_app	cited_project_author_publisher_surface	05c3f465e7987e8d7caa7e214fedddd90415a922		text_offset=7193; matched_terms=camper,child,count,persons; context_sha256=bc03350948706b21	direct population/likelihood route when the family and terms are supported	200	synthetic n=12; positive continuous predictors; integer groups; family-valid outcome	not-run	https://paulbuerkner.com/brms/articles/brms_distreg.html	The retrieved official/primary source contains the normalized claimed formula text.	inferred-from-name	ordinary_brm	family evidence remains indeterminate		210	-12.0	historical-semantics-unresolved	not-probed	b13ed9b1ef4d51f53c91c04a117ecf6138bfbba2192d02ea17e8b00d46ce47fc	not_claimed			ready	47179d08c36f3ab1bb5679d78acaf48f9ce8815c5e7e5469d7a7deb0d47a00ce	brms		pass	brms:distreg_zip	unresolved-family	name_or_key_present	pass	pass		3b29b0f704c65c68a906706d7e76ac0f7d4dea59e847ac59b87cce92c7165b4f		Distributional Regression — Zero-Inflated Poisson	bf(count ~ persons + child + camper, zi ~ child)	true	SbPMX origin/main@a8fd3c02e1e2305683a56c91384701bfeba6b528:design/{ASKS.md,SbPMX.jl,mock_runtime.jl},compat/check-semantic-model-pipeline.jl	false		2026-07-28T21:07:09.939583+00:00	distreg_zip	true		family is not explicit or defensibly inferred	direct		already-expressible-via-semantic-rewrite	http://paulbuerkner.com/data/fish.csv		bf(count ~ persons + child + camper, zi ~ child)		poisson	bridgestan-finite-density-gradient	105
confirmed	explicit Normal likelihood; named log-scale sigma predictor uses native linked-predictor syntax	Frozen synthetic loader creates 200 rows with numeric y,x0,x1,x2 and four-level string fac; y is generated with Gaussian randn noise and varying sigma.	confirmed	high	148	CatalogServer_default_unsubstantiated	f2ca3b6d4f0eb9f4	gaussian	renderer-default-unsubstantiated; inference happens to agree		brms c48ec5fd973e365ec1352f631887b9994380d0c0; BRM 05c3f465e7987e8d7caa7e214fedddd90415a922	exact_text_present		41		authoritative brm_descriptor/brm_execute; experimental SbPMX semantic_app mount adapter	scripts/examples/brms.jl	true	brms:vignettes/brms_distreg.Rmd:236-247; BRM:scripts/examples/brms.jl:148-153; BRM:scripts/examples/brms.jl:148 @ 05c3f465e7987e8d7caa7e214fedddd90415a922	2026-07-28T23:01:07Z	pass	distreg_gam			synthetic-no-external-receipt	false		false	pass		explicit-family-recovery		pass	loc ~ s(x1) + s(x2) + (1|fac)\nlog(sigma) ~ s(x0) + (1|fac)\ny ~ Normal(loc, sigma)	pass	unresolved-family	https://paulbuerkner.com/brms/articles/brms_distreg.html	@options + option_domain/option_records + semantic_card under semantic_app	cited_project_author_publisher_surface	05c3f465e7987e8d7caa7e214fedddd90415a922		text_offset=11; matched_terms=distributional,regression; context_sha256=1d21d8235c8f46eb	direct population/likelihood route when the family and terms are supported	200	synthetic n=12; positive continuous predictors; integer groups; family-valid outcome	not-run	https://paulbuerkner.com/brms/articles/brms_distreg.html	The retrieved official/primary source contains the normalized claimed formula text.	authoritative-audit-explicit-family-recovery	ordinary_brm	family evidence remains indeterminate	No contradictory family evidence found.	212	-3.0583030664754682	historical-semantics-unresolved	not-probed	dc0fda165d40ecac6e894c3c500ff71d5c4342983fdf9720973fc818eb38626c	not_claimed			ready	47179d08c36f3ab1bb5679d78acaf48f9ce8815c5e7e5469d7a7deb0d47a00ce	brms	200	pass	brms:distreg_gam	unresolved-family	name_or_key_present	pass	pass		a277fa923977087ad4546ec9fccd5e61fd8a6c9054d2bc36b5c92a961b6f5a5d	The exact authoritative brm call passes family = gaussian().	Distributional Regression — Smooth GAM	bf(y ~ s(x1) + s(x2) + (1|fac), sigma ~ s(x0) + (1|fac))	true	SbPMX origin/main@a8fd3c02e1e2305683a56c91384701bfeba6b528:design/{ASKS.md,SbPMX.jl,mock_runtime.jl},compat/check-semantic-model-pipeline.jl	false		2026-07-28T21:07:09.939583+00:00	distreg_gam	true	The distributional formula models mu and sigma of a normal response; smooth or group terms do not alter the family.	family is not explicit or defensibly inferred	direct	Family is an explicit argument on the exact authoritative call.	already-expressible-via-semantic-rewrite	synthetic		bf(y ~ s(x1) + s(x2) + (1|fac), sigma ~ s(x0) + (1|fac))	https://github.com/paul-buerkner/brms; local git object for BayesianRegressionModels.jl frozen revision	gaussian	bridgestan-finite-density-gradient	106
confirmed	explicit Normal likelihood; named log-scale sigma predictor uses native linked-predictor syntax	Package-owned mice::nhanes is 25x4 with age,bmi,hyp,chl; first row is age=1 with bmi,hyp,chl missing; missing counts are 0,9,8,10.	confirmed	high	176	CatalogServer_default_unsubstantiated	be2296f1b376fffa	gaussian	renderer-default-unsubstantiated; inference happens to agree		brms c48ec5fd973e365ec1352f631887b9994380d0c0; mice 3.19.0; BRM 05c3f465e7987e8d7caa7e214fedddd90415a922	exact_text_present		4		authoritative brm_descriptor/brm_execute; experimental SbPMX semantic_app mount adapter	scripts/examples/brms.jl	true	brms:vignettes/brms_missings.Rmd:74-94; brms:R/brm_multiple.R:78; BRM:scripts/examples/brms.jl:176-181; BRM:scripts/examples/brms.jl:176 @ 05c3f465e7987e8d7caa7e214fedddd90415a922	2026-07-28T23:01:07Z	pass	nhanes			dead-source	false		false	pass		explicit-family-recovery		pass	loc ~ age + chl + (age & chl)\nlog(sigma) ~ 1\nbmi ~ Normal(loc, sigma)	pass	unresolved-family	https://paulbuerkner.com/brms/articles/brms_missings.html	@options + option_domain/option_records + semantic_card under semantic_app	cited_project_author_publisher_surface	05c3f465e7987e8d7caa7e214fedddd90415a922		text_offset=1075; matched_terms=bmi,chl,imputation,multiple,nhanes; context_sha256=c2d6b14cff60be16	direct population/likelihood route when the family and terms are supported	200	synthetic n=12; positive continuous predictors; integer groups; family-valid outcome	not-run	https://paulbuerkner.com/brms/articles/brms_missings.html	The retrieved official/primary source contains the normalized claimed formula text.	authoritative-audit-explicit-family-recovery	ordinary_brm	family evidence remains indeterminate	Frozen Rdatasets URL https://vincentarelbundock.github.io/Rdatasets/csv/mice/nhanes.csv returned HTTP 404 and is absent at current Rdatasets revision; package data, not that broken loader, supplied schema support.	214	-3.8069883206128132	historical-semantics-unresolved	not-probed	ae4d01f0f86de125ba2a0fb27ddf435f48177cad797f8bc3474ecaa51b4a3699	not_claimed			ready	89df3726b04404037f14d895c50a5dd59bebaf18a98625e24a5254e124467259	brms	200	pass	brms:nhanes_imputed	unresolved-family	name_or_key_present	pass	pass		1b54de13bb6f03d5d9bd08eb2834ece1aa479b57a1d0755550530ee06ebd26e4	The exact call is brm_multiple(bmi ~ age*chl, data=imp, chains=2) and omits family; brms R/brm_multiple.R:78 declares brm_multiple(formula, data, family = gaussian()); the exact vignette call omits family.	Handle Missing Values — Multiple Imputation	bmi ~ age * chl	true	SbPMX origin/main@a8fd3c02e1e2305683a56c91384701bfeba6b528:design/{ASKS.md,SbPMX.jl,mock_runtime.jl},compat/check-semantic-model-pipeline.jl	false		2026-07-28T21:07:09.942004+00:00	nhanes_imputed	true	Multiple imputation changes data handling, not the continuous-response likelihood.	family is not explicit or defensibly inferred	direct	The exact call's documented family default explicitly recovers gaussian.	already-expressible-via-semantic-rewrite	https://vincentarelbundock.github.io/Rdatasets/csv/mice/nhanes.csv		bmi ~ age * chl	https://github.com/paul-buerkner/brms; CRAN mice package; local git object for BayesianRegressionModels.jl frozen revision	gaussian	bridgestan-finite-density-gradient	107
confirmed	joint/multivariate bf declarations require a structured design; current linked-predictor/kernel machinery exists, but this historical declaration needs a row-specific rewrite	mice::nhanes is 25x4 (age,bmi,hyp,chl), with bmi and chl numeric and 9 and 10 missing values respectively.	confirmed	high	192	CatalogServer_default_unsubstantiated		gaussian	renderer-default-unsubstantiated; inference happens to agree		brms c48ec5fd973e365ec1352f631887b9994380d0c0; mice 3.19.0; BRM 05c3f465e7987e8d7caa7e214fedddd90415a922	exact_text_present				no executable descriptor until translation is resolved	scripts/examples/brms.jl	true	brms:vignettes/brms_missings.Rmd:160-176; brms:R/brm.R:449; BRM:scripts/examples/brms.jl:192-197; BRM:scripts/examples/brms.jl:192 @ 05c3f465e7987e8d7caa7e214fedddd90415a922	2026-07-28T23:01:07Z	not-run	nhanes			dead-source	false		false	not-run		explicit-family-recovery		not-run		not-run	unresolved-family	https://paulbuerkner.com/brms/articles/brms_missings.html	@options + option_domain/option_records + semantic_card under semantic_app	cited_project_author_publisher_surface	05c3f465e7987e8d7caa7e214fedddd90415a922		text_offset=1075; matched_terms=bmi,chl,imputation,model,nhanes; context_sha256=c2d6b14cff60be16	direct population/likelihood route when the family and terms are supported	200	synthetic n=12; positive continuous predictors; integer groups; family-valid outcome	not-run	https://paulbuerkner.com/brms/articles/brms_missings.html	The retrieved official/primary source contains the normalized claimed formula text.	authoritative-audit-explicit-family-recovery	ordinary_brm	family evidence remains indeterminate	Frozen Rdatasets loader URL returned HTTP 404; no discrete-family evidence appears in the exact call.			historical-semantics-unresolved	not-probed		not_claimed			semantic-rewrite	89df3726b04404037f14d895c50a5dd59bebaf18a98625e24a5254e124467259	brms	200	not-run	brms:nhanes_joint	unresolved-family	name_or_key_present	not-run	not-run			The exact bform is passed to brm(bform,data=nhanes) with no family; brms R/brm.R:449 declares brm(formula, data, family = gaussian()); this explicit API default is applied only where the cited exact brm call omits family.	Handle Missing Values — Joint Imputation Model	bf(bmi | mi() ~ age * mi(chl)) + bf(chl | mi() ~ age) + set_rescor(FALSE)	not-run	SbPMX origin/main@a8fd3c02e1e2305683a56c91384701bfeba6b528:design/{ASKS.md,SbPMX.jl,mock_runtime.jl},compat/check-semantic-model-pipeline.jl	false		2026-07-28T21:07:09.942004+00:00	nhanes_joint	true	Both continuous responses bmi and chl therefore use Gaussian submodels; mi() marks missing-value treatment and set_rescor(FALSE) controls residual correlation only.	family is not explicit or defensibly inferred	not-probed	Exact call plus explicit brm default recover Gaussian response families.	already-expressible-via-semantic-rewrite	https://vincentarelbundock.github.io/Rdatasets/csv/mice/nhanes.csv		bf(bmi | mi() ~ age * mi(chl)) + bf(chl | mi() ~ age) + set_rescor(FALSE)	https://github.com/paul-buerkner/brms; CRAN mice package; local git object for BayesianRegressionModels.jl frozen revision	gaussian	semantic-rewrite	108
adapted-but-defensible	joint/multivariate bf declarations require a structured design; current linked-predictor/kernel machinery exists, but this historical declaration needs a row-specific rewrite	mice::nhanes is 25x4 and has no se or se_chl column; bmi and chl are numeric continuous variables.	mismatch	medium-high	208	CatalogServer_default_unsubstantiated		gaussian	renderer-default-unsubstantiated; inference happens to agree		brms c48ec5fd973e365ec1352f631887b9994380d0c0; mice 3.19.0; BRM 05c3f465e7987e8d7caa7e214fedddd90415a922	partial_semantic_terms:4/5				no executable descriptor until translation is resolved	scripts/examples/brms.jl	true	brms:vignettes/brms_missings.Rmd:206-224; brms:R/brm.R:449; BRM:scripts/examples/brms.jl:208-213; BRM:scripts/examples/brms.jl:208 @ 05c3f465e7987e8d7caa7e214fedddd90415a922	2026-07-28T23:01:07Z	not-run	nhanes			dead-source	false		true	not-run		defensible-semantic-inference		not-run		not-run	unresolved-family	https://paulbuerkner.com/brms/articles/brms_missings.html	@options + option_domain/option_records + semantic_card under semantic_app	cited_project_author_publisher_surface	05c3f465e7987e8d7caa7e214fedddd90415a922	Create an se column as in the vignette and use mi(se), or explicitly create se_chl in the adapter before fitting.	brms_missings: measurement-error block defining nhanes$se and bf(chl | mi(se) ~ age)	direct population/likelihood route when the family and terms are supported	200	synthetic n=12; positive continuous predictors; integer groups; family-valid outcome	not-run	https://paulbuerkner.com/brms/articles/brms_missings.html	The source creates nhanes$se and uses mi(se); the catalog names se_chl, but the historical loader exposes the untouched NHANES CSV and never creates that column.	authoritative-audit-defensible-semantic-inference	ordinary_brm	family evidence remains indeterminate	The frozen loader URL is HTTP 404; the frozen loader never adds se_chl, while the source adds se via rexp. Thus the frozen card is not executable as written.			historical-semantics-unresolved	not-probed		not_claimed			semantic-rewrite	89df3726b04404037f14d895c50a5dd59bebaf18a98625e24a5254e124467259	brms	200	not-run	brms:nhanes_error	unresolved-family	name_or_key_present	not-run	not-run			The authoritative measurement-error analogue creates nhanes$se, uses bf(chl | mi(se) ~ age), and calls brm without family; brm's explicit default is gaussian().	Handle Missing Values — Measurement Error Variant	bf(bmi | mi() ~ age * mi(chl)) + bf(chl | mi(se = se_chl) ~ age) + set_rescor(FALSE)	not-run	SbPMX origin/main@a8fd3c02e1e2305683a56c91384701bfeba6b528:design/{ASKS.md,SbPMX.jl,mock_runtime.jl},compat/check-semantic-model-pipeline.jl	false		2026-07-28T21:07:09.942004+00:00	nhanes_error	true	Renaming the known-SE column from se to se_chl does not change the likelihood family, but the frozen row does not create se_chl, so family recovery is semantic rather than an exact-call recovery.	family is not explicit or defensibly inferred	not-probed	Gaussian is strongly supported by the exact authoritative analogue and API default, but source/data drift prevents classing the row as an exact recovery.	already-expressible-via-semantic-rewrite	https://vincentarelbundock.github.io/Rdatasets/csv/mice/nhanes.csv		bf(bmi | mi() ~ age * mi(chl)) + bf(chl | mi(se = se_chl) ~ age) + set_rescor(FALSE)	https://github.com/paul-buerkner/brms; CRAN mice package; local git object for BayesianRegressionModels.jl frozen revision	gaussian	semantic-rewrite	109
confirmed	explicit Normal likelihood; named log-scale sigma predictor uses native linked-predictor syntax	Frozen synthetic loader makes 200 rows; ls is numeric and generated as income_num + 0.4*age + randn noise; income has four labels, income_num is 1-4, age and city are strings.	confirmed	high	252	CatalogServer_default_unsubstantiated	5545af234ce74963	gaussian	renderer-default-unsubstantiated; inference happens to agree		brms c48ec5fd973e365ec1352f631887b9994380d0c0; BRM 05c3f465e7987e8d7caa7e214fedddd90415a922	exact_text_present		3		authoritative brm_descriptor/brm_execute; experimental SbPMX semantic_app mount adapter	scripts/examples/brms.jl	true	brms:vignettes/brms_monotonic.Rmd:92; brms:R/brm.R:449; BRM:scripts/examples/brms.jl; BRM:scripts/examples/brms.jl:252 @ 05c3f465e7987e8d7caa7e214fedddd90415a922	2026-07-28T23:01:07Z	pass	income			synthetic-no-external-receipt	false		false	pass		explicit-family-recovery		pass	loc ~ mo(income)\nlog(sigma) ~ 1\nls ~ Normal(loc, sigma)	pass	unresolved-family	https://paulbuerkner.com/brms/articles/brms_monotonic.html	@options + option_domain/option_records + semantic_card under semantic_app	cited_project_author_publisher_surface	05c3f465e7987e8d7caa7e214fedddd90415a922		text_offset=2515; matched_terms=income,main; context_sha256=628901b5e2010317	direct population/likelihood route when the family and terms are supported	200	synthetic n=12; positive continuous predictors; integer groups; family-valid outcome	not-run	https://paulbuerkner.com/brms/articles/brms_monotonic.html	The retrieved official/primary source contains the normalized claimed formula text.	authoritative-audit-explicit-family-recovery	ordinary_brm	family evidence remains indeterminate	The frozen synthetic data differ in size/coding from the vignette's 100-row simulation, but both have continuous ls; no contradictory family evidence found.	220	-9.517167144769907	historical-semantics-unresolved	not-probed	1e66666480525ac0759d780051b15bdaa79130f33b071caf4b9992839dd7a7d6	not_claimed			ready	a70d1695d23774eec151d7163ea5b78d4ab4648d048e11565cb133e757b3c025	brms	200	pass	brms:income_mo	unresolved-family	name_or_key_present	pass	pass		14d602efbae75958b19440040159580307328dc7eb4eb1444d7d86210a67ec03	The exact brm call omits family; brms R/brm.R:449 declares brm(formula, data, family = gaussian()); this explicit API default is applied only where the cited exact brm call omits family.	Monotonic Effects — Main Effect	ls ~ mo(income)	true	SbPMX origin/main@a8fd3c02e1e2305683a56c91384701bfeba6b528:design/{ASKS.md,SbPMX.jl,mock_runtime.jl},compat/check-semantic-model-pipeline.jl	false		2026-07-28T21:07:09.945438+00:00	income_mo	true	mo(), factor coding, interactions, and group-level slopes change the predictor structure, not the response family.	family is not explicit or defensibly inferred	direct	The exact call and explicit brm API default recover gaussian.	already-expressible-verbatim	synthetic		ls ~ mo(income)	https://github.com/paul-buerkner/brms; local git object for BayesianRegressionModels.jl frozen revision	gaussian	bridgestan-finite-density-gradient	110
confirmed	explicit Normal likelihood; named log-scale sigma predictor uses native linked-predictor syntax	Frozen synthetic loader makes 200 rows; ls is numeric and generated as income_num + 0.4*age + randn noise; income has four labels, income_num is 1-4, age and city are strings.	confirmed	high	268	CatalogServer_default_unsubstantiated	361c77ddb270025a	gaussian	renderer-default-unsubstantiated; inference happens to agree		brms c48ec5fd973e365ec1352f631887b9994380d0c0; BRM 05c3f465e7987e8d7caa7e214fedddd90415a922	exact_text_present		2		authoritative brm_descriptor/brm_execute; experimental SbPMX semantic_app mount adapter	scripts/examples/brms.jl	true	brms:vignettes/brms_monotonic.Rmd:111-113; brms:R/brm.R:449; BRM:scripts/examples/brms.jl; BRM:scripts/examples/brms.jl:268 @ 05c3f465e7987e8d7caa7e214fedddd90415a922	2026-07-28T23:01:07Z	pass	income			synthetic-no-external-receipt	false		false	pass		explicit-family-recovery		pass	loc ~ income_num\nlog(sigma) ~ 1\nls ~ Normal(loc, sigma)	pass	unresolved-family	https://paulbuerkner.com/brms/articles/brms_monotonic.html	@options + option_domain/option_records + semantic_card under semantic_app	cited_project_author_publisher_surface	05c3f465e7987e8d7caa7e214fedddd90415a922		text_offset=4716; matched_terms=income_num,numeric; context_sha256=b67e6b58b9effc46	direct population/likelihood route when the family and terms are supported	200	synthetic n=12; positive continuous predictors; integer groups; family-valid outcome	not-run	https://paulbuerkner.com/brms/articles/brms_monotonic.html	The retrieved official/primary source contains the normalized claimed formula text.	authoritative-audit-explicit-family-recovery	ordinary_brm	family evidence remains indeterminate	The frozen synthetic data differ in size/coding from the vignette's 100-row simulation, but both have continuous ls; no contradictory family evidence found.	222	-7.817384082920588	historical-semantics-unresolved	not-probed	237e4aa26d37eb972889877050da4e353901292f0a08b7fcd62273b534f9c6ad	not_claimed			ready	a70d1695d23774eec151d7163ea5b78d4ab4648d048e11565cb133e757b3c025	brms	200	pass	brms:income_num	unresolved-family	name_or_key_present	pass	pass		0530c180c261d11e2712994f18e608090969ff002e3bf013d7b9211022e919bb	The exact brm call omits family; brms R/brm.R:449 declares brm(formula, data, family = gaussian()); this explicit API default is applied only where the cited exact brm call omits family.	Monotonic Effects — Numeric Comparison	ls ~ income_num	true	SbPMX origin/main@a8fd3c02e1e2305683a56c91384701bfeba6b528:design/{ASKS.md,SbPMX.jl,mock_runtime.jl},compat/check-semantic-model-pipeline.jl	false		2026-07-28T21:07:09.945438+00:00	income_num	true	mo(), factor coding, interactions, and group-level slopes change the predictor structure, not the response family.	family is not explicit or defensibly inferred	direct	The exact call and explicit brm API default recover gaussian.	already-expressible-verbatim	synthetic		ls ~ income_num	https://github.com/paul-buerkner/brms; local git object for BayesianRegressionModels.jl frozen revision	gaussian	bridgestan-finite-density-gradient	111
confirmed	explicit Normal likelihood; named log-scale sigma predictor uses native linked-predictor syntax	Frozen synthetic loader makes 200 rows; ls is numeric and generated as income_num + 0.4*age + randn noise; income has four labels, income_num is 1-4, age and city are strings.	confirmed	high	283	CatalogServer_default_unsubstantiated	0dedcaf99268271b	gaussian	renderer-default-unsubstantiated; inference happens to agree		brms c48ec5fd973e365ec1352f631887b9994380d0c0; BRM 05c3f465e7987e8d7caa7e214fedddd90415a922	exact_text_present		2		authoritative brm_descriptor/brm_execute; experimental SbPMX semantic_app mount adapter	scripts/examples/brms.jl	true	brms:vignettes/brms_monotonic.Rmd:121-124; brms:R/brm.R:449; BRM:scripts/examples/brms.jl; BRM:scripts/examples/brms.jl:283 @ 05c3f465e7987e8d7caa7e214fedddd90415a922	2026-07-28T23:01:07Z	pass	income			synthetic-no-external-receipt	false		false	pass		explicit-family-recovery		pass	loc ~ income\nlog(sigma) ~ 1\nls ~ Normal(loc, sigma)	pass	unresolved-family	https://paulbuerkner.com/brms/articles/brms_monotonic.html	@options + option_domain/option_records + semantic_card under semantic_app	cited_project_author_publisher_surface	05c3f465e7987e8d7caa7e214fedddd90415a922		text_offset=11; matched_terms=effects,factor,monotonic; context_sha256=8be9cd8c844f1f4a	direct population/likelihood route when the family and terms are supported	200	synthetic n=12; positive continuous predictors; integer groups; family-valid outcome	not-run	https://paulbuerkner.com/brms/articles/brms_monotonic.html	The retrieved official/primary source contains the normalized claimed formula text.	authoritative-audit-explicit-family-recovery	ordinary_brm	family evidence remains indeterminate	The frozen synthetic data differ in size/coding from the vignette's 100-row simulation, but both have continuous ls; no contradictory family evidence found.	224	-7.817384082920588	historical-semantics-unresolved	not-probed	c38490d3bd641c43c6dd5f1e8289046b55f9c494e9d0ab4da7f5fa5e2c802b30	not_claimed			ready	a70d1695d23774eec151d7163ea5b78d4ab4648d048e11565cb133e757b3c025	brms	200	pass	brms:income_nominal	unresolved-family	name_or_key_present	pass	pass		f6ce80646248151f451eb42179203c483fbd786bdc80dbd3c23bc01114c6c5f9	The exact brm call omits family; brms R/brm.R:449 declares brm(formula, data, family = gaussian()); this explicit API default is applied only where the cited exact brm call omits family.	Monotonic Effects — Nominal Factor Comparison	ls ~ income	true	SbPMX origin/main@a8fd3c02e1e2305683a56c91384701bfeba6b528:design/{ASKS.md,SbPMX.jl,mock_runtime.jl},compat/check-semantic-model-pipeline.jl	false		2026-07-28T21:07:09.945438+00:00	income_nominal	true	mo(), factor coding, interactions, and group-level slopes change the predictor structure, not the response family.	family is not explicit or defensibly inferred	direct	The exact call and explicit brm API default recover gaussian.	already-expressible-verbatim	synthetic		ls ~ income	https://github.com/paul-buerkner/brms; local git object for BayesianRegressionModels.jl frozen revision	gaussian	bridgestan-finite-density-gradient	112
confirmed	current `&` interactions require raw columns; transformed/non-atomic `*` operands need a data-derivation step; prederive the exact interaction/design columns	Frozen synthetic loader makes 200 rows; ls is numeric and generated as income_num + 0.4*age + randn noise; income has four labels, income_num is 1-4, age and city are strings.	confirmed	high	298	CatalogServer_default_unsubstantiated		gaussian	renderer-default-unsubstantiated; inference happens to agree		brms c48ec5fd973e365ec1352f631887b9994380d0c0; BRM 05c3f465e7987e8d7caa7e214fedddd90415a922	exact_text_present				no executable descriptor until translation is resolved	scripts/examples/brms.jl	true	brms:vignettes/brms_monotonic.Rmd:198-200; brms:R/brm.R:449; BRM:scripts/examples/brms.jl; BRM:scripts/examples/brms.jl:298 @ 05c3f465e7987e8d7caa7e214fedddd90415a922	2026-07-28T23:01:07Z	not-run	income			synthetic-no-external-receipt	false		false	not-run		explicit-family-recovery		not-run		not-run	unresolved-family	https://paulbuerkner.com/brms/articles/brms_monotonic.html	@options + option_domain/option_records + semantic_card under semantic_app	cited_project_author_publisher_surface	05c3f465e7987e8d7caa7e214fedddd90415a922		text_offset=115; matched_terms=age,effects,monotonic,with; context_sha256=db150f66b58caa1f	direct population/likelihood route when the family and terms are supported	200	synthetic n=12; positive continuous predictors; integer groups; family-valid outcome	not-run	https://paulbuerkner.com/brms/articles/brms_monotonic.html	The retrieved official/primary source contains the normalized claimed formula text.	authoritative-audit-explicit-family-recovery	ordinary_brm	family evidence remains indeterminate	The frozen synthetic data differ in size/coding from the vignette's 100-row simulation, but both have continuous ls; no contradictory family evidence found.			historical-semantics-unresolved	not-probed		not_claimed			semantic-rewrite	a70d1695d23774eec151d7163ea5b78d4ab4648d048e11565cb133e757b3c025	brms	200	not-run	brms:income_mo_age	unresolved-family	name_or_key_present	not-run	not-run			The exact brm call omits family; brms R/brm.R:449 declares brm(formula, data, family = gaussian()); this explicit API default is applied only where the cited exact brm call omits family.	Monotonic Effects — Interaction with Age	ls ~ mo(income) * age	not-run	SbPMX origin/main@a8fd3c02e1e2305683a56c91384701bfeba6b528:design/{ASKS.md,SbPMX.jl,mock_runtime.jl},compat/check-semantic-model-pipeline.jl	false		2026-07-28T21:07:09.945438+00:00	income_mo_age	true	mo(), factor coding, interactions, and group-level slopes change the predictor structure, not the response family.	family is not explicit or defensibly inferred	not-probed	The exact call and explicit brm API default recover gaussian.	already-expressible-via-semantic-rewrite	synthetic		ls ~ mo(income) * age	https://github.com/paul-buerkner/brms; local git object for BayesianRegressionModels.jl frozen revision	gaussian	semantic-rewrite	113
confirmed	current `&` interactions require raw columns; transformed/non-atomic `*` operands need a data-derivation step; prederive the exact interaction/design columns	Frozen synthetic loader makes 200 rows; ls is numeric and generated as income_num + 0.4*age + randn noise; income has four labels, income_num is 1-4, age and city are strings.	confirmed	high	313	CatalogServer_default_unsubstantiated		gaussian	renderer-default-unsubstantiated; inference happens to agree		brms c48ec5fd973e365ec1352f631887b9994380d0c0; BRM 05c3f465e7987e8d7caa7e214fedddd90415a922	exact_text_present				no executable descriptor until translation is resolved	scripts/examples/brms.jl	true	brms:vignettes/brms_monotonic.Rmd:219-224; brms:R/brm.R:449; BRM:scripts/examples/brms.jl; BRM:scripts/examples/brms.jl:313 @ 05c3f465e7987e8d7caa7e214fedddd90415a922	2026-07-28T23:01:07Z	not-run	income			synthetic-no-external-receipt	false		false	not-run		explicit-family-recovery		not-run		not-run	unresolved-family	https://paulbuerkner.com/brms/articles/brms_monotonic.html	@options + option_domain/option_records + semantic_card under semantic_app	cited_project_author_publisher_surface	05c3f465e7987e8d7caa7e214fedddd90415a922		text_offset=2515; matched_terms=income,level; context_sha256=628901b5e2010317	direct population/likelihood route when the family and terms are supported	200	synthetic n=12; positive continuous predictors; integer groups; family-valid outcome	not-run	https://paulbuerkner.com/brms/articles/brms_monotonic.html	The retrieved official/primary source contains the normalized claimed formula text.	authoritative-audit-explicit-family-recovery	ordinary_brm	family evidence remains indeterminate	The frozen synthetic data differ in size/coding from the vignette's 100-row simulation, but both have continuous ls; no contradictory family evidence found.			historical-semantics-unresolved	not-probed		not_claimed			semantic-rewrite	a70d1695d23774eec151d7163ea5b78d4ab4648d048e11565cb133e757b3c025	brms	200	not-run	brms:income_mo_city	unresolved-family	name_or_key_present	not-run	not-run			The exact brm call omits family; brms R/brm.R:449 declares brm(formula, data, family = gaussian()); this explicit API default is applied only where the cited exact brm call omits family.	Monotonic Effects — City-Level Random Slopes	ls ~ mo(income) * age + (mo(income) | city)	not-run	SbPMX origin/main@a8fd3c02e1e2305683a56c91384701bfeba6b528:design/{ASKS.md,SbPMX.jl,mock_runtime.jl},compat/check-semantic-model-pipeline.jl	false		2026-07-28T21:07:09.945438+00:00	income_mo_city	true	mo(), factor coding, interactions, and group-level slopes change the predictor structure, not the response family.	family is not explicit or defensibly inferred	not-probed	The exact call and explicit brm API default recover gaussian.	already-expressible-via-semantic-rewrite	synthetic		ls ~ mo(income) * age + (mo(income) | city)	https://github.com/paul-buerkner/brms; local git object for BayesianRegressionModels.jl frozen revision	gaussian	semantic-rewrite	114
confirmed	requires a faithful stanblocks_plate implementation; no ordinary-formula substitute	Package-owned BTdata is 828x7 with tarsus,back,animal,dam,fosternest,hatchdate,sex; first tarsus/back values are -1.89229718155107 and 1.14642115004672.	confirmed	high	341	CatalogServer_default_unsubstantiated		gaussian	renderer-default-contradicts semantic inference		brms c48ec5fd973e365ec1352f631887b9994380d0c0; MCMCglmm 2.36; BRM 05c3f465e7987e8d7caa7e214fedddd90415a922	exact_text_present				StanBlocks plate substrate; no authoritative BRM descriptor for this row; experimental semantic_app adapter required	scripts/examples/brms.jl	true	brms:vignettes/brms_multivariate.Rmd:47-57; brms:R/brm.R:449; BRM:scripts/examples/brms.jl:341-346; BRM:scripts/examples/brms.jl:341 @ 05c3f465e7987e8d7caa7e214fedddd90415a922	2026-07-28T23:01:07Z	not-run	btdata			dead-source	false		false	not-run		explicit-family-recovery		not-run		not-run	unresolved-family	https://paulbuerkner.com/brms/articles/brms_multivariate.html	@options + option_domain/option_records + semantic_card under semantic_app	cited_project_author_publisher_surface	05c3f465e7987e8d7caa7e214fedddd90415a922		text_offset=1140; matched_terms=back,btdata,dam,fosternest,hatchdate,mvbind,set_rescor,sex,tarsus; context_sha256=e368ec1230fe725a	faithful-candidate: correlated multivariate outcome requires explicit covariance and packed likelihood	200	synthetic n=12; positive continuous predictors; integer groups; family-valid outcome	not-run	https://paulbuerkner.com/brms/articles/brms_multivariate.html	The retrieved official/primary source contains the normalized claimed formula text.	authoritative-audit-explicit-family-recovery	stanblocks_plate	family evidence remains indeterminate	Frozen Rdatasets BTdata URL returned HTTP 404 and is absent from current Rdatasets; package object supplied schema support.			historical-semantics-unresolved	not-probed		not_claimed			route-specific	af83dd53217f1f1ec37d468b66e0ed351a28f64005629f88970a8e446280dbd5	brms	200	not-run	brms:btdata_compact	unresolved-family	name_or_key_present	not-run	not-run			The source calls the exact mvbind formula a multivariate normal model and brm omits family; brms R/brm.R:449 declares brm(formula, data, family = gaussian()); this explicit API default is applied only where the cited exact brm call omits family.	Multivariate Models — Compact mvbind Syntax	bf(mvbind(tarsus, back) ~ sex + hatchdate + (1|p|fosternest) + (1|q|dam)) + set_rescor(TRUE)	not-run	SbPMX origin/main@a8fd3c02e1e2305683a56c91384701bfeba6b528:design/{ASKS.md,SbPMX.jl,mock_runtime.jl},compat/check-semantic-model-pipeline.jl	false		2026-07-28T21:07:09.960455+00:00	btdata_compact	true	mvbind expands to two Gaussian response components and set_rescor(TRUE) estimates their residual correlation.	family is not explicit or defensibly inferred	not-probed	The exact authoritative model description plus explicit brm default recover Gaussian for both responses.	historical-semantics-unresolved	https://vincentarelbundock.github.io/Rdatasets/csv/MCMCglmm/BTdata.csv	kernel/plate substrate control is separately probed	bf(mvbind(tarsus, back) ~ sex + hatchdate + (1|p|fosternest) + (1|q|dam)) + set_rescor(TRUE)	https://github.com/paul-buerkner/brms; CRAN MCMCglmm package; local git object for BayesianRegressionModels.jl frozen revision	multivariate_gaussian	route-specific	115
adapted-but-defensible	requires a faithful stanblocks_plate implementation; no ordinary-formula substitute	BTdata is 828x7 and both responses are numeric continuous measurements.	adapted-but-defensible	high	357	CatalogServer_default_unsubstantiated		gaussian	renderer-default-contradicts semantic inference		brms c48ec5fd973e365ec1352f631887b9994380d0c0; MCMCglmm 2.36; BRM 05c3f465e7987e8d7caa7e214fedddd90415a922	partial_semantic_terms:7/7				StanBlocks plate substrate; no authoritative BRM descriptor for this row; experimental semantic_app adapter required	scripts/examples/brms.jl	true	brms:vignettes/brms_multivariate.Rmd:47-70; brms:R/brm.R:449; BRM:scripts/examples/brms.jl:357-362; BRM:scripts/examples/brms.jl:357 @ 05c3f465e7987e8d7caa7e214fedddd90415a922	2026-07-28T23:01:07Z	not-run	btdata			dead-source	false		true	not-run		defensible-semantic-inference		not-run		not-run	unresolved-family	https://paulbuerkner.com/brms/articles/brms_multivariate.html	@options + option_domain/option_records + semantic_card under semantic_app	cited_project_author_publisher_surface	05c3f465e7987e8d7caa7e214fedddd90415a922	For source-literal syntax use the compact mvbind(tarsus, back) formula shown in the vignette.	brms_multivariate: compact mvbind model preceding separate-response examples	faithful-candidate: correlated multivariate outcome requires explicit covariance and packed likelihood	200	synthetic n=12; positive continuous predictors; integer groups; family-valid outcome	not-run	https://paulbuerkner.com/brms/articles/brms_multivariate.html	The two response-specific formulas are the semantic expansion of the source compact mvbind model with the same shared predictors and correlated residuals.	authoritative-audit-defensible-semantic-inference	stanblocks_plate	family evidence remains indeterminate	The exact expanded string is not the source call; it is an adaptation. Frozen Rdatasets URL is HTTP 404.			historical-semantics-unresolved	not-probed		not_claimed			route-specific	af83dd53217f1f1ec37d468b66e0ed351a28f64005629f88970a8e446280dbd5	brms	200	not-run	brms:btdata_explicit	unresolved-family	name_or_key_present	not-run	not-run			The source exact compact mvbind model is a multivariate normal model and uses brm's Gaussian default.	Multivariate Models — Explicit Separate Formulas	bf(tarsus ~ sex + hatchdate + (1|p|fosternest) + (1|q|dam)) + bf(back ~ sex + hatchdate + (1|p|fosternest) + (1|q|dam)) + set_rescor(TRUE)	not-run	SbPMX origin/main@a8fd3c02e1e2305683a56c91384701bfeba6b528:design/{ASKS.md,SbPMX.jl,mock_runtime.jl},compat/check-semantic-model-pipeline.jl	false		2026-07-28T21:07:09.960455+00:00	btdata_explicit	true	The frozen two-bf formula is the response-wise expansion of that compact model with the same predictors, grouping IDs, and residual correlation.	family is not explicit or defensibly inferred	not-probed	Semantic equivalence to the exact compact Gaussian model supports the two response-specific Gaussian families.	historical-semantics-unresolved	https://vincentarelbundock.github.io/Rdatasets/csv/MCMCglmm/BTdata.csv	kernel/plate substrate control is separately probed	bf(tarsus ~ sex + hatchdate + (1|p|fosternest) + (1|q|dam)) + bf(back ~ sex + hatchdate + (1|p|fosternest) + (1|q|dam)) + set_rescor(TRUE)	https://github.com/paul-buerkner/brms; CRAN MCMCglmm package; local git object for BayesianRegressionModels.jl frozen revision	multivariate_gaussian	route-specific	116
adapted-but-defensible	requires a faithful stanblocks_plate implementation; no ordinary-formula substitute	BTdata is 828x7; tarsus and back are continuous numeric responses.	mismatch	high	373	CatalogServer_default_unsubstantiated		gaussian	renderer-default-contradicts semantic inference		brms c48ec5fd973e365ec1352f631887b9994380d0c0; historical brms e5000587444d2ae04acf071a55975d4218bd2ffe; MCMCglmm 2.36; BRM 05c3f465e7987e8d7caa7e214fedddd90415a922	partial_semantic_terms:8/8				StanBlocks plate substrate; no authoritative BRM descriptor for this row; experimental semantic_app adapter required	scripts/examples/brms.jl	true	brms:vignettes/brms_multivariate.Rmd:143-166 (current lines 150-166); historical same model at e5000587 lines 143-158; BRM:scripts/examples/brms.jl:373-378; BRM:scripts/examples/brms.jl:373 @ 05c3f465e7987e8d7caa7e214fedddd90415a922	2026-07-28T23:01:07Z	not-run	btdata			dead-source	false		true	not-run		explicit-family-recovery		not-run		not-run	unresolved-family	https://paulbuerkner.com/brms/articles/brms_multivariate.html	@options + option_domain/option_records + semantic_card under semantic_app	cited_project_author_publisher_surface	05c3f465e7987e8d7caa7e214fedddd90415a922	Use the source response-specific fit3 formulas and set_rescor(FALSE).	brms_multivariate: fit3 response-specific formulas and set_rescor(FALSE)	faithful-candidate: correlated multivariate outcome requires explicit covariance and packed likelihood	200	synthetic n=12; positive continuous predictors; integer groups; family-valid outcome	not-run	https://paulbuerkner.com/brms/articles/brms_multivariate.html	The source spline model assigns sex to tarsus, s(hatchdate) to back, uses skew-normal only for tarsus, and disables residual correlation. The catalog puts both predictors in both responses and enables residual correlation.	authoritative-audit-explicit-family-recovery	stanblocks_plate	family evidence remains indeterminate	Catalog formula materially drifts: it puts sex and s(hatchdate,k=5) in both responses and set_rescor(TRUE); source puts sex only in tarsus, spline only in back, and set_rescor(FALSE). Frozen Rdatasets URL is HTTP 404.			historical-semantics-unresolved	not-probed		not_claimed			route-specific	af83dd53217f1f1ec37d468b66e0ed351a28f64005629f88970a8e446280dbd5	brms	200	not-run	brms:btdata_spline	unresolved-family	name_or_key_present	not-run	not-run			The source explicitly adds skew_normal() to bf_tarsus and gaussian() to bf_back; the frozen formula itself also explicitly places family=skew_normal() on tarsus.	Multivariate Models — Skew-Normal with Splines	bf(tarsus ~ sex + s(hatchdate, k=5) + (1|p|fosternest) + (1|q|dam), family = skew_normal()) + bf(back ~ sex + s(hatchdate, k=5) + (1|p|fosternest) + (1|q|dam)) + set_rescor(TRUE)	not-run	SbPMX origin/main@a8fd3c02e1e2305683a56c91384701bfeba6b528:design/{ASKS.md,SbPMX.jl,mock_runtime.jl},compat/check-semantic-model-pipeline.jl	false		2026-07-28T21:07:09.960455+00:00	btdata_spline	true	This is a response-specific multivariate family. The family assignment survives predictor drift even though residual correlation is invalid once one component is non-Gaussian.	family is not explicit or defensibly inferred	not-probed	Families are explicit and concordant even though the overall formula is source-mismatched.	historical-semantics-unresolved	https://vincentarelbundock.github.io/Rdatasets/csv/MCMCglmm/BTdata.csv	kernel/plate substrate control is separately probed	bf(tarsus ~ sex + s(hatchdate, k=5) + (1|p|fosternest) + (1|q|dam), family = skew_normal()) + bf(back ~ sex + s(hatchdate, k=5) + (1|p|fosternest) + (1|q|dam)) + set_rescor(TRUE)	https://github.com/paul-buerkner/brms; CRAN MCMCglmm package; local git object for BayesianRegressionModels.jl frozen revision	multivariate_skew_normal_gaussian	route-specific	117
confirmed	nonlinear parameter formulas need an explicit current linked-predictor design; current linked-predictor/kernel machinery exists, but this historical declaration needs a row-specific rewrite	Frozen synthetic loader produces 100 numeric x,y rows with y=2*exp(-x)+0.1*randn noise.	confirmed	high	434	CatalogServer_default_unsubstantiated		gaussian	renderer-default-unsubstantiated; inference happens to agree		brms c48ec5fd973e365ec1352f631887b9994380d0c0; BRM 05c3f465e7987e8d7caa7e214fedddd90415a922	exact_text_present				no executable descriptor until translation is resolved	scripts/examples/brms.jl	true	brms:vignettes/brms_nonlinear.Rmd:81-86; brms:R/brm.R:449; BRM:scripts/examples/brms.jl; BRM:scripts/examples/brms.jl:434 @ 05c3f465e7987e8d7caa7e214fedddd90415a922	2026-07-28T23:01:07Z	not-run	nonlinear_dat			synthetic-no-external-receipt	false		false	not-run		explicit-family-recovery		not-run		not-run	unresolved-family	https://paulbuerkner.com/brms/articles/brms_nonlinear.html	@options + option_domain/option_records + semantic_card under semantic_app	cited_project_author_publisher_surface	05c3f465e7987e8d7caa7e214fedddd90415a922		text_offset=22; matched_terms=models; context_sha256=6ce79f36bda8b02d	direct population/likelihood route when the family and terms are supported	200	synthetic n=12; positive continuous predictors; integer groups; family-valid outcome	not-run	https://paulbuerkner.com/brms/articles/brms_nonlinear.html	The retrieved official/primary source contains the normalized claimed formula text.	authoritative-audit-explicit-family-recovery	ordinary_brm	family evidence remains indeterminate	No contradictory family evidence found.			historical-semantics-unresolved	not-probed		not_claimed			semantic-rewrite	54687a3fcb71e843c9dd84227eab8b668fa0ae4a03929623ad27ce31bcb8d86c	brms	200	not-run	brms:nonlinear_exp	unresolved-family	name_or_key_present	not-run	not-run			The exact brm call omits family; brms R/brm.R:449 declares brm(formula, data, family = gaussian()); this explicit API default is applied only where the cited exact brm call omits family.	Nonlinear Models — Exponential Decay	bf(y ~ b1 * exp(b2 * x), b1 + b2 ~ 1, nl = TRUE)	not-run	SbPMX origin/main@a8fd3c02e1e2305683a56c91384701bfeba6b528:design/{ASKS.md,SbPMX.jl,mock_runtime.jl},compat/check-semantic-model-pipeline.jl	false		2026-07-28T21:07:09.960755+00:00	nonlinear_exp	true	Nonlinear predictor syntax changes the mean function only; the comparison y~x uses the same explicit default.	family is not explicit or defensibly inferred	not-probed	Exact authoritative call plus explicit API default recover gaussian.	already-expressible-via-semantic-rewrite	synthetic		bf(y ~ b1 * exp(b2 * x), b1 + b2 ~ 1, nl = TRUE)	https://github.com/paul-buerkner/brms; local git object for BayesianRegressionModels.jl frozen revision	gaussian	semantic-rewrite	118
unverifiable	explicit Normal likelihood; named log-scale sigma predictor uses native linked-predictor syntax	Frozen synthetic loader produces 100 numeric x,y rows with y=2*exp(-x)+0.1*randn noise.	unverifiable	high	450	CatalogServer_default_unsubstantiated	a458f12f272bf78b	gaussian	renderer-default-unsubstantiated; inference happens to agree		brms c48ec5fd973e365ec1352f631887b9994380d0c0; BRM 05c3f465e7987e8d7caa7e214fedddd90415a922	insufficient_terms:0/0		2		authoritative brm_descriptor/brm_execute; experimental SbPMX semantic_app mount adapter	scripts/examples/brms.jl	true	brms:vignettes/brms_nonlinear.Rmd:130-135; brms:R/brm.R:449; BRM:scripts/examples/brms.jl; BRM:scripts/examples/brms.jl:450 @ 05c3f465e7987e8d7caa7e214fedddd90415a922	2026-07-28T23:01:07Z	pass	nonlinear_dat			synthetic-no-external-receipt	false		false	pass		explicit-family-recovery		pass	loc ~ x\nlog(sigma) ~ 1\ny ~ Normal(loc, sigma)	pass	unresolved-family	https://paulbuerkner.com/brms/articles/brms_nonlinear.html	@options + option_domain/option_records + semantic_card under semantic_app	cited_project_author_publisher_surface	05c3f465e7987e8d7caa7e214fedddd90415a922		text_offset=22; matched_terms=linear,models; context_sha256=6ce79f36bda8b02d	direct population/likelihood route when the family and terms are supported	200	synthetic n=12; positive continuous predictors; integer groups; family-valid outcome	not-run	https://paulbuerkner.com/brms/articles/brms_nonlinear.html	Retrieved source does not expose enough formula-specific evidence to confirm or refute the catalog claim conservatively.	authoritative-audit-explicit-family-recovery	ordinary_brm	family evidence remains indeterminate	No contradictory family evidence found.	42	-7.817384082920588	historical-semantics-unresolved	not-probed	28d5c8d51b2b49c4c2a58cd6c4a4a15574427da8e534c122c6b752d742c27e19	not_claimed			ready	54687a3fcb71e843c9dd84227eab8b668fa0ae4a03929623ad27ce31bcb8d86c	brms	200	pass	brms:nonlinear_linear	unresolved-family	name_or_key_present	pass	pass		bd16d2c179883196a07e5ee5e7a599683a0864a3a90ee56902e8c65676bffac3	The exact brm call omits family; brms R/brm.R:449 declares brm(formula, data, family = gaussian()); this explicit API default is applied only where the cited exact brm call omits family.	Nonlinear Models — Linear Comparison	y ~ x	true	SbPMX origin/main@a8fd3c02e1e2305683a56c91384701bfeba6b528:design/{ASKS.md,SbPMX.jl,mock_runtime.jl},compat/check-semantic-model-pipeline.jl	false		2026-07-28T21:07:09.960755+00:00	nonlinear_linear	true	Nonlinear predictor syntax changes the mean function only; the comparison y~x uses the same explicit default.	family is not explicit or defensibly inferred	inherited-identical-probe	Exact authoritative call plus explicit API default recover gaussian.	already-expressible-verbatim	synthetic		y ~ x	https://github.com/paul-buerkner/brms; local git object for BayesianRegressionModels.jl frozen revision	gaussian	bridgestan-finite-density-gradient	119
confirmed	nonlinear parameter formulas need an explicit current linked-predictor design; current linked-predictor/kernel machinery exists, but this historical declaration needs a row-specific rewrite		confirmed		465	CatalogServer_default_unsubstantiated		gaussian	renderer-default-contradicts semantic inference			exact_text_present				no executable descriptor until translation is resolved	scripts/examples/brms.jl	true			not-run	loss			synthetic-no-external-receipt	false		false	not-run				not-run		not-run	unresolved-family	https://paulbuerkner.com/brms/articles/brms_nonlinear.html	@options + option_domain/option_records + semantic_card under semantic_app	cited_project_author_publisher_surface	05c3f465e7987e8d7caa7e214fedddd90415a922		text_offset=7751; matched_terms=cum,dev,loss,omega,theta; context_sha256=b78704a47b736ff1	direct population/likelihood route when the family and terms are supported	200	synthetic n=12; positive continuous predictors; integer groups; family-valid outcome	not-run	https://paulbuerkner.com/brms/articles/brms_nonlinear.html	The retrieved official/primary source contains the normalized claimed formula text.	inferred-from-name	ordinary_brm	family evidence remains indeterminate				historical-semantics-unresolved	not-probed		not_claimed			semantic-rewrite	54687a3fcb71e843c9dd84227eab8b668fa0ae4a03929623ad27ce31bcb8d86c	brms		not-run	brms:nonlinear_loss	unresolved-family	name_or_key_present	not-run	not-run				Nonlinear Models — Weibull Loss Development	bf(cum ~ ult * (1 - exp(-(dev/theta)^omega)), ult ~ 1 + (1|AY), omega ~ 1, theta ~ 1, nl = TRUE)	not-run	SbPMX origin/main@a8fd3c02e1e2305683a56c91384701bfeba6b528:design/{ASKS.md,SbPMX.jl,mock_runtime.jl},compat/check-semantic-model-pipeline.jl	false		2026-07-28T21:07:09.960755+00:00	nonlinear_loss	true		family is not explicit or defensibly inferred	not-probed		already-expressible-via-semantic-rewrite	synthetic		bf(cum ~ ult * (1 - exp(-(dev/theta)^omega)), ult ~ 1 + (1|AY), omega ~ 1, theta ~ 1, nl = TRUE)		weibull	semantic-rewrite	120
confirmed	requires a faithful stanblocks_plate implementation; no ordinary-formula substitute	data_simple.txt returned HTTP 200 after redirect and has 200 rows, columns phen,cofactor,phylo; first row is 107.06594552882,10.3095880549453,sp_1.	confirmed	high	532	CatalogServer_default_unsubstantiated		gaussian	renderer-default-unsubstantiated; inference happens to agree		brms c48ec5fd973e365ec1352f631887b9994380d0c0; BRM 05c3f465e7987e8d7caa7e214fedddd90415a922	exact_text_present				StanBlocks plate substrate; no authoritative BRM descriptor for this row; experimental semantic_app adapter required	scripts/examples/brms.jl	true	brms:vignettes/brms_phylogenetics.Rmd:76-89; BRM:scripts/examples/brms.jl:532-537; BRM:scripts/examples/brms.jl:532 @ 05c3f465e7987e8d7caa7e214fedddd90415a922	2026-07-28T23:01:07Z	not-run	phylo_simple			reachable-data-or-description	false		false	not-run		explicit-family-recovery		not-run		not-run	unresolved-family	https://paulbuerkner.com/brms/articles/brms_phylogenetics.html	@options + option_domain/option_records + semantic_card under semantic_app	cited_project_author_publisher_surface	05c3f465e7987e8d7caa7e214fedddd90415a922		text_offset=1314; matched_terms=cofactor,cov,phen,simple; context_sha256=a64b3ceeee029bf9	faithful-candidate: structured covariance is not an ordinary IID group effect	200	synthetic n=12; positive continuous predictors; integer groups; family-valid outcome	not-run	https://paulbuerkner.com/brms/articles/brms_phylogenetics.html	The retrieved official/primary source contains the normalized claimed formula text.	authoritative-audit-explicit-family-recovery	stanblocks_plate	family evidence remains indeterminate	No contradictory family evidence found.			historical-semantics-unresolved	not-probed		not_claimed			route-specific	516b583db69a478b0990fb1cc14b7f4efac5c2246b184ad12601ede456f8c2a6	brms	200	not-run	brms:phylo_simple_re	unresolved-family	name_or_key_present	not-run	not-run			The exact model_simple call passes family = gaussian().	Phylogenetic Models — Simple Random Effect	phen ~ cofactor + (1|gr(phylo, cov = A))	not-run	SbPMX origin/main@a8fd3c02e1e2305683a56c91384701bfeba6b528:design/{ASKS.md,SbPMX.jl,mock_runtime.jl},compat/check-semantic-model-pipeline.jl	false		2026-07-28T21:07:09.960974+00:00	phylo_simple_re	true	The covariance-aware group term changes random-effect covariance, not the response family.	family is not explicit or defensibly inferred	not-probed	Family is explicit on the exact authoritative call.	historical-semantics-unresolved	http://paulbuerkner.com/data/data_simple.txt	kernel/plate substrate control is separately probed	phen ~ cofactor + (1|gr(phylo, cov = A))	https://github.com/paul-buerkner/brms; paul-buerkner data files; local git object for BayesianRegressionModels.jl frozen revision	gaussian	route-specific	121
adapted-but-defensible	requires a faithful stanblocks_plate implementation; no ordinary-formula substitute	data_simple is 200x3; data_repeat is 1000x4 with phen,cofactor,species,phylo and first phen=107.419186680064.	mismatch	medium-high	547	CatalogServer_default_unsubstantiated		gaussian	renderer-default-unsubstantiated; inference happens to agree		brms c48ec5fd973e365ec1352f631887b9994380d0c0; historical brms a08037435ba185387519c52bf8e802e3a36a2331; BRM 05c3f465e7987e8d7caa7e214fedddd90415a922	partial_semantic_terms:4/4				StanBlocks plate substrate; no authoritative BRM descriptor for this row; experimental semantic_app adapter required	scripts/examples/brms.jl	true	brms:vignettes/brms_phylogenetics.Rmd:76-89,122-156; historical pre-formula-interface versions also explicitly pass gaussian; BRM:scripts/examples/brms.jl; BRM:scripts/examples/brms.jl:547 @ 05c3f465e7987e8d7caa7e214fedddd90415a922	2026-07-28T23:01:07Z	not-run	phylo_simple			reachable-data-or-description	false		true	not-run		defensible-semantic-inference		not-run		not-run	unresolved-family	https://paulbuerkner.com/brms/articles/brms_phylogenetics.html	@options + option_domain/option_records + semantic_card under semantic_app	cited_project_author_publisher_surface	05c3f465e7987e8d7caa7e214fedddd90415a922	Use phen ~ cofactor + (1 | gr(phylo, cov = A)) for the simple model.	brms_phylogenetics: simple phylogenetic model block versus later repeated-measures block	faithful-candidate: structured covariance is not an ordinary IID group effect	200	synthetic n=12; positive continuous predictors; integer groups; family-valid outcome	not-run	https://paulbuerkner.com/brms/articles/brms_phylogenetics.html	The simple source model has only the phylogenetic covariance effect. The ordinary species intercept appears only in the repeated-observation model, so combining both here is not source-supported.	authoritative-audit-defensible-semantic-inference	stanblocks_plate	family evidence remains indeterminate	No authoritative exact call was found for the catalog combination; source model_simple lacks +(1|phylo).			historical-semantics-unresolved	not-probed		not_claimed			route-specific	516b583db69a478b0990fb1cc14b7f4efac5c2246b184ad12601ede456f8c2a6	brms	200	not-run	brms:phylo_simple_resid	unresolved-family	name_or_key_present	not-run	not-run			The authoritative simple and repeated phylogenetic calls explicitly pass family = gaussian().	Phylogenetic Models — Additional Residual Effect	phen ~ cofactor + (1|gr(phylo, cov = A)) + (1|phylo)	not-run	SbPMX origin/main@a8fd3c02e1e2305683a56c91384701bfeba6b528:design/{ASKS.md,SbPMX.jl,mock_runtime.jl},compat/check-semantic-model-pipeline.jl	false		2026-07-28T21:07:09.960974+00:00	phylo_simple_resid	true	The added ordinary phylo intercept would add non-phylogenetic species variation but does not change the continuous Gaussian response likelihood.	family is not explicit or defensibly inferred	not-probed	Gaussian is defensible from the explicit nearest authoritative model with the same response, but formula drift prevents exact-family-recovery classification.	historical-semantics-unresolved	http://paulbuerkner.com/data/data_simple.txt	kernel/plate substrate control is separately probed	phen ~ cofactor + (1|gr(phylo, cov = A)) + (1|phylo)	https://github.com/paul-buerkner/brms; paul-buerkner data files; local git object for BayesianRegressionModels.jl frozen revision	gaussian	route-specific	122
adapted-but-defensible	requires a faithful stanblocks_plate implementation; no ordinary-formula substitute	data_simple is 200x3; data_repeat is 1000x4 with phen,cofactor,species,phylo and first phen=107.419186680064.	mismatch	medium-high	563	CatalogServer_default_unsubstantiated		gaussian	renderer-default-unsubstantiated; inference happens to agree		brms c48ec5fd973e365ec1352f631887b9994380d0c0; historical brms a08037435ba185387519c52bf8e802e3a36a2331; BRM 05c3f465e7987e8d7caa7e214fedddd90415a922	partial_semantic_terms:5/5				StanBlocks plate substrate; no authoritative BRM descriptor for this row; experimental semantic_app adapter required	scripts/examples/brms.jl	true	brms:vignettes/brms_phylogenetics.Rmd:76-89,122-156; historical pre-formula-interface versions also explicitly pass gaussian; BRM:scripts/examples/brms.jl; BRM:scripts/examples/brms.jl:563 @ 05c3f465e7987e8d7caa7e214fedddd90415a922	2026-07-28T23:01:07Z	not-run	phylo_repeat			reachable-data-or-description	false		true	not-run		defensible-semantic-inference		not-run		not-run	unresolved-family	https://paulbuerkner.com/brms/articles/brms_phylogenetics.html	@options + option_domain/option_records + semantic_card under semantic_app	cited_project_author_publisher_surface	05c3f465e7987e8d7caa7e214fedddd90415a922	Use phen ~ spec_mean_cf + (1 | gr(phylo, cov = A)) + (1 | species).	brms_phylogenetics: repeated-measures formula containing spec_mean_cf	faithful-candidate: structured covariance is not an ordinary IID group effect	200	synthetic n=12; positive continuous predictors; integer groups; family-valid outcome	not-run	https://paulbuerkner.com/brms/articles/brms_phylogenetics.html	The repeated-observation source model uses the species-level mean covariate spec_mean_cf; the catalog substitutes raw cofactor, changing the estimand.	authoritative-audit-defensible-semantic-inference	stanblocks_plate	family evidence remains indeterminate	The source repeated model uses spec_mean_cf, not cofactor; exact catalog call was not found.			historical-semantics-unresolved	not-probed		not_claimed			route-specific	516b583db69a478b0990fb1cc14b7f4efac5c2246b184ad12601ede456f8c2a6	brms	200	not-run	brms:phylo_repeat_re	unresolved-family	name_or_key_present	not-run	not-run			The authoritative simple and repeated phylogenetic calls explicitly pass family = gaussian().	Phylogenetic Models — Repeated Observations	phen ~ cofactor + (1|gr(phylo, cov = A)) + (1|species)	not-run	SbPMX origin/main@a8fd3c02e1e2305683a56c91384701bfeba6b528:design/{ASKS.md,SbPMX.jl,mock_runtime.jl},compat/check-semantic-model-pipeline.jl	false		2026-07-28T21:07:09.960974+00:00	phylo_repeat_re	true	Changing spec_mean_cf to raw cofactor changes the estimand, not the continuous Gaussian response likelihood.	family is not explicit or defensibly inferred	not-probed	Gaussian is defensible from the explicit nearest authoritative model with the same response, but formula drift prevents exact-family-recovery classification.	historical-semantics-unresolved	http://paulbuerkner.com/data/data_repeat.txt	kernel/plate substrate control is separately probed	phen ~ cofactor + (1|gr(phylo, cov = A)) + (1|species)	https://github.com/paul-buerkner/brms; paul-buerkner data files; local git object for BayesianRegressionModels.jl frozen revision	gaussian	route-specific	123
confirmed	requires a faithful stanblocks_plate implementation; no ordinary-formula substitute	data_effect.txt returned HTTP 200 after redirect and has 200 rows with Zr,N,phylo; first row is Zr=0.289175491370156,N=13,phylo=sp_1.	confirmed	high	579	CatalogServer_default_unsubstantiated		gaussian	renderer-default-unsubstantiated; inference happens to agree		brms c48ec5fd973e365ec1352f631887b9994380d0c0; historical brms a08037435ba185387519c52bf8e802e3a36a2331; BRM 05c3f465e7987e8d7caa7e214fedddd90415a922	exact_text_present				StanBlocks plate substrate; no authoritative BRM descriptor for this row; experimental semantic_app adapter required	scripts/examples/brms.jl	true	brms:vignettes/brms_phylogenetics.Rmd:230-246; BRM:scripts/examples/brms.jl:579-584; BRM:scripts/examples/brms.jl:579 @ 05c3f465e7987e8d7caa7e214fedddd90415a922	2026-07-28T23:01:07Z	not-run	phylo_effect			reachable-data-or-description	false		false	not-run		explicit-family-recovery		not-run		not-run	unresolved-family	https://paulbuerkner.com/brms/articles/brms_phylogenetics.html	@options + option_domain/option_records + semantic_card under semantic_app	cited_project_author_publisher_surface	05c3f465e7987e8d7caa7e214fedddd90415a922		text_offset=11; matched_terms=models,phylo,phylogenetic; context_sha256=db99a8ce1a54dd12	faithful-candidate: structured covariance is not an ordinary IID group effect	200	synthetic n=12; positive continuous predictors; integer groups; family-valid outcome	not-run	https://paulbuerkner.com/brms/articles/brms_phylogenetics.html	The retrieved official/primary source contains the normalized claimed formula text.	authoritative-audit-explicit-family-recovery	stanblocks_plate	family evidence remains indeterminate	Current source also adds +(1|obs), absent in the catalog, but family remains explicit Gaussian.			historical-semantics-unresolved	not-probed		not_claimed			route-specific	516b583db69a478b0990fb1cc14b7f4efac5c2246b184ad12601ede456f8c2a6	brms	200	not-run	brms:phylo_effect	unresolved-family	name_or_key_present	not-run	not-run			The Fisher-z meta-analysis call explicitly passes family = gaussian().	Phylogenetic Models — Meta-Analysis	Zr | se(sqrt(1/(N-3))) ~ 1 + (1|gr(phylo, cov = A))	not-run	SbPMX origin/main@a8fd3c02e1e2305683a56c91384701bfeba6b528:design/{ASKS.md,SbPMX.jl,mock_runtime.jl},compat/check-semantic-model-pipeline.jl	false		2026-07-28T21:07:09.960974+00:00	phylo_effect	true	se(...) supplies known sampling standard deviations and group effects model heterogeneity; neither replaces the Gaussian likelihood.	family is not explicit or defensibly inferred	not-probed	Explicit family on the authoritative Fisher-z call recovers gaussian despite a random-effect omission.	historical-semantics-unresolved	http://paulbuerkner.com/data/data_effect.txt	kernel/plate substrate control is separately probed	Zr | se(sqrt(1/(N-3))) ~ 1 + (1|gr(phylo, cov = A))	https://github.com/paul-buerkner/brms; paul-buerkner data files; local git object for BayesianRegressionModels.jl frozen revision	gaussian	route-specific	124
confirmed	requires a faithful stanblocks_plate implementation; no ordinary-formula substitute		confirmed		595	CatalogServer_default_unsubstantiated		gaussian	renderer-default-contradicts semantic inference			exact_text_present				StanBlocks plate substrate; no authoritative BRM descriptor for this row; experimental semantic_app adapter required	scripts/examples/brms.jl	true			not-run	phylo_pois			reachable-data-or-description	false		false	not-run				not-run		not-run	unresolved-family	https://paulbuerkner.com/brms/articles/brms_phylogenetics.html	@options + option_domain/option_records + semantic_card under semantic_app	cited_project_author_publisher_surface	05c3f465e7987e8d7caa7e214fedddd90415a922		text_offset=11; matched_terms=models,phylo,phylogenetic; context_sha256=db99a8ce1a54dd12	faithful-candidate: structured covariance is not an ordinary IID group effect	200	synthetic n=12; positive continuous predictors; integer groups; family-valid outcome	not-run	https://paulbuerkner.com/brms/articles/brms_phylogenetics.html	The retrieved official/primary source contains the normalized claimed formula text.	inferred-from-name	stanblocks_plate	family evidence remains indeterminate				historical-semantics-unresolved	not-probed		not_claimed			route-specific	516b583db69a478b0990fb1cc14b7f4efac5c2246b184ad12601ede456f8c2a6	brms		not-run	brms:phylo_pois	unresolved-family	name_or_key_present	not-run	not-run				Phylogenetic Models — Poisson Family	phen_pois ~ cofactor + (1|gr(phylo, cov = A))	not-run	SbPMX origin/main@a8fd3c02e1e2305683a56c91384701bfeba6b528:design/{ASKS.md,SbPMX.jl,mock_runtime.jl},compat/check-semantic-model-pipeline.jl	false		2026-07-28T21:07:09.960974+00:00	phylo_pois	true		family is not explicit or defensibly inferred	not-probed		historical-semantics-unresolved	http://paulbuerkner.com/data/data_pois.txt	kernel/plate substrate control is separately probed	phen_pois ~ cofactor + (1|gr(phylo, cov = A))		poisson	route-specific	125
unverifiable	trials/cbind response lowered to explicit BinomialLogit		unverifiable		21	CatalogServer_default_unsubstantiated	8ea9c35750ea257e	gaussian	renderer-default-contradicts semantic inference			not_evaluable		1		authoritative brm_descriptor/brm_execute; experimental SbPMX semantic_app mount adapter	scripts/examples/mcelreath.jl	true			pass	globe			synthetic-no-external-receipt	false		false	pass				pass	log_odds ~ 0 + Intercept\nw ~ BinomialLogit(n, log_odds)	pass	unresolved-family		@options + option_domain/option_records + semantic_card under semantic_app	no_external_authority	05c3f465e7987e8d7caa7e214fedddd90415a922			direct population/likelihood route when the family and terms are supported		synthetic n=12; positive continuous predictors; integer groups; family-valid outcome	not-run	synthetic	No external model citation: catalog claim is synthetic/uncited.	inferred-from-response-syntax	ordinary_brm	family evidence remains indeterminate		252	-66.54212933375474	historical-semantics-unresolved	not-probed	e088104ccfcd26b43c753f4482334e20a4606f37f40b48be0719128c163cfe66	not_evaluable			ready		mcelreath		pass	mcelreath:globe	unresolved-family	synthetic_claim_only	pass	pass		78b9f320b66cc246dcf34bb7935c007dab8b4e91f0e82a3a766e403984283624		Globe Tossing	w | trials(n) ~ 0 + Intercept	true	SbPMX origin/main@a8fd3c02e1e2305683a56c91384701bfeba6b528:design/{ASKS.md,SbPMX.jl,mock_runtime.jl},compat/check-semantic-model-pipeline.jl	false			globe	true		family is not explicit or defensibly inferred	direct		already-expressible-via-semantic-rewrite	synthetic		w | trials(n) ~ 0 + Intercept		binomial	bridgestan-finite-density-gradient	126
unverifiable	explicit Normal likelihood; named log-scale sigma predictor uses native linked-predictor syntax		unverifiable		50	CatalogServer_default_unsubstantiated	5f838e768841e78b	gaussian	renderer-default-unsubstantiated; inference happens to agree			not_supported_by_data_file		2		authoritative brm_descriptor/brm_execute; experimental SbPMX semantic_app mount adapter	scripts/examples/mcelreath.jl	true			pass	howell1			reachable-data-or-description	true		false	pass				pass	loc ~ 1\nlog(sigma) ~ 1\nheight ~ Normal(loc, sigma)	pass	unresolved-family	https://github.com/rmcelreath/rethinking/blob/master/data/Howell1.csv	@options + option_domain/option_records + semantic_card under semantic_app	dataset_repository_or_file_only	05c3f465e7987e8d7caa7e214fedddd90415a922		text_offset=16; matched_terms=and,howell1; context_sha256=632344e52fe7cdfd	direct population/likelihood route when the family and terms are supported	200	synthetic n=12; positive continuous predictors; integer groups; family-valid outcome	not-run	https://github.com/rmcelreath/rethinking/blob/master/data/Howell1.csv	The cited resource is a data file; it can support dataset provenance but not the claimed model formula or family.	inferred-from-name	ordinary_brm	family evidence remains indeterminate		254	-8.47744637392999	historical-semantics-unresolved	not-probed	7059a319b4c12edfb4b483c4b8151d3019d93e18fbd499b21c5ccf315332f8f2	not_supported_by_data_file			ready	b71bdfb560983f7c706f90cfac747d850e3f6cd47540aedf6cf7032502fd50e7	mcelreath		pass	mcelreath:howell1_intercept	unresolved-family	reachable_data_file	pass	pass		e70a409ebe899e16d06bd39aa56cce1051771195da0ae8c8cd25a53f613f62b3		Heights and Weights — Intercept Only	height ~ 1	true	SbPMX origin/main@a8fd3c02e1e2305683a56c91384701bfeba6b528:design/{ASKS.md,SbPMX.jl,mock_runtime.jl},compat/check-semantic-model-pipeline.jl	false		2026-07-28T21:07:08.791120+00:00	howell1_intercept	true		family is not explicit or defensibly inferred	direct		already-expressible-verbatim	https://github.com/rmcelreath/rethinking/blob/master/data/Howell1.csv		height ~ 1		gaussian	bridgestan-finite-density-gradient	127
unverifiable	explicit Normal likelihood; named log-scale sigma predictor uses native linked-predictor syntax		unverifiable		69	CatalogServer_default_unsubstantiated	10fa1c93d870604a	gaussian	renderer-default-unsubstantiated; inference happens to agree			not_supported_by_data_file		3		authoritative brm_descriptor/brm_execute; experimental SbPMX semantic_app mount adapter	scripts/examples/mcelreath.jl	true			pass	howell1			reachable-data-or-description	true		false	pass				pass	loc ~ 1 + weight_c\nlog(sigma) ~ 1\nheight ~ Normal(loc, sigma)	pass	unresolved-family	https://github.com/rmcelreath/rethinking/blob/master/data/Howell1.csv	@options + option_domain/option_records + semantic_card under semantic_app	dataset_repository_or_file_only	05c3f465e7987e8d7caa7e214fedddd90415a922		text_offset=16; matched_terms=and,howell1; context_sha256=632344e52fe7cdfd	direct population/likelihood route when the family and terms are supported	200	synthetic n=12; positive continuous predictors; integer groups; family-valid outcome	not-run	https://github.com/rmcelreath/rethinking/blob/master/data/Howell1.csv	The cited resource is a data file; it can support dataset provenance but not the claimed model formula or family.	inferred-from-name	ordinary_brm	family evidence remains indeterminate		256	-7.817384082920588	historical-semantics-unresolved	not-probed	cb9e30d7d986d23b5b5d39f2306383f4d185f221dafbd7ebf8ff24c903933b6b	not_supported_by_data_file			ready	b71bdfb560983f7c706f90cfac747d850e3f6cd47540aedf6cf7032502fd50e7	mcelreath		pass	mcelreath:howell1_linear	unresolved-family	reachable_data_file	pass	pass		c4313a85b145fc05adf3216366b08024be29890141af6c20acf3f21d675b3e29		Heights and Weights — Linear Regression	height ~ 1 + weight_c	true	SbPMX origin/main@a8fd3c02e1e2305683a56c91384701bfeba6b528:design/{ASKS.md,SbPMX.jl,mock_runtime.jl},compat/check-semantic-model-pipeline.jl	false		2026-07-28T21:07:08.791120+00:00	howell1_linear	true		family is not explicit or defensibly inferred	direct		already-expressible-verbatim	https://github.com/rmcelreath/rethinking/blob/master/data/Howell1.csv		height ~ 1 + weight_c		gaussian	bridgestan-finite-density-gradient	128
unverifiable	explicit Normal likelihood; named log-scale sigma predictor uses native linked-predictor syntax		unverifiable		88	CatalogServer_default_unsubstantiated	3b44e3e6f0ad1753	gaussian	renderer-default-unsubstantiated; inference happens to agree			not_supported_by_data_file		4		authoritative brm_descriptor/brm_execute; experimental SbPMX semantic_app mount adapter	scripts/examples/mcelreath.jl	true			pass	howell1			reachable-data-or-description	true		false	pass				pass	loc ~ 1 + weight_s + weight_s2\nlog(sigma) ~ 1\nheight ~ Normal(loc, sigma)	pass	unresolved-family	https://github.com/rmcelreath/rethinking/blob/master/data/Howell1.csv	@options + option_domain/option_records + semantic_card under semantic_app	dataset_repository_or_file_only	05c3f465e7987e8d7caa7e214fedddd90415a922		text_offset=16; matched_terms=and,howell1; context_sha256=632344e52fe7cdfd	direct population/likelihood route when the family and terms are supported	200	synthetic n=12; positive continuous predictors; integer groups; family-valid outcome	not-run	https://github.com/rmcelreath/rethinking/blob/master/data/Howell1.csv	The cited resource is a data file; it can support dataset provenance but not the claimed model formula or family.	inferred-from-name	ordinary_brm	family evidence remains indeterminate		258	-3.8069883206128132	historical-semantics-unresolved	not-probed	df743f8cc8edf7b61a85d2be02a020f776bb13286c0225af1bdccecacf033e1d	not_supported_by_data_file			ready	b71bdfb560983f7c706f90cfac747d850e3f6cd47540aedf6cf7032502fd50e7	mcelreath		pass	mcelreath:howell1_quad	unresolved-family	reachable_data_file	pass	pass		328acb2fd108219e954d7230b17dfd92a387e437801a91ea61ae8939df8c7a07		Heights and Weights — Quadratic Polynomial	height ~ 1 + weight_s + weight_s2	true	SbPMX origin/main@a8fd3c02e1e2305683a56c91384701bfeba6b528:design/{ASKS.md,SbPMX.jl,mock_runtime.jl},compat/check-semantic-model-pipeline.jl	false		2026-07-28T21:07:08.791120+00:00	howell1_quad	true		family is not explicit or defensibly inferred	direct		already-expressible-verbatim	https://github.com/rmcelreath/rethinking/blob/master/data/Howell1.csv		height ~ 1 + weight_s + weight_s2		gaussian	bridgestan-finite-density-gradient	129
unverifiable	explicit Normal likelihood; named log-scale sigma predictor uses native linked-predictor syntax		unverifiable		108	CatalogServer_default_unsubstantiated	3e66034d9cbc2fb9	gaussian	renderer-default-unsubstantiated; inference happens to agree			not_supported_by_data_file		5		authoritative brm_descriptor/brm_execute; experimental SbPMX semantic_app mount adapter	scripts/examples/mcelreath.jl	true			pass	howell1			reachable-data-or-description	true		false	pass				pass	loc ~ 1 + weight_s + weight_s2 + weight_s3\nlog(sigma) ~ 1\nheight ~ Normal(loc, sigma)	pass	unresolved-family	https://github.com/rmcelreath/rethinking/blob/master/data/Howell1.csv	@options + option_domain/option_records + semantic_card under semantic_app	dataset_repository_or_file_only	05c3f465e7987e8d7caa7e214fedddd90415a922		text_offset=16; matched_terms=and,howell1; context_sha256=632344e52fe7cdfd	direct population/likelihood route when the family and terms are supported	200	synthetic n=12; positive continuous predictors; integer groups; family-valid outcome	not-run	https://github.com/rmcelreath/rethinking/blob/master/data/Howell1.csv	The cited resource is a data file; it can support dataset provenance but not the claimed model formula or family.	inferred-from-name	ordinary_brm	family evidence remains indeterminate		260	-1.5583030664754685	historical-semantics-unresolved	not-probed	e8c129823f3d972b8536fea28634706a83fbdd5a7b02212b2848fea682c0d4d8	not_supported_by_data_file			ready	b71bdfb560983f7c706f90cfac747d850e3f6cd47540aedf6cf7032502fd50e7	mcelreath		pass	mcelreath:howell1_cubic	unresolved-family	reachable_data_file	pass	pass		ea837c7f7f4fb106f36f1d229039562cce9aefc7b9ddadc0e6ec729b38b282f5		Heights and Weights — Cubic Polynomial	height ~ 1 + weight_s + weight_s2 + weight_s3	true	SbPMX origin/main@a8fd3c02e1e2305683a56c91384701bfeba6b528:design/{ASKS.md,SbPMX.jl,mock_runtime.jl},compat/check-semantic-model-pipeline.jl	false		2026-07-28T21:07:08.791120+00:00	howell1_cubic	true		family is not explicit or defensibly inferred	direct		already-expressible-verbatim	https://github.com/rmcelreath/rethinking/blob/master/data/Howell1.csv		height ~ 1 + weight_s + weight_s2 + weight_s3		gaussian	bridgestan-finite-density-gradient	130
unverifiable	nonlinear parameter formulas need an explicit current linked-predictor design; current linked-predictor/kernel machinery exists, but this historical declaration needs a row-specific rewrite		unverifiable		128	CatalogServer_default_unsubstantiated		gaussian	renderer-default-unsubstantiated; inference happens to agree			not_supported_by_data_file				no executable descriptor until translation is resolved	scripts/examples/mcelreath.jl	true			not-run	howell1			reachable-data-or-description	true		false	not-run				not-run		not-run	unresolved-family	https://github.com/rmcelreath/rethinking/blob/master/data/Howell1.csv	@options + option_domain/option_records + semantic_card under semantic_app	dataset_repository_or_file_only	05c3f465e7987e8d7caa7e214fedddd90415a922		text_offset=16; matched_terms=and,howell1; context_sha256=632344e52fe7cdfd	direct population/likelihood route when the family and terms are supported	200	synthetic n=12; positive continuous predictors; integer groups; family-valid outcome	not-run	https://github.com/rmcelreath/rethinking/blob/master/data/Howell1.csv	The cited resource is a data file; it can support dataset provenance but not the claimed model formula or family.	inferred-from-name	ordinary_brm	family evidence remains indeterminate				historical-semantics-unresolved	not-probed		not_supported_by_data_file			semantic-rewrite	b71bdfb560983f7c706f90cfac747d850e3f6cd47540aedf6cf7032502fd50e7	mcelreath		not-run	mcelreath:howell1_nl	unresolved-family	reachable_data_file	not-run	not-run				Heights and Weights — Nonlinear Exponential Growth	bf(height ~ a + exp(lb) * weight_c, a ~ 1, lb ~ 1, nl = TRUE)	not-run	SbPMX origin/main@a8fd3c02e1e2305683a56c91384701bfeba6b528:design/{ASKS.md,SbPMX.jl,mock_runtime.jl},compat/check-semantic-model-pipeline.jl	false		2026-07-28T21:07:08.791120+00:00	howell1_nl	true		family is not explicit or defensibly inferred	not-probed		already-expressible-via-semantic-rewrite	https://github.com/rmcelreath/rethinking/blob/master/data/Howell1.csv		bf(height ~ a + exp(lb) * weight_c, a ~ 1, lb ~ 1, nl = TRUE)		gaussian	semantic-rewrite	131
unverifiable	nonlinear parameter formulas need an explicit current linked-predictor design; current linked-predictor/kernel machinery exists, but this historical declaration needs a row-specific rewrite		unverifiable		147	CatalogServer_default_unsubstantiated		gaussian	renderer-default-unsubstantiated; inference happens to agree			not_supported_by_data_file				no executable descriptor until translation is resolved	scripts/examples/mcelreath.jl	true			not-run	howell1			reachable-data-or-description	true		false	not-run				not-run		not-run	unresolved-family	https://github.com/rmcelreath/rethinking/blob/master/data/Howell1.csv	@options + option_domain/option_records + semantic_card under semantic_app	dataset_repository_or_file_only	05c3f465e7987e8d7caa7e214fedddd90415a922		text_offset=16; matched_terms=and,howell1; context_sha256=632344e52fe7cdfd	direct population/likelihood route when the family and terms are supported	200	synthetic n=12; positive continuous predictors; integer groups; family-valid outcome	not-run	https://github.com/rmcelreath/rethinking/blob/master/data/Howell1.csv	The cited resource is a data file; it can support dataset provenance but not the claimed model formula or family.	inferred-from-name	ordinary_brm	family evidence remains indeterminate				historical-semantics-unresolved	not-probed		not_supported_by_data_file			semantic-rewrite	b71bdfb560983f7c706f90cfac747d850e3f6cd47540aedf6cf7032502fd50e7	mcelreath		not-run	mcelreath:howell1_volume	unresolved-family	reachable_data_file	not-run	not-run				Heights and Weights — Nonlinear Volume Model	bf(w ~ log(3.141593 * k * p^2 * h^3), k + p ~ 1, nl = TRUE)	not-run	SbPMX origin/main@a8fd3c02e1e2305683a56c91384701bfeba6b528:design/{ASKS.md,SbPMX.jl,mock_runtime.jl},compat/check-semantic-model-pipeline.jl	false		2026-07-28T21:07:08.791120+00:00	howell1_volume	true		family is not explicit or defensibly inferred	not-probed		already-expressible-via-semantic-rewrite	https://github.com/rmcelreath/rethinking/blob/master/data/Howell1.csv		bf(w ~ log(3.141593 * k * p^2 * h^3), k + p ~ 1, nl = TRUE)		gaussian	semantic-rewrite	132
unverifiable	explicit Normal likelihood; named log-scale sigma predictor uses native linked-predictor syntax	BRM loader is CSV.read(RETHINKING_URL*cherry_blossoms.csv), dropmissing(:doy). Upstream CSV schema is year,doy,temp,temp_upper,temp_lower; first rows are years 801 and 802 with doy/temp missing.	unverifiable	high	178	CatalogServer_default_unsubstantiated	16d8933431b9f000	gaussian	renderer-default-unsubstantiated; inference happens to agree		df64d9cb8d50ac850ce24cb277e95ccb88fad0a8	not_supported_by_data_file		3		authoritative brm_descriptor/brm_execute; experimental SbPMX semantic_app mount adapter	scripts/examples/mcelreath.jl	true	04.qmd#L2271-L2319	2026-07-28T22:54:31Z	pass	cherry_blossoms			reachable-data-or-description	true		false	pass		explicit-family-recovery		pass	loc ~ 1 + B\nlog(sigma) ~ 1\ndoy ~ Normal(loc, sigma)	pass	unresolved-family	https://github.com/rmcelreath/rethinking/blob/master/data/cherry_blossoms.csv	@options + option_domain/option_records + semantic_card under semantic_app	dataset_repository_or_file_only	05c3f465e7987e8d7caa7e214fedddd90415a922		text_offset=16; matched_terms=blossoms,cherry,cherry_blossoms; context_sha256=04edcdb4b41ed34b	direct population/likelihood route when the family and terms are supported	200	synthetic n=12; positive continuous predictors; integer groups; family-valid outcome	not-run	https://github.com/rmcelreath/rethinking/blob/master/data/cherry_blossoms.csv	The cited resource is a data file; it can support dataset provenance but not the claimed model formula or family.	authoritative-audit-explicit-family-recovery	ordinary_brm	family evidence remains indeterminate	Searched historical BRM 05c3f465e7987e8d7caa7e214fedddd90415a922:scripts/examples/mcelreath.jl:178, the cited rethinking data surface, current upstream book code, and git history. The BRM row itself has blank family metadata and cites only data; no family was inferred from brms defaults, response names, titles, or dataset type.	266	-7.817384082920588	historical-semantics-unresolved	not-probed	d6a369d29472bbb20869173b07d4b3dfee56bd4a91fde2c91940e848cfd6c3d5	not_supported_by_data_file			ready	6289dcbf4163e079715b9fe9adcf0d2dcefd5a8128382845504faf3df27cdf86	mcelreath	200	pass	mcelreath:cherry_blossoms	unresolved-family	reachable_data_file	pass	pass		a10cf47a566f5617b76a6971faa116c7ce7361b904e53253f97c2a0c01b7c6bb	Historical BRM 05c3f465e7987e8d7caa7e214fedddd90415a922:scripts/examples/mcelreath.jl:178 returns 'doy ~ 1 + B' with no family. The book states day_in_year_i ~ Normal(mu_i,sigma) and the matching spline brm sets family = gaussian.	Cherry Blossoms — B-Spline Regression	doy ~ 1 + B	true	SbPMX origin/main@a8fd3c02e1e2305683a56c91384701bfeba6b528:design/{ASKS.md,SbPMX.jl,mock_runtime.jl},compat/check-semantic-model-pipeline.jl	false		2026-07-28T21:07:09.212176+00:00	cherry_blossoms	true	BRM doy and B correspond to book day_in_year and the spline basis; the likelihood statement is independent of the basis-column naming.	family is not explicit or defensibly inferred	direct	The authoritative book/repository explicitly declares gaussian; dataset evidence only confirms the example identity and was not used as sole family evidence.	already-expressible-verbatim	https://github.com/rmcelreath/rethinking/blob/master/data/cherry_blossoms.csv		doy ~ 1 + B	https://github.com/ASKurz/Statistical_Rethinking_with_brms_ggplot2_and_the_tidyverse_2_ed; https://github.com/rmcelreath/rethinking	gaussian	bridgestan-finite-density-gradient	133
unverifiable	explicit Normal likelihood; named log-scale sigma predictor uses native linked-predictor syntax	BRM loader is CSV.read(RETHINKING_URL*WaffleDivorce.csv), then D/A/M are standardized. Upstream schema includes Location,MedianAgeMarriage,Marriage,Marriage SE,Divorce,Divorce SE and others; Alabama begins MedianAgeMarriage=25.3, Marriage=20.2, Divorce=12.7.	unverifiable	high	209	CatalogServer_default_unsubstantiated	0ed7bc022eb66b7e	gaussian	renderer-default-unsubstantiated; inference happens to agree		df64d9cb8d50ac850ce24cb277e95ccb88fad0a8	not_supported_by_data_file		3		authoritative brm_descriptor/brm_execute; experimental SbPMX semantic_app mount adapter	scripts/examples/mcelreath.jl	true	05.qmd#L151-L170	2026-07-28T22:54:31Z	pass	waffle_divorce			reachable-data-or-description	true		false	pass		explicit-family-recovery		pass	loc ~ 1 + A\nlog(sigma) ~ 1\nD ~ Normal(loc, sigma)	pass	unresolved-family	https://github.com/rmcelreath/rethinking/blob/master/data/WaffleDivorce.csv	@options + option_domain/option_records + semantic_card under semantic_app	dataset_repository_or_file_only	05c3f465e7987e8d7caa7e214fedddd90415a922		text_offset=16; matched_terms=age,divorce,waffle; context_sha256=160636ce03bb2dfe	direct population/likelihood route when the family and terms are supported	200	synthetic n=12; positive continuous predictors; integer groups; family-valid outcome	not-run	https://github.com/rmcelreath/rethinking/blob/master/data/WaffleDivorce.csv	The cited resource is a data file; it can support dataset provenance but not the claimed model formula or family.	authoritative-audit-explicit-family-recovery	ordinary_brm	family evidence remains indeterminate	Searched historical BRM 05c3f465e7987e8d7caa7e214fedddd90415a922:scripts/examples/mcelreath.jl:209, the cited rethinking data surface, current upstream book code, and git history. The BRM row itself has blank family metadata and cites only data; no family was inferred from brms defaults, response names, titles, or dataset type.	268	-7.817384082920588	historical-semantics-unresolved	not-probed	f4882ca2bed7bc152f53d1a161d12b48cd25b5afbea03f975113dde2edb61a7e	not_supported_by_data_file			ready	167844c595c3f1cd1c8c3d7bf34f49555f148f8a145643aa69150158d47d0fd4	mcelreath	200	pass	mcelreath:waffle_divorce_a	unresolved-family	reachable_data_file	pass	pass		2dac5347690c03bfbc9f76d6216ceabbb263dc6e0d162eed792799fb7a0af0c4	Historical BRM 05c3f465e7987e8d7caa7e214fedddd90415a922:scripts/examples/mcelreath.jl:209 returns 'D ~ 1 + A' with no family. Matching age-at-marriage model states divorce_std_i ~ Normal(mu_i,sigma) and brm sets family = gaussian.	Waffle Divorce — Age Predicts Divorce	D ~ 1 + A	true	SbPMX origin/main@a8fd3c02e1e2305683a56c91384701bfeba6b528:design/{ASKS.md,SbPMX.jl,mock_runtime.jl},compat/check-semantic-model-pipeline.jl	false		2026-07-28T21:07:09.209014+00:00	waffle_divorce_a	true	Historical BRM formula is 'D ~ 1 + A'. Authoritative formula/likelihood at 05.qmd#L151-L170 is the same model up to documented renaming, centering, or generated-column crosswalk.	family is not explicit or defensibly inferred	direct	The authoritative book/repository explicitly declares gaussian; dataset evidence only confirms the example identity and was not used as sole family evidence.	already-expressible-verbatim	https://github.com/rmcelreath/rethinking/blob/master/data/WaffleDivorce.csv		D ~ 1 + A	https://github.com/ASKurz/Statistical_Rethinking_with_brms_ggplot2_and_the_tidyverse_2_ed; https://github.com/rmcelreath/rethinking	gaussian	bridgestan-finite-density-gradient	134
unverifiable	explicit Normal likelihood; named log-scale sigma predictor uses native linked-predictor syntax	BRM loader is CSV.read(RETHINKING_URL*WaffleDivorce.csv), then D/A/M are standardized. Upstream schema includes Location,MedianAgeMarriage,Marriage,Marriage SE,Divorce,Divorce SE and others; Alabama begins MedianAgeMarriage=25.3, Marriage=20.2, Divorce=12.7.	unverifiable	high	231	CatalogServer_default_unsubstantiated	44cb1bde5a7d7d17	gaussian	renderer-default-unsubstantiated; inference happens to agree		df64d9cb8d50ac850ce24cb277e95ccb88fad0a8	not_supported_by_data_file		3		authoritative brm_descriptor/brm_execute; experimental SbPMX semantic_app mount adapter	scripts/examples/mcelreath.jl	true	05.qmd#L248-L256	2026-07-28T22:54:31Z	pass	waffle_divorce			reachable-data-or-description	true		false	pass		explicit-family-recovery		pass	loc ~ 1 + M\nlog(sigma) ~ 1\nD ~ Normal(loc, sigma)	pass	unresolved-family	https://github.com/rmcelreath/rethinking/blob/master/data/WaffleDivorce.csv	@options + option_domain/option_records + semantic_card under semantic_app	dataset_repository_or_file_only	05c3f465e7987e8d7caa7e214fedddd90415a922		text_offset=16; matched_terms=divorce,rate,waffle; context_sha256=160636ce03bb2dfe	direct population/likelihood route when the family and terms are supported	200	synthetic n=12; positive continuous predictors; integer groups; family-valid outcome	not-run	https://github.com/rmcelreath/rethinking/blob/master/data/WaffleDivorce.csv	The cited resource is a data file; it can support dataset provenance but not the claimed model formula or family.	authoritative-audit-explicit-family-recovery	ordinary_brm	family evidence remains indeterminate	Searched historical BRM 05c3f465e7987e8d7caa7e214fedddd90415a922:scripts/examples/mcelreath.jl:231, the cited rethinking data surface, current upstream book code, and git history. The BRM row itself has blank family metadata and cites only data; no family was inferred from brms defaults, response names, titles, or dataset type.	270	-7.817384082920588	historical-semantics-unresolved	not-probed	d77312c3406f542fc62a33f80d425b34926adc455b30cc724beaa437ee2822b2	not_supported_by_data_file			ready	167844c595c3f1cd1c8c3d7bf34f49555f148f8a145643aa69150158d47d0fd4	mcelreath	200	pass	mcelreath:waffle_divorce_m	unresolved-family	reachable_data_file	pass	pass		b48050f017306ddcf0c50f58e418b4f12ed2186c31c766c3502d8145e0fc2726	Historical BRM 05c3f465e7987e8d7caa7e214fedddd90415a922:scripts/examples/mcelreath.jl:231 returns 'D ~ 1 + M' with no family. Matching marriage-rate model b5.2 explicitly sets family = gaussian.	Waffle Divorce — Marriage Rate Predicts Divorce	D ~ 1 + M	true	SbPMX origin/main@a8fd3c02e1e2305683a56c91384701bfeba6b528:design/{ASKS.md,SbPMX.jl,mock_runtime.jl},compat/check-semantic-model-pipeline.jl	false		2026-07-28T21:07:09.209014+00:00	waffle_divorce_m	true	Historical BRM formula is 'D ~ 1 + M'. Authoritative formula/likelihood at 05.qmd#L248-L256 is the same model up to documented renaming, centering, or generated-column crosswalk.	family is not explicit or defensibly inferred	direct	The authoritative book/repository explicitly declares gaussian; dataset evidence only confirms the example identity and was not used as sole family evidence.	already-expressible-verbatim	https://github.com/rmcelreath/rethinking/blob/master/data/WaffleDivorce.csv		D ~ 1 + M	https://github.com/ASKurz/Statistical_Rethinking_with_brms_ggplot2_and_the_tidyverse_2_ed; https://github.com/rmcelreath/rethinking	gaussian	bridgestan-finite-density-gradient	135
unverifiable	explicit Normal likelihood; named log-scale sigma predictor uses native linked-predictor syntax	BRM loader is CSV.read(RETHINKING_URL*WaffleDivorce.csv), then D/A/M are standardized. Upstream schema includes Location,MedianAgeMarriage,Marriage,Marriage SE,Divorce,Divorce SE and others; Alabama begins MedianAgeMarriage=25.3, Marriage=20.2, Divorce=12.7.	unverifiable	high	253	CatalogServer_default_unsubstantiated	8bea936be72137e7	gaussian	renderer-default-unsubstantiated; inference happens to agree		df64d9cb8d50ac850ce24cb277e95ccb88fad0a8	not_supported_by_data_file		4		authoritative brm_descriptor/brm_execute; experimental SbPMX semantic_app mount adapter	scripts/examples/mcelreath.jl	true	05.qmd#L463-L482	2026-07-28T22:54:31Z	pass	waffle_divorce			reachable-data-or-description	true		false	pass		explicit-family-recovery		pass	loc ~ 1 + M + A\nlog(sigma) ~ 1\nD ~ Normal(loc, sigma)	pass	unresolved-family	https://github.com/rmcelreath/rethinking/blob/master/data/WaffleDivorce.csv	@options + option_domain/option_records + semantic_card under semantic_app	dataset_repository_or_file_only	05c3f465e7987e8d7caa7e214fedddd90415a922		text_offset=16; matched_terms=divorce,waffle; context_sha256=160636ce03bb2dfe	direct population/likelihood route when the family and terms are supported	200	synthetic n=12; positive continuous predictors; integer groups; family-valid outcome	not-run	https://github.com/rmcelreath/rethinking/blob/master/data/WaffleDivorce.csv	The cited resource is a data file; it can support dataset provenance but not the claimed model formula or family.	authoritative-audit-explicit-family-recovery	ordinary_brm	family evidence remains indeterminate	Searched historical BRM 05c3f465e7987e8d7caa7e214fedddd90415a922:scripts/examples/mcelreath.jl:253, the cited rethinking data surface, current upstream book code, and git history. The BRM row itself has blank family metadata and cites only data; no family was inferred from brms defaults, response names, titles, or dataset type.	272	-3.8069883206128132	historical-semantics-unresolved	not-probed	4f4d2e9b9ced03b273fb2ba5281639c083860c74f9c93a3eb5c6037d54499d0d	not_supported_by_data_file			ready	167844c595c3f1cd1c8c3d7bf34f49555f148f8a145643aa69150158d47d0fd4	mcelreath	200	pass	mcelreath:waffle_divorce_am	unresolved-family	reachable_data_file	pass	pass		dc9c5614c0343454dc1638844eeb55e6d4b2fa0203be319b7b3d537c497b27d9	Historical BRM 05c3f465e7987e8d7caa7e214fedddd90415a922:scripts/examples/mcelreath.jl:253 returns 'D ~ 1 + M + A' with no family. Matching multiple regression states a Normal likelihood and explicitly sets family = gaussian.	Waffle Divorce — Multiple Regression (M's effect vanishes)	D ~ 1 + M + A	true	SbPMX origin/main@a8fd3c02e1e2305683a56c91384701bfeba6b528:design/{ASKS.md,SbPMX.jl,mock_runtime.jl},compat/check-semantic-model-pipeline.jl	false		2026-07-28T21:07:09.209014+00:00	waffle_divorce_am	true	Historical BRM formula is 'D ~ 1 + M + A'. Authoritative formula/likelihood at 05.qmd#L463-L482 is the same model up to documented renaming, centering, or generated-column crosswalk.	family is not explicit or defensibly inferred	direct	The authoritative book/repository explicitly declares gaussian; dataset evidence only confirms the example identity and was not used as sole family evidence.	already-expressible-verbatim	https://github.com/rmcelreath/rethinking/blob/master/data/WaffleDivorce.csv		D ~ 1 + M + A	https://github.com/ASKurz/Statistical_Rethinking_with_brms_ggplot2_and_the_tidyverse_2_ed; https://github.com/rmcelreath/rethinking	gaussian	bridgestan-finite-density-gradient	136
unverifiable	explicit Normal likelihood; named log-scale sigma predictor uses native linked-predictor syntax	BRM loader is CSV.read(RETHINKING_URL*WaffleDivorce.csv), then D/A/M are standardized. Upstream schema includes Location,MedianAgeMarriage,Marriage,Marriage SE,Divorce,Divorce SE and others; Alabama begins MedianAgeMarriage=25.3, Marriage=20.2, Divorce=12.7.	unverifiable	high	275	CatalogServer_default_unsubstantiated	fec3d2078fa49716	gaussian	renderer-default-unsubstantiated; inference happens to agree		df64d9cb8d50ac850ce24cb277e95ccb88fad0a8	not_supported_by_data_file		3		authoritative brm_descriptor/brm_execute; experimental SbPMX semantic_app mount adapter	scripts/examples/mcelreath.jl	true	05.qmd#L651-L659	2026-07-28T22:54:31Z	pass	waffle_divorce			reachable-data-or-description	true		false	pass		explicit-family-recovery		pass	loc ~ 1 + A\nlog(sigma) ~ 1\nM ~ Normal(loc, sigma)	pass	unresolved-family	https://github.com/rmcelreath/rethinking/blob/master/data/WaffleDivorce.csv	@options + option_domain/option_records + semantic_card under semantic_app	dataset_repository_or_file_only	05c3f465e7987e8d7caa7e214fedddd90415a922		text_offset=16; matched_terms=divorce,waffle; context_sha256=160636ce03bb2dfe	direct population/likelihood route when the family and terms are supported	200	synthetic n=12; positive continuous predictors; integer groups; family-valid outcome	not-run	https://github.com/rmcelreath/rethinking/blob/master/data/WaffleDivorce.csv	The cited resource is a data file; it can support dataset provenance but not the claimed model formula or family.	authoritative-audit-explicit-family-recovery	ordinary_brm	family evidence remains indeterminate	Searched historical BRM 05c3f465e7987e8d7caa7e214fedddd90415a922:scripts/examples/mcelreath.jl:275, the cited rethinking data surface, current upstream book code, and git history. The BRM row itself has blank family metadata and cites only data; no family was inferred from brms defaults, response names, titles, or dataset type.	274	-7.817384082920588	historical-semantics-unresolved	not-probed	6d568a42fe71db6d6d0febc63cff17dde33ee278054775455c920924b82cbcbc	not_supported_by_data_file			ready	167844c595c3f1cd1c8c3d7bf34f49555f148f8a145643aa69150158d47d0fd4	mcelreath	200	pass	mcelreath:waffle_divorce_mediator	unresolved-family	reachable_data_file	pass	pass		20b697244682bec1834fab350a55dfabf02b63fabcfcb1b0e95756e6371dcde7	Historical BRM 05c3f465e7987e8d7caa7e214fedddd90415a922:scripts/examples/mcelreath.jl:275 returns 'M ~ 1 + A' with no family. Matching mediator regression m ~ 1 + a explicitly sets family = gaussian.	Waffle Divorce — Mediator Regression (A predicts M)	M ~ 1 + A	true	SbPMX origin/main@a8fd3c02e1e2305683a56c91384701bfeba6b528:design/{ASKS.md,SbPMX.jl,mock_runtime.jl},compat/check-semantic-model-pipeline.jl	false		2026-07-28T21:07:09.209014+00:00	waffle_divorce_mediator	true	Historical BRM formula is 'M ~ 1 + A'. Authoritative formula/likelihood at 05.qmd#L651-L659 is the same model up to documented renaming, centering, or generated-column crosswalk.	family is not explicit or defensibly inferred	direct	The authoritative book/repository explicitly declares gaussian; dataset evidence only confirms the example identity and was not used as sole family evidence.	already-expressible-verbatim	https://github.com/rmcelreath/rethinking/blob/master/data/WaffleDivorce.csv		M ~ 1 + A	https://github.com/ASKurz/Statistical_Rethinking_with_brms_ggplot2_and_the_tidyverse_2_ed; https://github.com/rmcelreath/rethinking	gaussian	bridgestan-finite-density-gradient	137
unverifiable	joint/multivariate bf declarations require a structured design; current linked-predictor/kernel machinery exists, but this historical declaration needs a row-specific rewrite	BRM loader is CSV.read(RETHINKING_URL*WaffleDivorce.csv), then D/A/M are standardized. Upstream schema includes Location,MedianAgeMarriage,Marriage,Marriage SE,Divorce,Divorce SE and others; Alabama begins MedianAgeMarriage=25.3, Marriage=20.2, Divorce=12.7.	unverifiable	high	297	CatalogServer_default_unsubstantiated		gaussian	renderer-default-contradicts semantic inference		df64d9cb8d50ac850ce24cb277e95ccb88fad0a8	not_supported_by_data_file				no executable descriptor until translation is resolved	scripts/examples/mcelreath.jl	true	05.qmd#L1013-L1031	2026-07-28T22:54:31Z	not-run	waffle_divorce			reachable-data-or-description	true		false	not-run		explicit-family-recovery		not-run		not-run	unresolved-family	https://github.com/rmcelreath/rethinking/blob/master/data/WaffleDivorce.csv	@options + option_domain/option_records + semantic_card under semantic_app	dataset_repository_or_file_only	05c3f465e7987e8d7caa7e214fedddd90415a922		text_offset=16; matched_terms=divorce,waffle; context_sha256=160636ce03bb2dfe	direct population/likelihood route when the family and terms are supported	200	synthetic n=12; positive continuous predictors; integer groups; family-valid outcome	not-run	https://github.com/rmcelreath/rethinking/blob/master/data/WaffleDivorce.csv	The cited resource is a data file; it can support dataset provenance but not the claimed model formula or family.	authoritative-audit-explicit-family-recovery	ordinary_brm	family evidence remains indeterminate	Searched historical BRM 05c3f465e7987e8d7caa7e214fedddd90415a922:scripts/examples/mcelreath.jl:297, the cited rethinking data surface, current upstream book code, and git history. The BRM row itself has blank family metadata and cites only data; no family was inferred from brms defaults, response names, titles, or dataset type.			historical-semantics-unresolved	not-probed		not_supported_by_data_file			semantic-rewrite	167844c595c3f1cd1c8c3d7bf34f49555f148f8a145643aa69150158d47d0fd4	mcelreath	200	not-run	mcelreath:waffle_divorce_multivariate	unresolved-family	reachable_data_file	not-run	not-run			Historical BRM 05c3f465e7987e8d7caa7e214fedddd90415a922:scripts/examples/mcelreath.jl:297 returns 'bf(D ~ 1 + M + A) + bf(M ~ 1 + A) + set_rescor(FALSE)' with no family. The book defines d_model and m_model, combines them with set_rescor(FALSE), and explicitly sets family = gaussian.	Waffle Divorce — Multivariate Simultaneous Causal Model	bf(D ~ 1 + M + A) + bf(M ~ 1 + A) + set_rescor(FALSE)	not-run	SbPMX origin/main@a8fd3c02e1e2305683a56c91384701bfeba6b528:design/{ASKS.md,SbPMX.jl,mock_runtime.jl},compat/check-semantic-model-pipeline.jl	false		2026-07-28T21:07:09.209014+00:00	waffle_divorce_multivariate	true	Historical BRM formula is 'bf(D ~ 1 + M + A) + bf(M ~ 1 + A) + set_rescor(FALSE)'. Authoritative formula/likelihood at 05.qmd#L1013-L1031 is the same model up to documented renaming, centering, or generated-column crosswalk.	family is not explicit or defensibly inferred	not-probed	Recover Gaussian for both response marginals, not a flattened univariate model: the authoritative fit is a bivariate causal model with separate residual scales and residual correlation fixed to zero.	already-expressible-via-semantic-rewrite	https://github.com/rmcelreath/rethinking/blob/master/data/WaffleDivorce.csv		bf(D ~ 1 + M + A) + bf(M ~ 1 + A) + set_rescor(FALSE)	https://github.com/ASKurz/Statistical_Rethinking_with_brms_ggplot2_and_the_tidyverse_2_ed; https://github.com/rmcelreath/rethinking	multivariate_gaussian	semantic-rewrite	138
unverifiable	predictor/measurement-error or argument-bearing mi semantics are not supported by the stock response-mi adapter	BRM starts from WaffleDivorce.csv but replaces its published Divorce SE with D_sd=0.1*abs(D)+0.01 and simulates D_obs using MersenneTwister(15). The authoritative chapter derives D_obs and D_sd from the observed Divorce and Divorce SE columns. Thus schema D_obs,D_sd,A,M matches while the BRM uncertainty values are synthetic drift.	unverifiable	high	319	CatalogServer_default_unsubstantiated		gaussian	renderer-default-unsubstantiated; inference happens to agree		df64d9cb8d50ac850ce24cb277e95ccb88fad0a8	not_supported_by_data_file				no executable descriptor until translation is resolved	scripts/examples/mcelreath.jl	true	15.qmd#L306-L348	2026-07-28T22:54:31Z	not-run	waffle_divorce			reachable-data-or-description	true		false	not-run		explicit-family-recovery		not-run		not-run	unresolved-family	https://github.com/rmcelreath/rethinking/blob/master/data/WaffleDivorce.csv	@options + option_domain/option_records + semantic_card under semantic_app	dataset_repository_or_file_only	05c3f465e7987e8d7caa7e214fedddd90415a922		text_offset=16; matched_terms=divorce,waffle; context_sha256=160636ce03bb2dfe	direct population/likelihood route when the family and terms are supported	200	synthetic n=12; positive continuous predictors; integer groups; family-valid outcome	not-run	https://github.com/rmcelreath/rethinking/blob/master/data/WaffleDivorce.csv	The cited resource is a data file; it can support dataset provenance but not the claimed model formula or family.	authoritative-audit-explicit-family-recovery	ordinary_brm	family evidence remains indeterminate	Searched historical BRM 05c3f465e7987e8d7caa7e214fedddd90415a922:scripts/examples/mcelreath.jl:319, the cited rethinking data surface, current upstream book code, and git history. The BRM row itself has blank family metadata and cites only data; no family was inferred from brms defaults, response names, titles, or dataset type. The BRM response-error values are synthetic and do not reproduce the authoritative WaffleDivorce measurement-error inputs.			historical-semantics-unresolved	not-probed		not_supported_by_data_file			unsupported	167844c595c3f1cd1c8c3d7bf34f49555f148f8a145643aa69150158d47d0fd4	mcelreath	200	not-run	mcelreath:waffle_divorce_meas_err	unresolved-family	reachable_data_file	not-run	not-run			Historical BRM 05c3f465e7987e8d7caa7e214fedddd90415a922:scripts/examples/mcelreath.jl:319 returns 'D_obs | mi(D_sd) ~ 1 + A + M' with no family. The book gives D_obs,i ~ Normal(D_true,i,D_SE,i) and D_true,i ~ Normal(mu_i,sigma), then fits D_obs | mi(D_sd) with family = gaussian.	Waffle Divorce — Measurement Error Model	D_obs | mi(D_sd) ~ 1 + A + M	not-run	SbPMX origin/main@a8fd3c02e1e2305683a56c91384701bfeba6b528:design/{ASKS.md,SbPMX.jl,mock_runtime.jl},compat/check-semantic-model-pipeline.jl	false		2026-07-28T21:07:09.209014+00:00	waffle_divorce_meas_err	true	Historical BRM formula is 'D_obs | mi(D_sd) ~ 1 + A + M'. Authoritative formula/likelihood at 15.qmd#L306-L348 is the same model up to documented renaming, centering, or generated-column crosswalk.	family is not explicit or defensibly inferred	not-probed	Recover the two Gaussian layers while retaining the known-SD measurement-error/latent-response semantics; this is not merely an ordinary Gaussian regression.	genuinely-missing-brm-surface	https://github.com/rmcelreath/rethinking/blob/master/data/WaffleDivorce.csv	StanBlocks building blocks may exist; see surface audits	D_obs | mi(D_sd) ~ 1 + A + M	https://github.com/ASKurz/Statistical_Rethinking_with_brms_ggplot2_and_the_tidyverse_2_ed; https://github.com/rmcelreath/rethinking	gaussian	unsupported	139
unverifiable	explicit Normal likelihood; named log-scale sigma predictor uses native linked-predictor syntax	BRM loader is milk.csv and derives standardized kcal, neocortex and log-mass columns. Upstream has 29 rows and schema clade,species,kcal.per.g,perc.fat,perc.protein,perc.lactose,mass,neocortex.perc; first kcal/mass/neocortex values are 0.49,1.95,55.16.	unverifiable	high	354	CatalogServer_default_unsubstantiated	78616fec2c2e1475	gaussian	renderer-default-unsubstantiated; inference happens to agree		df64d9cb8d50ac850ce24cb277e95ccb88fad0a8	not_supported_by_data_file		3		authoritative brm_descriptor/brm_execute; experimental SbPMX semantic_app mount adapter	scripts/examples/mcelreath.jl	true	05.qmd#L1257-L1265;05.qmd#L1326-L1334	2026-07-28T22:54:31Z	pass	milk			reachable-data-or-description	true		false	pass		explicit-family-recovery		pass	loc ~ 1 + neo_s\nlog(sigma) ~ 1\nkcal_s ~ Normal(loc, sigma)	pass	unresolved-family	https://github.com/rmcelreath/rethinking/blob/master/data/milk.csv	@options + option_domain/option_records + semantic_card under semantic_app	dataset_repository_or_file_only	05c3f465e7987e8d7caa7e214fedddd90415a922		text_offset=16; matched_terms=milk; context_sha256=d37e6c5d94b0c33b	direct population/likelihood route when the family and terms are supported	200	synthetic n=12; positive continuous predictors; integer groups; family-valid outcome	not-run	https://github.com/rmcelreath/rethinking/blob/master/data/milk.csv	The cited resource is a data file; it can support dataset provenance but not the claimed model formula or family.	authoritative-audit-explicit-family-recovery	ordinary_brm	family evidence remains indeterminate	Searched historical BRM 05c3f465e7987e8d7caa7e214fedddd90415a922:scripts/examples/mcelreath.jl:354, the cited rethinking data surface, current upstream book code, and git history. The BRM row itself has blank family metadata and cites only data; no family was inferred from brms defaults, response names, titles, or dataset type.	280	-7.817384082920588	historical-semantics-unresolved	not-probed	50628870a3e7ed2f5f8ed7dd33c5a1c90e7a5f1af03b007e445c319609c72020	not_supported_by_data_file			ready	fbab77b9fefe7b76e6e31f064a01dd7b1dbafd5884dd5d4e06bcbc1c6d15880c	mcelreath	200	pass	mcelreath:milk_neo	unresolved-family	reachable_data_file	pass	pass		ccbf27d1fee6002933fadd84f31f80c33f021de5d5e838edff128ab35b062dd3	Historical BRM 05c3f465e7987e8d7caa7e214fedddd90415a922:scripts/examples/mcelreath.jl:354 returns 'kcal_s ~ 1 + neo_s' with no family. Both draft and complete-case neocortex models explicitly set family = gaussian.	Milk Energy — Neocortex Predictor	kcal_s ~ 1 + neo_s	true	SbPMX origin/main@a8fd3c02e1e2305683a56c91384701bfeba6b528:design/{ASKS.md,SbPMX.jl,mock_runtime.jl},compat/check-semantic-model-pipeline.jl	false		2026-07-28T21:07:09.303216+00:00	milk_neo	true	Historical BRM formula is 'kcal_s ~ 1 + neo_s'. Authoritative formula/likelihood at 05.qmd#L1257-L1265;05.qmd#L1326-L1334 is the same model up to documented renaming, centering, or generated-column crosswalk.	family is not explicit or defensibly inferred	direct	The authoritative book/repository explicitly declares gaussian; dataset evidence only confirms the example identity and was not used as sole family evidence.	already-expressible-verbatim	https://github.com/rmcelreath/rethinking/blob/master/data/milk.csv		kcal_s ~ 1 + neo_s	https://github.com/ASKurz/Statistical_Rethinking_with_brms_ggplot2_and_the_tidyverse_2_ed; https://github.com/rmcelreath/rethinking	gaussian	bridgestan-finite-density-gradient	140
unverifiable	explicit Normal likelihood; named log-scale sigma predictor uses native linked-predictor syntax	BRM loader is milk.csv and derives standardized kcal, neocortex and log-mass columns. Upstream has 29 rows and schema clade,species,kcal.per.g,perc.fat,perc.protein,perc.lactose,mass,neocortex.perc; first kcal/mass/neocortex values are 0.49,1.95,55.16.	unverifiable	high	381	CatalogServer_default_unsubstantiated	0b1bff57e736c741	gaussian	renderer-default-unsubstantiated; inference happens to agree		df64d9cb8d50ac850ce24cb277e95ccb88fad0a8	not_supported_by_data_file		3		authoritative brm_descriptor/brm_execute; experimental SbPMX semantic_app mount adapter	scripts/examples/mcelreath.jl	true	05.qmd#L1449-L1457	2026-07-28T22:54:31Z	pass	milk			reachable-data-or-description	true		false	pass		explicit-family-recovery		pass	loc ~ 1 + logmass_s\nlog(sigma) ~ 1\nkcal_s ~ Normal(loc, sigma)	pass	unresolved-family	https://github.com/rmcelreath/rethinking/blob/master/data/milk.csv	@options + option_domain/option_records + semantic_card under semantic_app	dataset_repository_or_file_only	05c3f465e7987e8d7caa7e214fedddd90415a922		text_offset=16; matched_terms=milk; context_sha256=d37e6c5d94b0c33b	direct population/likelihood route when the family and terms are supported	200	synthetic n=12; positive continuous predictors; integer groups; family-valid outcome	not-run	https://github.com/rmcelreath/rethinking/blob/master/data/milk.csv	The cited resource is a data file; it can support dataset provenance but not the claimed model formula or family.	authoritative-audit-explicit-family-recovery	ordinary_brm	family evidence remains indeterminate	Searched historical BRM 05c3f465e7987e8d7caa7e214fedddd90415a922:scripts/examples/mcelreath.jl:381, the cited rethinking data surface, current upstream book code, and git history. The BRM row itself has blank family metadata and cites only data; no family was inferred from brms defaults, response names, titles, or dataset type.	282	-7.817384082920588	historical-semantics-unresolved	not-probed	8524603605829d8f9770b43799628177b0a5f1f1566ba2665990d5b87a194031	not_supported_by_data_file			ready	fbab77b9fefe7b76e6e31f064a01dd7b1dbafd5884dd5d4e06bcbc1c6d15880c	mcelreath	200	pass	mcelreath:milk_mass	unresolved-family	reachable_data_file	pass	pass		a475abf8405010c81b00313d4d1870864d3812c8a02abc3fd99b1d4105a00527	Historical BRM 05c3f465e7987e8d7caa7e214fedddd90415a922:scripts/examples/mcelreath.jl:381 returns 'kcal_s ~ 1 + logmass_s' with no family. Matching log-mass model explicitly sets family = gaussian.	Milk Energy — Log Body Mass Predictor	kcal_s ~ 1 + logmass_s	true	SbPMX origin/main@a8fd3c02e1e2305683a56c91384701bfeba6b528:design/{ASKS.md,SbPMX.jl,mock_runtime.jl},compat/check-semantic-model-pipeline.jl	false		2026-07-28T21:07:09.303216+00:00	milk_mass	true	Historical BRM formula is 'kcal_s ~ 1 + logmass_s'. Authoritative formula/likelihood at 05.qmd#L1449-L1457 is the same model up to documented renaming, centering, or generated-column crosswalk.	family is not explicit or defensibly inferred	direct	The authoritative book/repository explicitly declares gaussian; dataset evidence only confirms the example identity and was not used as sole family evidence.	already-expressible-verbatim	https://github.com/rmcelreath/rethinking/blob/master/data/milk.csv		kcal_s ~ 1 + logmass_s	https://github.com/ASKurz/Statistical_Rethinking_with_brms_ggplot2_and_the_tidyverse_2_ed; https://github.com/rmcelreath/rethinking	gaussian	bridgestan-finite-density-gradient	141
unverifiable	explicit Normal likelihood; named log-scale sigma predictor uses native linked-predictor syntax	BRM loader is milk.csv and derives standardized kcal, neocortex and log-mass columns. Upstream has 29 rows and schema clade,species,kcal.per.g,perc.fat,perc.protein,perc.lactose,mass,neocortex.perc; first kcal/mass/neocortex values are 0.49,1.95,55.16.	unverifiable	high	408	CatalogServer_default_unsubstantiated	09994d755588f327	gaussian	renderer-default-unsubstantiated; inference happens to agree		df64d9cb8d50ac850ce24cb277e95ccb88fad0a8	not_supported_by_data_file		4		authoritative brm_descriptor/brm_execute; experimental SbPMX semantic_app mount adapter	scripts/examples/mcelreath.jl	true	05.qmd#L1504-L1522	2026-07-28T22:54:31Z	pass	milk			reachable-data-or-description	true		false	pass		explicit-family-recovery		pass	loc ~ 1 + neo_s + logmass_s\nlog(sigma) ~ 1\nkcal_s ~ Normal(loc, sigma)	pass	unresolved-family	https://github.com/rmcelreath/rethinking/blob/master/data/milk.csv	@options + option_domain/option_records + semantic_card under semantic_app	dataset_repository_or_file_only	05c3f465e7987e8d7caa7e214fedddd90415a922		text_offset=16; matched_terms=and,milk; context_sha256=d37e6c5d94b0c33b	direct population/likelihood route when the family and terms are supported	200	synthetic n=12; positive continuous predictors; integer groups; family-valid outcome	not-run	https://github.com/rmcelreath/rethinking/blob/master/data/milk.csv	The cited resource is a data file; it can support dataset provenance but not the claimed model formula or family.	authoritative-audit-explicit-family-recovery	ordinary_brm	family evidence remains indeterminate	Searched historical BRM 05c3f465e7987e8d7caa7e214fedddd90415a922:scripts/examples/mcelreath.jl:408, the cited rethinking data surface, current upstream book code, and git history. The BRM row itself has blank family metadata and cites only data; no family was inferred from brms defaults, response names, titles, or dataset type.	284	-3.8069883206128132	historical-semantics-unresolved	not-probed	3de709a299557dbc1e327fc3de773fd3dd5662978ddfa45f15123ae904f2d4c3	not_supported_by_data_file			ready	fbab77b9fefe7b76e6e31f064a01dd7b1dbafd5884dd5d4e06bcbc1c6d15880c	mcelreath	200	pass	mcelreath:milk_both	unresolved-family	reachable_data_file	pass	pass		1da04678a101ef6ef5d77715f19a8f4796aef8ba1d1bf7372973c229a381aebb	Historical BRM 05c3f465e7987e8d7caa7e214fedddd90415a922:scripts/examples/mcelreath.jl:408 returns 'kcal_s ~ 1 + neo_s + logmass_s' with no family. The book states kcal.per.g_s_i ~ Normal(mu_i,sigma) and the matching two-predictor brm explicitly sets family = gaussian.	Milk Energy — Neocortex and Mass (Masked Association)	kcal_s ~ 1 + neo_s + logmass_s	true	SbPMX origin/main@a8fd3c02e1e2305683a56c91384701bfeba6b528:design/{ASKS.md,SbPMX.jl,mock_runtime.jl},compat/check-semantic-model-pipeline.jl	false		2026-07-28T21:07:09.303216+00:00	milk_both	true	Historical BRM formula is 'kcal_s ~ 1 + neo_s + logmass_s'. Authoritative formula/likelihood at 05.qmd#L1504-L1522 is the same model up to documented renaming, centering, or generated-column crosswalk.	family is not explicit or defensibly inferred	direct	The authoritative book/repository explicitly declares gaussian; dataset evidence only confirms the example identity and was not used as sole family evidence.	already-expressible-verbatim	https://github.com/rmcelreath/rethinking/blob/master/data/milk.csv		kcal_s ~ 1 + neo_s + logmass_s	https://github.com/ASKurz/Statistical_Rethinking_with_brms_ggplot2_and_the_tidyverse_2_ed; https://github.com/rmcelreath/rethinking	gaussian	bridgestan-finite-density-gradient	142
unverifiable	explicit Normal likelihood; named log-scale sigma predictor uses native linked-predictor syntax	BRM loader is milk.csv and derives standardized kcal, neocortex and log-mass columns. Upstream has 29 rows and schema clade,species,kcal.per.g,perc.fat,perc.protein,perc.lactose,mass,neocortex.perc; first kcal/mass/neocortex values are 0.49,1.95,55.16.	unverifiable	high	435	CatalogServer_default_unsubstantiated	9ebfc289bc2bae3e	gaussian	renderer-default-unsubstantiated; inference happens to agree		df64d9cb8d50ac850ce24cb277e95ccb88fad0a8	not_supported_by_data_file		2		authoritative brm_descriptor/brm_execute; experimental SbPMX semantic_app mount adapter	scripts/examples/mcelreath.jl	true	05.qmd#L2054-L2069	2026-07-28T22:54:31Z	pass	milk			reachable-data-or-description	true		false	pass		explicit-family-recovery		pass	loc ~ 0 + clade\nlog(sigma) ~ 1\nkcal_s ~ Normal(loc, sigma)	pass	unresolved-family	https://github.com/rmcelreath/rethinking/blob/master/data/milk.csv	@options + option_domain/option_records + semantic_card under semantic_app	dataset_repository_or_file_only	05c3f465e7987e8d7caa7e214fedddd90415a922		text_offset=16; matched_terms=milk; context_sha256=d37e6c5d94b0c33b	direct population/likelihood route when the family and terms are supported	200	synthetic n=12; positive continuous predictors; integer groups; family-valid outcome	not-run	https://github.com/rmcelreath/rethinking/blob/master/data/milk.csv	The cited resource is a data file; it can support dataset provenance but not the claimed model formula or family.	authoritative-audit-explicit-family-recovery	ordinary_brm	family evidence remains indeterminate	Searched historical BRM 05c3f465e7987e8d7caa7e214fedddd90415a922:scripts/examples/mcelreath.jl:435, the cited rethinking data surface, current upstream book code, and git history. The BRM row itself has blank family metadata and cites only data; no family was inferred from brms defaults, response names, titles, or dataset type.	286	-7.817384082920588	historical-semantics-unresolved	not-probed	c0a6e9a2a435c066b7007bb6480de9cb61dc9df8483f5b6cc53351b504d65637	not_supported_by_data_file			ready	fbab77b9fefe7b76e6e31f064a01dd7b1dbafd5884dd5d4e06bcbc1c6d15880c	mcelreath	200	pass	mcelreath:milk_clade	unresolved-family	reachable_data_file	pass	pass		c5e87944d33325d1149e4f634dd5a5ef1e2bf36cc60e985347927c3aaa18bbc0	Historical BRM 05c3f465e7987e8d7caa7e214fedddd90415a922:scripts/examples/mcelreath.jl:435 returns 'kcal_s ~ 0 + clade' with no family. The clade index model states a Normal likelihood and explicitly sets family = gaussian.	Milk Energy — Clade Index Model	kcal_s ~ 0 + clade	true	SbPMX origin/main@a8fd3c02e1e2305683a56c91384701bfeba6b528:design/{ASKS.md,SbPMX.jl,mock_runtime.jl},compat/check-semantic-model-pipeline.jl	false		2026-07-28T21:07:09.303216+00:00	milk_clade	true	Historical BRM formula is 'kcal_s ~ 0 + clade'. Authoritative formula/likelihood at 05.qmd#L2054-L2069 is the same model up to documented renaming, centering, or generated-column crosswalk.	family is not explicit or defensibly inferred	direct	The authoritative book/repository explicitly declares gaussian; dataset evidence only confirms the example identity and was not used as sole family evidence.	already-expressible-verbatim	https://github.com/rmcelreath/rethinking/blob/master/data/milk.csv		kcal_s ~ 0 + clade	https://github.com/ASKurz/Statistical_Rethinking_with_brms_ggplot2_and_the_tidyverse_2_ed; https://github.com/rmcelreath/rethinking	gaussian	bridgestan-finite-density-gradient	143
unverifiable	joint/multivariate bf declarations require a structured design; current linked-predictor/kernel machinery exists, but this historical declaration needs a row-specific rewrite	BRM loader is milk.csv and derives standardized kcal, neocortex and log-mass columns. Upstream has 29 rows and schema clade,species,kcal.per.g,perc.fat,perc.protein,perc.lactose,mass,neocortex.perc; first kcal/mass/neocortex values are 0.49,1.95,55.16.	unverifiable	high	462	CatalogServer_default_unsubstantiated		gaussian	renderer-default-contradicts semantic inference		df64d9cb8d50ac850ce24cb277e95ccb88fad0a8	not_supported_by_data_file				no executable descriptor until translation is resolved	scripts/examples/mcelreath.jl	true	15.qmd#L1234-L1271	2026-07-28T22:54:31Z	not-run	milk			reachable-data-or-description	true		false	not-run		explicit-family-recovery		not-run		not-run	unresolved-family	https://github.com/rmcelreath/rethinking/blob/master/data/milk.csv	@options + option_domain/option_records + semantic_card under semantic_app	dataset_repository_or_file_only	05c3f465e7987e8d7caa7e214fedddd90415a922		text_offset=16; matched_terms=data,milk; context_sha256=d37e6c5d94b0c33b	direct population/likelihood route when the family and terms are supported	200	synthetic n=12; positive continuous predictors; integer groups; family-valid outcome	not-run	https://github.com/rmcelreath/rethinking/blob/master/data/milk.csv	The cited resource is a data file; it can support dataset provenance but not the claimed model formula or family.	authoritative-audit-explicit-family-recovery	ordinary_brm	family evidence remains indeterminate	Searched historical BRM 05c3f465e7987e8d7caa7e214fedddd90415a922:scripts/examples/mcelreath.jl:462, the cited rethinking data surface, current upstream book code, and git history. The BRM row itself has blank family metadata and cites only data; no family was inferred from brms defaults, response names, titles, or dataset type.			historical-semantics-unresolved	not-probed		not_supported_by_data_file			semantic-rewrite	fbab77b9fefe7b76e6e31f064a01dd7b1dbafd5884dd5d4e06bcbc1c6d15880c	mcelreath	200	not-run	mcelreath:milk_mi	unresolved-family	reachable_data_file	not-run	not-run			Historical BRM 05c3f465e7987e8d7caa7e214fedddd90415a922:scripts/examples/mcelreath.jl:462 returns 'bf(k ~ 1 + mi(b) + m) + bf(b | mi() ~ 1) + set_rescor(FALSE)' with no family. The book states K_i ~ Normal(mu_i,sigma) and B_i ~ Normal(nu,sigma_B), defines bf(k ~ 1 + mi(b) + m) plus bf(b | mi() ~ 1), sets rescor(FALSE), and passes family = gaussian.	Milk Energy — Joint Missing-Data Model	bf(k ~ 1 + mi(b) + m) + bf(b | mi() ~ 1) + set_rescor(FALSE)	not-run	SbPMX origin/main@a8fd3c02e1e2305683a56c91384701bfeba6b528:design/{ASKS.md,SbPMX.jl,mock_runtime.jl},compat/check-semantic-model-pipeline.jl	false		2026-07-28T21:07:09.303216+00:00	milk_mi	true	Historical BRM formula is 'bf(k ~ 1 + mi(b) + m) + bf(b | mi() ~ 1) + set_rescor(FALSE)'. Authoritative formula/likelihood at 15.qmd#L1234-L1271 is the same model up to documented renaming, centering, or generated-column crosswalk.	family is not explicit or defensibly inferred	not-probed	Recover Gaussian for both modeled marginals while preserving the joint missing-data and fixed-zero residual-correlation structure.	already-expressible-via-semantic-rewrite	https://github.com/rmcelreath/rethinking/blob/master/data/milk.csv		bf(k ~ 1 + mi(b) + m) + bf(b | mi() ~ 1) + set_rescor(FALSE)	https://github.com/ASKurz/Statistical_Rethinking_with_brms_ggplot2_and_the_tidyverse_2_ed; https://github.com/rmcelreath/rethinking	multivariate_gaussian	semantic-rewrite	144
unverifiable	explicit Normal likelihood; named log-scale sigma predictor uses native linked-predictor syntax	BRM constructs 200 rows with MersenneTwister(6), schema h0,h1,treatment,fungus and h1=h0*(1.5-0.2*fungus+0.05*noise). The authoritative chapter also simulates h0,treatment,fungus,h1, but exact RNG/sample values drift; this supports the formula crosswalk only.	unverifiable	high	514	CatalogServer_default_unsubstantiated	ec2df02c68976e45	gaussian	renderer-default-unsubstantiated; inference happens to agree		df64d9cb8d50ac850ce24cb277e95ccb88fad0a8	not_evaluable		2		authoritative brm_descriptor/brm_execute; experimental SbPMX semantic_app mount adapter	scripts/examples/mcelreath.jl	true	06.qmd#L658-L673	2026-07-28T22:54:31Z	pass	plant_growth			synthetic-no-external-receipt	false		false	pass		explicit-family-recovery		pass	loc ~ 0 + h0\nlog(sigma) ~ 1\nh1 ~ Normal(loc, sigma)	pass	unresolved-family		@options + option_domain/option_records + semantic_card under semantic_app	no_external_authority	05c3f465e7987e8d7caa7e214fedddd90415a922			direct population/likelihood route when the family and terms are supported		synthetic n=12; positive continuous predictors; integer groups; family-valid outcome	not-run	synthetic	No external model citation: catalog claim is synthetic/uncited.	authoritative-audit-explicit-family-recovery	ordinary_brm	family evidence remains indeterminate	Searched historical BRM 05c3f465e7987e8d7caa7e214fedddd90415a922:scripts/examples/mcelreath.jl:514, the cited rethinking data surface, current upstream book code, and git history. The BRM row itself has blank family metadata and cites only data; no family was inferred from brms defaults, response names, titles, or dataset type.	290	-7.817384082920588	historical-semantics-unresolved	not-probed	f779f3dc45c29f8e9e22fb3603e52d87ee07fef5f6dc6d15b0eac834b87b7e86	not_evaluable			ready		mcelreath	200	pass	mcelreath:plant_growth_baseline	unresolved-family	synthetic_claim_only	pass	pass		e898e5264ca510dcc6f41ecc33ebef0bcc7d3b9d03259d6223d2fca8ffd1852f	Historical BRM 05c3f465e7987e8d7caa7e214fedddd90415a922:scripts/examples/mcelreath.jl:514 returns 'h1 ~ 0 + h0' with no family. The baseline growth model states h1_i ~ Normal(mu_i,sigma) and explicitly sets family = gaussian.	Plant Growth — Baseline (No Treatment Effect)	h1 ~ 0 + h0	true	SbPMX origin/main@a8fd3c02e1e2305683a56c91384701bfeba6b528:design/{ASKS.md,SbPMX.jl,mock_runtime.jl},compat/check-semantic-model-pipeline.jl	false			plant_growth_baseline	true	Historical BRM formula is 'h1 ~ 0 + h0'. Authoritative formula/likelihood at 06.qmd#L658-L673 is the same model up to documented renaming, centering, or generated-column crosswalk.	family is not explicit or defensibly inferred	direct	The authoritative book/repository explicitly declares gaussian; dataset evidence only confirms the example identity and was not used as sole family evidence.	already-expressible-verbatim	synthetic		h1 ~ 0 + h0	https://github.com/ASKurz/Statistical_Rethinking_with_brms_ggplot2_and_the_tidyverse_2_ed; https://github.com/rmcelreath/rethinking	gaussian	bridgestan-finite-density-gradient	145
unverifiable	nonlinear parameter formulas need an explicit current linked-predictor design; current linked-predictor/kernel machinery exists, but this historical declaration needs a row-specific rewrite	BRM constructs 200 rows with MersenneTwister(6), schema h0,h1,treatment,fungus and h1=h0*(1.5-0.2*fungus+0.05*noise). The authoritative chapter also simulates h0,treatment,fungus,h1, but exact RNG/sample values drift; this supports the formula crosswalk only.	unverifiable	high	530	CatalogServer_default_unsubstantiated		gaussian	renderer-default-unsubstantiated; inference happens to agree		df64d9cb8d50ac850ce24cb277e95ccb88fad0a8	not_evaluable				no executable descriptor until translation is resolved	scripts/examples/mcelreath.jl	true	06.qmd#L687-L718	2026-07-28T22:54:31Z	not-run	plant_growth			synthetic-no-external-receipt	false		false	not-run		explicit-family-recovery		not-run		not-run	unresolved-family		@options + option_domain/option_records + semantic_card under semantic_app	no_external_authority	05c3f465e7987e8d7caa7e214fedddd90415a922			direct population/likelihood route when the family and terms are supported		synthetic n=12; positive continuous predictors; integer groups; family-valid outcome	not-run	synthetic	No external model citation: catalog claim is synthetic/uncited.	authoritative-audit-explicit-family-recovery	ordinary_brm	family evidence remains indeterminate	Searched historical BRM 05c3f465e7987e8d7caa7e214fedddd90415a922:scripts/examples/mcelreath.jl:530, the cited rethinking data surface, current upstream book code, and git history. The BRM row itself has blank family metadata and cites only data; no family was inferred from brms defaults, response names, titles, or dataset type.			historical-semantics-unresolved	not-probed		not_evaluable			semantic-rewrite		mcelreath	200	not-run	mcelreath:plant_growth_biased	unresolved-family	synthetic_claim_only	not-run	not-run			Historical BRM 05c3f465e7987e8d7caa7e214fedddd90415a922:scripts/examples/mcelreath.jl:530 returns 'bf(h1 ~ h0 * (a + t * treatment + f * fungus), a + t + f ~ 1, nl = TRUE)' with no family. The post-treatment nonlinear growth model states a Normal likelihood and explicitly sets family = gaussian.	Plant Growth — Post-Treatment Bias	bf(h1 ~ h0 * (a + t * treatment + f * fungus), a + t + f ~ 1, nl = TRUE)	not-run	SbPMX origin/main@a8fd3c02e1e2305683a56c91384701bfeba6b528:design/{ASKS.md,SbPMX.jl,mock_runtime.jl},compat/check-semantic-model-pipeline.jl	false			plant_growth_biased	true	Historical BRM formula is 'bf(h1 ~ h0 * (a + t * treatment + f * fungus), a + t + f ~ 1, nl = TRUE)'. Authoritative formula/likelihood at 06.qmd#L687-L718 is the same model up to documented renaming, centering, or generated-column crosswalk.	family is not explicit or defensibly inferred	not-probed	The authoritative book/repository explicitly declares gaussian; dataset evidence only confirms the example identity and was not used as sole family evidence.	already-expressible-via-semantic-rewrite	synthetic		bf(h1 ~ h0 * (a + t * treatment + f * fungus), a + t + f ~ 1, nl = TRUE)	https://github.com/ASKurz/Statistical_Rethinking_with_brms_ggplot2_and_the_tidyverse_2_ed; https://github.com/rmcelreath/rethinking	gaussian	semantic-rewrite	146
unverifiable	nonlinear parameter formulas need an explicit current linked-predictor design; current linked-predictor/kernel machinery exists, but this historical declaration needs a row-specific rewrite	BRM constructs 200 rows with MersenneTwister(6), schema h0,h1,treatment,fungus and h1=h0*(1.5-0.2*fungus+0.05*noise). The authoritative chapter also simulates h0,treatment,fungus,h1, but exact RNG/sample values drift; this supports the formula crosswalk only.	unverifiable	high	547	CatalogServer_default_unsubstantiated		gaussian	renderer-default-unsubstantiated; inference happens to agree		df64d9cb8d50ac850ce24cb277e95ccb88fad0a8	not_evaluable				no executable descriptor until translation is resolved	scripts/examples/mcelreath.jl	true	06.qmd#L744-L762	2026-07-28T22:54:31Z	not-run	plant_growth			synthetic-no-external-receipt	false		false	not-run		explicit-family-recovery		not-run		not-run	unresolved-family		@options + option_domain/option_records + semantic_card under semantic_app	no_external_authority	05c3f465e7987e8d7caa7e214fedddd90415a922			direct population/likelihood route when the family and terms are supported		synthetic n=12; positive continuous predictors; integer groups; family-valid outcome	not-run	synthetic	No external model citation: catalog claim is synthetic/uncited.	authoritative-audit-explicit-family-recovery	ordinary_brm	family evidence remains indeterminate	Searched historical BRM 05c3f465e7987e8d7caa7e214fedddd90415a922:scripts/examples/mcelreath.jl:547, the cited rethinking data surface, current upstream book code, and git history. The BRM row itself has blank family metadata and cites only data; no family was inferred from brms defaults, response names, titles, or dataset type.			historical-semantics-unresolved	not-probed		not_evaluable			semantic-rewrite		mcelreath	200	not-run	mcelreath:plant_growth_causal	unresolved-family	synthetic_claim_only	not-run	not-run			Historical BRM 05c3f465e7987e8d7caa7e214fedddd90415a922:scripts/examples/mcelreath.jl:547 returns 'bf(h1 ~ h0 * (a + t * treatment), a + t ~ 1, nl = TRUE)' with no family. The causal nonlinear growth model states a Normal likelihood and explicitly sets family = gaussian.	Plant Growth — Causal Model (Excluding Mediator)	bf(h1 ~ h0 * (a + t * treatment), a + t ~ 1, nl = TRUE)	not-run	SbPMX origin/main@a8fd3c02e1e2305683a56c91384701bfeba6b528:design/{ASKS.md,SbPMX.jl,mock_runtime.jl},compat/check-semantic-model-pipeline.jl	false			plant_growth_causal	true	Historical BRM formula is 'bf(h1 ~ h0 * (a + t * treatment), a + t ~ 1, nl = TRUE)'. Authoritative formula/likelihood at 06.qmd#L744-L762 is the same model up to documented renaming, centering, or generated-column crosswalk.	family is not explicit or defensibly inferred	not-probed	The authoritative book/repository explicitly declares gaussian; dataset evidence only confirms the example identity and was not used as sole family evidence.	already-expressible-via-semantic-rewrite	synthetic		bf(h1 ~ h0 * (a + t * treatment), a + t ~ 1, nl = TRUE)	https://github.com/ASKurz/Statistical_Rethinking_with_brms_ggplot2_and_the_tidyverse_2_ed; https://github.com/rmcelreath/rethinking	gaussian	semantic-rewrite	147
unverifiable	explicit Normal likelihood; named log-scale sigma predictor uses native linked-predictor syntax	BRM constructs age,happiness,married then a=(age-18)/47 and mid=married+1 with MersenneTwister(6). Authoritative sim_happiness semantics use the same variables/collider setup, but BRM sample construction and values are not an exact copy.	unverifiable	high	594	CatalogServer_default_unsubstantiated	c47742f4b39276b9	gaussian	renderer-default-unsubstantiated; inference happens to agree		df64d9cb8d50ac850ce24cb277e95ccb88fad0a8	not_evaluable		3		authoritative brm_descriptor/brm_execute; experimental SbPMX semantic_app mount adapter	scripts/examples/mcelreath.jl	true	06.qmd#L1099-L1138	2026-07-28T22:54:31Z	pass	happiness			synthetic-no-external-receipt	false		false	pass		explicit-family-recovery		pass	loc ~ 0 + mid + a\nlog(sigma) ~ 1\nhappiness ~ Normal(loc, sigma)	pass	unresolved-family		@options + option_domain/option_records + semantic_card under semantic_app	no_external_authority	05c3f465e7987e8d7caa7e214fedddd90415a922			direct population/likelihood route when the family and terms are supported		synthetic n=12; positive continuous predictors; integer groups; family-valid outcome	not-run	synthetic	No external model citation: catalog claim is synthetic/uncited.	authoritative-audit-explicit-family-recovery	ordinary_brm	family evidence remains indeterminate	Searched historical BRM 05c3f465e7987e8d7caa7e214fedddd90415a922:scripts/examples/mcelreath.jl:594, the cited rethinking data surface, current upstream book code, and git history. The BRM row itself has blank family metadata and cites only data; no family was inferred from brms defaults, response names, titles, or dataset type.	296	-3.8069883206128132	historical-semantics-unresolved	not-probed	340b2c394740a90f14e365fab5959b12e63498e3c5b6795e95ea99c4e144dcb7	not_evaluable			ready		mcelreath	200	pass	mcelreath:happiness_collider	unresolved-family	synthetic_claim_only	pass	pass		994a1058b2c7452a7e5cb03f957982c71db7be002b10cd0129eceb95e518ad07	Historical BRM 05c3f465e7987e8d7caa7e214fedddd90415a922:scripts/examples/mcelreath.jl:594 returns 'happiness ~ 0 + mid + a' with no family. The book states happiness_i ~ Normal(mu_i,sigma) and the collider model explicitly sets family = gaussian.	Happiness — Collider Bias (Spurious Age Effect)	happiness ~ 0 + mid + a	true	SbPMX origin/main@a8fd3c02e1e2305683a56c91384701bfeba6b528:design/{ASKS.md,SbPMX.jl,mock_runtime.jl},compat/check-semantic-model-pipeline.jl	false			happiness_collider	true	Historical BRM formula is 'happiness ~ 0 + mid + a'. Authoritative formula/likelihood at 06.qmd#L1099-L1138 is the same model up to documented renaming, centering, or generated-column crosswalk.	family is not explicit or defensibly inferred	direct	The authoritative book/repository explicitly declares gaussian; dataset evidence only confirms the example identity and was not used as sole family evidence.	already-expressible-verbatim	synthetic		happiness ~ 0 + mid + a	https://github.com/ASKurz/Statistical_Rethinking_with_brms_ggplot2_and_the_tidyverse_2_ed; https://github.com/rmcelreath/rethinking	gaussian	bridgestan-finite-density-gradient	148
unverifiable	explicit Normal likelihood; named log-scale sigma predictor uses native linked-predictor syntax	BRM constructs age,happiness,married then a=(age-18)/47 and mid=married+1 with MersenneTwister(6). Authoritative sim_happiness semantics use the same variables/collider setup, but BRM sample construction and values are not an exact copy.	unverifiable	high	611	CatalogServer_default_unsubstantiated	460981a635274ae2	gaussian	renderer-default-unsubstantiated; inference happens to agree		df64d9cb8d50ac850ce24cb277e95ccb88fad0a8	not_evaluable		3		authoritative brm_descriptor/brm_execute; experimental SbPMX semantic_app mount adapter	scripts/examples/mcelreath.jl	true	06.qmd#L1149-L1158	2026-07-28T22:54:31Z	pass	happiness			synthetic-no-external-receipt	false		false	pass		explicit-family-recovery		pass	loc ~ 0 + Intercept + a\nlog(sigma) ~ 1\nhappiness ~ Normal(loc, sigma)	pass	unresolved-family		@options + option_domain/option_records + semantic_card under semantic_app	no_external_authority	05c3f465e7987e8d7caa7e214fedddd90415a922			direct population/likelihood route when the family and terms are supported		synthetic n=12; positive continuous predictors; integer groups; family-valid outcome	not-run	synthetic	No external model citation: catalog claim is synthetic/uncited.	authoritative-audit-explicit-family-recovery	ordinary_brm	family evidence remains indeterminate	Searched historical BRM 05c3f465e7987e8d7caa7e214fedddd90415a922:scripts/examples/mcelreath.jl:611, the cited rethinking data surface, current upstream book code, and git history. The BRM row itself has blank family metadata and cites only data; no family was inferred from brms defaults, response names, titles, or dataset type.	298	-3.8069883206128132	historical-semantics-unresolved	not-probed	6b650208dcef47cbae9887dbd6766285db431ac110750e8bb3cbeb0b94547eb8	not_evaluable			ready		mcelreath	200	pass	mcelreath:happiness_causal	unresolved-family	synthetic_claim_only	pass	pass		20820d2d90b3969e334e535f720430839fb6eb0a3e5dd6a3645c9c8a4a87daf7	Historical BRM 05c3f465e7987e8d7caa7e214fedddd90415a922:scripts/examples/mcelreath.jl:611 returns 'happiness ~ 0 + Intercept + a' with no family. The no-marriage-index causal model explicitly sets family = gaussian.	Happiness — Causal Model (No Age Effect)	happiness ~ 0 + Intercept + a	true	SbPMX origin/main@a8fd3c02e1e2305683a56c91384701bfeba6b528:design/{ASKS.md,SbPMX.jl,mock_runtime.jl},compat/check-semantic-model-pipeline.jl	false			happiness_causal	true	Historical BRM formula is 'happiness ~ 0 + Intercept + a'. Authoritative formula/likelihood at 06.qmd#L1149-L1158 is the same model up to documented renaming, centering, or generated-column crosswalk.	family is not explicit or defensibly inferred	direct	The authoritative book/repository explicitly declares gaussian; dataset evidence only confirms the example identity and was not used as sole family evidence.	already-expressible-verbatim	synthetic		happiness ~ 0 + Intercept + a	https://github.com/ASKurz/Statistical_Rethinking_with_brms_ggplot2_and_the_tidyverse_2_ed; https://github.com/rmcelreath/rethinking	gaussian	bridgestan-finite-density-gradient	149
unverifiable	explicit Normal likelihood; named log-scale sigma predictor uses native linked-predictor syntax	BRM loader is rugged.csv, drops missing rgdppc_2000, and derives log_gdp_std,rugged_std_c,cid. Upstream raw schema includes country,rugged,rgdppc_2000,cont_africa; Afghanistan begins rugged=2.518, rgdppc_2000=644.756, cont_africa=0.	unverifiable	high	640	CatalogServer_default_unsubstantiated	a85f290c49b9b77c	gaussian	renderer-default-unsubstantiated; inference happens to agree		13cf9f7c84a84a04de9225c7195e59f00ef4ccc9	not_supported_by_data_file		3		authoritative brm_descriptor/brm_execute; experimental SbPMX semantic_app mount adapter	scripts/examples/mcelreath.jl	true	08.Rmd#L195-L203	2026-07-28T22:54:31Z	pass	rugged			reachable-data-or-description	true		false	pass		explicit-family-recovery		pass	loc ~ 1 + rugged_std_c\nlog(sigma) ~ 1\nlog_gdp_std ~ Normal(loc, sigma)	pass	unresolved-family	https://github.com/rmcelreath/rethinking/blob/master/data/rugged.csv	@options + option_domain/option_records + semantic_card under semantic_app	dataset_repository_or_file_only	05c3f465e7987e8d7caa7e214fedddd90415a922		text_offset=16; matched_terms=rugged; context_sha256=220092ae6a1d60c7	direct population/likelihood route when the family and terms are supported	200	synthetic n=12; positive continuous predictors; integer groups; family-valid outcome	not-run	https://github.com/rmcelreath/rethinking/blob/master/data/rugged.csv	The cited resource is a data file; it can support dataset provenance but not the claimed model formula or family.	authoritative-audit-explicit-family-recovery	ordinary_brm	family evidence remains indeterminate	Searched historical BRM 05c3f465e7987e8d7caa7e214fedddd90415a922:scripts/examples/mcelreath.jl:640, the cited rethinking data surface, current upstream book code, and git history. The BRM row itself has blank family metadata and cites only data; no family was inferred from brms defaults, response names, titles, or dataset type. Current 09.qmd skips this component fit and proceeds to a later nonlinear model; git history recovered the exact former surface.	300	-7.817384082920588	historical-semantics-unresolved	not-probed	af7168cad9d94298c7b7811e87ac2cb342f1aa88a789c1799afdb2fa2ab8e403	not_supported_by_data_file			ready	d2da37d896ba1c70eda2a6b8c79dc4ce5b3d965080922875998004341dc3bc65	mcelreath	200	pass	mcelreath:rugged_pooled	unresolved-family	reachable_data_file	pass	pass		1f48a3cee443e51590a933afa3ed9a221ebed43adef731aafdb90199f77cddc2	Historical BRM 05c3f465e7987e8d7caa7e214fedddd90415a922:scripts/examples/mcelreath.jl:640 returns 'log_gdp_std ~ 1 + rugged_std_c' with no family. The pre-Quarto historical book revision contains the exact pooled formula and explicitly sets family = gaussian.	Terrain Ruggedness — Pooled Model	log_gdp_std ~ 1 + rugged_std_c	true	SbPMX origin/main@a8fd3c02e1e2305683a56c91384701bfeba6b528:design/{ASKS.md,SbPMX.jl,mock_runtime.jl},compat/check-semantic-model-pipeline.jl	false		2026-07-28T21:07:09.338519+00:00	rugged_pooled	true	Historical BRM formula is 'log_gdp_std ~ 1 + rugged_std_c'. Authoritative formula/likelihood at 08.Rmd#L195-L203 is the same model up to documented renaming, centering, or generated-column crosswalk.	family is not explicit or defensibly inferred	direct	The authoritative book/repository explicitly declares gaussian; dataset evidence only confirms the example identity and was not used as sole family evidence.	already-expressible-verbatim	https://github.com/rmcelreath/rethinking/blob/master/data/rugged.csv		log_gdp_std ~ 1 + rugged_std_c	https://github.com/ASKurz/Statistical_Rethinking_with_brms_ggplot2_and_the_tidyverse_2_ed; https://github.com/rmcelreath/rethinking	gaussian	bridgestan-finite-density-gradient	150
unverifiable	explicit Normal likelihood; named log-scale sigma predictor uses native linked-predictor syntax	BRM loader is rugged.csv, drops missing rgdppc_2000, and derives log_gdp_std,rugged_std_c,cid. Upstream raw schema includes country,rugged,rgdppc_2000,cont_africa; Afghanistan begins rugged=2.518, rgdppc_2000=644.756, cont_africa=0.	unverifiable	high	662	CatalogServer_default_unsubstantiated	ca5c1aa4d2b2d8e3	gaussian	renderer-default-unsubstantiated; inference happens to agree		13cf9f7c84a84a04de9225c7195e59f00ef4ccc9	not_supported_by_data_file		3		authoritative brm_descriptor/brm_execute; experimental SbPMX semantic_app mount adapter	scripts/examples/mcelreath.jl	true	08.Rmd#L334-L344	2026-07-28T22:54:31Z	pass	rugged			reachable-data-or-description	true		false	pass		explicit-family-recovery		pass	loc ~ 0 + cid + rugged_std_c\nlog(sigma) ~ 1\nlog_gdp_std ~ Normal(loc, sigma)	pass	unresolved-family	https://github.com/rmcelreath/rethinking/blob/master/data/rugged.csv	@options + option_domain/option_records + semantic_card under semantic_app	dataset_repository_or_file_only	05c3f465e7987e8d7caa7e214fedddd90415a922		text_offset=16; matched_terms=rugged; context_sha256=220092ae6a1d60c7	direct population/likelihood route when the family and terms are supported	200	synthetic n=12; positive continuous predictors; integer groups; family-valid outcome	not-run	https://github.com/rmcelreath/rethinking/blob/master/data/rugged.csv	The cited resource is a data file; it can support dataset provenance but not the claimed model formula or family.	authoritative-audit-explicit-family-recovery	ordinary_brm	family evidence remains indeterminate	Searched historical BRM 05c3f465e7987e8d7caa7e214fedddd90415a922:scripts/examples/mcelreath.jl:662, the cited rethinking data surface, current upstream book code, and git history. The BRM row itself has blank family metadata and cites only data; no family was inferred from brms defaults, response names, titles, or dataset type. Current 09.qmd omits this intermediate component; git history recovered it.	302	-3.8069883206128132	historical-semantics-unresolved	not-probed	735464f54b2f75956294ecd70d2020266838a350507c1580dde89ddb6a992cd2	not_supported_by_data_file			ready	d2da37d896ba1c70eda2a6b8c79dc4ce5b3d965080922875998004341dc3bc65	mcelreath	200	pass	mcelreath:rugged_continent	unresolved-family	reachable_data_file	pass	pass		6c6dd2aafb53698eda54fe3047ae8dd3d5bfb19094e619de5b68681d8db252ea	Historical BRM 05c3f465e7987e8d7caa7e214fedddd90415a922:scripts/examples/mcelreath.jl:662 returns 'log_gdp_std ~ 0 + cid + rugged_std_c' with no family. The pre-Quarto historical book revision contains the exact continent-intercept formula and explicitly sets family = gaussian.	Terrain Ruggedness — Continent Intercepts	log_gdp_std ~ 0 + cid + rugged_std_c	true	SbPMX origin/main@a8fd3c02e1e2305683a56c91384701bfeba6b528:design/{ASKS.md,SbPMX.jl,mock_runtime.jl},compat/check-semantic-model-pipeline.jl	false		2026-07-28T21:07:09.338519+00:00	rugged_continent	true	Historical BRM formula is 'log_gdp_std ~ 0 + cid + rugged_std_c'. Authoritative formula/likelihood at 08.Rmd#L334-L344 is the same model up to documented renaming, centering, or generated-column crosswalk.	family is not explicit or defensibly inferred	direct	The authoritative book/repository explicitly declares gaussian; dataset evidence only confirms the example identity and was not used as sole family evidence.	already-expressible-verbatim	https://github.com/rmcelreath/rethinking/blob/master/data/rugged.csv		log_gdp_std ~ 0 + cid + rugged_std_c	https://github.com/ASKurz/Statistical_Rethinking_with_brms_ggplot2_and_the_tidyverse_2_ed; https://github.com/rmcelreath/rethinking	gaussian	bridgestan-finite-density-gradient	151
unverifiable	nonlinear parameter formulas need an explicit current linked-predictor design; current linked-predictor/kernel machinery exists, but this historical declaration needs a row-specific rewrite	BRM loader is rugged.csv, drops missing rgdppc_2000, and derives log_gdp_std,rugged_std_c,cid. Upstream raw schema includes country,rugged,rgdppc_2000,cont_africa; Afghanistan begins rugged=2.518, rgdppc_2000=644.756, cont_africa=0.	unverifiable	high	684	CatalogServer_default_unsubstantiated		gaussian	renderer-default-unsubstantiated; inference happens to agree		13cf9f7c84a84a04de9225c7195e59f00ef4ccc9	not_supported_by_data_file				no executable descriptor until translation is resolved	scripts/examples/mcelreath.jl	true	08.Rmd#L468-L476	2026-07-28T22:54:31Z	not-run	rugged			reachable-data-or-description	true		false	not-run		explicit-family-recovery		not-run		not-run	unresolved-family	https://github.com/rmcelreath/rethinking/blob/master/data/rugged.csv	@options + option_domain/option_records + semantic_card under semantic_app	dataset_repository_or_file_only	05c3f465e7987e8d7caa7e214fedddd90415a922		text_offset=16; matched_terms=rugged; context_sha256=220092ae6a1d60c7	direct population/likelihood route when the family and terms are supported	200	synthetic n=12; positive continuous predictors; integer groups; family-valid outcome	not-run	https://github.com/rmcelreath/rethinking/blob/master/data/rugged.csv	The cited resource is a data file; it can support dataset provenance but not the claimed model formula or family.	authoritative-audit-explicit-family-recovery	ordinary_brm	family evidence remains indeterminate	Searched historical BRM 05c3f465e7987e8d7caa7e214fedddd90415a922:scripts/examples/mcelreath.jl:684, the cited rethinking data surface, current upstream book code, and git history. The BRM row itself has blank family metadata and cites only data; no family was inferred from brms defaults, response names, titles, or dataset type.			historical-semantics-unresolved	not-probed		not_supported_by_data_file			semantic-rewrite	d2da37d896ba1c70eda2a6b8c79dc4ce5b3d965080922875998004341dc3bc65	mcelreath	200	not-run	mcelreath:rugged_nl	unresolved-family	reachable_data_file	not-run	not-run			Historical BRM 05c3f465e7987e8d7caa7e214fedddd90415a922:scripts/examples/mcelreath.jl:684 returns 'bf(log_gdp_std ~ 0 + a + b * rugged_std_c, a ~ 0 + cid, b ~ 0 + cid, nl = TRUE)' with no family. The historical book revision contains the exact nonlinear continent-specific intercept/slope formula and explicitly sets family = gaussian.	Terrain Ruggedness — Nonlinear Continent Slopes	bf(log_gdp_std ~ 0 + a + b * rugged_std_c, a ~ 0 + cid, b ~ 0 + cid, nl = TRUE)	not-run	SbPMX origin/main@a8fd3c02e1e2305683a56c91384701bfeba6b528:design/{ASKS.md,SbPMX.jl,mock_runtime.jl},compat/check-semantic-model-pipeline.jl	false		2026-07-28T21:07:09.338519+00:00	rugged_nl	true	Historical BRM formula is 'bf(log_gdp_std ~ 0 + a + b * rugged_std_c, a ~ 0 + cid, b ~ 0 + cid, nl = TRUE)'. Authoritative formula/likelihood at 08.Rmd#L468-L476 is the same model up to documented renaming, centering, or generated-column crosswalk.	family is not explicit or defensibly inferred	not-probed	The authoritative book/repository explicitly declares gaussian; dataset evidence only confirms the example identity and was not used as sole family evidence.	already-expressible-via-semantic-rewrite	https://github.com/rmcelreath/rethinking/blob/master/data/rugged.csv		bf(log_gdp_std ~ 0 + a + b * rugged_std_c, a ~ 0 + cid, b ~ 0 + cid, nl = TRUE)	https://github.com/ASKurz/Statistical_Rethinking_with_brms_ggplot2_and_the_tidyverse_2_ed; https://github.com/rmcelreath/rethinking	gaussian	semantic-rewrite	152
unverifiable	explicit Normal likelihood; named log-scale sigma predictor uses native linked-predictor syntax	BRM loader is tulips.csv and derives blooms/max(blooms), centered water and shade. Upstream schema is bed,water,shade,blooms; first rows are bed a, water 1, shade 1/2, blooms 0.	unverifiable	high	718	CatalogServer_default_unsubstantiated	e9d1b04ec1dc284f	gaussian	renderer-default-unsubstantiated; inference happens to agree		df64d9cb8d50ac850ce24cb277e95ccb88fad0a8	not_supported_by_data_file		4		authoritative brm_descriptor/brm_execute; experimental SbPMX semantic_app mount adapter	scripts/examples/mcelreath.jl	true	08.qmd#L778-L797	2026-07-28T22:54:31Z	pass	tulips			reachable-data-or-description	true		false	pass		explicit-family-recovery		pass	loc ~ 1 + water_cent + shade_cent\nlog(sigma) ~ 1\nblooms_std ~ Normal(loc, sigma)	pass	unresolved-family	https://github.com/rmcelreath/rethinking/blob/master/data/tulips.csv	@options + option_domain/option_records + semantic_card under semantic_app	dataset_repository_or_file_only	05c3f465e7987e8d7caa7e214fedddd90415a922		text_offset=16; matched_terms=and,tulips; context_sha256=481c5c729ff117e4	direct population/likelihood route when the family and terms are supported	200	synthetic n=12; positive continuous predictors; integer groups; family-valid outcome	not-run	https://github.com/rmcelreath/rethinking/blob/master/data/tulips.csv	The cited resource is a data file; it can support dataset provenance but not the claimed model formula or family.	authoritative-audit-explicit-family-recovery	ordinary_brm	family evidence remains indeterminate	Searched historical BRM 05c3f465e7987e8d7caa7e214fedddd90415a922:scripts/examples/mcelreath.jl:718, the cited rethinking data surface, current upstream book code, and git history. The BRM row itself has blank family metadata and cites only data; no family was inferred from brms defaults, response names, titles, or dataset type.	306	-3.8069883206128132	historical-semantics-unresolved	not-probed	beb5b5c3c419044f991202dfc183cc99798234003ccbb07fd982e26440eb2e46	not_supported_by_data_file			ready	dd536e93c430fd72cd142adb61026299ab537b320e8fe143f255828c4ffd9cb3	mcelreath	200	pass	mcelreath:tulips_additive	unresolved-family	reachable_data_file	pass	pass		1c14696b48648dc0af7c4a94d801cd4e6581ca39b3e52cbd6c7ecc7b35a53ca1	Historical BRM 05c3f465e7987e8d7caa7e214fedddd90415a922:scripts/examples/mcelreath.jl:718 returns 'blooms_std ~ 1 + water_cent + shade_cent' with no family. The book states blooms_std_i ~ Normal(mu_i,sigma) and explicitly sets family = gaussian for the additive model.	Tulips — Additive Water and Shade Effects	blooms_std ~ 1 + water_cent + shade_cent	true	SbPMX origin/main@a8fd3c02e1e2305683a56c91384701bfeba6b528:design/{ASKS.md,SbPMX.jl,mock_runtime.jl},compat/check-semantic-model-pipeline.jl	false		2026-07-28T21:07:09.351203+00:00	tulips_additive	true	Historical BRM formula is 'blooms_std ~ 1 + water_cent + shade_cent'. Authoritative formula/likelihood at 08.qmd#L778-L797 is the same model up to documented renaming, centering, or generated-column crosswalk.	family is not explicit or defensibly inferred	direct	The authoritative book/repository explicitly declares gaussian; dataset evidence only confirms the example identity and was not used as sole family evidence.	already-expressible-verbatim	https://github.com/rmcelreath/rethinking/blob/master/data/tulips.csv		blooms_std ~ 1 + water_cent + shade_cent	https://github.com/ASKurz/Statistical_Rethinking_with_brms_ggplot2_and_the_tidyverse_2_ed; https://github.com/rmcelreath/rethinking	gaussian	bridgestan-finite-density-gradient	153
unverifiable	explicit Normal likelihood; named log-scale sigma predictor uses native linked-predictor syntax	BRM loader is tulips.csv and derives blooms/max(blooms), centered water and shade. Upstream schema is bed,water,shade,blooms; first rows are bed a, water 1, shade 1/2, blooms 0.	unverifiable	high	737	CatalogServer_default_unsubstantiated	fa124bca0da68f82	gaussian	renderer-default-unsubstantiated; inference happens to agree		df64d9cb8d50ac850ce24cb277e95ccb88fad0a8	not_supported_by_data_file		5		authoritative brm_descriptor/brm_execute; experimental SbPMX semantic_app mount adapter	scripts/examples/mcelreath.jl	true	08.qmd#L838-L846	2026-07-28T22:54:31Z	pass	tulips			reachable-data-or-description	true		false	pass		explicit-family-recovery		pass	loc ~ 1 + water_cent + shade_cent + water_cent & shade_cent\nlog(sigma) ~ 1\nblooms_std ~ Normal(loc, sigma)	pass	unresolved-family	https://github.com/rmcelreath/rethinking/blob/master/data/tulips.csv	@options + option_domain/option_records + semantic_card under semantic_app	dataset_repository_or_file_only	05c3f465e7987e8d7caa7e214fedddd90415a922		text_offset=16; matched_terms=tulips; context_sha256=481c5c729ff117e4	direct population/likelihood route when the family and terms are supported	200	synthetic n=12; positive continuous predictors; integer groups; family-valid outcome	not-run	https://github.com/rmcelreath/rethinking/blob/master/data/tulips.csv	The cited resource is a data file; it can support dataset provenance but not the claimed model formula or family.	authoritative-audit-explicit-family-recovery	ordinary_brm	family evidence remains indeterminate	Searched historical BRM 05c3f465e7987e8d7caa7e214fedddd90415a922:scripts/examples/mcelreath.jl:737, the cited rethinking data surface, current upstream book code, and git history. The BRM row itself has blank family metadata and cites only data; no family was inferred from brms defaults, response names, titles, or dataset type.	308	-3.8069883206128132	historical-semantics-unresolved	not-probed	b098441a682543d4ba34cfabdacf8075c166d1a55bfa27e6d6527210230a6310	not_supported_by_data_file			ready	dd536e93c430fd72cd142adb61026299ab537b320e8fe143f255828c4ffd9cb3	mcelreath	200	pass	mcelreath:tulips_interaction	unresolved-family	reachable_data_file	pass	pass		5335f4be366a0e1424bfb3a3a0902d87fc2cc7061c5ac5928f4ead8b6ded0166	Historical BRM 05c3f465e7987e8d7caa7e214fedddd90415a922:scripts/examples/mcelreath.jl:737 returns 'blooms_std ~ 1 + water_cent + shade_cent + water_cent:shade_cent' with no family. The exact interaction model explicitly sets family = gaussian.	Tulips — Water × Shade Interaction	blooms_std ~ 1 + water_cent + shade_cent + water_cent:shade_cent	true	SbPMX origin/main@a8fd3c02e1e2305683a56c91384701bfeba6b528:design/{ASKS.md,SbPMX.jl,mock_runtime.jl},compat/check-semantic-model-pipeline.jl	false		2026-07-28T21:07:09.351203+00:00	tulips_interaction	true	Historical BRM formula is 'blooms_std ~ 1 + water_cent + shade_cent + water_cent:shade_cent'. Authoritative formula/likelihood at 08.qmd#L838-L846 is the same model up to documented renaming, centering, or generated-column crosswalk.	family is not explicit or defensibly inferred	direct	The authoritative book/repository explicitly declares gaussian; dataset evidence only confirms the example identity and was not used as sole family evidence.	already-expressible-via-semantic-rewrite	https://github.com/rmcelreath/rethinking/blob/master/data/tulips.csv		blooms_std ~ 1 + water_cent + shade_cent + water_cent:shade_cent	https://github.com/ASKurz/Statistical_Rethinking_with_brms_ggplot2_and_the_tidyverse_2_ed; https://github.com/rmcelreath/rethinking	gaussian	bridgestan-finite-density-gradient	154
unverifiable	explicit Normal likelihood; named log-scale sigma predictor uses native linked-predictor syntax		unverifiable		773	CatalogServer_default_unsubstantiated	d8c2dafa3637b82c	gaussian	renderer-default-unsubstantiated; inference happens to agree			not_evaluable		3		authoritative brm_descriptor/brm_execute; experimental SbPMX semantic_app mount adapter	scripts/examples/mcelreath.jl	true			pass	hetero			synthetic-no-external-receipt	false		false	pass				pass	loc ~ 1\nlog(sigma) ~ 1 + x\ny ~ Normal(loc, sigma)	pass	unresolved-family		@options + option_domain/option_records + semantic_card under semantic_app	no_external_authority	05c3f465e7987e8d7caa7e214fedddd90415a922			direct population/likelihood route when the family and terms are supported		synthetic n=12; positive continuous predictors; integer groups; family-valid outcome	not-run	synthetic	No external model citation: catalog claim is synthetic/uncited.	inferred-from-name	ordinary_brm	family evidence remains indeterminate		310	-7.817384082920588	historical-semantics-unresolved	not-probed	28d5c8d51b2b49c4c2a58cd6c4a4a15574427da8e534c122c6b752d742c27e19	not_evaluable			ready		mcelreath		pass	mcelreath:hetero	unresolved-family	synthetic_claim_only	pass	pass		afc53411f760e32deda91a74d4d31323e93aac04018ff00e6705cb68bab5da61		Distributional Model — Heteroscedastic Gaussian	bf(y ~ 1, sigma ~ 1 + x)	true	SbPMX origin/main@a8fd3c02e1e2305683a56c91384701bfeba6b528:design/{ASKS.md,SbPMX.jl,mock_runtime.jl},compat/check-semantic-model-pipeline.jl	false			hetero	true		family is not explicit or defensibly inferred	direct		already-expressible-via-semantic-rewrite	synthetic		bf(y ~ 1, sigma ~ 1 + x)		gaussian	bridgestan-finite-density-gradient	155
unverifiable	trials/cbind response lowered to explicit BinomialLogit		unverifiable		803	CatalogServer_default_unsubstantiated	76bbe339f438cf60	gaussian	renderer-default-contradicts semantic inference			not_supported_by_data_file		1		authoritative brm_descriptor/brm_execute; experimental SbPMX semantic_app mount adapter	scripts/examples/mcelreath.jl	true			pass	chimpanzees			reachable-data-or-description	true		false	pass				pass	log_odds ~ 1\npulled_left ~ BinomialLogit(1, log_odds)	pass	unresolved-family	https://github.com/rmcelreath/rethinking/blob/master/data/chimpanzees.csv	@options + option_domain/option_records + semantic_card under semantic_app	dataset_repository_or_file_only	05c3f465e7987e8d7caa7e214fedddd90415a922		text_offset=16; matched_terms=chimpanzees; context_sha256=b5705e9daad7244d	direct population/likelihood route when the family and terms are supported	200	synthetic n=12; positive continuous predictors; integer groups; family-valid outcome	not-run	https://github.com/rmcelreath/rethinking/blob/master/data/chimpanzees.csv	The cited resource is a data file; it can support dataset provenance but not the claimed model formula or family.	inferred-from-response-syntax	ordinary_brm	family evidence remains indeterminate		312	-8.317766166719343	historical-semantics-unresolved	not-probed	d15d0f872781bc2020835989b03217d28abccf28a728dc8a02dd22faf8f097a3	not_supported_by_data_file			ready	4df9b5dd105ba7ee8e5377db84f3fa6268c70421af4ccb4073afa1175b604a81	mcelreath		pass	mcelreath:chimpanzees_intercept	unresolved-family	reachable_data_file	pass	pass		16aeea9bf69c6457c0992b25a063346249b09813f8babdaaffa55b21c2fa9a7b		Chimpanzees — Intercept Only	pulled_left | trials(1) ~ 1	true	SbPMX origin/main@a8fd3c02e1e2305683a56c91384701bfeba6b528:design/{ASKS.md,SbPMX.jl,mock_runtime.jl},compat/check-semantic-model-pipeline.jl	false		2026-07-28T21:07:09.276703+00:00	chimpanzees_intercept	true		family is not explicit or defensibly inferred	direct		already-expressible-via-semantic-rewrite	https://github.com/rmcelreath/rethinking/blob/master/data/chimpanzees.csv		pulled_left | trials(1) ~ 1		binomial	bridgestan-finite-density-gradient	156
unverifiable	nonlinear parameter formulas need an explicit current linked-predictor design; current linked-predictor/kernel machinery exists, but this historical declaration needs a row-specific rewrite		unverifiable		823	CatalogServer_default_unsubstantiated		gaussian	renderer-default-contradicts semantic inference			not_supported_by_data_file				no executable descriptor until translation is resolved	scripts/examples/mcelreath.jl	true			not-run	chimpanzees			reachable-data-or-description	true		false	not-run				not-run		not-run	unresolved-family	https://github.com/rmcelreath/rethinking/blob/master/data/chimpanzees.csv	@options + option_domain/option_records + semantic_card under semantic_app	dataset_repository_or_file_only	05c3f465e7987e8d7caa7e214fedddd90415a922		text_offset=16; matched_terms=and,chimpanzees; context_sha256=b5705e9daad7244d	direct population/likelihood route when the family and terms are supported	200	synthetic n=12; positive continuous predictors; integer groups; family-valid outcome	not-run	https://github.com/rmcelreath/rethinking/blob/master/data/chimpanzees.csv	The cited resource is a data file; it can support dataset provenance but not the claimed model formula or family.	inferred-from-response-syntax	ordinary_brm	family evidence remains indeterminate				historical-semantics-unresolved	not-probed		not_supported_by_data_file			semantic-rewrite	4df9b5dd105ba7ee8e5377db84f3fa6268c70421af4ccb4073afa1175b604a81	mcelreath		not-run	mcelreath:chimpanzees_actors	unresolved-family	reachable_data_file	not-run	not-run				Chimpanzees — Actor-Indexed Intercepts and Treatment Effects	bf(pulled_left | trials(1) ~ a + b, a ~ 0 + actor, b ~ 0 + treatment, nl = TRUE)	not-run	SbPMX origin/main@a8fd3c02e1e2305683a56c91384701bfeba6b528:design/{ASKS.md,SbPMX.jl,mock_runtime.jl},compat/check-semantic-model-pipeline.jl	false		2026-07-28T21:07:09.276703+00:00	chimpanzees_actors	true		family is not explicit or defensibly inferred	not-probed		already-expressible-via-semantic-rewrite	https://github.com/rmcelreath/rethinking/blob/master/data/chimpanzees.csv		bf(pulled_left | trials(1) ~ a + b, a ~ 0 + actor, b ~ 0 + treatment, nl = TRUE)		binomial	semantic-rewrite	157
unverifiable	nonlinear parameter formulas need an explicit current linked-predictor design; current linked-predictor/kernel machinery exists, but this historical declaration needs a row-specific rewrite		unverifiable		842	CatalogServer_default_unsubstantiated		gaussian	renderer-default-contradicts semantic inference			not_supported_by_data_file				no executable descriptor until translation is resolved	scripts/examples/mcelreath.jl	true			not-run	chimpanzees			reachable-data-or-description	true		false	not-run				not-run		not-run	unresolved-family	https://github.com/rmcelreath/rethinking/blob/master/data/chimpanzees.csv	@options + option_domain/option_records + semantic_card under semantic_app	dataset_repository_or_file_only	05c3f465e7987e8d7caa7e214fedddd90415a922		text_offset=16; matched_terms=chimpanzees; context_sha256=b5705e9daad7244d	direct population/likelihood route when the family and terms are supported	200	synthetic n=12; positive continuous predictors; integer groups; family-valid outcome	not-run	https://github.com/rmcelreath/rethinking/blob/master/data/chimpanzees.csv	The cited resource is a data file; it can support dataset provenance but not the claimed model formula or family.	inferred-from-response-syntax	ordinary_brm	family evidence remains indeterminate				historical-semantics-unresolved	not-probed		not_supported_by_data_file			semantic-rewrite	4df9b5dd105ba7ee8e5377db84f3fa6268c70421af4ccb4073afa1175b604a81	mcelreath		not-run	mcelreath:chimpanzees_multilevel	unresolved-family	reachable_data_file	not-run	not-run				Chimpanzees — Multilevel Partial Pooling	bf(pulled_left | trials(1) ~ a + b, a ~ 1 + (1 | actor) + (1 | block), b ~ 0 + treatment, nl = TRUE)	not-run	SbPMX origin/main@a8fd3c02e1e2305683a56c91384701bfeba6b528:design/{ASKS.md,SbPMX.jl,mock_runtime.jl},compat/check-semantic-model-pipeline.jl	false		2026-07-28T21:07:09.276703+00:00	chimpanzees_multilevel	true		family is not explicit or defensibly inferred	not-probed		already-expressible-via-semantic-rewrite	https://github.com/rmcelreath/rethinking/blob/master/data/chimpanzees.csv		bf(pulled_left | trials(1) ~ a + b, a ~ 1 + (1 | actor) + (1 | block), b ~ 0 + treatment, nl = TRUE)		binomial	semantic-rewrite	158
unverifiable	trials/cbind response lowered to explicit BinomialLogit		unverifiable		862	CatalogServer_default_unsubstantiated	b540549e09b58419	gaussian	renderer-default-contradicts semantic inference			not_supported_by_data_file		9		authoritative brm_descriptor/brm_execute; experimental SbPMX semantic_app mount adapter	scripts/examples/mcelreath.jl	true			pass	chimpanzees			reachable-data-or-description	true		false	pass				pass	log_odds ~ 0 + treatment + (0 + treatment | actor) + (0 + treatment | block)\npulled_left ~ BinomialLogit(1, log_odds)	pass	unresolved-family	https://github.com/rmcelreath/rethinking/blob/master/data/chimpanzees.csv	@options + option_domain/option_records + semantic_card under semantic_app	dataset_repository_or_file_only	05c3f465e7987e8d7caa7e214fedddd90415a922		text_offset=16; matched_terms=chimpanzees; context_sha256=b5705e9daad7244d	direct population/likelihood route when the family and terms are supported	200	synthetic n=12; positive continuous predictors; integer groups; family-valid outcome	not-run	https://github.com/rmcelreath/rethinking/blob/master/data/chimpanzees.csv	The cited resource is a data file; it can support dataset provenance but not the claimed model formula or family.	inferred-from-response-syntax	ordinary_brm	family evidence remains indeterminate		318	-9.317766166719343	historical-semantics-unresolved	not-probed	c232e1a0e6c02ca47771519016df4b8a7d3a695189554d8ef882dd944e0e7cb7	not_supported_by_data_file			ready	4df9b5dd105ba7ee8e5377db84f3fa6268c70421af4ccb4073afa1175b604a81	mcelreath		pass	mcelreath:chimpanzees_slopes	unresolved-family	reachable_data_file	pass	pass		4d6c8b4977560bf7c678df39c5fea0bc8c1f37d332fa9ea3d9967867b483f5f6		Chimpanzees — Varying Slopes by Treatment	pulled_left | trials(1) ~ 0 + treatment + (0 + treatment | actor) + (0 + treatment | block)	true	SbPMX origin/main@a8fd3c02e1e2305683a56c91384701bfeba6b528:design/{ASKS.md,SbPMX.jl,mock_runtime.jl},compat/check-semantic-model-pipeline.jl	false		2026-07-28T21:07:09.276703+00:00	chimpanzees_slopes	true		family is not explicit or defensibly inferred	direct		already-expressible-via-semantic-rewrite	https://github.com/rmcelreath/rethinking/blob/master/data/chimpanzees.csv		pulled_left | trials(1) ~ 0 + treatment + (0 + treatment | actor) + (0 + treatment | block)		binomial	bridgestan-finite-density-gradient	159
unverifiable	trials/cbind response lowered to explicit BinomialLogit		unverifiable		893	CatalogServer_default_unsubstantiated	7c69d47e95b4733a	gaussian	renderer-default-contradicts semantic inference			not_supported_by_data_file		1		authoritative brm_descriptor/brm_execute; experimental SbPMX semantic_app mount adapter	scripts/examples/mcelreath.jl	true			pass	ucbadmit			reachable-data-or-description	true		false	pass				pass	log_odds ~ 0 + gid\nadmit ~ BinomialLogit(applications, log_odds)	pass	unresolved-family	https://github.com/rmcelreath/rethinking/blob/master/data/UCBadmit.csv	@options + option_domain/option_records + semantic_card under semantic_app	dataset_repository_or_file_only	05c3f465e7987e8d7caa7e214fedddd90415a922		text_offset=16; matched_terms=ucbadmit; context_sha256=e78aa5438f77db3a	direct population/likelihood route when the family and terms are supported	200	synthetic n=12; positive continuous predictors; integer groups; family-valid outcome	not-run	https://github.com/rmcelreath/rethinking/blob/master/data/UCBadmit.csv	The cited resource is a data file; it can support dataset provenance but not the claimed model formula or family.	inferred-from-response-syntax	ordinary_brm	family evidence remains indeterminate		320	-66.54212933375474	historical-semantics-unresolved	not-probed	3686c61329cccc576c1d4a57147e0dc9f17c2cf873d2134af393a142052fcfce	not_supported_by_data_file			ready	204381d39961a280a21dceb618682a7543c26617d875fd765bdcd583b547b4a9	mcelreath		pass	mcelreath:ucbadmit_gender	unresolved-family	reachable_data_file	pass	pass		001934bef3088d463b51bb7e52fb732b6e5d1a51a897623d2a0e42ad0711e93e		UC Berkeley Admissions — Gender Gap	admit | trials(applications) ~ 0 + gid	true	SbPMX origin/main@a8fd3c02e1e2305683a56c91384701bfeba6b528:design/{ASKS.md,SbPMX.jl,mock_runtime.jl},compat/check-semantic-model-pipeline.jl	false		2026-07-28T21:07:09.085885+00:00	ucbadmit_gender	true		family is not explicit or defensibly inferred	direct		already-expressible-via-semantic-rewrite	https://github.com/rmcelreath/rethinking/blob/master/data/UCBadmit.csv		admit | trials(applications) ~ 0 + gid		binomial	bridgestan-finite-density-gradient	160
unverifiable	nonlinear parameter formulas need an explicit current linked-predictor design; current linked-predictor/kernel machinery exists, but this historical declaration needs a row-specific rewrite		unverifiable		911	CatalogServer_default_unsubstantiated		gaussian	renderer-default-contradicts semantic inference			not_supported_by_data_file				no executable descriptor until translation is resolved	scripts/examples/mcelreath.jl	true			not-run	ucbadmit			reachable-data-or-description	true		false	not-run				not-run		not-run	unresolved-family	https://github.com/rmcelreath/rethinking/blob/master/data/UCBadmit.csv	@options + option_domain/option_records + semantic_card under semantic_app	dataset_repository_or_file_only	05c3f465e7987e8d7caa7e214fedddd90415a922		text_offset=16; matched_terms=ucbadmit; context_sha256=e78aa5438f77db3a	direct population/likelihood route when the family and terms are supported	200	synthetic n=12; positive continuous predictors; integer groups; family-valid outcome	not-run	https://github.com/rmcelreath/rethinking/blob/master/data/UCBadmit.csv	The cited resource is a data file; it can support dataset provenance but not the claimed model formula or family.	inferred-from-response-syntax	ordinary_brm	family evidence remains indeterminate				historical-semantics-unresolved	not-probed		not_supported_by_data_file			semantic-rewrite	204381d39961a280a21dceb618682a7543c26617d875fd765bdcd583b547b4a9	mcelreath		not-run	mcelreath:ucbadmit_dept	unresolved-family	reachable_data_file	not-run	not-run				UC Berkeley Admissions — Gender + Department	bf(admit | trials(applications) ~ a + d, a ~ 0 + gid, d ~ 0 + dept, nl = TRUE)	not-run	SbPMX origin/main@a8fd3c02e1e2305683a56c91384701bfeba6b528:design/{ASKS.md,SbPMX.jl,mock_runtime.jl},compat/check-semantic-model-pipeline.jl	false		2026-07-28T21:07:09.085885+00:00	ucbadmit_dept	true		family is not explicit or defensibly inferred	not-probed		already-expressible-via-semantic-rewrite	https://github.com/rmcelreath/rethinking/blob/master/data/UCBadmit.csv		bf(admit | trials(applications) ~ a + d, a ~ 0 + gid, d ~ 0 + dept, nl = TRUE)		binomial	semantic-rewrite	161
unverifiable	beta-binomial likelihood has StanBlocks building blocks but no stock BRM family marker/lowering	BRM loader is UCBadmit.csv. Upstream schema is row,dept,applicant.gender,admit,reject,applications; first data row is dept A male with 512 admits,313 rejects,825 applications. The extra row-number column is parsed from the CSV.	unverifiable	high	929	CatalogServer_default_unsubstantiated		gaussian	renderer-default-contradicts semantic inference		df64d9cb8d50ac850ce24cb277e95ccb88fad0a8	not_supported_by_data_file				no executable descriptor until translation is resolved	scripts/examples/mcelreath.jl	true	12.qmd#L154-L217	2026-07-28T22:54:31Z	not-run	ucbadmit			reachable-data-or-description	true		false	not-run		explicit-family-recovery		not-run		not-run	unresolved-family	https://github.com/rmcelreath/rethinking/blob/master/data/UCBadmit.csv	@options + option_domain/option_records + semantic_card under semantic_app	dataset_repository_or_file_only	05c3f465e7987e8d7caa7e214fedddd90415a922		text_offset=16; matched_terms=ucbadmit; context_sha256=e78aa5438f77db3a	direct population/likelihood route when the family and terms are supported	200	synthetic n=12; positive continuous predictors; integer groups; family-valid outcome	not-run	https://github.com/rmcelreath/rethinking/blob/master/data/UCBadmit.csv	The cited resource is a data file; it can support dataset provenance but not the claimed model formula or family.	authoritative-audit-explicit-family-recovery	ordinary_brm	family evidence remains indeterminate	Searched historical BRM 05c3f465e7987e8d7caa7e214fedddd90415a922:scripts/examples/mcelreath.jl:929, the cited rethinking data surface, current upstream book code, and git history. The BRM row itself has blank family metadata and cites only data; no family was inferred from brms defaults, response names, titles, or dataset type.			historical-semantics-unresolved	not-probed		not_supported_by_data_file			unsupported	204381d39961a280a21dceb618682a7543c26617d875fd765bdcd583b547b4a9	mcelreath	200	not-run	mcelreath:ucbadmit_beta_binomial	unresolved-family	reachable_data_file	not-run	not-run			Historical BRM 05c3f465e7987e8d7caa7e214fedddd90415a922:scripts/examples/mcelreath.jl:929 returns 'admit | vint(applications) ~ 0 + gid' with no family. The book states admit_i ~ BetaBinomial(n_i,pbar_i,phi), defines beta_binomial2_lpmf via beta_binomial_lpmf, and fits the exact vint(applications) formula with family = beta_binomial2.	UC Berkeley Admissions — Beta-Binomial	admit | vint(applications) ~ 0 + gid	not-run	SbPMX origin/main@a8fd3c02e1e2305683a56c91384701bfeba6b528:design/{ASKS.md,SbPMX.jl,mock_runtime.jl},compat/check-semantic-model-pipeline.jl	false		2026-07-28T21:07:09.085885+00:00	ucbadmit_beta_binomial	true	Historical BRM formula is 'admit | vint(applications) ~ 0 + gid'. Authoritative formula/likelihood at 12.qmd#L154-L217 is the same model up to documented renaming, centering, or generated-column crosswalk.	family is not explicit or defensibly inferred	not-probed	The custom likelihood implementation and exact formula explicitly recover beta-binomial; vint(applications) alone was not treated as family evidence.	genuinely-missing-brm-surface	https://github.com/rmcelreath/rethinking/blob/master/data/UCBadmit.csv	StanBlocks building blocks may exist; see surface audits	admit | vint(applications) ~ 0 + gid	https://github.com/ASKurz/Statistical_Rethinking_with_brms_ggplot2_and_the_tidyverse_2_ed; https://github.com/rmcelreath/rethinking	beta_binomial	unsupported	162
unverifiable	explicit log-link Poisson likelihood; offset(...) becomes ordinary log exposure		unverifiable		969	CatalogServer_default_unsubstantiated	aec38c987289aa79	gaussian	renderer-default-contradicts semantic inference			not_supported_by_data_file		1		authoritative brm_descriptor/brm_execute; experimental SbPMX semantic_app mount adapter	scripts/examples/mcelreath.jl	true			pass	kline			reachable-data-or-description	true		false	pass				pass	log_rate ~ 1\ntotal_tools ~ Poisson(exp(log_rate))	pass	unresolved-family	https://github.com/rmcelreath/rethinking/blob/master/data/Kline.csv	@options + option_domain/option_records + semantic_card under semantic_app	dataset_repository_or_file_only	05c3f465e7987e8d7caa7e214fedddd90415a922		text_offset=16; matched_terms=kline; context_sha256=ed2e1b6cd73a873a	direct population/likelihood route when the family and terms are supported	200	synthetic n=12; positive continuous predictors; integer groups; family-valid outcome	not-run	https://github.com/rmcelreath/rethinking/blob/master/data/Kline.csv	The cited resource is a data file; it can support dataset provenance but not the claimed model formula or family.	inferred-from-name	ordinary_brm	family evidence remains indeterminate		326	-12.0	historical-semantics-unresolved	not-probed	0bccc3721c4953228da47b03c82904201a5a963c347e0042029090d477d70cc4	not_supported_by_data_file			ready	4181ae11a26a394e5090460fdf5b3bd4f0e867b2f442d3252d15baef52e253dc	mcelreath		pass	mcelreath:kline_intercept	unresolved-family	reachable_data_file	pass	pass		5025ef05ca03e29b5e275974a77b2ae3a85c7a57ed88fa9672136b64d0545d94		Kline Island — Intercept-Only Poisson	total_tools ~ 1	true	SbPMX origin/main@a8fd3c02e1e2305683a56c91384701bfeba6b528:design/{ASKS.md,SbPMX.jl,mock_runtime.jl},compat/check-semantic-model-pipeline.jl	false		2026-07-28T21:07:08.805646+00:00	kline_intercept	true		family is not explicit or defensibly inferred	direct		already-expressible-verbatim	https://github.com/rmcelreath/rethinking/blob/master/data/Kline.csv		total_tools ~ 1		poisson	bridgestan-finite-density-gradient	163
unverifiable	nonlinear parameter formulas need an explicit current linked-predictor design; current linked-predictor/kernel machinery exists, but this historical declaration needs a row-specific rewrite	BRM loader is Kline.csv and derives log_pop_std and cid from contact. Upstream schema is culture,population,contact,total_tools,mean_TU; Malekula begins 1100,low,13,3.2 and Tikopia 1500,low,22,4.7.	unverifiable	high	988	CatalogServer_default_unsubstantiated		gaussian	renderer-default-contradicts semantic inference		df64d9cb8d50ac850ce24cb277e95ccb88fad0a8	not_supported_by_data_file				no executable descriptor until translation is resolved	scripts/examples/mcelreath.jl	true	11.qmd#L1351-L1377	2026-07-28T22:54:31Z	not-run	kline			reachable-data-or-description	true		false	not-run		explicit-family-recovery		not-run		not-run	unresolved-family	https://github.com/rmcelreath/rethinking/blob/master/data/Kline.csv	@options + option_domain/option_records + semantic_card under semantic_app	dataset_repository_or_file_only	05c3f465e7987e8d7caa7e214fedddd90415a922		text_offset=16; matched_terms=and,kline; context_sha256=ed2e1b6cd73a873a	direct population/likelihood route when the family and terms are supported	200	synthetic n=12; positive continuous predictors; integer groups; family-valid outcome	not-run	https://github.com/rmcelreath/rethinking/blob/master/data/Kline.csv	The cited resource is a data file; it can support dataset provenance but not the claimed model formula or family.	authoritative-audit-explicit-family-recovery	ordinary_brm	family evidence remains indeterminate	Searched historical BRM 05c3f465e7987e8d7caa7e214fedddd90415a922:scripts/examples/mcelreath.jl:988, the cited rethinking data surface, current upstream book code, and git history. The BRM row itself has blank family metadata and cites only data; no family was inferred from brms defaults, response names, titles, or dataset type.			historical-semantics-unresolved	not-probed		not_supported_by_data_file			semantic-rewrite	4181ae11a26a394e5090460fdf5b3bd4f0e867b2f442d3252d15baef52e253dc	mcelreath	200	not-run	mcelreath:kline_contact	unresolved-family	reachable_data_file	not-run	not-run			Historical BRM 05c3f465e7987e8d7caa7e214fedddd90415a922:scripts/examples/mcelreath.jl:988 returns 'bf(total_tools ~ a + b * log_pop_std, a + b ~ 0 + cid, nl = TRUE)' with no family. The matching contact-index nonlinear count model states y_i ~ Poisson(lambda_i) and explicitly sets family = poisson.	Kline Island — Contact-Indexed Intercepts and Log-Population Slopes	bf(total_tools ~ a + b * log_pop_std, a + b ~ 0 + cid, nl = TRUE)	not-run	SbPMX origin/main@a8fd3c02e1e2305683a56c91384701bfeba6b528:design/{ASKS.md,SbPMX.jl,mock_runtime.jl},compat/check-semantic-model-pipeline.jl	false		2026-07-28T21:07:08.805646+00:00	kline_contact	true	Historical BRM formula is 'bf(total_tools ~ a + b * log_pop_std, a + b ~ 0 + cid, nl = TRUE)'. Authoritative formula/likelihood at 11.qmd#L1351-L1377 is the same model up to documented renaming, centering, or generated-column crosswalk.	family is not explicit or defensibly inferred	not-probed	The authoritative book/repository explicitly declares poisson; dataset evidence only confirms the example identity and was not used as sole family evidence.	already-expressible-via-semantic-rewrite	https://github.com/rmcelreath/rethinking/blob/master/data/Kline.csv		bf(total_tools ~ a + b * log_pop_std, a + b ~ 0 + cid, nl = TRUE)	https://github.com/ASKurz/Statistical_Rethinking_with_brms_ggplot2_and_the_tidyverse_2_ed; https://github.com/rmcelreath/rethinking	poisson	semantic-rewrite	164
unverifiable	nonlinear parameter formulas need an explicit current linked-predictor design; current linked-predictor/kernel machinery exists, but this historical declaration needs a row-specific rewrite	BRM loader is Kline.csv and derives log_pop_std and cid from contact. Upstream schema is culture,population,contact,total_tools,mean_TU; Malekula begins 1100,low,13,3.2 and Tikopia 1500,low,22,4.7.	unverifiable	high	1007	CatalogServer_default_unsubstantiated		gaussian	renderer-default-contradicts semantic inference		df64d9cb8d50ac850ce24cb277e95ccb88fad0a8	not_supported_by_data_file				no executable descriptor until translation is resolved	scripts/examples/mcelreath.jl	true	11.qmd#L1495-L1527	2026-07-28T22:54:31Z	not-run	kline			reachable-data-or-description	true		false	not-run		explicit-family-recovery		not-run		not-run	unresolved-family	https://github.com/rmcelreath/rethinking/blob/master/data/Kline.csv	@options + option_domain/option_records + semantic_card under semantic_app	dataset_repository_or_file_only	05c3f465e7987e8d7caa7e214fedddd90415a922		text_offset=16; matched_terms=kline; context_sha256=ed2e1b6cd73a873a	direct population/likelihood route when the family and terms are supported	200	synthetic n=12; positive continuous predictors; integer groups; family-valid outcome	not-run	https://github.com/rmcelreath/rethinking/blob/master/data/Kline.csv	The cited resource is a data file; it can support dataset provenance but not the claimed model formula or family.	authoritative-audit-explicit-family-recovery	ordinary_brm	family evidence remains indeterminate	Searched historical BRM 05c3f465e7987e8d7caa7e214fedddd90415a922:scripts/examples/mcelreath.jl:1007, the cited rethinking data surface, current upstream book code, and git history. The BRM row itself has blank family metadata and cites only data; no family was inferred from brms defaults, response names, titles, or dataset type.			historical-semantics-unresolved	not-probed		not_supported_by_data_file			semantic-rewrite	4181ae11a26a394e5090460fdf5b3bd4f0e867b2f442d3252d15baef52e253dc	mcelreath	200	not-run	mcelreath:kline_power	unresolved-family	reachable_data_file	not-run	not-run			Historical BRM 05c3f465e7987e8d7caa7e214fedddd90415a922:scripts/examples/mcelreath.jl:1007 returns 'bf(total_tools ~ exp(a) * population^b / g, a + b ~ 0 + cid, g ~ 1, nl = TRUE)' with no family. The exact power-law tools model states total_tools ~ Poisson(lambda_i) and explicitly sets family = poisson(link = identity).	Kline Island — Scientific Power-Law Model	bf(total_tools ~ exp(a) * population^b / g, a + b ~ 0 + cid, g ~ 1, nl = TRUE)	not-run	SbPMX origin/main@a8fd3c02e1e2305683a56c91384701bfeba6b528:design/{ASKS.md,SbPMX.jl,mock_runtime.jl},compat/check-semantic-model-pipeline.jl	false		2026-07-28T21:07:08.805646+00:00	kline_power	true	Historical BRM formula is 'bf(total_tools ~ exp(a) * population^b / g, a + b ~ 0 + cid, g ~ 1, nl = TRUE)'. Authoritative formula/likelihood at 11.qmd#L1495-L1527 is the same model up to documented renaming, centering, or generated-column crosswalk.	family is not explicit or defensibly inferred	not-probed	The authoritative book/repository explicitly declares poisson; dataset evidence only confirms the example identity and was not used as sole family evidence.	already-expressible-via-semantic-rewrite	https://github.com/rmcelreath/rethinking/blob/master/data/Kline.csv		bf(total_tools ~ exp(a) * population^b / g, a + b ~ 0 + cid, g ~ 1, nl = TRUE)	https://github.com/ASKurz/Statistical_Rethinking_with_brms_ggplot2_and_the_tidyverse_2_ed; https://github.com/rmcelreath/rethinking	poisson	semantic-rewrite	165
unverifiable	nonlinear parameter formulas need an explicit current linked-predictor design; current linked-predictor/kernel machinery exists, but this historical declaration needs a row-specific rewrite		unverifiable		1026	CatalogServer_default_unsubstantiated		gaussian	renderer-default-unsubstantiated; inference happens to agree			not_supported_by_data_file				no executable descriptor until translation is resolved	scripts/examples/mcelreath.jl	true			not-run	kline2			reachable-data-or-description	true		false	not-run				not-run		not-run	unresolved-family	https://github.com/rmcelreath/rethinking/blob/master/data/Kline2.csv	@options + option_domain/option_records + semantic_card under semantic_app	dataset_repository_or_file_only	05c3f465e7987e8d7caa7e214fedddd90415a922		text_offset=16; matched_terms=kline,kline2; context_sha256=d037f95f3aa9501f	direct population/likelihood route when the family and terms are supported	200	synthetic n=12; positive continuous predictors; integer groups; family-valid outcome	not-run	https://github.com/rmcelreath/rethinking/blob/master/data/Kline2.csv	The cited resource is a data file; it can support dataset provenance but not the claimed model formula or family.	inferred-from-name	ordinary_brm	family evidence remains indeterminate				historical-semantics-unresolved	not-probed		not_supported_by_data_file			semantic-rewrite	6c4f69e1bacd4afd55210150548230c35066a87ceb7ab91d5630c371b8d91b01	mcelreath		not-run	mcelreath:kline2	unresolved-family	reachable_data_file	not-run	not-run				Kline Island — Gaussian Process over Geography	bf(total_tools ~ exp(a) * population^b / g, a ~ 1 + gp(lat_adj, lon2_adj, scale=FALSE), b + g ~ 1, nl = TRUE)	not-run	SbPMX origin/main@a8fd3c02e1e2305683a56c91384701bfeba6b528:design/{ASKS.md,SbPMX.jl,mock_runtime.jl},compat/check-semantic-model-pipeline.jl	false		2026-07-28T21:07:08.823422+00:00	kline2	true		family is not explicit or defensibly inferred	not-probed		already-expressible-via-semantic-rewrite	https://github.com/rmcelreath/rethinking/blob/master/data/Kline2.csv		bf(total_tools ~ exp(a) * population^b / g, a ~ 1 + gp(lat_adj, lon2_adj, scale=FALSE), b + g ~ 1, nl = TRUE)		gaussian	semantic-rewrite	166
unverifiable	historical ordinal link/threshold semantics are not equivalent to stock OrderedLogistic		unverifiable		1060	CatalogServer_default_unsubstantiated		gaussian	renderer-default-contradicts semantic inference			not_supported_by_data_file				no executable descriptor until translation is resolved	scripts/examples/mcelreath.jl	true			not-run	trolley			reachable-data-or-description	true		false	not-run				not-run		not-run	unresolved-family	https://github.com/rmcelreath/rethinking/blob/master/data/Trolley.csv	@options + option_domain/option_records + semantic_card under semantic_app	dataset_repository_or_file_only	05c3f465e7987e8d7caa7e214fedddd90415a922		text_offset=16; matched_terms=trolley; context_sha256=76f44321385d2a02	direct population/likelihood route when the family and terms are supported	200	synthetic n=12; positive continuous predictors; integer groups; family-valid outcome	not-run	https://github.com/rmcelreath/rethinking/blob/master/data/Trolley.csv	The cited resource is a data file; it can support dataset provenance but not the claimed model formula or family.	historical-link-unresolved	ordinary_brm	family evidence remains indeterminate				historical-semantics-unresolved	not-probed		not_supported_by_data_file			unsupported	bbe2404bf859581e30ec96173a876dc58b0945753404effd3fbb4b3a15ea8e7b	mcelreath		not-run	mcelreath:trolley_intercept	unresolved-family	reachable_data_file	not-run	not-run				Trolley — Intercept Only (6 Thresholds)	response ~ 1	not-run	SbPMX origin/main@a8fd3c02e1e2305683a56c91384701bfeba6b528:design/{ASKS.md,SbPMX.jl,mock_runtime.jl},compat/check-semantic-model-pipeline.jl	false		2026-07-28T21:07:09.060798+00:00	trolley_intercept	true		family is not explicit or defensibly inferred	not-probed		historical-semantics-unresolved	https://github.com/rmcelreath/rethinking/blob/master/data/Trolley.csv		response ~ 1		ordinal_unresolved	unsupported	167
unverifiable	historical ordinal link/threshold semantics are not equivalent to stock OrderedLogistic		unverifiable		1082	CatalogServer_default_unsubstantiated		gaussian	renderer-default-contradicts semantic inference			not_supported_by_data_file				no executable descriptor until translation is resolved	scripts/examples/mcelreath.jl	true			not-run	trolley			reachable-data-or-description	true		false	not-run				not-run		not-run	unresolved-family	https://github.com/rmcelreath/rethinking/blob/master/data/Trolley.csv	@options + option_domain/option_records + semantic_card under semantic_app	dataset_repository_or_file_only	05c3f465e7987e8d7caa7e214fedddd90415a922		text_offset=16; matched_terms=action,and,trolley; context_sha256=76f44321385d2a02	direct population/likelihood route when the family and terms are supported	200	synthetic n=12; positive continuous predictors; integer groups; family-valid outcome	not-run	https://github.com/rmcelreath/rethinking/blob/master/data/Trolley.csv	The cited resource is a data file; it can support dataset provenance but not the claimed model formula or family.	historical-link-unresolved	ordinary_brm	family evidence remains indeterminate				historical-semantics-unresolved	not-probed		not_supported_by_data_file			unsupported	bbe2404bf859581e30ec96173a876dc58b0945753404effd3fbb4b3a15ea8e7b	mcelreath		not-run	mcelreath:trolley_effects	unresolved-family	reachable_data_file	not-run	not-run				Trolley — Action, Contact, and Intention Effects	response ~ 1 + action + contact + intention + intention:action + intention:contact	not-run	SbPMX origin/main@a8fd3c02e1e2305683a56c91384701bfeba6b528:design/{ASKS.md,SbPMX.jl,mock_runtime.jl},compat/check-semantic-model-pipeline.jl	false		2026-07-28T21:07:09.060798+00:00	trolley_effects	true		family is not explicit or defensibly inferred	not-probed		historical-semantics-unresolved	https://github.com/rmcelreath/rethinking/blob/master/data/Trolley.csv		response ~ 1 + action + contact + intention + intention:action + intention:contact		ordinal_unresolved	unsupported	168
unverifiable	historical ordinal link/threshold semantics are not equivalent to stock OrderedLogistic		unverifiable		1103	CatalogServer_default_unsubstantiated		gaussian	renderer-default-contradicts semantic inference			not_supported_by_data_file				no executable descriptor until translation is resolved	scripts/examples/mcelreath.jl	true			not-run	trolley			reachable-data-or-description	true		false	not-run				not-run		not-run	unresolved-family	https://github.com/rmcelreath/rethinking/blob/master/data/Trolley.csv	@options + option_domain/option_records + semantic_card under semantic_app	dataset_repository_or_file_only	05c3f465e7987e8d7caa7e214fedddd90415a922		text_offset=16; matched_terms=trolley; context_sha256=76f44321385d2a02	direct population/likelihood route when the family and terms are supported	200	synthetic n=12; positive continuous predictors; integer groups; family-valid outcome	not-run	https://github.com/rmcelreath/rethinking/blob/master/data/Trolley.csv	The cited resource is a data file; it can support dataset provenance but not the claimed model formula or family.	historical-link-unresolved	ordinary_brm	family evidence remains indeterminate				historical-semantics-unresolved	not-probed		not_supported_by_data_file			unsupported	bbe2404bf859581e30ec96173a876dc58b0945753404effd3fbb4b3a15ea8e7b	mcelreath		not-run	mcelreath:trolley_edu	unresolved-family	reachable_data_file	not-run	not-run				Trolley — Monotonic Education Effect	response ~ 1 + action + contact + intention + mo(edu_new)	not-run	SbPMX origin/main@a8fd3c02e1e2305683a56c91384701bfeba6b528:design/{ASKS.md,SbPMX.jl,mock_runtime.jl},compat/check-semantic-model-pipeline.jl	false		2026-07-28T21:07:09.060798+00:00	trolley_edu	true		family is not explicit or defensibly inferred	not-probed		historical-semantics-unresolved	https://github.com/rmcelreath/rethinking/blob/master/data/Trolley.csv		response ~ 1 + action + contact + intention + mo(edu_new)		ordinal_unresolved	unsupported	169
unverifiable	trials/cbind response lowered to explicit BinomialLogit		unverifiable		1138	CatalogServer_default_unsubstantiated	efd2849c386a7848	gaussian	renderer-default-contradicts semantic inference			not_supported_by_data_file		2		authoritative brm_descriptor/brm_execute; experimental SbPMX semantic_app mount adapter	scripts/examples/mcelreath.jl	true			pass	reedfrogs			reachable-data-or-description	true		false	pass				pass	log_odds ~ 0 + tank\nsurv ~ BinomialLogit(density, log_odds)	pass	unresolved-family	https://github.com/rmcelreath/rethinking/blob/master/data/reedfrogs.csv	@options + option_domain/option_records + semantic_card under semantic_app	dataset_repository_or_file_only	05c3f465e7987e8d7caa7e214fedddd90415a922		text_offset=16; matched_terms=frogs,reed,reedfrogs; context_sha256=ac29c29e7390b0ee	direct population/likelihood route when the family and terms are supported	200	synthetic n=12; positive continuous predictors; integer groups; family-valid outcome	not-run	https://github.com/rmcelreath/rethinking/blob/master/data/reedfrogs.csv	The cited resource is a data file; it can support dataset provenance but not the claimed model formula or family.	inferred-from-response-syntax	ordinary_brm	family evidence remains indeterminate		340	-66.54212933375474	historical-semantics-unresolved	not-probed	589ebf8dbd12754f9fafac7e2926238678f6747b85912eaffa203db62673bea4	not_supported_by_data_file			ready	626ee205610b0b1cab7d9cd59b5732e21ee5e623a2f9747847d7dc1f7ef7f6a4	mcelreath		pass	mcelreath:reedfrogs_nopooling	unresolved-family	reachable_data_file	pass	pass		e35a47b0fceedb5837c96cd55ad933d2f95259cdd41b4ce792e9e7d75fc8df53		Reed Frogs — No-Pooling Model	surv | trials(density) ~ 0 + factor(tank)	true	SbPMX origin/main@a8fd3c02e1e2305683a56c91384701bfeba6b528:design/{ASKS.md,SbPMX.jl,mock_runtime.jl},compat/check-semantic-model-pipeline.jl	false		2026-07-28T21:07:09.323884+00:00	reedfrogs_nopooling	true		family is not explicit or defensibly inferred	direct		already-expressible-via-semantic-rewrite	https://github.com/rmcelreath/rethinking/blob/master/data/reedfrogs.csv		surv | trials(density) ~ 0 + factor(tank)		binomial	bridgestan-finite-density-gradient	170
unverifiable	trials/cbind response lowered to explicit BinomialLogit		unverifiable		1156	CatalogServer_default_unsubstantiated	d0b2939b0c3507dc	gaussian	renderer-default-contradicts semantic inference			not_supported_by_data_file		5		authoritative brm_descriptor/brm_execute; experimental SbPMX semantic_app mount adapter	scripts/examples/mcelreath.jl	true			pass	reedfrogs			reachable-data-or-description	true		false	pass				pass	log_odds ~ 1 + (1 | tank)\nsurv ~ BinomialLogit(density, log_odds)	pass	unresolved-family	https://github.com/rmcelreath/rethinking/blob/master/data/reedfrogs.csv	@options + option_domain/option_records + semantic_card under semantic_app	dataset_repository_or_file_only	05c3f465e7987e8d7caa7e214fedddd90415a922		text_offset=16; matched_terms=frogs,reed,reedfrogs; context_sha256=ac29c29e7390b0ee	direct population/likelihood route when the family and terms are supported	200	synthetic n=12; positive continuous predictors; integer groups; family-valid outcome	not-run	https://github.com/rmcelreath/rethinking/blob/master/data/reedfrogs.csv	The cited resource is a data file; it can support dataset provenance but not the claimed model formula or family.	inferred-from-response-syntax	ordinary_brm	family evidence remains indeterminate		342	-66.54212933375474	historical-semantics-unresolved	not-probed	8eb6f1142f7e859ee85dfc105b931d8db351c0d2173bfbdbaa312f40d93d4cfc	not_supported_by_data_file			ready	626ee205610b0b1cab7d9cd59b5732e21ee5e623a2f9747847d7dc1f7ef7f6a4	mcelreath		pass	mcelreath:reedfrogs_partial	unresolved-family	reachable_data_file	pass	pass		905860bc0b0b2a109850fa78aa2cbbe20e8af8e8c0c5c659f33bd1b338e9625c		Reed Frogs — Partial Pooling via Multilevel Model	surv | trials(density) ~ 1 + (1 | tank)	true	SbPMX origin/main@a8fd3c02e1e2305683a56c91384701bfeba6b528:design/{ASKS.md,SbPMX.jl,mock_runtime.jl},compat/check-semantic-model-pipeline.jl	false		2026-07-28T21:07:09.323884+00:00	reedfrogs_partial	true		family is not explicit or defensibly inferred	direct		already-expressible-via-semantic-rewrite	https://github.com/rmcelreath/rethinking/blob/master/data/reedfrogs.csv		surv | trials(density) ~ 1 + (1 | tank)		binomial	bridgestan-finite-density-gradient	171
unverifiable	explicit Normal likelihood; named log-scale sigma predictor uses native linked-predictor syntax	BRM constructs cafe/afternoon/wait with MersenneTwister(14); the authoritative chapter simulates the same wait,afternoon,cafe structure. Exact generated values are not upstream data and were not used to infer family.	unverifiable	high	1202	CatalogServer_default_unsubstantiated	9c2d58cef81416e0	gaussian	renderer-default-unsubstantiated; inference happens to agree		df64d9cb8d50ac850ce24cb277e95ccb88fad0a8	not_evaluable		12		authoritative brm_descriptor/brm_execute; experimental SbPMX semantic_app mount adapter	scripts/examples/mcelreath.jl	true	14.qmd#L200-L208;14.qmd#L304-L314	2026-07-28T22:54:31Z	pass	cafe			synthetic-no-external-receipt	false		false	pass		explicit-family-recovery		pass	loc ~ 1 + afternoon + (1 + afternoon | cafe)\nlog(sigma) ~ 1\nwait ~ Normal(loc, sigma)	pass	unresolved-family		@options + option_domain/option_records + semantic_card under semantic_app	no_external_authority	05c3f465e7987e8d7caa7e214fedddd90415a922			direct population/likelihood route when the family and terms are supported		synthetic n=12; positive continuous predictors; integer groups; family-valid outcome	not-run	synthetic	No external model citation: catalog claim is synthetic/uncited.	authoritative-audit-explicit-family-recovery	ordinary_brm	family evidence remains indeterminate	Searched historical BRM 05c3f465e7987e8d7caa7e214fedddd90415a922:scripts/examples/mcelreath.jl:1202, the cited rethinking data surface, current upstream book code, and git history. The BRM row itself has blank family metadata and cites only data; no family was inferred from brms defaults, response names, titles, or dataset type.	344	-8.817384082920588	historical-semantics-unresolved	not-probed	5289b4e825eeeb5a15d7b91f8c3a57886e29897c21b36139e87beea4238ce6bb	not_evaluable			ready		mcelreath	200	pass	mcelreath:cafe	unresolved-family	synthetic_claim_only	pass	pass		d21c4a00751a7d5158dcf2ee4b2159d57cb5f0016c408af7f967bd805e302189	Historical BRM 05c3f465e7987e8d7caa7e214fedddd90415a922:scripts/examples/mcelreath.jl:1202 returns 'wait ~ 1 + afternoon + (1 + afternoon | cafe)' with no family. The café model states wait_i ~ Normal(mu_i,sigma) and explicitly sets family = gaussian.	Café Visit Times — Varying Slopes	wait ~ 1 + afternoon + (1 + afternoon | cafe)	true	SbPMX origin/main@a8fd3c02e1e2305683a56c91384701bfeba6b528:design/{ASKS.md,SbPMX.jl,mock_runtime.jl},compat/check-semantic-model-pipeline.jl	false			cafe	true	Historical BRM formula is 'wait ~ 1 + afternoon + (1 + afternoon | cafe)'. Authoritative formula/likelihood at 14.qmd#L200-L208;14.qmd#L304-L314 is the same model up to documented renaming, centering, or generated-column crosswalk.	family is not explicit or defensibly inferred	direct	The authoritative book/repository explicitly declares gaussian; dataset evidence only confirms the example identity and was not used as sole family evidence.	already-expressible-verbatim	synthetic		wait ~ 1 + afternoon + (1 + afternoon | cafe)	https://github.com/ASKurz/Statistical_Rethinking_with_brms_ggplot2_and_the_tidyverse_2_ed; https://github.com/rmcelreath/rethinking	gaussian	bridgestan-finite-density-gradient	172
unverifiable	explicit Normal likelihood; named log-scale sigma predictor uses native linked-predictor syntax		unverifiable		1232	CatalogServer_default_unsubstantiated	404e1a92a6d03f3e	gaussian	renderer-default-unsubstantiated; inference happens to agree			not_supported_by_data_file		4		authoritative brm_descriptor/brm_execute; experimental SbPMX semantic_app mount adapter	scripts/examples/mcelreath.jl	true			pass	primates301			reachable-data-or-description	true		false	pass				pass	loc ~ 1 + m + g\nlog(sigma) ~ 1\nb ~ Normal(loc, sigma)	pass	unresolved-family	https://github.com/rmcelreath/rethinking/blob/master/data/Primates301.csv	@options + option_domain/option_records + semantic_card under semantic_app	dataset_repository_or_file_only	05c3f465e7987e8d7caa7e214fedddd90415a922		text_offset=16; matched_terms=ols,primates,primates301; context_sha256=bc0314b59a95d091	direct population/likelihood route when the family and terms are supported	200	synthetic n=12; positive continuous predictors; integer groups; family-valid outcome	not-run	https://github.com/rmcelreath/rethinking/blob/master/data/Primates301.csv	The cited resource is a data file; it can support dataset provenance but not the claimed model formula or family.	inferred-from-name	ordinary_brm	family evidence remains indeterminate		346	-3.8069883206128132	historical-semantics-unresolved	not-probed	17f48ef74cd1b8a1f10fc3411b8186e500798461d1fa9adeb8cf3c084fdf7dd0	not_supported_by_data_file			ready	d3835fd6679855ad4dc4ad2ff987d78bef8cdf5c081814eec4ac93fb2d93e9c7	mcelreath		pass	mcelreath:primates301_ols	unresolved-family	reachable_data_file	pass	pass		83ec3dd4bcacec20b8ed9d65af7520a31e9640b9e40b7ad5b94baaddec930459		Primates — OLS Without Phylogeny	b ~ 1 + m + g	true	SbPMX origin/main@a8fd3c02e1e2305683a56c91384701bfeba6b528:design/{ASKS.md,SbPMX.jl,mock_runtime.jl},compat/check-semantic-model-pipeline.jl	false		2026-07-28T21:07:09.045987+00:00	primates301_ols	true		family is not explicit or defensibly inferred	direct		already-expressible-verbatim	https://github.com/rmcelreath/rethinking/blob/master/data/Primates301.csv		b ~ 1 + m + g		gaussian	bridgestan-finite-density-gradient	173
unverifiable	requires a faithful stanblocks_plate implementation; no ordinary-formula substitute	BRM loader downloads Primates301.csv and standardizes log brain/body/group_size. Upstream schema begins name,genus,species,...,brain,body,group_size; Allenopithecus_nigroviridis has brain=58.02, body=4655, group_size=40.	unverifiable	high	1251	CatalogServer_default_unsubstantiated		gaussian	renderer-default-unsubstantiated; inference happens to agree		df64d9cb8d50ac850ce24cb277e95ccb88fad0a8	not_supported_by_data_file				StanBlocks plate substrate; no authoritative BRM descriptor for this row; experimental semantic_app adapter required	scripts/examples/mcelreath.jl	true	14.qmd#L2101-L2109;14.qmd#L2218-L2233	2026-07-28T22:54:31Z	not-run	primates301			reachable-data-or-description	true		false	not-run		explicit-family-recovery		not-run		not-run	unresolved-family	https://github.com/rmcelreath/rethinking/blob/master/data/Primates301.csv	@options + option_domain/option_records + semantic_card under semantic_app	dataset_repository_or_file_only	05c3f465e7987e8d7caa7e214fedddd90415a922		text_offset=16; matched_terms=primates,primates301; context_sha256=bc0314b59a95d091	faithful-candidate: structured covariance is not an ordinary IID group effect	200	synthetic n=12; positive continuous predictors; integer groups; family-valid outcome	not-run	https://github.com/rmcelreath/rethinking/blob/master/data/Primates301.csv	The cited resource is a data file; it can support dataset provenance but not the claimed model formula or family.	authoritative-audit-explicit-family-recovery	stanblocks_plate	family evidence remains indeterminate	Searched historical BRM 05c3f465e7987e8d7caa7e214fedddd90415a922:scripts/examples/mcelreath.jl:1251, the cited rethinking data surface, current upstream book code, and git history. The BRM row itself has blank family metadata and cites only data; no family was inferred from brms defaults, response names, titles, or dataset type.			historical-semantics-unresolved	not-probed		not_supported_by_data_file			route-specific	d3835fd6679855ad4dc4ad2ff987d78bef8cdf5c081814eec4ac93fb2d93e9c7	mcelreath	200	not-run	mcelreath:primates301_phylo	unresolved-family	reachable_data_file	not-run	not-run			Historical BRM 05c3f465e7987e8d7caa7e214fedddd90415a922:scripts/examples/mcelreath.jl:1251 returns 'b ~ 1 + m + g + fcor(R)' with no family. The phylogenetic fcor(R) model explicitly sets family = gaussian.	Primates — Phylogenetic Regression	b ~ 1 + m + g + fcor(R)	not-run	SbPMX origin/main@a8fd3c02e1e2305683a56c91384701bfeba6b528:design/{ASKS.md,SbPMX.jl,mock_runtime.jl},compat/check-semantic-model-pipeline.jl	false		2026-07-28T21:07:09.045987+00:00	primates301_phylo	true	Historical BRM formula is 'b ~ 1 + m + g + fcor(R)'. Authoritative formula/likelihood at 14.qmd#L2101-L2109;14.qmd#L2218-L2233 is the same model up to documented renaming, centering, or generated-column crosswalk.	family is not explicit or defensibly inferred	not-probed	Recover the Gaussian observation likelihood while retaining fcor(R) as a known phylogenetic covariance term; it is not a different response family.	historical-semantics-unresolved	https://github.com/rmcelreath/rethinking/blob/master/data/Primates301.csv	kernel/plate substrate control is separately probed	b ~ 1 + m + g + fcor(R)	https://github.com/ASKurz/Statistical_Rethinking_with_brms_ggplot2_and_the_tidyverse_2_ed; https://github.com/rmcelreath/rethinking	gaussian	route-specific	174
unverifiable	trials/cbind response lowered to explicit BinomialLogit		unverifiable		1284	CatalogServer_default_unsubstantiated	b37c8d11c6537a7b	gaussian	renderer-default-contradicts semantic inference			not_supported_by_data_file		2		authoritative brm_descriptor/brm_execute; experimental SbPMX semantic_app mount adapter	scripts/examples/mcelreath.jl	true			pass	moralizing_gods			reachable-data-or-description	true		false	pass				pass	log_odds ~ 1 + writing\nmoralizing_gods ~ BinomialLogit(1, log_odds)	pass	unresolved-family	https://github.com/rmcelreath/rethinking/blob/master/data/Moralizing_gods.csv	@options + option_domain/option_records + semantic_card under semantic_app	dataset_repository_or_file_only	05c3f465e7987e8d7caa7e214fedddd90415a922		text_offset=16; matched_terms=data,gods,moralizing,moralizing_gods; context_sha256=c5111e593a929a96	direct population/likelihood route when the family and terms are supported	200	synthetic n=12; positive continuous predictors; integer groups; family-valid outcome	not-run	https://github.com/rmcelreath/rethinking/blob/master/data/Moralizing_gods.csv	The cited resource is a data file; it can support dataset provenance but not the claimed model formula or family.	inferred-from-response-syntax	ordinary_brm	family evidence remains indeterminate		350	-8.317766166719343	historical-semantics-unresolved	not-probed	ffb6fd901df9e065b6184e29b066505f94fa7d3a9621c0ee17a2707b6af07b1a	not_supported_by_data_file			ready	5cc3c887852cb6c79bfe209f8ae33fe6d63db37407ce374991a619649efdf9bb	mcelreath		pass	mcelreath:moralizing_gods	unresolved-family	reachable_data_file	pass	pass		052deec3cea5ea60ce5a17b940dfab298ff792263d7a6c8dc5a898da5c3e5012		Moralizing Gods — Missing-Data Handling	moralizing_gods | trials(1) ~ 1 + writing	true	SbPMX origin/main@a8fd3c02e1e2305683a56c91384701bfeba6b528:design/{ASKS.md,SbPMX.jl,mock_runtime.jl},compat/check-semantic-model-pipeline.jl	false		2026-07-28T21:07:08.871433+00:00	moralizing_gods	true		family is not explicit or defensibly inferred	direct		already-expressible-via-semantic-rewrite	https://github.com/rmcelreath/rethinking/blob/master/data/Moralizing_gods.csv		moralizing_gods | trials(1) ~ 1 + writing		binomial	bridgestan-finite-density-gradient	175
unverifiable	nonlinear parameter formulas need an explicit current linked-predictor design; current linked-predictor/kernel machinery exists, but this historical declaration needs a row-specific rewrite	BRM loader downloads Panda_nuts.csv, but its code assigns n_panda=d.success. The actual upstream schema is chimpanzee,age,sex,hammer,nuts_opened,seconds,help (first row chimpanzee 11, age 3, nuts_opened 0, seconds 61), so success does not exist. Authoritative book uses n from nuts_opened.	unverifiable	high	1314	CatalogServer_default_unsubstantiated		gaussian	renderer-default-contradicts semantic inference		df64d9cb8d50ac850ce24cb277e95ccb88fad0a8	not_supported_by_data_file				no executable descriptor until translation is resolved	scripts/examples/mcelreath.jl	true	16.qmd#L667-L680;16.qmd#L751-L765	2026-07-28T22:54:31Z	not-run	panda_nuts			reachable-data-or-description	true		false	not-run		explicit-family-recovery		not-run		not-run	unresolved-family	https://github.com/rmcelreath/rethinking/blob/master/data/Panda_nuts.csv	@options + option_domain/option_records + semantic_card under semantic_app	dataset_repository_or_file_only	05c3f465e7987e8d7caa7e214fedddd90415a922		text_offset=16; matched_terms=nuts,panda,panda_nuts; context_sha256=e2f5f554829f1915	direct population/likelihood route when the family and terms are supported	200	synthetic n=12; positive continuous predictors; integer groups; family-valid outcome	not-run	https://github.com/rmcelreath/rethinking/blob/master/data/Panda_nuts.csv	The cited resource is a data file; it can support dataset provenance but not the claimed model formula or family.	authoritative-audit-explicit-family-recovery	ordinary_brm	family evidence remains indeterminate	Searched historical BRM 05c3f465e7987e8d7caa7e214fedddd90415a922:scripts/examples/mcelreath.jl:1314, the cited rethinking data surface, current upstream book code, and git history. The BRM row itself has blank family metadata and cites only data; no family was inferred from brms defaults, response names, titles, or dataset type.			historical-semantics-unresolved	not-probed		not_supported_by_data_file			semantic-rewrite	40bf314403b9542c47f100ec80acf0cba2a243b0c47e68ab609cc274ee033042	mcelreath	200	not-run	mcelreath:panda_nuts	unresolved-family	reachable_data_file	not-run	not-run			Historical BRM 05c3f465e7987e8d7caa7e214fedddd90415a922:scripts/examples/mcelreath.jl:1314 returns 'bf(n_panda ~ seconds * phi * (1 - exp(-k * age_s))^theta, phi + k + theta ~ 1, nl = TRUE)' with no family. The book states n_i ~ Poisson(lambda_i) and fits the exact nonlinear rate with family = poisson(link = identity).	Panda Nuts — Nonlinear Learning-Curve Model	bf(n_panda ~ seconds * phi * (1 - exp(-k * age_s))^theta, phi + k + theta ~ 1, nl = TRUE)	not-run	SbPMX origin/main@a8fd3c02e1e2305683a56c91384701bfeba6b528:design/{ASKS.md,SbPMX.jl,mock_runtime.jl},compat/check-semantic-model-pipeline.jl	false		2026-07-28T21:07:09.037331+00:00	panda_nuts	true	Historical BRM formula is 'bf(n_panda ~ seconds * phi * (1 - exp(-k * age_s))^theta, phi + k + theta ~ 1, nl = TRUE)'. Authoritative formula/likelihood at 16.qmd#L667-L680;16.qmd#L751-L765 is the same model up to documented renaming, centering, or generated-column crosswalk.	family is not explicit or defensibly inferred	not-probed	The authoritative book/repository explicitly declares poisson; dataset evidence only confirms the example identity and was not used as sole family evidence.	already-expressible-via-semantic-rewrite	https://github.com/rmcelreath/rethinking/blob/master/data/Panda_nuts.csv		bf(n_panda ~ seconds * phi * (1 - exp(-k * age_s))^theta, phi + k + theta ~ 1, nl = TRUE)	https://github.com/ASKurz/Statistical_Rethinking_with_brms_ggplot2_and_the_tidyverse_2_ed; https://github.com/rmcelreath/rethinking	poisson	semantic-rewrite	176
unverifiable	explicit Normal likelihood; named log-scale sigma predictor uses native linked-predictor syntax	BRM loader is Lynx_Hare.csv and constructs Hare_1/Lynx_1 by one-row lag. Upstream schema is Year,Lynx,Hare; first rows are 1900,4,30 and 1901,6.1,47.2.	unverifiable	high	1345	CatalogServer_default_unsubstantiated	bb5b5e9acb423f2c	gaussian	renderer-default-unsubstantiated; inference happens to agree		df64d9cb8d50ac850ce24cb277e95ccb88fad0a8	not_supported_by_data_file		16		authoritative brm_descriptor/brm_execute; experimental SbPMX semantic_app mount adapter	scripts/examples/mcelreath.jl	true	16.qmd#L1452-L1471	2026-07-28T22:54:31Z	pass	lynx_hare			reachable-data-or-description	true		false	pass		explicit-family-recovery		pass	loc ~ 1 + ar(Year; p=1)\nlog(sigma) ~ 1\nHare ~ Normal(loc, sigma)	pass	unresolved-family	https://github.com/rmcelreath/rethinking/blob/master/data/Lynx_Hare.csv	@options + option_domain/option_records + semantic_card under semantic_app	dataset_repository_or_file_only	05c3f465e7987e8d7caa7e214fedddd90415a922		text_offset=16; matched_terms=and,hare,lynx,lynx_hare; context_sha256=21fb141c4214aff9	direct population/likelihood route when the family and terms are supported	200	synthetic n=12; positive continuous predictors; integer groups; family-valid outcome	not-run	https://github.com/rmcelreath/rethinking/blob/master/data/Lynx_Hare.csv	The cited resource is a data file; it can support dataset provenance but not the claimed model formula or family.	authoritative-audit-explicit-family-recovery	ordinary_brm	family evidence remains indeterminate	Searched historical BRM 05c3f465e7987e8d7caa7e214fedddd90415a922:scripts/examples/mcelreath.jl:1345, the cited rethinking data surface, current upstream book code, and git history. The BRM row itself has blank family metadata and cites only data; no family was inferred from brms defaults, response names, titles, or dataset type.	354	-7.817384082920588	historical-semantics-unresolved	not-probed	6b6eff6bb47c70e9719e2141d2512f135cd51d342f4a0c245b8de072308a7049	not_supported_by_data_file			ready	6aba449e6ee0db1a9523f83ab67bf6c865ba08a5e4e31c40ab834a2e4054c07f	mcelreath	200	pass	mcelreath:lynx_hare_ar	unresolved-family	reachable_data_file	pass	pass		1ae5cbe3ff1ce1c4d53b4c932859c6103400b10beb73bc0903b7ea75cb8541cc	Historical BRM 05c3f465e7987e8d7caa7e214fedddd90415a922:scripts/examples/mcelreath.jl:1345 returns 'Hare ~ 1 + ar(time = Year, p = 1)' with no family. The book states Hare_t ~ Normal(mu_t,sigma) and fits Hare ~ 1 + ar(time=Year,p=1) with family = gaussian.	Lynx and Hare — AR(1) Autoregressive Model	Hare ~ 1 + ar(time = Year, p = 1)	true	SbPMX origin/main@a8fd3c02e1e2305683a56c91384701bfeba6b528:design/{ASKS.md,SbPMX.jl,mock_runtime.jl},compat/check-semantic-model-pipeline.jl	false		2026-07-28T21:07:08.858582+00:00	lynx_hare_ar	true	Historical BRM formula is 'Hare ~ 1 + ar(time = Year, p = 1)'. Authoritative formula/likelihood at 16.qmd#L1452-L1471 is the same model up to documented renaming, centering, or generated-column crosswalk.	family is not explicit or defensibly inferred	direct	Recover Gaussian likelihood plus explicit AR(1) time dependence; the ar() term is correlation structure, not a distinct family.	already-expressible-verbatim	https://github.com/rmcelreath/rethinking/blob/master/data/Lynx_Hare.csv		Hare ~ 1 + ar(time = Year, p = 1)	https://github.com/ASKurz/Statistical_Rethinking_with_brms_ggplot2_and_the_tidyverse_2_ed; https://github.com/rmcelreath/rethinking	gaussian	bridgestan-finite-density-gradient	177
unverifiable	explicit Normal likelihood; named log-scale sigma predictor uses native linked-predictor syntax	BRM loader is Lynx_Hare.csv and constructs Hare_1/Lynx_1 by one-row lag. Upstream schema is Year,Lynx,Hare; first rows are 1900,4,30 and 1901,6.1,47.2.	unverifiable	high	1364	CatalogServer_default_unsubstantiated	dabab988c7ee2c26	gaussian	renderer-default-unsubstantiated; inference happens to agree		df64d9cb8d50ac850ce24cb277e95ccb88fad0a8	not_supported_by_data_file		3		authoritative brm_descriptor/brm_execute; experimental SbPMX semantic_app mount adapter	scripts/examples/mcelreath.jl	true	16.qmd#L1497-L1506	2026-07-28T22:54:31Z	pass	lynx_hare			reachable-data-or-description	true		false	pass		explicit-family-recovery		pass	loc ~ 1 + Hare_1\nlog(sigma) ~ 1\nHare ~ Normal(loc, sigma)	pass	unresolved-family	https://github.com/rmcelreath/rethinking/blob/master/data/Lynx_Hare.csv	@options + option_domain/option_records + semantic_card under semantic_app	dataset_repository_or_file_only	05c3f465e7987e8d7caa7e214fedddd90415a922		text_offset=16; matched_terms=and,hare,lynx,lynx_hare; context_sha256=21fb141c4214aff9	direct population/likelihood route when the family and terms are supported	200	synthetic n=12; positive continuous predictors; integer groups; family-valid outcome	not-run	https://github.com/rmcelreath/rethinking/blob/master/data/Lynx_Hare.csv	The cited resource is a data file; it can support dataset provenance but not the claimed model formula or family.	authoritative-audit-explicit-family-recovery	ordinary_brm	family evidence remains indeterminate	Searched historical BRM 05c3f465e7987e8d7caa7e214fedddd90415a922:scripts/examples/mcelreath.jl:1364, the cited rethinking data surface, current upstream book code, and git history. The BRM row itself has blank family metadata and cites only data; no family was inferred from brms defaults, response names, titles, or dataset type.	356	-7.817384082920588	historical-semantics-unresolved	not-probed	d240700ec835b4753000153355e162f7e193aa33238148ed40acd6fc368a9647	not_supported_by_data_file			ready	6aba449e6ee0db1a9523f83ab67bf6c865ba08a5e4e31c40ab834a2e4054c07f	mcelreath	200	pass	mcelreath:lynx_hare_lag	unresolved-family	reachable_data_file	pass	pass		bb461ec1f85031d3aa94695ef8da4d04e4d20680b07a0f7bb66083b72c0a17ae	Historical BRM 05c3f465e7987e8d7caa7e214fedddd90415a922:scripts/examples/mcelreath.jl:1364 returns 'Hare ~ 1 + Hare_1' with no family. The exact lag-1 regression explicitly sets family = gaussian.	Lynx and Hare — Lag-1 Regression	Hare ~ 1 + Hare_1	true	SbPMX origin/main@a8fd3c02e1e2305683a56c91384701bfeba6b528:design/{ASKS.md,SbPMX.jl,mock_runtime.jl},compat/check-semantic-model-pipeline.jl	false		2026-07-28T21:07:08.858582+00:00	lynx_hare_lag	true	Historical BRM formula is 'Hare ~ 1 + Hare_1'. Authoritative formula/likelihood at 16.qmd#L1497-L1506 is the same model up to documented renaming, centering, or generated-column crosswalk.	family is not explicit or defensibly inferred	direct	The authoritative book/repository explicitly declares gaussian; dataset evidence only confirms the example identity and was not used as sole family evidence.	already-expressible-verbatim	https://github.com/rmcelreath/rethinking/blob/master/data/Lynx_Hare.csv		Hare ~ 1 + Hare_1	https://github.com/ASKurz/Statistical_Rethinking_with_brms_ggplot2_and_the_tidyverse_2_ed; https://github.com/rmcelreath/rethinking	gaussian	bridgestan-finite-density-gradient	178
unverifiable	joint/multivariate bf declarations require a structured design; current linked-predictor/kernel machinery exists, but this historical declaration needs a row-specific rewrite	BRM loader is Lynx_Hare.csv and constructs Hare_1/Lynx_1 by one-row lag. Upstream schema is Year,Lynx,Hare; first rows are 1900,4,30 and 1901,6.1,47.2.	unverifiable	high	1384	CatalogServer_default_unsubstantiated		gaussian	renderer-default-contradicts semantic inference		df64d9cb8d50ac850ce24cb277e95ccb88fad0a8	not_supported_by_data_file				no executable descriptor until translation is resolved	scripts/examples/mcelreath.jl	true	16.qmd#L1514-L1526	2026-07-28T22:54:31Z	not-run	lynx_hare			reachable-data-or-description	true		false	not-run		explicit-family-recovery		not-run		not-run	unresolved-family	https://github.com/rmcelreath/rethinking/blob/master/data/Lynx_Hare.csv	@options + option_domain/option_records + semantic_card under semantic_app	dataset_repository_or_file_only	05c3f465e7987e8d7caa7e214fedddd90415a922		text_offset=16; matched_terms=and,data,for,hare,lynx,lynx_hare; context_sha256=21fb141c4214aff9	direct population/likelihood route when the family and terms are supported	200	synthetic n=12; positive continuous predictors; integer groups; family-valid outcome	not-run	https://github.com/rmcelreath/rethinking/blob/master/data/Lynx_Hare.csv	The cited resource is a data file; it can support dataset provenance but not the claimed model formula or family.	authoritative-audit-explicit-family-recovery	ordinary_brm	family evidence remains indeterminate	Searched historical BRM 05c3f465e7987e8d7caa7e214fedddd90415a922:scripts/examples/mcelreath.jl:1384, the cited rethinking data surface, current upstream book code, and git history. The BRM row itself has blank family metadata and cites only data; no family was inferred from brms defaults, response names, titles, or dataset type.			historical-semantics-unresolved	not-probed		not_supported_by_data_file			semantic-rewrite	6aba449e6ee0db1a9523f83ab67bf6c865ba08a5e4e31c40ab834a2e4054c07f	mcelreath	200	not-run	mcelreath:lynx_hare_mi	unresolved-family	reachable_data_file	not-run	not-run			Historical BRM 05c3f465e7987e8d7caa7e214fedddd90415a922:scripts/examples/mcelreath.jl:1384 returns 'bf(Hare ~ 1 + mi(Hare_1)) + bf(Hare_1 | mi() ~ 1) + set_rescor(FALSE)' with no family. The exact two-formula missing-lag model explicitly sets family = gaussian and set_rescor(FALSE).	Lynx and Hare — Missing-Data Model for Lagged Hare	bf(Hare ~ 1 + mi(Hare_1)) + bf(Hare_1 | mi() ~ 1) + set_rescor(FALSE)	not-run	SbPMX origin/main@a8fd3c02e1e2305683a56c91384701bfeba6b528:design/{ASKS.md,SbPMX.jl,mock_runtime.jl},compat/check-semantic-model-pipeline.jl	false		2026-07-28T21:07:08.858582+00:00	lynx_hare_mi	true	Historical BRM formula is 'bf(Hare ~ 1 + mi(Hare_1)) + bf(Hare_1 | mi() ~ 1) + set_rescor(FALSE)'. Authoritative formula/likelihood at 16.qmd#L1514-L1526 is the same model up to documented renaming, centering, or generated-column crosswalk.	family is not explicit or defensibly inferred	not-probed	Recover Gaussian for Hare and the modeled Hare_1 marginal while preserving latent missing-lag and fixed-zero residual-correlation structure.	already-expressible-via-semantic-rewrite	https://github.com/rmcelreath/rethinking/blob/master/data/Lynx_Hare.csv		bf(Hare ~ 1 + mi(Hare_1)) + bf(Hare_1 | mi() ~ 1) + set_rescor(FALSE)	https://github.com/ASKurz/Statistical_Rethinking_with_brms_ggplot2_and_the_tidyverse_2_ed; https://github.com/rmcelreath/rethinking	multivariate_gaussian	semantic-rewrite	179
unverifiable	joint/multivariate bf declarations require a structured design; current linked-predictor/kernel machinery exists, but this historical declaration needs a row-specific rewrite	BRM loader is Lynx_Hare.csv and constructs Hare_1/Lynx_1 by one-row lag. Upstream schema is Year,Lynx,Hare; first rows are 1900,4,30 and 1901,6.1,47.2.	unverifiable	high	1403	CatalogServer_default_unsubstantiated		gaussian	renderer-default-contradicts semantic inference		df64d9cb8d50ac850ce24cb277e95ccb88fad0a8	not_supported_by_data_file				no executable descriptor until translation is resolved	scripts/examples/mcelreath.jl	true	16.qmd#L1582-L1609	2026-07-28T22:54:31Z	not-run	lynx_hare			reachable-data-or-description	true		false	not-run		explicit-family-recovery		not-run		not-run	unresolved-family	https://github.com/rmcelreath/rethinking/blob/master/data/Lynx_Hare.csv	@options + option_domain/option_records + semantic_card under semantic_app	dataset_repository_or_file_only	05c3f465e7987e8d7caa7e214fedddd90415a922		text_offset=16; matched_terms=and,hare,lynx,lynx_hare; context_sha256=21fb141c4214aff9	direct population/likelihood route when the family and terms are supported	200	synthetic n=12; positive continuous predictors; integer groups; family-valid outcome	not-run	https://github.com/rmcelreath/rethinking/blob/master/data/Lynx_Hare.csv	The cited resource is a data file; it can support dataset provenance but not the claimed model formula or family.	authoritative-audit-explicit-family-recovery	ordinary_brm	family evidence remains indeterminate	Searched historical BRM 05c3f465e7987e8d7caa7e214fedddd90415a922:scripts/examples/mcelreath.jl:1403, the cited rethinking data surface, current upstream book code, and git history. The BRM row itself has blank family metadata and cites only data; no family was inferred from brms defaults, response names, titles, or dataset type.			historical-semantics-unresolved	not-probed		not_supported_by_data_file			semantic-rewrite	6aba449e6ee0db1a9523f83ab67bf6c865ba08a5e4e31c40ab834a2e4054c07f	mcelreath	200	not-run	mcelreath:lynx_hare_var	unresolved-family	reachable_data_file	not-run	not-run			Historical BRM 05c3f465e7987e8d7caa7e214fedddd90415a922:scripts/examples/mcelreath.jl:1403 returns 'bf(Hare ~ 0 + Intercept + Hare_1 + Lynx_1) + bf(Lynx ~ 0 + Intercept + Lynx_1 + Hare_1) + set_rescor(FALSE)' with no family. The exact bivariate Hare/Lynx lag model explicitly sets family = lognormal and set_rescor(FALSE).	Lynx and Hare — Bivariate VAR(1)	bf(Hare ~ 0 + Intercept + Hare_1 + Lynx_1) + bf(Lynx ~ 0 + Intercept + Lynx_1 + Hare_1) + set_rescor(FALSE)	not-run	SbPMX origin/main@a8fd3c02e1e2305683a56c91384701bfeba6b528:design/{ASKS.md,SbPMX.jl,mock_runtime.jl},compat/check-semantic-model-pipeline.jl	false		2026-07-28T21:07:08.858582+00:00	lynx_hare_var	true	Historical BRM formula is 'bf(Hare ~ 0 + Intercept + Hare_1 + Lynx_1) + bf(Lynx ~ 0 + Intercept + Lynx_1 + Hare_1) + set_rescor(FALSE)'. Authoritative formula/likelihood at 16.qmd#L1582-L1609 is the same model up to documented renaming, centering, or generated-column crosswalk.	family is not explicit or defensibly inferred	not-probed	Recover lognormal for both positive response marginals while retaining the bivariate VAR(1) lag system and fixed-zero contemporaneous residual correlation.	already-expressible-via-semantic-rewrite	https://github.com/rmcelreath/rethinking/blob/master/data/Lynx_Hare.csv		bf(Hare ~ 0 + Intercept + Hare_1 + Lynx_1) + bf(Lynx ~ 0 + Intercept + Lynx_1 + Hare_1) + set_rescor(FALSE)	https://github.com/ASKurz/Statistical_Rethinking_with_brms_ggplot2_and_the_tidyverse_2_ed; https://github.com/rmcelreath/rethinking	multivariate_lognormal	semantic-rewrite	180
dead-source	requires a faithful stanblocks_plate implementation; no ordinary-formula substitute	BRM loader is Rdatasets MCMCglmm/BTdata.csv; formulas use tarsus,back,sex,hatchdate,fosternest,dam. The authoritative book loads MCMCglmm::BTdata with those same fields; dataset supports identity of the example but not its family.	dead-source	high	1437	CatalogServer_default_unsubstantiated		gaussian	renderer-default-contradicts semantic inference		df64d9cb8d50ac850ce24cb277e95ccb88fad0a8	not_evaluable				StanBlocks plate substrate; no authoritative BRM descriptor for this row; experimental semantic_app adapter required	scripts/examples/mcelreath.jl	true	17.qmd#L152-L159	2026-07-28T22:54:31Z	not-run	btdata			dead-source	true		false	not-run		explicit-family-recovery		not-run		not-run	unresolved-family	https://vincentarelbundock.github.io/Rdatasets/csv/MCMCglmm/BTdata.csv	@options + option_domain/option_records + semantic_card under semantic_app	dataset_repository_or_file_only	05c3f465e7987e8d7caa7e214fedddd90415a922	Dead data mirror path; the current official MCMCglmm manual documents BTdata at https://stat.ethz.ch/CRAN/web/packages/MCMCglmm/MCMCglmm.pdf, but that still cannot validate these model formulas.		faithful-candidate: correlated multivariate outcome requires explicit covariance and packed likelihood	404	synthetic n=12; positive continuous predictors; integer groups; family-valid outcome	not-run	https://vincentarelbundock.github.io/Rdatasets/csv/MCMCglmm/BTdata.csv	Citation retrieval failed (HTTP 404, curl 0).	authoritative-audit-explicit-family-recovery	stanblocks_plate	family evidence remains indeterminate	Searched historical BRM 05c3f465e7987e8d7caa7e214fedddd90415a922:scripts/examples/mcelreath.jl:1437, the cited rethinking data surface, current upstream book code, and git history. The BRM row itself has blank family metadata and cites only data; no family was inferred from brms defaults, response names, titles, or dataset type.			historical-semantics-unresolved	not-probed		not_evaluable			route-specific	c8d3f50462ddb77ac44b5e6146cf67ba38a960a3aeec506f3abdca98716fa854	mcelreath	200	not-run	mcelreath:mcelreath_btdata_intercept	unresolved-family	not_evaluable	not-run	not-run			Historical BRM 05c3f465e7987e8d7caa7e214fedddd90415a922:scripts/examples/mcelreath.jl:1437 returns 'mvbind(tarsus, back) ~ 1' with no family. The exact intercept-only mvbind(tarsus,back) model explicitly sets family = gaussian and set_rescor(TRUE).	Blue Tit Morphology — Intercept Only	mvbind(tarsus, back) ~ 1	not-run	SbPMX origin/main@a8fd3c02e1e2305683a56c91384701bfeba6b528:design/{ASKS.md,SbPMX.jl,mock_runtime.jl},compat/check-semantic-model-pipeline.jl	false		2026-07-28T21:07:10.636004+00:00	mcelreath_btdata_intercept	true	Historical BRM formula is 'mvbind(tarsus, back) ~ 1'. Authoritative formula/likelihood at 17.qmd#L152-L159 is the same model up to documented renaming, centering, or generated-column crosswalk.	family is not explicit or defensibly inferred	not-probed	Recover Gaussian for both marginals and preserve the estimated residual correlation of the bivariate model.	historical-semantics-unresolved	https://vincentarelbundock.github.io/Rdatasets/csv/MCMCglmm/BTdata.csv	kernel/plate substrate control is separately probed	mvbind(tarsus, back) ~ 1	https://github.com/ASKurz/Statistical_Rethinking_with_brms_ggplot2_and_the_tidyverse_2_ed; https://github.com/rmcelreath/rethinking	multivariate_gaussian	route-specific	181
dead-source	requires a faithful stanblocks_plate implementation; no ordinary-formula substitute	BRM loader is Rdatasets MCMCglmm/BTdata.csv; formulas use tarsus,back,sex,hatchdate,fosternest,dam. The authoritative book loads MCMCglmm::BTdata with those same fields; dataset supports identity of the example but not its family.	dead-source	high	1454	CatalogServer_default_unsubstantiated		gaussian	renderer-default-contradicts semantic inference		df64d9cb8d50ac850ce24cb277e95ccb88fad0a8	not_evaluable				StanBlocks plate substrate; no authoritative BRM descriptor for this row; experimental semantic_app adapter required	scripts/examples/mcelreath.jl	true	17.qmd#L47-L55	2026-07-28T22:54:31Z	not-run	btdata			dead-source	true		false	not-run		explicit-family-recovery		not-run		not-run	unresolved-family	https://vincentarelbundock.github.io/Rdatasets/csv/MCMCglmm/BTdata.csv	@options + option_domain/option_records + semantic_card under semantic_app	dataset_repository_or_file_only	05c3f465e7987e8d7caa7e214fedddd90415a922	Dead data mirror path; the current official MCMCglmm manual documents BTdata at https://stat.ethz.ch/CRAN/web/packages/MCMCglmm/MCMCglmm.pdf, but that still cannot validate these model formulas.		faithful-candidate: correlated multivariate outcome requires explicit covariance and packed likelihood	404	synthetic n=12; positive continuous predictors; integer groups; family-valid outcome	not-run	https://vincentarelbundock.github.io/Rdatasets/csv/MCMCglmm/BTdata.csv	Citation retrieval failed (HTTP 404, curl 0).	authoritative-audit-explicit-family-recovery	stanblocks_plate	family evidence remains indeterminate	Searched historical BRM 05c3f465e7987e8d7caa7e214fedddd90415a922:scripts/examples/mcelreath.jl:1454, the cited rethinking data surface, current upstream book code, and git history. The BRM row itself has blank family metadata and cites only data; no family was inferred from brms defaults, response names, titles, or dataset type.			historical-semantics-unresolved	not-probed		not_evaluable			route-specific	c8d3f50462ddb77ac44b5e6146cf67ba38a960a3aeec506f3abdca98716fa854	mcelreath	200	not-run	mcelreath:mcelreath_btdata_full	unresolved-family	not_evaluable	not-run	not-run			Historical BRM 05c3f465e7987e8d7caa7e214fedddd90415a922:scripts/examples/mcelreath.jl:1454 returns 'mvbind(tarsus, back) ~ sex + hatchdate + (1 | p | fosternest) + (1 | q | dam)' with no family. The exact bivariate tarsus/back mixed model explicitly sets family = gaussian and set_rescor(TRUE).	Blue Tit Morphology — Full Model	mvbind(tarsus, back) ~ sex + hatchdate + (1 | p | fosternest) + (1 | q | dam)	not-run	SbPMX origin/main@a8fd3c02e1e2305683a56c91384701bfeba6b528:design/{ASKS.md,SbPMX.jl,mock_runtime.jl},compat/check-semantic-model-pipeline.jl	false		2026-07-28T21:07:10.636004+00:00	mcelreath_btdata_full	true	Historical BRM formula is 'mvbind(tarsus, back) ~ sex + hatchdate + (1 | p | fosternest) + (1 | q | dam)'. Authoritative formula/likelihood at 17.qmd#L47-L55 is the same model up to documented renaming, centering, or generated-column crosswalk.	family is not explicit or defensibly inferred	not-probed	Recover Gaussian marginals, not an ordinary univariate family; mvbind supplies two responses with a residual correlation plus shared multilevel terms.	historical-semantics-unresolved	https://vincentarelbundock.github.io/Rdatasets/csv/MCMCglmm/BTdata.csv	kernel/plate substrate control is separately probed	mvbind(tarsus, back) ~ sex + hatchdate + (1 | p | fosternest) + (1 | q | dam)	https://github.com/ASKurz/Statistical_Rethinking_with_brms_ggplot2_and_the_tidyverse_2_ed; https://github.com/rmcelreath/rethinking	multivariate_gaussian	route-specific	182
dead-source	requires a faithful stanblocks_plate implementation; no ordinary-formula substitute	BRM loader is Rdatasets MCMCglmm/BTdata.csv; formulas use tarsus,back,sex,hatchdate,fosternest,dam. The authoritative book loads MCMCglmm::BTdata with those same fields; dataset supports identity of the example but not its family.	dead-source	high	1471	CatalogServer_default_unsubstantiated		gaussian	renderer-default-contradicts semantic inference		df64d9cb8d50ac850ce24cb277e95ccb88fad0a8	not_evaluable				StanBlocks plate substrate; no authoritative BRM descriptor for this row; experimental semantic_app adapter required	scripts/examples/mcelreath.jl	true	17.qmd#L84-L93	2026-07-28T22:54:31Z	not-run	btdata			dead-source	true		false	not-run		explicit-family-recovery		not-run		not-run	unresolved-family	https://vincentarelbundock.github.io/Rdatasets/csv/MCMCglmm/BTdata.csv	@options + option_domain/option_records + semantic_card under semantic_app	dataset_repository_or_file_only	05c3f465e7987e8d7caa7e214fedddd90415a922	Dead data mirror path; the current official MCMCglmm manual documents BTdata at https://stat.ethz.ch/CRAN/web/packages/MCMCglmm/MCMCglmm.pdf, but that still cannot validate these model formulas.		faithful-candidate: correlated multivariate outcome requires explicit covariance and packed likelihood	404	synthetic n=12; positive continuous predictors; integer groups; family-valid outcome	not-run	https://vincentarelbundock.github.io/Rdatasets/csv/MCMCglmm/BTdata.csv	Citation retrieval failed (HTTP 404, curl 0).	authoritative-audit-explicit-family-recovery	stanblocks_plate	family evidence remains indeterminate	Searched historical BRM 05c3f465e7987e8d7caa7e214fedddd90415a922:scripts/examples/mcelreath.jl:1471, the cited rethinking data surface, current upstream book code, and git history. The BRM row itself has blank family metadata and cites only data; no family was inferred from brms defaults, response names, titles, or dataset type.			historical-semantics-unresolved	not-probed		not_evaluable			route-specific	c8d3f50462ddb77ac44b5e6146cf67ba38a960a3aeec506f3abdca98716fa854	mcelreath	200	not-run	mcelreath:mcelreath_btdata_interaction	unresolved-family	not_evaluable	not-run	not-run			Historical BRM 05c3f465e7987e8d7caa7e214fedddd90415a922:scripts/examples/mcelreath.jl:1471 returns 'mvbind(tarsus, back) ~ sex * hatchdate + (1 | p | fosternest) + (1 | q | dam)' with no family. The exact sex-by-hatchdate bivariate model explicitly sets family = gaussian and set_rescor(TRUE).	Blue Tit Morphology — Sex × Hatchdate Interaction	mvbind(tarsus, back) ~ sex * hatchdate + (1 | p | fosternest) + (1 | q | dam)	not-run	SbPMX origin/main@a8fd3c02e1e2305683a56c91384701bfeba6b528:design/{ASKS.md,SbPMX.jl,mock_runtime.jl},compat/check-semantic-model-pipeline.jl	false		2026-07-28T21:07:10.636004+00:00	mcelreath_btdata_interaction	true	Historical BRM formula is 'mvbind(tarsus, back) ~ sex * hatchdate + (1 | p | fosternest) + (1 | q | dam)'. Authoritative formula/likelihood at 17.qmd#L84-L93 is the same model up to documented renaming, centering, or generated-column crosswalk.	family is not explicit or defensibly inferred	not-probed	Recover Gaussian marginals while preserving bivariate residual correlation and shared fosternest/dam effects.	historical-semantics-unresolved	https://vincentarelbundock.github.io/Rdatasets/csv/MCMCglmm/BTdata.csv	kernel/plate substrate control is separately probed	mvbind(tarsus, back) ~ sex * hatchdate + (1 | p | fosternest) + (1 | q | dam)	https://github.com/ASKurz/Statistical_Rethinking_with_brms_ggplot2_and_the_tidyverse_2_ed; https://github.com/rmcelreath/rethinking	multivariate_gaussian	route-specific	183
unverifiable	explicit Bernoulli-logit likelihood		unverifiable		32	CatalogServer_default_unsubstantiated	4c115814eda5cf5d	gaussian	renderer-default-contradicts semantic inference			not_evaluable		1		authoritative brm_descriptor/brm_execute; experimental SbPMX semantic_app mount adapter	scripts/examples/kruschke.jl	true			pass	z15n50			synthetic-no-external-receipt	false		false	pass				pass	log_odds ~ 1\ny ~ BernoulliLogit(log_odds)	pass	unresolved-family		@options + option_domain/option_records + semantic_card under semantic_app	no_external_authority	05c3f465e7987e8d7caa7e214fedddd90415a922			direct population/likelihood route when the family and terms are supported		synthetic n=12; positive continuous predictors; integer groups; family-valid outcome	not-run	synthetic	No external model citation: catalog claim is synthetic/uncited.	inferred-from-name	ordinary_brm	family evidence remains indeterminate		368	-8.317766166719343	historical-semantics-unresolved	not-probed	7c46f8351ed128f219b6a7533d7aa610bc69118d26537f3f24d10f7114782bfa	not_evaluable			ready		kruschke		pass	kruschke:z15n50	unresolved-family	synthetic_claim_only	pass	pass		35c03cf5ee5359c51eee720439333c6568f70177b6baa449a755987d90607b9a		Coin-Flip — Bernoulli Intercept	y ~ 1	true	SbPMX origin/main@a8fd3c02e1e2305683a56c91384701bfeba6b528:design/{ASKS.md,SbPMX.jl,mock_runtime.jl},compat/check-semantic-model-pipeline.jl	false			z15n50	true		family is not explicit or defensibly inferred	direct		already-expressible-verbatim	synthetic		y ~ 1		bernoulli	bridgestan-finite-density-gradient	184
unverifiable	explicit Bernoulli-logit likelihood	BRM loader reads data.R/z6N8z2N7.csv. Authoritative CSV schema is y,s; first observations are 1,Reginald and 0,Reginald, with the documented 6/8 and 2/7 successes.	unverifiable	high	48	CatalogServer_default_unsubstantiated	7440cab808fd94e1	gaussian	renderer-default-contradicts semantic inference		f90517976b2f52cc9b63c7c5e151e85b1d677e63	not_evaluable		1		authoritative brm_descriptor/brm_execute; experimental SbPMX semantic_app mount adapter	scripts/examples/kruschke.jl	true	08.qmd#L573-L584	2026-07-28T22:54:31Z	pass	z6n8z2n7			synthetic-no-external-receipt	false		false	pass		explicit-family-recovery		pass	log_odds ~ 0 + s\ny ~ BernoulliLogit(log_odds)	pass	unresolved-family		@options + option_domain/option_records + semantic_card under semantic_app	no_external_authority	05c3f465e7987e8d7caa7e214fedddd90415a922			direct population/likelihood route when the family and terms are supported		synthetic n=12; positive continuous predictors; integer groups; family-valid outcome	not-run	synthetic	No external model citation: catalog claim is synthetic/uncited.	authoritative-audit-explicit-family-recovery	ordinary_brm	family evidence remains indeterminate	Searched historical BRM 05c3f465e7987e8d7caa7e214fedddd90415a922:scripts/examples/kruschke.jl:48, current DBDA/brms book code, git history, and the cited loader/data surface. The BRM row has blank family metadata; no family was inferred from brms defaults, response names, titles, or data type.	370	-8.317766166719343	historical-semantics-unresolved	not-probed	c51d27be202db888e2a0fb556bedeb22ddd18ada20c7d44f0d40be1eb6e1436f	not_evaluable			ready		kruschke	200	pass	kruschke:z6n8z2n7	unresolved-family	synthetic_claim_only	pass	pass		f45fb0be3aecd1f62ee7fff384c7c0eccba72bd4874efce2228bec777c5f4854	Historical BRM 05c3f465e7987e8d7caa7e214fedddd90415a922:scripts/examples/kruschke.jl:48 returns 'y ~ 0 + s' with no family. The exact y ~ 0 + s model explicitly sets family = bernoulli(identity).	Coin-Flip — Two-Mint Separate Intercepts	y ~ 0 + s	true	SbPMX origin/main@a8fd3c02e1e2305683a56c91384701bfeba6b528:design/{ASKS.md,SbPMX.jl,mock_runtime.jl},compat/check-semantic-model-pipeline.jl	false			z6n8z2n7	true	Historical BRM formula is 'y ~ 0 + s'. Authoritative formula/likelihood at 08.qmd#L573-L584 is the same model up to documented renaming, centering, or generated-column crosswalk.	family is not explicit or defensibly inferred	direct	The authoritative book/repository explicitly declares bernoulli; dataset evidence only confirms the example identity and was not used as sole family evidence.	already-expressible-verbatim	synthetic		y ~ 0 + s	https://github.com/ASKurz/Doing-Bayesian-Data-Analysis-in-brms-and-the-tidyverse	bernoulli	bridgestan-finite-density-gradient	185
unverifiable	explicit Bernoulli-logit likelihood		unverifiable		86	CatalogServer_default_unsubstantiated	d4ae2980c6df92d5	gaussian	renderer-default-contradicts semantic inference			not_supported_by_data_file		5		authoritative brm_descriptor/brm_execute; experimental SbPMX semantic_app mount adapter	scripts/examples/kruschke.jl	true			pass	therapeutic_touch			reachable-data-or-description	true		false	pass				pass	log_odds ~ 1 + (1 | s)\ny ~ BernoulliLogit(log_odds)	pass	unresolved-family	https://raw.githubusercontent.com/ASKurz/Doing-Bayesian-Data-Analysis-in-brms-and-the-tidyverse/master/data.R/TherapeuticTouchData.csv	@options + option_domain/option_records + semantic_card under semantic_app	dataset_repository_or_file_only	05c3f465e7987e8d7caa7e214fedddd90415a922			direct population/likelihood route when the family and terms are supported	200	synthetic n=12; positive continuous predictors; integer groups; family-valid outcome	not-run	https://raw.githubusercontent.com/ASKurz/Doing-Bayesian-Data-Analysis-in-brms-and-the-tidyverse/master/data.R/TherapeuticTouchData.csv	The cited resource is a data file; it can support dataset provenance but not the claimed model formula or family.	inferred-from-name	ordinary_brm	family evidence remains indeterminate		372	-8.317766166719343	historical-semantics-unresolved	not-probed	930e90dce21a11401fb8157bededa99845838fe92535671dcbbf4d0b7f7cf55c	not_supported_by_data_file			ready	8c196a3e124a649fe2df5e5446db1331b5af0c6041dfed4db8557c1f2267c64a	kruschke		pass	kruschke:therapeutic_touch	unresolved-family	reachable_data_file	pass	pass		a75727b69d9bf5f3f4661ab678f72bb976d2be4df27927f46eaa5fcfae8a871b		Hierarchical Bernoulli — Therapeutic Touch	y ~ 1 + (1 | s)	true	SbPMX origin/main@a8fd3c02e1e2305683a56c91384701bfeba6b528:design/{ASKS.md,SbPMX.jl,mock_runtime.jl},compat/check-semantic-model-pipeline.jl	false		2026-07-28T21:07:10.332865+00:00	therapeutic_touch	true		family is not explicit or defensibly inferred	direct		already-expressible-verbatim	https://raw.githubusercontent.com/ASKurz/Doing-Bayesian-Data-Analysis-in-brms-and-the-tidyverse/master/data.R/TherapeuticTouchData.csv		y ~ 1 + (1 | s)		bernoulli	bridgestan-finite-density-gradient	186
unverifiable	nested/composite grouping factors are expressible after deriving stable integer group ids or expanding nesting; exact source identity must be reviewed		unverifiable		102	CatalogServer_default_unsubstantiated		gaussian	renderer-default-contradicts semantic inference			not_supported_by_data_file				no executable descriptor until translation is resolved	scripts/examples/kruschke.jl	true			not-run	batting_average			reachable-data-or-description	true		false	not-run				not-run		not-run	unresolved-family	https://raw.githubusercontent.com/ASKurz/Doing-Bayesian-Data-Analysis-in-brms-and-the-tidyverse/master/data.R/BattingAverage.csv	@options + option_domain/option_records + semantic_card under semantic_app	dataset_repository_or_file_only	05c3f465e7987e8d7caa7e214fedddd90415a922			direct population/likelihood route when the family and terms are supported	200	synthetic n=12; positive continuous predictors; integer groups; family-valid outcome	not-run	https://raw.githubusercontent.com/ASKurz/Doing-Bayesian-Data-Analysis-in-brms-and-the-tidyverse/master/data.R/BattingAverage.csv	The cited resource is a data file; it can support dataset provenance but not the claimed model formula or family.	inferred-from-response-syntax	ordinary_brm	family evidence remains indeterminate				historical-semantics-unresolved	not-probed		not_supported_by_data_file			semantic-rewrite	7ead4594f4ec61e672966bfd5399a8435fc88fd1a0bb329a29d23e5daf6c8c71	kruschke		not-run	kruschke:batting_average	unresolved-family	reachable_data_file	not-run	not-run				Hierarchical Binomial — MLB Batting Average	Hits | trials(AtBats) ~ 1 + (1 | PriPos) + (1 | PriPos:Player)	not-run	SbPMX origin/main@a8fd3c02e1e2305683a56c91384701bfeba6b528:design/{ASKS.md,SbPMX.jl,mock_runtime.jl},compat/check-semantic-model-pipeline.jl	false		2026-07-28T21:07:09.965699+00:00	batting_average	true		family is not explicit or defensibly inferred	not-probed		already-expressible-via-semantic-rewrite	https://raw.githubusercontent.com/ASKurz/Doing-Bayesian-Data-Analysis-in-brms-and-the-tidyverse/master/data.R/BattingAverage.csv		Hits | trials(AtBats) ~ 1 + (1 | PriPos) + (1 | PriPos:Player)		binomial	semantic-rewrite	187
unverifiable	trials/cbind response lowered to explicit BinomialLogit		unverifiable		139	CatalogServer_default_unsubstantiated	147e995772c06752	gaussian	renderer-default-contradicts semantic inference			not_evaluable		1		authoritative brm_descriptor/brm_execute; experimental SbPMX semantic_app mount adapter	scripts/examples/kruschke.jl	true			pass	recall			synthetic-no-external-receipt	false		false	pass				pass	log_odds ~ 0 + condition\nn_recalled ~ BinomialLogit(20, log_odds)	pass	unresolved-family		@options + option_domain/option_records + semantic_card under semantic_app	no_external_authority	05c3f465e7987e8d7caa7e214fedddd90415a922			direct population/likelihood route when the family and terms are supported		synthetic n=12; positive continuous predictors; integer groups; family-valid outcome	not-run	synthetic	No external model citation: catalog claim is synthetic/uncited.	inferred-from-response-syntax	ordinary_brm	family evidence remains indeterminate		376	-166.35532333438687	historical-semantics-unresolved	not-probed	ebbbfda428251e201c98de292284594bfe7e8b59f8feddee42b79196e9b6c9ad	not_evaluable			ready		kruschke		pass	kruschke:recall_conditions	unresolved-family	synthetic_claim_only	pass	pass		516d77976d03736a2b00e19662f543586ca4b67633bd6244c336bab2c935fe56		Binomial Recall — Separate Probability per Condition	n_recalled | trials(20) ~ 0 + condition	true	SbPMX origin/main@a8fd3c02e1e2305683a56c91384701bfeba6b528:design/{ASKS.md,SbPMX.jl,mock_runtime.jl},compat/check-semantic-model-pipeline.jl	false			recall_conditions	true		family is not explicit or defensibly inferred	direct		already-expressible-via-semantic-rewrite	synthetic		n_recalled | trials(20) ~ 0 + condition		binomial	bridgestan-finite-density-gradient	188
unverifiable	trials/cbind response lowered to explicit BinomialLogit		unverifiable		155	CatalogServer_default_unsubstantiated	e9d8fc7df823264f	gaussian	renderer-default-contradicts semantic inference			not_evaluable		1		authoritative brm_descriptor/brm_execute; experimental SbPMX semantic_app mount adapter	scripts/examples/kruschke.jl	true			pass	recall			synthetic-no-external-receipt	false		false	pass				pass	log_odds ~ 1\nn_recalled ~ BinomialLogit(20, log_odds)	pass	unresolved-family		@options + option_domain/option_records + semantic_card under semantic_app	no_external_authority	05c3f465e7987e8d7caa7e214fedddd90415a922			direct population/likelihood route when the family and terms are supported		synthetic n=12; positive continuous predictors; integer groups; family-valid outcome	not-run	synthetic	No external model citation: catalog claim is synthetic/uncited.	inferred-from-response-syntax	ordinary_brm	family evidence remains indeterminate		378	-166.35532333438687	historical-semantics-unresolved	not-probed	b61cd2eff84525d1b72f052ddc9ca916550d9b1958933d901b69c2dbbc806237	not_evaluable			ready		kruschke		pass	kruschke:recall_pooled	unresolved-family	synthetic_claim_only	pass	pass		98e2e9aa4c5833f991d84e9970455729c56fc29fd0427a320c1aa6604ff0a1cb		Binomial Recall — Pooled Single Intercept	n_recalled | trials(20) ~ 1	true	SbPMX origin/main@a8fd3c02e1e2305683a56c91384701bfeba6b528:design/{ASKS.md,SbPMX.jl,mock_runtime.jl},compat/check-semantic-model-pipeline.jl	false			recall_pooled	true		family is not explicit or defensibly inferred	direct		already-expressible-via-semantic-rewrite	synthetic		n_recalled | trials(20) ~ 1		binomial	bridgestan-finite-density-gradient	189
unverifiable	explicit Normal likelihood; named log-scale sigma predictor uses native linked-predictor syntax	BRM loader reads TwoGroupIQ.csv. Authoritative schema is Score,Group; first values are 102 and 107 in Smart Drug.	unverifiable	high	182	CatalogServer_default_unsubstantiated	839a2758c6996811	gaussian	renderer-default-unsubstantiated; inference happens to agree		f90517976b2f52cc9b63c7c5e151e85b1d677e63	not_supported_by_data_file		2		authoritative brm_descriptor/brm_execute; experimental SbPMX semantic_app mount adapter	scripts/examples/kruschke.jl	true	16.qmd#L382-L390	2026-07-28T22:54:31Z	pass	two_group_iq			reachable-data-or-description	true		false	pass		explicit-family-recovery		pass	loc ~ 1\nlog(sigma) ~ 1\nScore ~ Normal(loc, sigma)	pass	unresolved-family	https://raw.githubusercontent.com/ASKurz/Doing-Bayesian-Data-Analysis-in-brms-and-the-tidyverse/master/data.R/TwoGroupIQ.csv	@options + option_domain/option_records + semantic_card under semantic_app	dataset_repository_or_file_only	05c3f465e7987e8d7caa7e214fedddd90415a922		text_offset=9; matched_terms=group; context_sha256=adb0d0c353d7f84f	direct population/likelihood route when the family and terms are supported	200	synthetic n=12; positive continuous predictors; integer groups; family-valid outcome	not-run	https://raw.githubusercontent.com/ASKurz/Doing-Bayesian-Data-Analysis-in-brms-and-the-tidyverse/master/data.R/TwoGroupIQ.csv	The cited resource is a data file; it can support dataset provenance but not the claimed model formula or family.	authoritative-audit-explicit-family-recovery	ordinary_brm	family evidence remains indeterminate	Searched historical BRM 05c3f465e7987e8d7caa7e214fedddd90415a922:scripts/examples/kruschke.jl:182, current DBDA/brms book code, git history, and the cited loader/data surface. The BRM row has blank family metadata; no family was inferred from brms defaults, response names, titles, or data type.	380	-8.47744637392999	historical-semantics-unresolved	not-probed	03aee9bae1f7c6b7216c43a17c6f930909b2a7d5bde451726d44fdac5f24b655	not_supported_by_data_file			ready	70f71d94b7a074a644e7e35edb9d4c0afc472d98e91aace317282ca9122d3ace	kruschke	200	pass	kruschke:two_group_iq_baseline	unresolved-family	reachable_data_file	pass	pass		f021964959556a932b04f835a18f080d49f0be82b669d9e0fe06877fe2782992	Historical BRM 05c3f465e7987e8d7caa7e214fedddd90415a922:scripts/examples/kruschke.jl:182 returns 'Score ~ 1' with no family. The exact Score ~ 1 baseline fit explicitly sets family = gaussian.	Two-Group IQ — Single-Group Baseline	Score ~ 1	true	SbPMX origin/main@a8fd3c02e1e2305683a56c91384701bfeba6b528:design/{ASKS.md,SbPMX.jl,mock_runtime.jl},compat/check-semantic-model-pipeline.jl	false		2026-07-28T21:07:10.339080+00:00	two_group_iq_baseline	true	Historical BRM formula is 'Score ~ 1'. Authoritative formula/likelihood at 16.qmd#L382-L390 is the same model up to documented renaming, centering, or generated-column crosswalk.	family is not explicit or defensibly inferred	direct	The authoritative book/repository explicitly declares gaussian; dataset evidence only confirms the example identity and was not used as sole family evidence.	already-expressible-verbatim	https://raw.githubusercontent.com/ASKurz/Doing-Bayesian-Data-Analysis-in-brms-and-the-tidyverse/master/data.R/TwoGroupIQ.csv		Score ~ 1	https://github.com/ASKurz/Doing-Bayesian-Data-Analysis-in-brms-and-the-tidyverse	gaussian	bridgestan-finite-density-gradient	190
unverifiable	explicit Normal likelihood; named log-scale sigma predictor uses native linked-predictor syntax		unverifiable		198	CatalogServer_default_unsubstantiated	dfa84add5a8b992f	gaussian	renderer-default-unsubstantiated; inference happens to agree			not_supported_by_data_file		2		authoritative brm_descriptor/brm_execute; experimental SbPMX semantic_app mount adapter	scripts/examples/kruschke.jl	true			pass	two_group_iq			reachable-data-or-description	true		false	pass				pass	loc ~ 0 + Group\nlog(sigma) ~ 0 + Group\nScore ~ Normal(loc, sigma)	pass	unresolved-family	https://raw.githubusercontent.com/ASKurz/Doing-Bayesian-Data-Analysis-in-brms-and-the-tidyverse/master/data.R/TwoGroupIQ.csv	@options + option_domain/option_records + semantic_card under semantic_app	dataset_repository_or_file_only	05c3f465e7987e8d7caa7e214fedddd90415a922		text_offset=9; matched_terms=group; context_sha256=adb0d0c353d7f84f	direct population/likelihood route when the family and terms are supported	200	synthetic n=12; positive continuous predictors; integer groups; family-valid outcome	not-run	https://raw.githubusercontent.com/ASKurz/Doing-Bayesian-Data-Analysis-in-brms-and-the-tidyverse/master/data.R/TwoGroupIQ.csv	The cited resource is a data file; it can support dataset provenance but not the claimed model formula or family.	inferred-from-name	ordinary_brm	family evidence remains indeterminate		382	-7.817384082920588	historical-semantics-unresolved	not-probed	a5c2861e1719ffba9ac889a62ba9095e0d160a947c9fc34655ec046666364277	not_supported_by_data_file			ready	70f71d94b7a074a644e7e35edb9d4c0afc472d98e91aace317282ca9122d3ace	kruschke		pass	kruschke:two_group_iq_hetero	unresolved-family	reachable_data_file	pass	pass		1ffcbe100487b0e2acc6f60701c81fe2dfa3fc88ff2c091c8da952756fb24598		Two-Group IQ — Heteroscedastic Groups	bf(Score ~ 0 + Group, sigma ~ 0 + Group)	true	SbPMX origin/main@a8fd3c02e1e2305683a56c91384701bfeba6b528:design/{ASKS.md,SbPMX.jl,mock_runtime.jl},compat/check-semantic-model-pipeline.jl	false		2026-07-28T21:07:10.339080+00:00	two_group_iq_hetero	true		family is not explicit or defensibly inferred	direct		already-expressible-via-semantic-rewrite	https://raw.githubusercontent.com/ASKurz/Doing-Bayesian-Data-Analysis-in-brms-and-the-tidyverse/master/data.R/TwoGroupIQ.csv		bf(Score ~ 0 + Group, sigma ~ 0 + Group)		gaussian	bridgestan-finite-density-gradient	191
unverifiable	family is not explicit or defensibly inferred	BRM loader labels the four whitespace columns begin,end,decrease,treatment after skipto=2. The cited live calcium.dat.txt actually has eight numeric columns (first row 1,78,2,83,4,2.53,1.07,3) and the current book names them obsno,age,sex,alkphos,lab,cammol,phosmmol,age_group; there is no decrease or treatment column.	unverifiable	high	229	CatalogServer_default_unsubstantiated		gaussian	renderer-default-unsubstantiated; authoritative audit genuinely indeterminate		f90517976b2f52cc9b63c7c5e151e85b1d677e63	not_supported_by_data_file				no executable descriptor until translation is resolved	scripts/examples/kruschke.jl	true	16.qmd#L655-L674	2026-07-28T22:54:31Z	not-run	calcium			reachable-data-or-description	true		false	not-run		genuinely-indeterminate		not-run		not-run	unresolved-family	https://jse.amstat.org/datasets/calcium.dat.txt	@options + option_domain/option_records + semantic_card under semantic_app	dataset_repository_or_file_only	05c3f465e7987e8d7caa7e214fedddd90415a922			direct population/likelihood route when the family and terms are supported	200	synthetic n=12; positive continuous predictors; integer groups; family-valid outcome	not-run	https://jse.amstat.org/datasets/calcium.dat.txt	The cited resource is a data file; it can support dataset provenance but not the claimed model formula or family.	authoritative-audit-genuinely-indeterminate	ordinary_brm	family evidence remains indeterminate	Searched the current DBDA repo, all git-history string matches for decrease/CalciumSupplement, and the JSE URL. Current 16.qmd only uses the calcium URL for a different elderly-serum-calcium dataset; no exact historical model code or unique family declaration was recovered. Dataset mismatch defeats the row crosswalk.			historical-semantics-unresolved	not-probed		not_supported_by_data_file			unresolved-family	e14c797dd5bd58155e8c73c1cf593d839ef24eef9582a9b2b434349a7c4d69f0	kruschke	200	not-run	kruschke:calcium	unresolved-family	reachable_data_file	not-run	not-run			Historical BRM 05c3f465e7987e8d7caa7e214fedddd90415a922:scripts/examples/kruschke.jl:229 returns 'decrease ~ 0 + treatment' with no family. Historical BRM returns decrease ~ 0 + treatment but declares no family. No authoritative DBDA model with that response/formula was found.	Calcium RCT — Separate Group Means	decrease ~ 0 + treatment	not-run	SbPMX origin/main@a8fd3c02e1e2305683a56c91384701bfeba6b528:design/{ASKS.md,SbPMX.jl,mock_runtime.jl},compat/check-semantic-model-pipeline.jl	false		2026-07-28T21:07:09.408742+00:00	calcium	true	The BRM prose says Gaussian (or student-t for robustness), which names incompatible alternatives and is not a unique likelihood declaration.	family is not explicit or defensibly inferred	not-probed	Genuinely indeterminate: neither the historical BRM nor a matching authoritative model supplies one likelihood, and the only family prose is explicitly ambiguous. Dataset contents cannot resolve it.	historical-semantics-unresolved	https://jse.amstat.org/datasets/calcium.dat.txt	family evidence remains indeterminate	decrease ~ 0 + treatment	https://github.com/ASKurz/Doing-Bayesian-Data-Analysis-in-brms-and-the-tidyverse		unresolved-family	192
unverifiable	explicit Normal likelihood; named log-scale sigma predictor uses native linked-predictor syntax		unverifiable		297	CatalogServer_default_unsubstantiated	aa86e79cbca87636	gaussian	renderer-default-unsubstantiated; inference happens to agree			not_supported_by_data_file		3		authoritative brm_descriptor/brm_execute; experimental SbPMX semantic_app mount adapter	scripts/examples/kruschke.jl	true			pass	htwt			reachable-data-or-description	true		false	pass				pass	loc ~ 1 + height_z\nlog(sigma) ~ 1\nweight_z ~ Normal(loc, sigma)	pass	unresolved-family	https://raw.githubusercontent.com/ASKurz/Doing-Bayesian-Data-Analysis-in-brms-and-the-tidyverse/master/data.R/HtWtData300.csv	@options + option_domain/option_records + semantic_card under semantic_app	dataset_repository_or_file_only	05c3f465e7987e8d7caa7e214fedddd90415a922		text_offset=8; matched_terms=height,weight; context_sha256=845a7b139d2f0091	direct population/likelihood route when the family and terms are supported	200	synthetic n=12; positive continuous predictors; integer groups; family-valid outcome	not-run	https://raw.githubusercontent.com/ASKurz/Doing-Bayesian-Data-Analysis-in-brms-and-the-tidyverse/master/data.R/HtWtData300.csv	The cited resource is a data file; it can support dataset provenance but not the claimed model formula or family.	inferred-from-name	ordinary_brm	family evidence remains indeterminate		386	-7.817384082920588	historical-semantics-unresolved	not-probed	63be7b2cd3c3b310f23797acb7a042df4f93f011928f95e4c1aa5c48c9f0dd46	not_supported_by_data_file			ready	318d00661b7cadb3154f0cbbb9b8fc88db5d86107d22fcb5e72e221246e6767a	kruschke		pass	kruschke:htwt	unresolved-family	reachable_data_file	pass	pass		ee2fa4b0321af4cf9ca3793d06256c9be932fb711276f600cf82803bd933d49c		Simple Linear Regression — Height Predicts Weight	weight_z ~ 1 + height_z	true	SbPMX origin/main@a8fd3c02e1e2305683a56c91384701bfeba6b528:design/{ASKS.md,SbPMX.jl,mock_runtime.jl},compat/check-semantic-model-pipeline.jl	false		2026-07-28T21:07:10.160342+00:00	htwt	true		family is not explicit or defensibly inferred	direct		already-expressible-verbatim	https://raw.githubusercontent.com/ASKurz/Doing-Bayesian-Data-Analysis-in-brms-and-the-tidyverse/master/data.R/HtWtData300.csv		weight_z ~ 1 + height_z		gaussian	bridgestan-finite-density-gradient	193
unverifiable	explicit Normal likelihood; named log-scale sigma predictor uses native linked-predictor syntax		unverifiable		315	CatalogServer_default_unsubstantiated	6015bbcba3550d37	gaussian	renderer-default-unsubstantiated; inference happens to agree			not_supported_by_data_file		11		authoritative brm_descriptor/brm_execute; experimental SbPMX semantic_app mount adapter	scripts/examples/kruschke.jl	true			pass	hier_linreg			reachable-data-or-description	true		false	pass				pass	loc ~ 1 + x_z + (1 + x_z || Subj)\nlog(sigma) ~ 1\ny_z ~ Normal(loc, sigma)	pass	unresolved-family	https://raw.githubusercontent.com/ASKurz/Doing-Bayesian-Data-Analysis-in-brms-and-the-tidyverse/master/data.R/HierLinRegressData.csv	@options + option_domain/option_records + semantic_card under semantic_app	dataset_repository_or_file_only	05c3f465e7987e8d7caa7e214fedddd90415a922			direct population/likelihood route when the family and terms are supported	200	synthetic n=12; positive continuous predictors; integer groups; family-valid outcome	not-run	https://raw.githubusercontent.com/ASKurz/Doing-Bayesian-Data-Analysis-in-brms-and-the-tidyverse/master/data.R/HierLinRegressData.csv	The cited resource is a data file; it can support dataset provenance but not the claimed model formula or family.	inferred-from-name	ordinary_brm	family evidence remains indeterminate		388	-8.317384082920588	historical-semantics-unresolved	not-probed	41edba372946c9eea14655f9036df35cb05e87c2bdb206dc07034caf5784c053	not_supported_by_data_file			ready	f4a51d469ebb1d67aef279d9165253eda9b41214045f5ceb141255472525b30f	kruschke		pass	kruschke:hier_linreg	unresolved-family	reachable_data_file	pass	pass		1dbc9394454dd23dad5adbcfb5a8dbb67307743b6f80d00420acdc9d2cd093b2		Hierarchical Linear Regression — Varying Intercepts and Slopes	y_z ~ 1 + x_z + (1 + x_z || Subj)	true	SbPMX origin/main@a8fd3c02e1e2305683a56c91384701bfeba6b528:design/{ASKS.md,SbPMX.jl,mock_runtime.jl},compat/check-semantic-model-pipeline.jl	false		2026-07-28T21:07:10.109685+00:00	hier_linreg	true		family is not explicit or defensibly inferred	direct		already-expressible-verbatim	https://raw.githubusercontent.com/ASKurz/Doing-Bayesian-Data-Analysis-in-brms-and-the-tidyverse/master/data.R/HierLinRegressData.csv		y_z ~ 1 + x_z + (1 + x_z || Subj)		gaussian	bridgestan-finite-density-gradient	194
unverifiable	row-varying known response SE composes with the fitted residual sigma inside the LocationScale Student-t scale; the surface is executable, but `nu` remains symbolic until the historical degrees-of-freedom value/prior is recovered	BRM loader reads IncomeFamszState3yr.csv and standardizes income/family size/SE. Authoritative schema after its comment line is FamilySize,State,MedianIncome,SampErr; first row is 2,Alabama,48177,581.	unverifiable	high	333	CatalogServer_default_unsubstantiated		gaussian	renderer-default-contradicts semantic inference	a707af21d138b0019810f8dce9d655109dc97ff6	f90517976b2f52cc9b63c7c5e151e85b1d677e63	not_supported_by_data_file	11031f2d3bbd0c9cad42bed53a4a8dd193ab9d2e			no executable descriptor until translation is resolved	scripts/examples/kruschke.jl	true	17.qmd#L1485-L1522	2026-07-28T22:54:31Z	not-run	income_famsize			reachable-data-or-description	true	4d8f565b1cf4b347b3d0e93a0b6499c2561dc42d	false	not-run		explicit-family-recovery	landed-surface-control-stanc-bridgestan-finite-predict-pointwise	not-run	loc ~ 1 + family_size_z + protect(family_size_z^2) + (1 + family_size_z + protect(family_size_z^2) || State)\nlog(sigma) ~ 1\nmedian_income_z ~ LocationScale(loc, sqrt(se_z * se_z + sigma * sigma), TDist(nu))	not-run	unresolved-family	https://raw.githubusercontent.com/ASKurz/Doing-Bayesian-Data-Analysis-in-brms-and-the-tidyverse/master/data.R/IncomeFamszState3yr.csv	@options + option_domain/option_records + semantic_card under semantic_app	dataset_repository_or_file_only	05c3f465e7987e8d7caa7e214fedddd90415a922		text_offset=33; matched_terms=income,size; context_sha256=1705863e0e3622cd	direct population/likelihood route when the family and terms are supported	200	synthetic n=12; positive continuous predictors; integer groups; family-valid outcome	not-run	https://raw.githubusercontent.com/ASKurz/Doing-Bayesian-Data-Analysis-in-brms-and-the-tidyverse/master/data.R/IncomeFamszState3yr.csv	The cited resource is a data file; it can support dataset provenance but not the claimed model formula or family.	authoritative-audit-explicit-family-recovery	ordinary_brm	family evidence remains indeterminate	Searched historical BRM 05c3f465e7987e8d7caa7e214fedddd90415a922:scripts/examples/kruschke.jl:333, current DBDA/brms book code, git history, and the cited loader/data surface. The BRM row has blank family metadata; no family was inferred from brms defaults, response names, titles, or data type.			historical-semantics-unresolved	not-probed		not_supported_by_data_file			semantic-rewrite	88f508e44c65442cebc8b07cf24d9708968a29880c789abbdae66931b2705c83	kruschke	200	not-run	kruschke:income_famsize	unresolved-family	reachable_data_file	not-run	not-run	combined synthetic family-surface control only; never inherited as row validation		Historical BRM 05c3f465e7987e8d7caa7e214fedddd90415a922:scripts/examples/kruschke.jl:333 returns 'median_income_z | se(se_z, sigma = TRUE) ~ 1 + family_size_z + I(family_size_z^2) + (1 + family_size_z + I(family_size_z^2) || State)' with no family. The exact formula is fit with family = student and response se(...,sigma=TRUE).	Income by Family Size — Measurement-Error Model	median_income_z | se(se_z, sigma = TRUE) ~ 1 + family_size_z + I(family_size_z^2) + (1 + family_size_z + I(family_size_z^2) || State)	not-run	SbPMX origin/main@a8fd3c02e1e2305683a56c91384701bfeba6b528:design/{ASKS.md,SbPMX.jl,mock_runtime.jl},compat/check-semantic-model-pipeline.jl	true		2026-07-28T21:07:10.162378+00:00	income_famsize	true	Historical BRM formula is 'median_income_z | se(se_z, sigma = TRUE) ~ 1 + family_size_z + I(family_size_z^2) + (1 + family_size_z + I(family_size_z^2) || State)'. Authoritative formula/likelihood at 17.qmd#L1485-L1522 is the same model up to documented renaming, centering, or generated-column crosswalk.	family is not explicit or defensibly inferred	not-probed	Recover Student-t observation likelihood while retaining known response SE, an additional residual sigma, and state-varying polynomial effects.	already-expressible-via-semantic-rewrite	https://raw.githubusercontent.com/ASKurz/Doing-Bayesian-Data-Analysis-in-brms-and-the-tidyverse/master/data.R/IncomeFamszState3yr.csv		median_income_z | se(se_z, sigma = TRUE) ~ 1 + family_size_z + I(family_size_z^2) + (1 + family_size_z + I(family_size_z^2) || State)	https://github.com/ASKurz/Doing-Bayesian-Data-Analysis-in-brms-and-the-tidyverse	student_t	semantic-rewrite	195
unverifiable	the SBBRMI-only LocationScale Student-t dispatcher landed at canonical 11031f2 and is executable; each row still needs its historical degrees-of-freedom value/prior recovered before this symbolic `nu` body is faithful	BRM loader reads Guber1999data.csv and derives standardized SATT,Spend,PrcntTake plus complement/interaction. Authoritative schema is State,Spend,StuTeaRat,Salary,PrcntTake,SATV,SATM,SATT; Alabama begins 4.405,17.2,31.144,8,491,538,1029.	unverifiable	high	363	CatalogServer_default_unsubstantiated		gaussian	renderer-default-contradicts semantic inference	a707af21d138b0019810f8dce9d655109dc97ff6	f90517976b2f52cc9b63c7c5e151e85b1d677e63	not_supported_by_data_file	11031f2d3bbd0c9cad42bed53a4a8dd193ab9d2e			no executable descriptor until translation is resolved	scripts/examples/kruschke.jl	true	18.qmd#L506-L536	2026-07-28T22:54:31Z	not-run	guber1999			reachable-data-or-description	true	4d8f565b1cf4b347b3d0e93a0b6499c2561dc42d	false	not-run		explicit-family-recovery	landed-surface-control-stanc-bridgestan-finite-predict-pointwise	not-run	loc ~ 1 + spend_z + prcnt_take_z\nlog(scale) ~ 1\nsatt_z ~ LocationScale(loc, scale, TDist(nu))	not-run	unresolved-family	https://raw.githubusercontent.com/ASKurz/Doing-Bayesian-Data-Analysis-in-brms-and-the-tidyverse/master/data.R/Guber1999data.csv	@options + option_domain/option_records + semantic_card under semantic_app	dataset_repository_or_file_only	05c3f465e7987e8d7caa7e214fedddd90415a922			direct population/likelihood route when the family and terms are supported	200	synthetic n=12; positive continuous predictors; integer groups; family-valid outcome	not-run	https://raw.githubusercontent.com/ASKurz/Doing-Bayesian-Data-Analysis-in-brms-and-the-tidyverse/master/data.R/Guber1999data.csv	The cited resource is a data file; it can support dataset provenance but not the claimed model formula or family.	authoritative-audit-explicit-family-recovery	ordinary_brm	family evidence remains indeterminate	Searched historical BRM 05c3f465e7987e8d7caa7e214fedddd90415a922:scripts/examples/kruschke.jl:363, current DBDA/brms book code, git history, and the cited loader/data surface. The BRM row has blank family metadata; no family was inferred from brms defaults, response names, titles, or data type.			historical-semantics-unresolved	not-probed		not_supported_by_data_file			semantic-rewrite	b312ecb8cee1a9ddf956e55aa478992826e05e03e54509212f599e8d4362dd19	kruschke	200	not-run	kruschke:guber1999_base	unresolved-family	reachable_data_file	not-run	not-run	combined synthetic family-surface control only; never inherited as row validation		Historical BRM 05c3f465e7987e8d7caa7e214fedddd90415a922:scripts/examples/kruschke.jl:363 returns 'satt_z ~ 1 + spend_z + prcnt_take_z' with no family. The exact standardized multiple regression explicitly sets family = student.	Guber 1999 — Base Multiple Regression	satt_z ~ 1 + spend_z + prcnt_take_z	not-run	SbPMX origin/main@a8fd3c02e1e2305683a56c91384701bfeba6b528:design/{ASKS.md,SbPMX.jl,mock_runtime.jl},compat/check-semantic-model-pipeline.jl	true		2026-07-28T21:07:10.007548+00:00	guber1999_base	true	Historical BRM formula is 'satt_z ~ 1 + spend_z + prcnt_take_z'. Authoritative formula/likelihood at 18.qmd#L506-L536 is the same model up to documented renaming, centering, or generated-column crosswalk.	family is not explicit or defensibly inferred	not-probed	The authoritative book/repository explicitly declares student; dataset evidence only confirms the example identity and was not used as sole family evidence.	already-expressible-via-semantic-rewrite	https://raw.githubusercontent.com/ASKurz/Doing-Bayesian-Data-Analysis-in-brms-and-the-tidyverse/master/data.R/Guber1999data.csv		satt_z ~ 1 + spend_z + prcnt_take_z	https://github.com/ASKurz/Doing-Bayesian-Data-Analysis-in-brms-and-the-tidyverse	student_t	semantic-rewrite	196
unverifiable	the SBBRMI-only LocationScale Student-t dispatcher landed at canonical 11031f2 and is executable; each row still needs its historical degrees-of-freedom value/prior recovered before this symbolic `nu` body is faithful	BRM loader reads Guber1999data.csv and derives standardized SATT,Spend,PrcntTake plus complement/interaction. Authoritative schema is State,Spend,StuTeaRat,Salary,PrcntTake,SATV,SATM,SATT; Alabama begins 4.405,17.2,31.144,8,491,538,1029.	unverifiable	high	390	CatalogServer_default_unsubstantiated		gaussian	renderer-default-contradicts semantic inference	a707af21d138b0019810f8dce9d655109dc97ff6	f90517976b2f52cc9b63c7c5e151e85b1d677e63	not_supported_by_data_file	11031f2d3bbd0c9cad42bed53a4a8dd193ab9d2e			no executable descriptor until translation is resolved	scripts/examples/kruschke.jl	true	18.qmd#L894-L908	2026-07-28T22:54:31Z	not-run	guber1999			reachable-data-or-description	true	4d8f565b1cf4b347b3d0e93a0b6499c2561dc42d	false	not-run		explicit-family-recovery	landed-surface-control-stanc-bridgestan-finite-predict-pointwise	not-run	loc ~ 0 + Intercept + spend_z + prcnt_take_z + prop_not_take_z\nlog(scale) ~ 1\nsatt_z ~ LocationScale(loc, scale, TDist(nu))	not-run	unresolved-family	https://raw.githubusercontent.com/ASKurz/Doing-Bayesian-Data-Analysis-in-brms-and-the-tidyverse/master/data.R/Guber1999data.csv	@options + option_domain/option_records + semantic_card under semantic_app	dataset_repository_or_file_only	05c3f465e7987e8d7caa7e214fedddd90415a922			direct population/likelihood route when the family and terms are supported	200	synthetic n=12; positive continuous predictors; integer groups; family-valid outcome	not-run	https://raw.githubusercontent.com/ASKurz/Doing-Bayesian-Data-Analysis-in-brms-and-the-tidyverse/master/data.R/Guber1999data.csv	The cited resource is a data file; it can support dataset provenance but not the claimed model formula or family.	authoritative-audit-explicit-family-recovery	ordinary_brm	family evidence remains indeterminate	Searched historical BRM 05c3f465e7987e8d7caa7e214fedddd90415a922:scripts/examples/kruschke.jl:390, current DBDA/brms book code, git history, and the cited loader/data surface. The BRM row has blank family metadata; no family was inferred from brms defaults, response names, titles, or data type.			historical-semantics-unresolved	not-probed		not_supported_by_data_file			semantic-rewrite	b312ecb8cee1a9ddf956e55aa478992826e05e03e54509212f599e8d4362dd19	kruschke	200	not-run	kruschke:guber1999_complement	unresolved-family	reachable_data_file	not-run	not-run	combined synthetic family-surface control only; never inherited as row validation		Historical BRM 05c3f465e7987e8d7caa7e214fedddd90415a922:scripts/examples/kruschke.jl:390 returns 'satt_z ~ 0 + Intercept + spend_z + prcnt_take_z + prop_not_take_z' with no family. The exact complementary-predictor model explicitly sets family = student.	Guber 1999 — Complement Proportion Predictor	satt_z ~ 0 + Intercept + spend_z + prcnt_take_z + prop_not_take_z	not-run	SbPMX origin/main@a8fd3c02e1e2305683a56c91384701bfeba6b528:design/{ASKS.md,SbPMX.jl,mock_runtime.jl},compat/check-semantic-model-pipeline.jl	true		2026-07-28T21:07:10.007548+00:00	guber1999_complement	true	Historical BRM formula is 'satt_z ~ 0 + Intercept + spend_z + prcnt_take_z + prop_not_take_z'. Authoritative formula/likelihood at 18.qmd#L894-L908 is the same model up to documented renaming, centering, or generated-column crosswalk.	family is not explicit or defensibly inferred	not-probed	The authoritative book/repository explicitly declares student; dataset evidence only confirms the example identity and was not used as sole family evidence.	already-expressible-via-semantic-rewrite	https://raw.githubusercontent.com/ASKurz/Doing-Bayesian-Data-Analysis-in-brms-and-the-tidyverse/master/data.R/Guber1999data.csv		satt_z ~ 0 + Intercept + spend_z + prcnt_take_z + prop_not_take_z	https://github.com/ASKurz/Doing-Bayesian-Data-Analysis-in-brms-and-the-tidyverse	student_t	semantic-rewrite	197
unverifiable	the SBBRMI-only LocationScale Student-t dispatcher landed at canonical 11031f2 and is executable; each row still needs its historical degrees-of-freedom value/prior recovered before this symbolic `nu` body is faithful	BRM loader reads Guber1999data.csv and derives standardized SATT,Spend,PrcntTake plus complement/interaction. Authoritative schema is State,Spend,StuTeaRat,Salary,PrcntTake,SATV,SATM,SATT; Alabama begins 4.405,17.2,31.144,8,491,538,1029.	unverifiable	high	417	CatalogServer_default_unsubstantiated		gaussian	renderer-default-contradicts semantic inference	a707af21d138b0019810f8dce9d655109dc97ff6	f90517976b2f52cc9b63c7c5e151e85b1d677e63	not_supported_by_data_file	11031f2d3bbd0c9cad42bed53a4a8dd193ab9d2e			no executable descriptor until translation is resolved	scripts/examples/kruschke.jl	true	18.qmd#L1261-L1275	2026-07-28T22:54:31Z	not-run	guber1999			reachable-data-or-description	true	4d8f565b1cf4b347b3d0e93a0b6499c2561dc42d	false	not-run		explicit-family-recovery	landed-surface-control-stanc-bridgestan-finite-predict-pointwise	not-run	loc ~ 1 + spend_z + prcnt_take_z + interaction_z\nlog(scale) ~ 1\nsatt_z ~ LocationScale(loc, scale, TDist(nu))	not-run	unresolved-family	https://raw.githubusercontent.com/ASKurz/Doing-Bayesian-Data-Analysis-in-brms-and-the-tidyverse/master/data.R/Guber1999data.csv	@options + option_domain/option_records + semantic_card under semantic_app	dataset_repository_or_file_only	05c3f465e7987e8d7caa7e214fedddd90415a922			direct population/likelihood route when the family and terms are supported	200	synthetic n=12; positive continuous predictors; integer groups; family-valid outcome	not-run	https://raw.githubusercontent.com/ASKurz/Doing-Bayesian-Data-Analysis-in-brms-and-the-tidyverse/master/data.R/Guber1999data.csv	The cited resource is a data file; it can support dataset provenance but not the claimed model formula or family.	authoritative-audit-explicit-family-recovery	ordinary_brm	family evidence remains indeterminate	Searched historical BRM 05c3f465e7987e8d7caa7e214fedddd90415a922:scripts/examples/kruschke.jl:417, current DBDA/brms book code, git history, and the cited loader/data surface. The BRM row has blank family metadata; no family was inferred from brms defaults, response names, titles, or data type.			historical-semantics-unresolved	not-probed		not_supported_by_data_file			semantic-rewrite	b312ecb8cee1a9ddf956e55aa478992826e05e03e54509212f599e8d4362dd19	kruschke	200	not-run	kruschke:guber1999_interaction	unresolved-family	reachable_data_file	not-run	not-run	combined synthetic family-surface control only; never inherited as row validation		Historical BRM 05c3f465e7987e8d7caa7e214fedddd90415a922:scripts/examples/kruschke.jl:417 returns 'satt_z ~ 1 + spend_z + prcnt_take_z + interaction_z' with no family. The exact interaction model explicitly sets family = student.	Guber 1999 — Interaction Term	satt_z ~ 1 + spend_z + prcnt_take_z + interaction_z	not-run	SbPMX origin/main@a8fd3c02e1e2305683a56c91384701bfeba6b528:design/{ASKS.md,SbPMX.jl,mock_runtime.jl},compat/check-semantic-model-pipeline.jl	true		2026-07-28T21:07:10.007548+00:00	guber1999_interaction	true	Historical BRM formula is 'satt_z ~ 1 + spend_z + prcnt_take_z + interaction_z'. Authoritative formula/likelihood at 18.qmd#L1261-L1275 is the same model up to documented renaming, centering, or generated-column crosswalk.	family is not explicit or defensibly inferred	not-probed	The authoritative book/repository explicitly declares student; dataset evidence only confirms the example identity and was not used as sole family evidence.	already-expressible-via-semantic-rewrite	https://raw.githubusercontent.com/ASKurz/Doing-Bayesian-Data-Analysis-in-brms-and-the-tidyverse/master/data.R/Guber1999data.csv		satt_z ~ 1 + spend_z + prcnt_take_z + interaction_z	https://github.com/ASKurz/Doing-Bayesian-Data-Analysis-in-brms-and-the-tidyverse	student_t	semantic-rewrite	198
unverifiable	explicit Normal likelihood; named log-scale sigma predictor uses native linked-predictor syntax		unverifiable		455	CatalogServer_default_unsubstantiated	d6205497020c0f77	gaussian	renderer-default-unsubstantiated; inference happens to agree			not_supported_by_data_file		6		authoritative brm_descriptor/brm_execute; experimental SbPMX semantic_app mount adapter	scripts/examples/kruschke.jl	true			pass	fruitfly			reachable-data-or-description	true		false	pass				pass	loc ~ 1 + (1 | CompanionNumber)\nlog(sigma) ~ 1\nLongevity ~ Normal(loc, sigma)	pass	unresolved-family	https://raw.githubusercontent.com/ASKurz/Doing-Bayesian-Data-Analysis-in-brms-and-the-tidyverse/master/data.R/FruitflyDataReduced.csv	@options + option_domain/option_records + semantic_card under semantic_app	dataset_repository_or_file_only	05c3f465e7987e8d7caa7e214fedddd90415a922		text_offset=484; matched_terms=one; context_sha256=4bad4b52c4db734f	direct population/likelihood route when the family and terms are supported	200	synthetic n=12; positive continuous predictors; integer groups; family-valid outcome	not-run	https://raw.githubusercontent.com/ASKurz/Doing-Bayesian-Data-Analysis-in-brms-and-the-tidyverse/master/data.R/FruitflyDataReduced.csv	The cited resource is a data file; it can support dataset provenance but not the claimed model formula or family.	inferred-from-name	ordinary_brm	family evidence remains indeterminate		398	-8.47744637392999	historical-semantics-unresolved	not-probed	bc8752596a68c560364ff4bd4679ea57616cc1b678caa247b96859feb744d285	not_supported_by_data_file			ready	8d9575b76856558b1f244348d63080da3a0bd1d57d3fd3ff05c12f51ef51699e	kruschke		pass	kruschke:fruitfly_hierarchical	unresolved-family	reachable_data_file	pass	pass		5c0d1cde572ff0cad65f1b43a74f256f486719bbc7411ab93b50e75dd2558063		Fruitfly — Hierarchical One-Way ANOVA	Longevity ~ 1 + (1 | CompanionNumber)	true	SbPMX origin/main@a8fd3c02e1e2305683a56c91384701bfeba6b528:design/{ASKS.md,SbPMX.jl,mock_runtime.jl},compat/check-semantic-model-pipeline.jl	false		2026-07-28T21:07:09.985423+00:00	fruitfly_hierarchical	true		family is not explicit or defensibly inferred	direct		already-expressible-verbatim	https://raw.githubusercontent.com/ASKurz/Doing-Bayesian-Data-Analysis-in-brms-and-the-tidyverse/master/data.R/FruitflyDataReduced.csv		Longevity ~ 1 + (1 | CompanionNumber)		gaussian	bridgestan-finite-density-gradient	199
unverifiable	explicit Normal likelihood; named log-scale sigma predictor uses native linked-predictor syntax	BRM loader reads FruitflyDataReduced.csv and centers Thorax. Authoritative schema is Longevity,CompanionNumber,Thorax; first rows are 35,Pregnant8,0.64 and 37,Pregnant8,0.68.	unverifiable	high	472	CatalogServer_default_unsubstantiated	3f6a73e371efab14	gaussian	renderer-default-unsubstantiated; inference happens to agree		f90517976b2f52cc9b63c7c5e151e85b1d677e63	not_supported_by_data_file		2		authoritative brm_descriptor/brm_execute; experimental SbPMX semantic_app mount adapter	scripts/examples/kruschke.jl	true	19.qmd#L813-L825	2026-07-28T22:54:31Z	pass	fruitfly			reachable-data-or-description	true		false	pass		explicit-family-recovery		pass	loc ~ 1\nlog(sigma) ~ 1\nLongevity ~ Normal(loc, sigma)	pass	unresolved-family	https://raw.githubusercontent.com/ASKurz/Doing-Bayesian-Data-Analysis-in-brms-and-the-tidyverse/master/data.R/FruitflyDataReduced.csv	@options + option_domain/option_records + semantic_card under semantic_app	dataset_repository_or_file_only	05c3f465e7987e8d7caa7e214fedddd90415a922			direct population/likelihood route when the family and terms are supported	200	synthetic n=12; positive continuous predictors; integer groups; family-valid outcome	not-run	https://raw.githubusercontent.com/ASKurz/Doing-Bayesian-Data-Analysis-in-brms-and-the-tidyverse/master/data.R/FruitflyDataReduced.csv	The cited resource is a data file; it can support dataset provenance but not the claimed model formula or family.	authoritative-audit-explicit-family-recovery	ordinary_brm	family evidence remains indeterminate	Searched historical BRM 05c3f465e7987e8d7caa7e214fedddd90415a922:scripts/examples/kruschke.jl:472, current DBDA/brms book code, git history, and the cited loader/data surface. The BRM row has blank family metadata; no family was inferred from brms defaults, response names, titles, or data type.	400	-8.47744637392999	historical-semantics-unresolved	not-probed	76920ad6c1f823850f2e58cbc0b65e233773ac068634927d2e56cad840073151	not_supported_by_data_file			ready	8d9575b76856558b1f244348d63080da3a0bd1d57d3fd3ff05c12f51ef51699e	kruschke	200	pass	kruschke:fruitfly_pooled	unresolved-family	reachable_data_file	pass	pass		508741a8e6d04b5095f575f8a74e54148ec976cb945051c59c1dbd486b09d79c	Historical BRM 05c3f465e7987e8d7caa7e214fedddd90415a922:scripts/examples/kruschke.jl:472 returns 'Longevity ~ 1' with no family. The exact Longevity ~ 1 comparison model explicitly sets family = gaussian.	Fruitfly — Pooled Baseline	Longevity ~ 1	true	SbPMX origin/main@a8fd3c02e1e2305683a56c91384701bfeba6b528:design/{ASKS.md,SbPMX.jl,mock_runtime.jl},compat/check-semantic-model-pipeline.jl	false		2026-07-28T21:07:09.985423+00:00	fruitfly_pooled	true	Historical BRM formula is 'Longevity ~ 1'. Authoritative formula/likelihood at 19.qmd#L813-L825 is the same model up to documented renaming, centering, or generated-column crosswalk.	family is not explicit or defensibly inferred	direct	The authoritative book/repository explicitly declares gaussian; dataset evidence only confirms the example identity and was not used as sole family evidence.	already-expressible-verbatim	https://raw.githubusercontent.com/ASKurz/Doing-Bayesian-Data-Analysis-in-brms-and-the-tidyverse/master/data.R/FruitflyDataReduced.csv		Longevity ~ 1	https://github.com/ASKurz/Doing-Bayesian-Data-Analysis-in-brms-and-the-tidyverse	gaussian	bridgestan-finite-density-gradient	200
unverifiable	explicit Normal likelihood; named log-scale sigma predictor uses native linked-predictor syntax		unverifiable		489	CatalogServer_default_unsubstantiated	7590f12d972a27c2	gaussian	renderer-default-unsubstantiated; inference happens to agree			not_supported_by_data_file		2		authoritative brm_descriptor/brm_execute; experimental SbPMX semantic_app mount adapter	scripts/examples/kruschke.jl	true			pass	fruitfly			reachable-data-or-description	true		false	pass				pass	loc ~ 0 + CompanionNumber\nlog(sigma) ~ 0 + CompanionNumber\nLongevity ~ Normal(loc, sigma)	pass	unresolved-family	https://raw.githubusercontent.com/ASKurz/Doing-Bayesian-Data-Analysis-in-brms-and-the-tidyverse/master/data.R/FruitflyDataReduced.csv	@options + option_domain/option_records + semantic_card under semantic_app	dataset_repository_or_file_only	05c3f465e7987e8d7caa7e214fedddd90415a922			direct population/likelihood route when the family and terms are supported	200	synthetic n=12; positive continuous predictors; integer groups; family-valid outcome	not-run	https://raw.githubusercontent.com/ASKurz/Doing-Bayesian-Data-Analysis-in-brms-and-the-tidyverse/master/data.R/FruitflyDataReduced.csv	The cited resource is a data file; it can support dataset provenance but not the claimed model formula or family.	inferred-from-name	ordinary_brm	family evidence remains indeterminate		402	-7.817384082920588	historical-semantics-unresolved	not-probed	9dd27e79550057fbaa677178680efe5c98d7401ac597368ca08e418ec9ffb136	not_supported_by_data_file			ready	8d9575b76856558b1f244348d63080da3a0bd1d57d3fd3ff05c12f51ef51699e	kruschke		pass	kruschke:fruitfly_robust	unresolved-family	reachable_data_file	pass	pass		221d470a858557a074fc0a9fcc2df1193fccf009ad3e6200113467a8e972ddf6		Fruitfly — Robust ANOVA with Heterogeneous Sigma	bf(Longevity ~ 0 + CompanionNumber, sigma ~ 0 + CompanionNumber)	true	SbPMX origin/main@a8fd3c02e1e2305683a56c91384701bfeba6b528:design/{ASKS.md,SbPMX.jl,mock_runtime.jl},compat/check-semantic-model-pipeline.jl	false		2026-07-28T21:07:09.985423+00:00	fruitfly_robust	true		family is not explicit or defensibly inferred	direct		already-expressible-via-semantic-rewrite	https://raw.githubusercontent.com/ASKurz/Doing-Bayesian-Data-Analysis-in-brms-and-the-tidyverse/master/data.R/FruitflyDataReduced.csv		bf(Longevity ~ 0 + CompanionNumber, sigma ~ 0 + CompanionNumber)		gaussian	bridgestan-finite-density-gradient	201
unverifiable	explicit Normal likelihood; named log-scale sigma predictor uses native linked-predictor syntax	BRM loader reads FruitflyDataReduced.csv and centers Thorax. Authoritative schema is Longevity,CompanionNumber,Thorax; first rows are 35,Pregnant8,0.64 and 37,Pregnant8,0.68.	unverifiable	high	506	CatalogServer_default_unsubstantiated	17ca6a9b9a997e67	gaussian	renderer-default-unsubstantiated; inference happens to agree		f90517976b2f52cc9b63c7c5e151e85b1d677e63	not_supported_by_data_file		7		authoritative brm_descriptor/brm_execute; experimental SbPMX semantic_app mount adapter	scripts/examples/kruschke.jl	true	19.qmd#L1632-L1649	2026-07-28T22:54:31Z	pass	fruitfly			reachable-data-or-description	true		false	pass		explicit-family-recovery		pass	loc ~ 1 + thorax_c + (1 | CompanionNumber)\nlog(sigma) ~ 1\nLongevity ~ Normal(loc, sigma)	pass	unresolved-family	https://raw.githubusercontent.com/ASKurz/Doing-Bayesian-Data-Analysis-in-brms-and-the-tidyverse/master/data.R/FruitflyDataReduced.csv	@options + option_domain/option_records + semantic_card under semantic_app	dataset_repository_or_file_only	05c3f465e7987e8d7caa7e214fedddd90415a922		text_offset=26; matched_terms=thorax; context_sha256=c590a6dcf7a426d9	direct population/likelihood route when the family and terms are supported	200	synthetic n=12; positive continuous predictors; integer groups; family-valid outcome	not-run	https://raw.githubusercontent.com/ASKurz/Doing-Bayesian-Data-Analysis-in-brms-and-the-tidyverse/master/data.R/FruitflyDataReduced.csv	The cited resource is a data file; it can support dataset provenance but not the claimed model formula or family.	authoritative-audit-explicit-family-recovery	ordinary_brm	family evidence remains indeterminate	Searched historical BRM 05c3f465e7987e8d7caa7e214fedddd90415a922:scripts/examples/kruschke.jl:506, current DBDA/brms book code, git history, and the cited loader/data surface. The BRM row has blank family metadata; no family was inferred from brms defaults, response names, titles, or data type.	404	-7.817384082920588	historical-semantics-unresolved	not-probed	f117ae708f15366a3ea99fe4337c3243471048954749a3f09ed33ab7226bb92e	not_supported_by_data_file			ready	8d9575b76856558b1f244348d63080da3a0bd1d57d3fd3ff05c12f51ef51699e	kruschke	200	pass	kruschke:fruitfly_ancova	unresolved-family	reachable_data_file	pass	pass		b6c8ad3596513136407a96da057ae7c13b74ff9c7019df9487ae87814ca07586	Historical BRM 05c3f465e7987e8d7caa7e214fedddd90415a922:scripts/examples/kruschke.jl:506 returns 'Longevity ~ 1 + thorax_c + (1 | CompanionNumber)' with no family. The exact common-thorax-slope hierarchical ANCOVA explicitly sets family = gaussian.	Fruitfly — ANCOVA with Thorax Covariate	Longevity ~ 1 + thorax_c + (1 | CompanionNumber)	true	SbPMX origin/main@a8fd3c02e1e2305683a56c91384701bfeba6b528:design/{ASKS.md,SbPMX.jl,mock_runtime.jl},compat/check-semantic-model-pipeline.jl	false		2026-07-28T21:07:09.985423+00:00	fruitfly_ancova	true	Historical BRM formula is 'Longevity ~ 1 + thorax_c + (1 | CompanionNumber)'. Authoritative formula/likelihood at 19.qmd#L1632-L1649 is the same model up to documented renaming, centering, or generated-column crosswalk.	family is not explicit or defensibly inferred	direct	The authoritative book/repository explicitly declares gaussian; dataset evidence only confirms the example identity and was not used as sole family evidence.	already-expressible-verbatim	https://raw.githubusercontent.com/ASKurz/Doing-Bayesian-Data-Analysis-in-brms-and-the-tidyverse/master/data.R/FruitflyDataReduced.csv		Longevity ~ 1 + thorax_c + (1 | CompanionNumber)	https://github.com/ASKurz/Doing-Bayesian-Data-Analysis-in-brms-and-the-tidyverse	gaussian	bridgestan-finite-density-gradient	202
unverifiable	explicit Normal likelihood; named log-scale sigma predictor uses native linked-predictor syntax	BRM loader reads FruitflyDataReduced.csv and centers Thorax. Authoritative schema is Longevity,CompanionNumber,Thorax; first rows are 35,Pregnant8,0.64 and 37,Pregnant8,0.68.	unverifiable	high	523	CatalogServer_default_unsubstantiated	d91da242ec94a6ac	gaussian	renderer-default-unsubstantiated; inference happens to agree		f90517976b2f52cc9b63c7c5e151e85b1d677e63	not_supported_by_data_file		12		authoritative brm_descriptor/brm_execute; experimental SbPMX semantic_app mount adapter	scripts/examples/kruschke.jl	true	19.qmd#L1656-L1694	2026-07-28T22:54:31Z	pass	fruitfly			reachable-data-or-description	true		false	pass		explicit-family-recovery		pass	loc ~ 1 + thorax_c + (1 + thorax_c | CompanionNumber)\nlog(sigma) ~ 1\nLongevity ~ Normal(loc, sigma)	pass	unresolved-family	https://raw.githubusercontent.com/ASKurz/Doing-Bayesian-Data-Analysis-in-brms-and-the-tidyverse/master/data.R/FruitflyDataReduced.csv	@options + option_domain/option_records + semantic_card under semantic_app	dataset_repository_or_file_only	05c3f465e7987e8d7caa7e214fedddd90415a922		text_offset=26; matched_terms=thorax; context_sha256=c590a6dcf7a426d9	direct population/likelihood route when the family and terms are supported	200	synthetic n=12; positive continuous predictors; integer groups; family-valid outcome	not-run	https://raw.githubusercontent.com/ASKurz/Doing-Bayesian-Data-Analysis-in-brms-and-the-tidyverse/master/data.R/FruitflyDataReduced.csv	The cited resource is a data file; it can support dataset provenance but not the claimed model formula or family.	authoritative-audit-explicit-family-recovery	ordinary_brm	family evidence remains indeterminate	Searched historical BRM 05c3f465e7987e8d7caa7e214fedddd90415a922:scripts/examples/kruschke.jl:523, current DBDA/brms book code, git history, and the cited loader/data surface. The BRM row has blank family metadata; no family was inferred from brms defaults, response names, titles, or data type.	406	-8.817384082920588	historical-semantics-unresolved	not-probed	92d60d6ba9df869017b761d9915b0e6e2835550c8055df35c6066532e9ea37f3	not_supported_by_data_file			ready	8d9575b76856558b1f244348d63080da3a0bd1d57d3fd3ff05c12f51ef51699e	kruschke	200	pass	kruschke:fruitfly_anhecova	unresolved-family	reachable_data_file	pass	pass		482597cea84068a45dbc8d2496b9519b14c8d3747e4e269d6f77fa7f0f863be4	Historical BRM 05c3f465e7987e8d7caa7e214fedddd90415a922:scripts/examples/kruschke.jl:523 returns 'Longevity ~ 1 + thorax_c + (1 + thorax_c | CompanionNumber)' with no family. The exact random-thorax-slope ANHECOVA explicitly sets family = gaussian.	Fruitfly — ANHECOVA with Random Thorax Slope	Longevity ~ 1 + thorax_c + (1 + thorax_c | CompanionNumber)	true	SbPMX origin/main@a8fd3c02e1e2305683a56c91384701bfeba6b528:design/{ASKS.md,SbPMX.jl,mock_runtime.jl},compat/check-semantic-model-pipeline.jl	false		2026-07-28T21:07:09.985423+00:00	fruitfly_anhecova	true	Historical BRM formula is 'Longevity ~ 1 + thorax_c + (1 + thorax_c | CompanionNumber)'. Authoritative formula/likelihood at 19.qmd#L1656-L1694 is the same model up to documented renaming, centering, or generated-column crosswalk.	family is not explicit or defensibly inferred	direct	The authoritative book/repository explicitly declares gaussian; dataset evidence only confirms the example identity and was not used as sole family evidence.	already-expressible-verbatim	https://raw.githubusercontent.com/ASKurz/Doing-Bayesian-Data-Analysis-in-brms-and-the-tidyverse/master/data.R/FruitflyDataReduced.csv		Longevity ~ 1 + thorax_c + (1 + thorax_c | CompanionNumber)	https://github.com/ASKurz/Doing-Bayesian-Data-Analysis-in-brms-and-the-tidyverse	gaussian	bridgestan-finite-density-gradient	203
unverifiable	nested/composite grouping factors are expressible after deriving stable integer group ids or expanding nesting; exact source identity must be reviewed		unverifiable		560	CatalogServer_default_unsubstantiated		gaussian	renderer-default-unsubstantiated; inference happens to agree			not_supported_by_data_file				no executable descriptor until translation is resolved	scripts/examples/kruschke.jl	true			not-run	salary			reachable-data-or-description	true		false	not-run				not-run		not-run	unresolved-family	https://raw.githubusercontent.com/ASKurz/Doing-Bayesian-Data-Analysis-in-brms-and-the-tidyverse/master/data.R/Salary.csv	@options + option_domain/option_records + semantic_card under semantic_app	dataset_repository_or_file_only	05c3f465e7987e8d7caa7e214fedddd90415a922		text_offset=38; matched_terms=salary; context_sha256=21df16d2d4f4c1c5	direct population/likelihood route when the family and terms are supported	200	synthetic n=12; positive continuous predictors; integer groups; family-valid outcome	not-run	https://raw.githubusercontent.com/ASKurz/Doing-Bayesian-Data-Analysis-in-brms-and-the-tidyverse/master/data.R/Salary.csv	The cited resource is a data file; it can support dataset provenance but not the claimed model formula or family.	inferred-from-name	ordinary_brm	family evidence remains indeterminate				historical-semantics-unresolved	not-probed		not_supported_by_data_file			semantic-rewrite	ce8a8abd352b9d86ca51c35735979269870ff7c529130a4922e1d61bda9b9c0e	kruschke		not-run	kruschke:salary_anova	unresolved-family	reachable_data_file	not-run	not-run				Salary — Two-Way Random Effects ANOVA	Salary ~ 1 + (1 | Pos) + (1 | Org) + (1 | Pos:Org)	not-run	SbPMX origin/main@a8fd3c02e1e2305683a56c91384701bfeba6b528:design/{ASKS.md,SbPMX.jl,mock_runtime.jl},compat/check-semantic-model-pipeline.jl	false		2026-07-28T21:07:10.187978+00:00	salary_anova	true		family is not explicit or defensibly inferred	not-probed		already-expressible-via-semantic-rewrite	https://raw.githubusercontent.com/ASKurz/Doing-Bayesian-Data-Analysis-in-brms-and-the-tidyverse/master/data.R/Salary.csv		Salary ~ 1 + (1 | Pos) + (1 | Org) + (1 | Pos:Org)		gaussian	semantic-rewrite	204
unverifiable	nested/composite grouping factors are expressible after deriving stable integer group ids or expanding nesting; exact source identity must be reviewed		unverifiable		576	CatalogServer_default_unsubstantiated		gaussian	renderer-default-unsubstantiated; inference happens to agree			not_supported_by_data_file				no executable descriptor until translation is resolved	scripts/examples/kruschke.jl	true			not-run	salary			reachable-data-or-description	true		false	not-run				not-run		not-run	unresolved-family	https://raw.githubusercontent.com/ASKurz/Doing-Bayesian-Data-Analysis-in-brms-and-the-tidyverse/master/data.R/Salary.csv	@options + option_domain/option_records + semantic_card under semantic_app	dataset_repository_or_file_only	05c3f465e7987e8d7caa7e214fedddd90415a922		text_offset=38; matched_terms=salary; context_sha256=21df16d2d4f4c1c5	direct population/likelihood route when the family and terms are supported	200	synthetic n=12; positive continuous predictors; integer groups; family-valid outcome	not-run	https://raw.githubusercontent.com/ASKurz/Doing-Bayesian-Data-Analysis-in-brms-and-the-tidyverse/master/data.R/Salary.csv	The cited resource is a data file; it can support dataset provenance but not the claimed model formula or family.	inferred-from-name	ordinary_brm	family evidence remains indeterminate				historical-semantics-unresolved	not-probed		not_supported_by_data_file			semantic-rewrite	ce8a8abd352b9d86ca51c35735979269870ff7c529130a4922e1d61bda9b9c0e	kruschke		not-run	kruschke:salary_robust	unresolved-family	reachable_data_file	not-run	not-run				Salary — Robust ANOVA with Heterogeneous Residual Variance	bf(Salary ~ 1 + (1 | Pos) + (1 | Org) + (1 | Pos:Org), sigma ~ 1 + (1 | Pos:Org))	not-run	SbPMX origin/main@a8fd3c02e1e2305683a56c91384701bfeba6b528:design/{ASKS.md,SbPMX.jl,mock_runtime.jl},compat/check-semantic-model-pipeline.jl	false		2026-07-28T21:07:10.187978+00:00	salary_robust	true		family is not explicit or defensibly inferred	not-probed		already-expressible-via-semantic-rewrite	https://raw.githubusercontent.com/ASKurz/Doing-Bayesian-Data-Analysis-in-brms-and-the-tidyverse/master/data.R/Salary.csv		bf(Salary ~ 1 + (1 | Pos) + (1 | Org) + (1 | Pos:Org), sigma ~ 1 + (1 | Pos:Org))		gaussian	semantic-rewrite	205
unverifiable	nested/composite grouping factors are expressible after deriving stable integer group ids or expanding nesting; exact source identity must be reviewed		unverifiable		592	CatalogServer_default_unsubstantiated		gaussian	renderer-default-unsubstantiated; inference happens to agree			not_supported_by_data_file				no executable descriptor until translation is resolved	scripts/examples/kruschke.jl	true			not-run	splitplot			reachable-data-or-description	true		false	not-run				not-run		not-run	unresolved-family	https://raw.githubusercontent.com/ASKurz/Doing-Bayesian-Data-Analysis-in-brms-and-the-tidyverse/master/data.R/SplitPlotAgriData.csv	@options + option_domain/option_records + semantic_card under semantic_app	dataset_repository_or_file_only	05c3f465e7987e8d7caa7e214fedddd90415a922		text_offset=1; matched_terms=field; context_sha256=7212e8df20e3ce5d	direct population/likelihood route when the family and terms are supported	200	synthetic n=12; positive continuous predictors; integer groups; family-valid outcome	not-run	https://raw.githubusercontent.com/ASKurz/Doing-Bayesian-Data-Analysis-in-brms-and-the-tidyverse/master/data.R/SplitPlotAgriData.csv	The cited resource is a data file; it can support dataset provenance but not the claimed model formula or family.	inferred-from-name	ordinary_brm	family evidence remains indeterminate				historical-semantics-unresolved	not-probed		not_supported_by_data_file			semantic-rewrite	57796f7dabaeb5aceb77965af55317517d9fcd8ad4dd9c1e1ec4e57ac6feb397	kruschke		not-run	kruschke:splitplot_field	unresolved-family	reachable_data_file	not-run	not-run				Split-Plot ANOVA — With Field Blocking	Yield ~ 1 + (1 | Till) + (1 | Fert) + (1 | Field) + (1 | Till:Fert)	not-run	SbPMX origin/main@a8fd3c02e1e2305683a56c91384701bfeba6b528:design/{ASKS.md,SbPMX.jl,mock_runtime.jl},compat/check-semantic-model-pipeline.jl	false		2026-07-28T21:07:10.281330+00:00	splitplot_field	true		family is not explicit or defensibly inferred	not-probed		already-expressible-via-semantic-rewrite	https://raw.githubusercontent.com/ASKurz/Doing-Bayesian-Data-Analysis-in-brms-and-the-tidyverse/master/data.R/SplitPlotAgriData.csv		Yield ~ 1 + (1 | Till) + (1 | Fert) + (1 | Field) + (1 | Till:Fert)		gaussian	semantic-rewrite	206
unverifiable	nested/composite grouping factors are expressible after deriving stable integer group ids or expanding nesting; exact source identity must be reviewed		unverifiable		608	CatalogServer_default_unsubstantiated		gaussian	renderer-default-unsubstantiated; inference happens to agree			not_supported_by_data_file				no executable descriptor until translation is resolved	scripts/examples/kruschke.jl	true			not-run	splitplot			reachable-data-or-description	true		false	not-run				not-run		not-run	unresolved-family	https://raw.githubusercontent.com/ASKurz/Doing-Bayesian-Data-Analysis-in-brms-and-the-tidyverse/master/data.R/SplitPlotAgriData.csv	@options + option_domain/option_records + semantic_card under semantic_app	dataset_repository_or_file_only	05c3f465e7987e8d7caa7e214fedddd90415a922		text_offset=1; matched_terms=field; context_sha256=7212e8df20e3ce5d	direct population/likelihood route when the family and terms are supported	200	synthetic n=12; positive continuous predictors; integer groups; family-valid outcome	not-run	https://raw.githubusercontent.com/ASKurz/Doing-Bayesian-Data-Analysis-in-brms-and-the-tidyverse/master/data.R/SplitPlotAgriData.csv	The cited resource is a data file; it can support dataset provenance but not the claimed model formula or family.	inferred-from-name	ordinary_brm	family evidence remains indeterminate				historical-semantics-unresolved	not-probed		not_supported_by_data_file			semantic-rewrite	57796f7dabaeb5aceb77965af55317517d9fcd8ad4dd9c1e1ec4e57ac6feb397	kruschke		not-run	kruschke:splitplot_nofield	unresolved-family	reachable_data_file	not-run	not-run				Split-Plot ANOVA — Without Field Blocking	Yield ~ 1 + (1 | Till) + (1 | Fert) + (1 | Till:Fert)	not-run	SbPMX origin/main@a8fd3c02e1e2305683a56c91384701bfeba6b528:design/{ASKS.md,SbPMX.jl,mock_runtime.jl},compat/check-semantic-model-pipeline.jl	false		2026-07-28T21:07:10.281330+00:00	splitplot_nofield	true		family is not explicit or defensibly inferred	not-probed		already-expressible-via-semantic-rewrite	https://raw.githubusercontent.com/ASKurz/Doing-Bayesian-Data-Analysis-in-brms-and-the-tidyverse/master/data.R/SplitPlotAgriData.csv		Yield ~ 1 + (1 | Till) + (1 | Fert) + (1 | Till:Fert)		gaussian	semantic-rewrite	207
unverifiable	explicit Bernoulli-logit likelihood		unverifiable		635	CatalogServer_default_unsubstantiated	4e08482594f40c5e	gaussian	renderer-default-contradicts semantic inference			not_supported_by_data_file		2		authoritative brm_descriptor/brm_execute; experimental SbPMX semantic_app mount adapter	scripts/examples/kruschke.jl	true			pass	htwt110			reachable-data-or-description	true		false	pass				pass	log_odds ~ 1 + weight_z\nmale ~ BernoulliLogit(log_odds)	pass	unresolved-family	https://raw.githubusercontent.com/ASKurz/Doing-Bayesian-Data-Analysis-in-brms-and-the-tidyverse/master/data.R/HtWtData110.csv	@options + option_domain/option_records + semantic_card under semantic_app	dataset_repository_or_file_only	05c3f465e7987e8d7caa7e214fedddd90415a922		text_offset=17; matched_terms=weight; context_sha256=c56cf755888c515c	direct population/likelihood route when the family and terms are supported	200	synthetic n=12; positive continuous predictors; integer groups; family-valid outcome	not-run	https://raw.githubusercontent.com/ASKurz/Doing-Bayesian-Data-Analysis-in-brms-and-the-tidyverse/master/data.R/HtWtData110.csv	The cited resource is a data file; it can support dataset provenance but not the claimed model formula or family.	inferred-from-name	ordinary_brm	family evidence remains indeterminate		416	-8.317766166719343	historical-semantics-unresolved	not-probed	b0a7c7f697764a1290063d0a4078d438f9b8753b7bdf4b6ca82a46273d46bb7a	not_supported_by_data_file			ready	5e92e84f20b1948e3ef853e7165f9bbbd7b1f0a98b0a2d007008fb014afeacbe	kruschke		pass	kruschke:htwt110_single	unresolved-family	reachable_data_file	pass	pass		575cc7c9774d3769ea1634be260ca493afdfcecabfac7dfe8dfacad9c21650ce		Logistic Regression — Single Predictor (Weight)	male ~ 1 + weight_z	true	SbPMX origin/main@a8fd3c02e1e2305683a56c91384701bfeba6b528:design/{ASKS.md,SbPMX.jl,mock_runtime.jl},compat/check-semantic-model-pipeline.jl	false		2026-07-28T21:07:10.155256+00:00	htwt110_single	true		family is not explicit or defensibly inferred	direct		already-expressible-verbatim	https://raw.githubusercontent.com/ASKurz/Doing-Bayesian-Data-Analysis-in-brms-and-the-tidyverse/master/data.R/HtWtData110.csv		male ~ 1 + weight_z		bernoulli	bridgestan-finite-density-gradient	208
unverifiable	explicit Bernoulli-logit likelihood		unverifiable		653	CatalogServer_default_unsubstantiated	ac7078f55b5b7043	gaussian	renderer-default-contradicts semantic inference			not_supported_by_data_file		3		authoritative brm_descriptor/brm_execute; experimental SbPMX semantic_app mount adapter	scripts/examples/kruschke.jl	true			pass	htwt110			reachable-data-or-description	true		false	pass				pass	log_odds ~ 1 + weight_z + height_z\nmale ~ BernoulliLogit(log_odds)	pass	unresolved-family	https://raw.githubusercontent.com/ASKurz/Doing-Bayesian-Data-Analysis-in-brms-and-the-tidyverse/master/data.R/HtWtData110.csv	@options + option_domain/option_records + semantic_card under semantic_app	dataset_repository_or_file_only	05c3f465e7987e8d7caa7e214fedddd90415a922		text_offset=17; matched_terms=height,weight; context_sha256=c56cf755888c515c	direct population/likelihood route when the family and terms are supported	200	synthetic n=12; positive continuous predictors; integer groups; family-valid outcome	not-run	https://raw.githubusercontent.com/ASKurz/Doing-Bayesian-Data-Analysis-in-brms-and-the-tidyverse/master/data.R/HtWtData110.csv	The cited resource is a data file; it can support dataset provenance but not the claimed model formula or family.	inferred-from-name	ordinary_brm	family evidence remains indeterminate		418	-8.317766166719343	historical-semantics-unresolved	not-probed	749b278cf68b79cd3e5d889563ddbdd1091808cee59f74a77efcf32851d37824	not_supported_by_data_file			ready	5e92e84f20b1948e3ef853e7165f9bbbd7b1f0a98b0a2d007008fb014afeacbe	kruschke		pass	kruschke:htwt110_two_pred	unresolved-family	reachable_data_file	pass	pass		af20ebc16e9e197f0621598f4194dbcf36eccaf06b3d0160da19215fbcbcf281		Logistic Regression — Two Predictors (Weight and Height)	male ~ 1 + weight_z + height_z	true	SbPMX origin/main@a8fd3c02e1e2305683a56c91384701bfeba6b528:design/{ASKS.md,SbPMX.jl,mock_runtime.jl},compat/check-semantic-model-pipeline.jl	false		2026-07-28T21:07:10.155256+00:00	htwt110_two_pred	true		family is not explicit or defensibly inferred	direct		already-expressible-verbatim	https://raw.githubusercontent.com/ASKurz/Doing-Bayesian-Data-Analysis-in-brms-and-the-tidyverse/master/data.R/HtWtData110.csv		male ~ 1 + weight_z + height_z		bernoulli	bridgestan-finite-density-gradient	209
unverifiable	nonlinear parameter formulas need an explicit current linked-predictor design; current linked-predictor/kernel machinery exists, but this historical declaration needs a row-specific rewrite		unverifiable		671	CatalogServer_default_unsubstantiated		gaussian	renderer-default-contradicts semantic inference			not_supported_by_data_file				no executable descriptor until translation is resolved	scripts/examples/kruschke.jl	true			not-run	htwt110			reachable-data-or-description	true		false	not-run				not-run		not-run	unresolved-family	https://raw.githubusercontent.com/ASKurz/Doing-Bayesian-Data-Analysis-in-brms-and-the-tidyverse/master/data.R/HtWtData110.csv	@options + option_domain/option_records + semantic_card under semantic_app	dataset_repository_or_file_only	05c3f465e7987e8d7caa7e214fedddd90415a922			direct population/likelihood route when the family and terms are supported	200	synthetic n=12; positive continuous predictors; integer groups; family-valid outcome	not-run	https://raw.githubusercontent.com/ASKurz/Doing-Bayesian-Data-Analysis-in-brms-and-the-tidyverse/master/data.R/HtWtData110.csv	The cited resource is a data file; it can support dataset provenance but not the claimed model formula or family.	inferred-from-name	ordinary_brm	family evidence remains indeterminate				historical-semantics-unresolved	not-probed		not_supported_by_data_file			semantic-rewrite	5e92e84f20b1948e3ef853e7165f9bbbd7b1f0a98b0a2d007008fb014afeacbe	kruschke		not-run	kruschke:htwt110_robust	unresolved-family	reachable_data_file	not-run	not-run				Robust Logistic Regression — Mixture with Guessing	bf(male ~ a * 0.5 + (1 - a) * 1 / (1 + exp(-(b0 + b1 * weight_z))), a + b0 + b1 ~ 1, nl = TRUE)	not-run	SbPMX origin/main@a8fd3c02e1e2305683a56c91384701bfeba6b528:design/{ASKS.md,SbPMX.jl,mock_runtime.jl},compat/check-semantic-model-pipeline.jl	false		2026-07-28T21:07:10.155256+00:00	htwt110_robust	true		family is not explicit or defensibly inferred	not-probed		already-expressible-via-semantic-rewrite	https://raw.githubusercontent.com/ASKurz/Doing-Bayesian-Data-Analysis-in-brms-and-the-tidyverse/master/data.R/HtWtData110.csv		bf(male ~ a * 0.5 + (1 - a) * 1 / (1 + exp(-(b0 + b1 * weight_z))), a + b0 + b1 ~ 1, nl = TRUE)		bernoulli	semantic-rewrite	210
unverifiable	outcome family `categorical` has no stock ordinary BRM likelihood adapter; independent responses may be split only when authoritative residual independence is established		unverifiable		739	CatalogServer_default_unsubstantiated		gaussian	renderer-default-contradicts semantic inference			not_supported_by_data_file				no executable descriptor until translation is resolved	scripts/examples/kruschke.jl	true			not-run	softmax1			reachable-data-or-description	true		false	not-run				not-run		not-run	unresolved-family	https://raw.githubusercontent.com/ASKurz/Doing-Bayesian-Data-Analysis-in-brms-and-the-tidyverse/master/data.R/SoftmaxRegData1.csv	@options + option_domain/option_records + semantic_card under semantic_app	dataset_repository_or_file_only	05c3f465e7987e8d7caa7e214fedddd90415a922			direct population/likelihood route when the family and terms are supported	200	synthetic n=12; positive continuous predictors; integer groups; family-valid outcome	not-run	https://raw.githubusercontent.com/ASKurz/Doing-Bayesian-Data-Analysis-in-brms-and-the-tidyverse/master/data.R/SoftmaxRegData1.csv	The cited resource is a data file; it can support dataset provenance but not the claimed model formula or family.	inferred-from-name	ordinary_brm	family evidence remains indeterminate				historical-semantics-unresolved	not-probed		not_supported_by_data_file			unsupported	2379a4153441611caa1fa0c15ad3825e22e7f241aed9c1b7d8b677cdeb801beb	kruschke		not-run	kruschke:softmax_categorical	unresolved-family	reachable_data_file	not-run	not-run				Softmax — Categorical Regression with Two Predictors	Y ~ 0 + Intercept + X1 + X2	not-run	SbPMX origin/main@a8fd3c02e1e2305683a56c91384701bfeba6b528:design/{ASKS.md,SbPMX.jl,mock_runtime.jl},compat/check-semantic-model-pipeline.jl	false		2026-07-28T21:07:10.191100+00:00	softmax_categorical	true		family is not explicit or defensibly inferred	not-probed		genuinely-missing-brm-surface	https://raw.githubusercontent.com/ASKurz/Doing-Bayesian-Data-Analysis-in-brms-and-the-tidyverse/master/data.R/SoftmaxRegData1.csv	StanBlocks building blocks may exist; see surface audits	Y ~ 0 + Intercept + X1 + X2		categorical	unsupported	211
unverifiable	outcome family `categorical` has no stock ordinary BRM likelihood adapter; independent responses may be split only when authoritative residual independence is established	BRM loader reads SoftmaxRegData1.csv. Authoritative schema is X1,X2,Y; first row is -0.0871473608669491,-1.0813421754063,2.	unverifiable	high	755	CatalogServer_default_unsubstantiated		gaussian	renderer-default-contradicts semantic inference		f90517976b2f52cc9b63c7c5e151e85b1d677e63	not_supported_by_data_file				no executable descriptor until translation is resolved	scripts/examples/kruschke.jl	true	22.qmd#L918-L930	2026-07-28T22:54:31Z	not-run	softmax1			reachable-data-or-description	true		false	not-run		explicit-family-recovery		not-run		not-run	unresolved-family	https://raw.githubusercontent.com/ASKurz/Doing-Bayesian-Data-Analysis-in-brms-and-the-tidyverse/master/data.R/SoftmaxRegData1.csv	@options + option_domain/option_records + semantic_card under semantic_app	dataset_repository_or_file_only	05c3f465e7987e8d7caa7e214fedddd90415a922			direct population/likelihood route when the family and terms are supported	200	synthetic n=12; positive continuous predictors; integer groups; family-valid outcome	not-run	https://raw.githubusercontent.com/ASKurz/Doing-Bayesian-Data-Analysis-in-brms-and-the-tidyverse/master/data.R/SoftmaxRegData1.csv	The cited resource is a data file; it can support dataset provenance but not the claimed model formula or family.	authoritative-audit-explicit-family-recovery	ordinary_brm	family evidence remains indeterminate	Searched historical BRM 05c3f465e7987e8d7caa7e214fedddd90415a922:scripts/examples/kruschke.jl:755, current DBDA/brms book code, git history, and the cited loader/data surface. The BRM row has blank family metadata; no family was inferred from brms defaults, response names, titles, or data type.			historical-semantics-unresolved	not-probed		not_supported_by_data_file			unsupported	2379a4153441611caa1fa0c15ad3825e22e7f241aed9c1b7d8b677cdeb801beb	kruschke	200	not-run	kruschke:softmax_baseline	unresolved-family	reachable_data_file	not-run	not-run			Historical BRM 05c3f465e7987e8d7caa7e214fedddd90415a922:scripts/examples/kruschke.jl:755 returns 'Y ~ 1' with no family. The exact intercept-only Y ~ 1 model explicitly sets family = categorical(link = logit).	Softmax — Intercepts-Only Baseline	Y ~ 1	not-run	SbPMX origin/main@a8fd3c02e1e2305683a56c91384701bfeba6b528:design/{ASKS.md,SbPMX.jl,mock_runtime.jl},compat/check-semantic-model-pipeline.jl	false		2026-07-28T21:07:10.191100+00:00	softmax_baseline	true	Historical BRM formula is 'Y ~ 1'. Authoritative formula/likelihood at 22.qmd#L918-L930 is the same model up to documented renaming, centering, or generated-column crosswalk.	family is not explicit or defensibly inferred	not-probed	The authoritative book/repository explicitly declares categorical; dataset evidence only confirms the example identity and was not used as sole family evidence.	genuinely-missing-brm-surface	https://raw.githubusercontent.com/ASKurz/Doing-Bayesian-Data-Analysis-in-brms-and-the-tidyverse/master/data.R/SoftmaxRegData1.csv	StanBlocks building blocks may exist; see surface audits	Y ~ 1	https://github.com/ASKurz/Doing-Bayesian-Data-Analysis-in-brms-and-the-tidyverse	categorical	unsupported	212
unverifiable	term has no semantics-preserving mechanical alias		unverifiable		771	CatalogServer_default_unsubstantiated		gaussian	renderer-default-contradicts semantic inference			not_supported_by_data_file				no executable descriptor until translation is resolved	scripts/examples/kruschke.jl	true			not-run	condlog1			reachable-data-or-description	true		false	not-run				not-run		not-run	unresolved-family	https://raw.githubusercontent.com/ASKurz/Doing-Bayesian-Data-Analysis-in-brms-and-the-tidyverse/master/data.R/CondLogistRegData1.csv	@options + option_domain/option_records + semantic_card under semantic_app	dataset_repository_or_file_only	05c3f465e7987e8d7caa7e214fedddd90415a922			direct population/likelihood route when the family and terms are supported	200	synthetic n=12; positive continuous predictors; integer groups; family-valid outcome	not-run	https://raw.githubusercontent.com/ASKurz/Doing-Bayesian-Data-Analysis-in-brms-and-the-tidyverse/master/data.R/CondLogistRegData1.csv	The cited resource is a data file; it can support dataset provenance but not the claimed model formula or family.	historical-link-unresolved	ordinary_brm	family evidence remains indeterminate				historical-semantics-unresolved	not-probed		not_supported_by_data_file			unsupported	670192f3f6b071b4973efb73e703a7d1556bc79e98f7d157c9d38fd65a8e85ac	kruschke		not-run	kruschke:condlog1_ordinal	unresolved-family	reachable_data_file	not-run	not-run				Conditional Logistic — Ordinal Regression (Data Set 1)	Y_ord ~ 1 + cs(X1) + cs(X2)	not-run	SbPMX origin/main@a8fd3c02e1e2305683a56c91384701bfeba6b528:design/{ASKS.md,SbPMX.jl,mock_runtime.jl},compat/check-semantic-model-pipeline.jl	false		2026-07-28T21:07:09.982748+00:00	condlog1_ordinal	true		family is not explicit or defensibly inferred	not-probed		genuinely-missing-brm-surface	https://raw.githubusercontent.com/ASKurz/Doing-Bayesian-Data-Analysis-in-brms-and-the-tidyverse/master/data.R/CondLogistRegData1.csv	StanBlocks building blocks may exist; see surface audits	Y_ord ~ 1 + cs(X1) + cs(X2)		ordinal_unresolved	unsupported	213
unverifiable	term has no semantics-preserving mechanical alias		unverifiable		787	CatalogServer_default_unsubstantiated		gaussian	renderer-default-contradicts semantic inference			not_supported_by_data_file				no executable descriptor until translation is resolved	scripts/examples/kruschke.jl	true			not-run	condlog2			reachable-data-or-description	true		false	not-run				not-run		not-run	unresolved-family	https://raw.githubusercontent.com/ASKurz/Doing-Bayesian-Data-Analysis-in-brms-and-the-tidyverse/master/data.R/CondLogistRegData2.csv	@options + option_domain/option_records + semantic_card under semantic_app	dataset_repository_or_file_only	05c3f465e7987e8d7caa7e214fedddd90415a922			direct population/likelihood route when the family and terms are supported	200	synthetic n=12; positive continuous predictors; integer groups; family-valid outcome	not-run	https://raw.githubusercontent.com/ASKurz/Doing-Bayesian-Data-Analysis-in-brms-and-the-tidyverse/master/data.R/CondLogistRegData2.csv	The cited resource is a data file; it can support dataset provenance but not the claimed model formula or family.	historical-link-unresolved	ordinary_brm	family evidence remains indeterminate				historical-semantics-unresolved	not-probed		not_supported_by_data_file			unsupported	e45f5db58f237e25665a4e2437e4f761f998a230cfa35dfdca7871ea5b2d0b0d	kruschke		not-run	kruschke:condlog2_ordinal	unresolved-family	reachable_data_file	not-run	not-run				Conditional Logistic — Ordinal Regression (Data Set 2)	Y_ord ~ 1 + cs(X1) + cs(X2)	not-run	SbPMX origin/main@a8fd3c02e1e2305683a56c91384701bfeba6b528:design/{ASKS.md,SbPMX.jl,mock_runtime.jl},compat/check-semantic-model-pipeline.jl	false		2026-07-28T21:07:09.983253+00:00	condlog2_ordinal	true		family is not explicit or defensibly inferred	not-probed		genuinely-missing-brm-surface	https://raw.githubusercontent.com/ASKurz/Doing-Bayesian-Data-Analysis-in-brms-and-the-tidyverse/master/data.R/CondLogistRegData2.csv	StanBlocks building blocks may exist; see surface audits	Y_ord ~ 1 + cs(X1) + cs(X2)		ordinal_unresolved	unsupported	214
unverifiable	historical ordinal link/threshold semantics are not equivalent to stock OrderedLogistic		unverifiable		836	CatalogServer_default_unsubstantiated		gaussian	renderer-default-contradicts semantic inference			not_supported_by_data_file				no executable descriptor until translation is resolved	scripts/examples/kruschke.jl	true			not-run	ordinal_probit			reachable-data-or-description	true		false	not-run				not-run		not-run	unresolved-family	https://raw.githubusercontent.com/ASKurz/Doing-Bayesian-Data-Analysis-in-brms-and-the-tidyverse/master/data.R/OrdinalProbitData1.csv	@options + option_domain/option_records + semantic_card under semantic_app	dataset_repository_or_file_only	05c3f465e7987e8d7caa7e214fedddd90415a922			direct population/likelihood route when the family and terms are supported	200	synthetic n=12; positive continuous predictors; integer groups; family-valid outcome	not-run	https://raw.githubusercontent.com/ASKurz/Doing-Bayesian-Data-Analysis-in-brms-and-the-tidyverse/master/data.R/OrdinalProbitData1.csv	The cited resource is a data file; it can support dataset provenance but not the claimed model formula or family.	inferred-from-catalog-title	ordinary_brm	family evidence remains indeterminate				historical-semantics-unresolved	not-probed		not_supported_by_data_file			unsupported	8784ec1578398216646404186442a8c6ca982c746b48e2ee65e645c4adc4a144	kruschke		not-run	kruschke:ordinal_probit_intercept	unresolved-family	reachable_data_file	not-run	not-run				Ordinal Probit — Intercept Only	Y ~ 1	not-run	SbPMX origin/main@a8fd3c02e1e2305683a56c91384701bfeba6b528:design/{ASKS.md,SbPMX.jl,mock_runtime.jl},compat/check-semantic-model-pipeline.jl	false		2026-07-28T21:07:10.183653+00:00	ordinal_probit_intercept	true		family is not explicit or defensibly inferred	not-probed		historical-semantics-unresolved	https://raw.githubusercontent.com/ASKurz/Doing-Bayesian-Data-Analysis-in-brms-and-the-tidyverse/master/data.R/OrdinalProbitData1.csv		Y ~ 1		ordinal_probit	unsupported	215
unverifiable	bf main response formula is not a single declaration		unverifiable		852	CatalogServer_default_unsubstantiated		gaussian	renderer-default-contradicts semantic inference			not_supported_by_data_file				no executable descriptor until translation is resolved	scripts/examples/kruschke.jl	true			not-run	ordinal_probit			reachable-data-or-description	true		false	not-run				not-run		not-run	unresolved-family	https://raw.githubusercontent.com/ASKurz/Doing-Bayesian-Data-Analysis-in-brms-and-the-tidyverse/master/data.R/OrdinalProbitData1.csv	@options + option_domain/option_records + semantic_card under semantic_app	dataset_repository_or_file_only	05c3f465e7987e8d7caa7e214fedddd90415a922			direct population/likelihood route when the family and terms are supported	200	synthetic n=12; positive continuous predictors; integer groups; family-valid outcome	not-run	https://raw.githubusercontent.com/ASKurz/Doing-Bayesian-Data-Analysis-in-brms-and-the-tidyverse/master/data.R/OrdinalProbitData1.csv	The cited resource is a data file; it can support dataset provenance but not the claimed model formula or family.	inferred-from-catalog-title	ordinary_brm	family evidence remains indeterminate				historical-semantics-unresolved	not-probed		not_supported_by_data_file			unsupported	8784ec1578398216646404186442a8c6ca982c746b48e2ee65e645c4adc4a144	kruschke		not-run	kruschke:ordinal_probit_disc	unresolved-family	reachable_data_file	not-run	not-run				Ordinal Probit — Discrimination Parameter	bf(Y ~ 1 + X) + lf(disc ~ 0 + X, cmc = FALSE)	not-run	SbPMX origin/main@a8fd3c02e1e2305683a56c91384701bfeba6b528:design/{ASKS.md,SbPMX.jl,mock_runtime.jl},compat/check-semantic-model-pipeline.jl	false		2026-07-28T21:07:10.183653+00:00	ordinal_probit_disc	true		family is not explicit or defensibly inferred	not-probed		genuinely-missing-brm-surface	https://raw.githubusercontent.com/ASKurz/Doing-Bayesian-Data-Analysis-in-brms-and-the-tidyverse/master/data.R/OrdinalProbitData1.csv	StanBlocks building blocks may exist; see surface audits	bf(Y ~ 1 + X) + lf(disc ~ 0 + X, cmc = FALSE)		ordinal_probit	unsupported	216
unverifiable	explicit Normal likelihood; named log-scale sigma predictor uses native linked-predictor syntax		unverifiable		868	CatalogServer_default_unsubstantiated	b5bf3f5f8da670e9	gaussian	renderer-default-unsubstantiated; inference happens to agree			not_supported_by_data_file		2		authoritative brm_descriptor/brm_execute; experimental SbPMX semantic_app mount adapter	scripts/examples/kruschke.jl	true			pass	ordinal_probit			reachable-data-or-description	true		false	pass				pass	loc ~ 0 + X\nlog(sigma) ~ 0 + X\nY ~ Normal(loc, sigma)	pass	unresolved-family	https://raw.githubusercontent.com/ASKurz/Doing-Bayesian-Data-Analysis-in-brms-and-the-tidyverse/master/data.R/OrdinalProbitData1.csv	@options + option_domain/option_records + semantic_card under semantic_app	dataset_repository_or_file_only	05c3f465e7987e8d7caa7e214fedddd90415a922			direct population/likelihood route when the family and terms are supported	200	synthetic n=12; positive continuous predictors; integer groups; family-valid outcome	not-run	https://raw.githubusercontent.com/ASKurz/Doing-Bayesian-Data-Analysis-in-brms-and-the-tidyverse/master/data.R/OrdinalProbitData1.csv	The cited resource is a data file; it can support dataset provenance but not the claimed model formula or family.	inferred-from-catalog-title/formula	ordinary_brm	family evidence remains indeterminate		434	-7.817384082920588	historical-semantics-unresolved	not-probed	dc6a03c7bef5ef3b2c0e73593d2d7ac18a7f270c67953e0315c0f0767477c425	not_supported_by_data_file			ready	8784ec1578398216646404186442a8c6ca982c746b48e2ee65e645c4adc4a144	kruschke		pass	kruschke:ordinal_probit_hetero	unresolved-family	reachable_data_file	pass	pass		269e464306c9a72b8d483915ea4e15ecc29cb5b4fa80f0793fc24a4a522a1961		Ordinal Probit — Heteroscedastic Gaussian Comparison	bf(Y ~ 0 + X, sigma ~ 0 + X)	true	SbPMX origin/main@a8fd3c02e1e2305683a56c91384701bfeba6b528:design/{ASKS.md,SbPMX.jl,mock_runtime.jl},compat/check-semantic-model-pipeline.jl	false		2026-07-28T21:07:10.183653+00:00	ordinal_probit_hetero	true		family is not explicit or defensibly inferred	direct		already-expressible-via-semantic-rewrite	https://raw.githubusercontent.com/ASKurz/Doing-Bayesian-Data-Analysis-in-brms-and-the-tidyverse/master/data.R/OrdinalProbitData1.csv		bf(Y ~ 0 + X, sigma ~ 0 + X)		gaussian	bridgestan-finite-density-gradient	217
unverifiable	historical ordinal link/threshold semantics are not equivalent to stock OrderedLogistic		unverifiable		884	CatalogServer_default_unsubstantiated		gaussian	renderer-default-contradicts semantic inference			not_supported_by_data_file				no executable descriptor until translation is resolved	scripts/examples/kruschke.jl	true			not-run	happiness_assets			reachable-data-or-description	true		false	not-run				not-run		not-run	unresolved-family	https://raw.githubusercontent.com/ASKurz/Doing-Bayesian-Data-Analysis-in-brms-and-the-tidyverse/master/data.R/HappinessAssetsDebt.csv	@options + option_domain/option_records + semantic_card under semantic_app	dataset_repository_or_file_only	05c3f465e7987e8d7caa7e214fedddd90415a922		text_offset=1; matched_terms=assets,happiness; context_sha256=bd6bf8ad0da2ca4a	direct population/likelihood route when the family and terms are supported	200	synthetic n=12; positive continuous predictors; integer groups; family-valid outcome	not-run	https://raw.githubusercontent.com/ASKurz/Doing-Bayesian-Data-Analysis-in-brms-and-the-tidyverse/master/data.R/HappinessAssetsDebt.csv	The cited resource is a data file; it can support dataset provenance but not the claimed model formula or family.	inferred-from-catalog-title	ordinary_brm	family evidence remains indeterminate				historical-semantics-unresolved	not-probed		not_supported_by_data_file			unsupported	9ec06f4a16d976b4d39a4ef801080696ef9336d9f67302bd0f0d12151c570051	kruschke		not-run	kruschke:happiness_assets	unresolved-family	reachable_data_file	not-run	not-run				Happiness and Assets — Cumulative Ordinal Probit	Happiness ~ 1 + Assets_s	not-run	SbPMX origin/main@a8fd3c02e1e2305683a56c91384701bfeba6b528:design/{ASKS.md,SbPMX.jl,mock_runtime.jl},compat/check-semantic-model-pipeline.jl	false		2026-07-28T21:07:10.014834+00:00	happiness_assets	true		family is not explicit or defensibly inferred	not-probed		historical-semantics-unresolved	https://raw.githubusercontent.com/ASKurz/Doing-Bayesian-Data-Analysis-in-brms-and-the-tidyverse/master/data.R/HappinessAssetsDebt.csv		Happiness ~ 1 + Assets_s		ordinal_probit	unsupported	218
unverifiable	historical ordinal link/threshold semantics are not equivalent to stock OrderedLogistic		unverifiable		901	CatalogServer_default_unsubstantiated		gaussian	renderer-default-contradicts semantic inference			not_supported_by_data_file				no executable descriptor until translation is resolved	scripts/examples/kruschke.jl	true			not-run	movies			reachable-data-or-description	true		false	not-run				not-run		not-run	unresolved-family	https://raw.githubusercontent.com/ASKurz/Doing-Bayesian-Data-Analysis-in-brms-and-the-tidyverse/master/data.R/Movies.csv	@options + option_domain/option_records + semantic_card under semantic_app	dataset_repository_or_file_only	05c3f465e7987e8d7caa7e214fedddd90415a922			direct population/likelihood route when the family and terms are supported	200	synthetic n=12; positive continuous predictors; integer groups; family-valid outcome	not-run	https://raw.githubusercontent.com/ASKurz/Doing-Bayesian-Data-Analysis-in-brms-and-the-tidyverse/master/data.R/Movies.csv	The cited resource is a data file; it can support dataset provenance but not the claimed model formula or family.	historical-link-unresolved	ordinary_brm	family evidence remains indeterminate				historical-semantics-unresolved	not-probed		not_supported_by_data_file			unsupported	133165b6ff33a95fd0136803646d0f2fb85f0e124b2944351b9190773d59129c	kruschke		not-run	kruschke:movies	unresolved-family	reachable_data_file	not-run	not-run				Movie Ratings — Cumulative Ordinal Regression	Rating ~ 1 + Year_s + Length_s	not-run	SbPMX origin/main@a8fd3c02e1e2305683a56c91384701bfeba6b528:design/{ASKS.md,SbPMX.jl,mock_runtime.jl},compat/check-semantic-model-pipeline.jl	false		2026-07-28T21:07:10.164408+00:00	movies	true		family is not explicit or defensibly inferred	not-probed		historical-semantics-unresolved	https://raw.githubusercontent.com/ASKurz/Doing-Bayesian-Data-Analysis-in-brms-and-the-tidyverse/master/data.R/Movies.csv		Rating ~ 1 + Year_s + Length_s		ordinal_unresolved	unsupported	219
unverifiable	nested/composite grouping factors are expressible after deriving stable integer group ids or expanding nesting; exact source identity must be reviewed		unverifiable		930	CatalogServer_default_unsubstantiated		gaussian	renderer-default-contradicts semantic inference			not_supported_by_data_file				no executable descriptor until translation is resolved	scripts/examples/kruschke.jl	true			not-run	haireye			reachable-data-or-description	true		false	not-run				not-run		not-run	unresolved-family	https://raw.githubusercontent.com/ASKurz/Doing-Bayesian-Data-Analysis-in-brms-and-the-tidyverse/master/data.R/HairEyeColor.csv	@options + option_domain/option_records + semantic_card under semantic_app	dataset_repository_or_file_only	05c3f465e7987e8d7caa7e214fedddd90415a922		text_offset=0; matched_terms=eye,hair; context_sha256=97719b33587fed7a	direct population/likelihood route when the family and terms are supported	200	synthetic n=12; positive continuous predictors; integer groups; family-valid outcome	not-run	https://raw.githubusercontent.com/ASKurz/Doing-Bayesian-Data-Analysis-in-brms-and-the-tidyverse/master/data.R/HairEyeColor.csv	The cited resource is a data file; it can support dataset provenance but not the claimed model formula or family.	inferred-from-name	ordinary_brm	family evidence remains indeterminate				historical-semantics-unresolved	not-probed		not_supported_by_data_file			semantic-rewrite	e405c295c6aeafef9ba0c84bcc6880c16c4cf56614724410e8e158493a6ce44f	kruschke		not-run	kruschke:haireye_poisson	unresolved-family	reachable_data_file	not-run	not-run				Hair-Eye Color — Poisson Log-Linear	Count ~ 1 + (1 | Hair) + (1 | Eye) + (1 | Hair:Eye)	not-run	SbPMX origin/main@a8fd3c02e1e2305683a56c91384701bfeba6b528:design/{ASKS.md,SbPMX.jl,mock_runtime.jl},compat/check-semantic-model-pipeline.jl	false		2026-07-28T21:07:10.010587+00:00	haireye_poisson	true		family is not explicit or defensibly inferred	not-probed		already-expressible-via-semantic-rewrite	https://raw.githubusercontent.com/ASKurz/Doing-Bayesian-Data-Analysis-in-brms-and-the-tidyverse/master/data.R/HairEyeColor.csv		Count ~ 1 + (1 | Hair) + (1 | Eye) + (1 | Hair:Eye)		poisson	semantic-rewrite	220
unverifiable	nested/composite grouping factors are expressible after deriving stable integer group ids or expanding nesting; exact source identity must be reviewed		unverifiable		946	CatalogServer_default_unsubstantiated		gaussian	renderer-default-contradicts semantic inference			not_supported_by_data_file				no executable descriptor until translation is resolved	scripts/examples/kruschke.jl	true			not-run	haireye			reachable-data-or-description	true		false	not-run				not-run		not-run	unresolved-family	https://raw.githubusercontent.com/ASKurz/Doing-Bayesian-Data-Analysis-in-brms-and-the-tidyverse/master/data.R/HairEyeColor.csv	@options + option_domain/option_records + semantic_card under semantic_app	dataset_repository_or_file_only	05c3f465e7987e8d7caa7e214fedddd90415a922		text_offset=0; matched_terms=eye,hair; context_sha256=97719b33587fed7a	direct population/likelihood route when the family and terms are supported	200	synthetic n=12; positive continuous predictors; integer groups; family-valid outcome	not-run	https://raw.githubusercontent.com/ASKurz/Doing-Bayesian-Data-Analysis-in-brms-and-the-tidyverse/master/data.R/HairEyeColor.csv	The cited resource is a data file; it can support dataset provenance but not the claimed model formula or family.	inferred-from-response-syntax	ordinary_brm	family evidence remains indeterminate				historical-semantics-unresolved	not-probed		not_supported_by_data_file			semantic-rewrite	e405c295c6aeafef9ba0c84bcc6880c16c4cf56614724410e8e158493a6ce44f	kruschke		not-run	kruschke:haireye_binomial	unresolved-family	reachable_data_file	not-run	not-run				Hair-Eye Color — Binomial Version	Count | trials(264) ~ 1 + (1 | Hair) + (1 | Eye) + (1 | Hair:Eye)	not-run	SbPMX origin/main@a8fd3c02e1e2305683a56c91384701bfeba6b528:design/{ASKS.md,SbPMX.jl,mock_runtime.jl},compat/check-semantic-model-pipeline.jl	false		2026-07-28T21:07:10.010587+00:00	haireye_binomial	true		family is not explicit or defensibly inferred	not-probed		already-expressible-via-semantic-rewrite	https://raw.githubusercontent.com/ASKurz/Doing-Bayesian-Data-Analysis-in-brms-and-the-tidyverse/master/data.R/HairEyeColor.csv		Count | trials(264) ~ 1 + (1 | Hair) + (1 | Eye) + (1 | Hair:Eye)		binomial	semantic-rewrite	221
unverifiable	explicit Normal likelihood; named log-scale sigma predictor uses native linked-predictor syntax	BRM constructs 500 Normal(100,15) draws and columns y,y_na,y1,cen1,y2,y3,cen2 with thresholds 85/115 and five-unit intervals. The authoritative chapter also simulates Normal(100,15) censoring but current thresholds/data draws differ (notably 106); exact formula/censoring operators, not values, establish the model match.	unverifiable	high	987	CatalogServer_default_unsubstantiated	4c45461bb7b6f25f	gaussian	renderer-default-unsubstantiated; inference happens to agree		f90517976b2f52cc9b63c7c5e151e85b1d677e63	not_evaluable		2		authoritative brm_descriptor/brm_execute; experimental SbPMX semantic_app mount adapter	scripts/examples/kruschke.jl	true	25.qmd#L350-L369	2026-07-28T22:54:31Z	pass	censored			synthetic-no-external-receipt	false		false	pass		explicit-family-recovery		pass	loc ~ 1\nlog(sigma) ~ 1\ny_na ~ Normal(loc, sigma)	pass	unresolved-family		@options + option_domain/option_records + semantic_card under semantic_app	no_external_authority	05c3f465e7987e8d7caa7e214fedddd90415a922			direct population/likelihood route when the family and terms are supported		synthetic n=12; positive continuous predictors; integer groups; family-valid outcome	not-run	synthetic	No external model citation: catalog claim is synthetic/uncited.	authoritative-audit-explicit-family-recovery	ordinary_brm	family evidence remains indeterminate	Searched historical BRM 05c3f465e7987e8d7caa7e214fedddd90415a922:scripts/examples/kruschke.jl:987, current DBDA/brms book code, git history, and the cited loader/data surface. The BRM row has blank family metadata; no family was inferred from brms defaults, response names, titles, or data type.	444	-8.47744637392999	historical-semantics-unresolved	not-probed	753dea3d593ead26e6aac70660a559267198f61b852b684b29e0e55df3254321	not_evaluable			ready		kruschke	200	pass	kruschke:censored_missing	unresolved-family	synthetic_claim_only	pass	pass		877dd7b212b797bc1207d8273e3840f9bd25d7d6c3b9d18f95cb198b76a90926	Historical BRM 05c3f465e7987e8d7caa7e214fedddd90415a922:scripts/examples/kruschke.jl:987 returns 'y_na ~ 1' with no family. The exact y_na ~ 1 model explicitly sets family = gaussian.	Censored Data — Missing Values Model	y_na ~ 1	true	SbPMX origin/main@a8fd3c02e1e2305683a56c91384701bfeba6b528:design/{ASKS.md,SbPMX.jl,mock_runtime.jl},compat/check-semantic-model-pipeline.jl	false			censored_missing	true	Historical BRM formula is 'y_na ~ 1'. Authoritative formula/likelihood at 25.qmd#L350-L369 is the same model up to documented renaming, centering, or generated-column crosswalk.	family is not explicit or defensibly inferred	direct	The authoritative book/repository explicitly declares gaussian; dataset evidence only confirms the example identity and was not used as sole family evidence.	already-expressible-verbatim	synthetic		y_na ~ 1	https://github.com/ASKurz/Doing-Bayesian-Data-Analysis-in-brms-and-the-tidyverse	gaussian	bridgestan-finite-density-gradient	222
unverifiable	requires a faithful brm_kernel implementation; no ordinary-formula substitute	BRM constructs 500 Normal(100,15) draws and columns y,y_na,y1,cen1,y2,y3,cen2 with thresholds 85/115 and five-unit intervals. The authoritative chapter also simulates Normal(100,15) censoring but current thresholds/data draws differ (notably 106); exact formula/censoring operators, not values, establish the model match.	unverifiable	high	1003	CatalogServer_default_unsubstantiated		gaussian	renderer-default-unsubstantiated; inference happens to agree		f90517976b2f52cc9b63c7c5e151e85b1d677e63	not_evaluable				authoritative kernel-capable BRMDescriptor substrate; row-specific experimental semantic_app adapter required	scripts/examples/kruschke.jl	true	25.qmd#L371-L405	2026-07-28T22:54:31Z	not-run	censored			synthetic-no-external-receipt	false		false	not-run		explicit-family-recovery		not-run		not-run	unresolved-family		@options + option_domain/option_records + semantic_card under semantic_app	no_external_authority	05c3f465e7987e8d7caa7e214fedddd90415a922			faithful-candidate: censoring/truncation needs a row-specific density or survival contribution; no generic response modifier is shipped		synthetic n=12; positive continuous predictors; integer groups; family-valid outcome	not-run	synthetic	No external model citation: catalog claim is synthetic/uncited.	authoritative-audit-explicit-family-recovery	brm_kernel	family evidence remains indeterminate	Searched historical BRM 05c3f465e7987e8d7caa7e214fedddd90415a922:scripts/examples/kruschke.jl:1003, current DBDA/brms book code, git history, and the cited loader/data surface. The BRM row has blank family metadata; no family was inferred from brms defaults, response names, titles, or data type.			historical-semantics-unresolved	not-probed		not_evaluable			route-specific		kruschke	200	not-run	kruschke:censored_lr	unresolved-family	synthetic_claim_only	not-run	not-run			Historical BRM 05c3f465e7987e8d7caa7e214fedddd90415a922:scripts/examples/kruschke.jl:1003 returns 'y1 | cens(cen1) ~ 1' with no family. The exact y1 | cens(cen1) ~ 1 model explicitly sets family = gaussian.	Censored Data — Left/Right Censoring	y1 | cens(cen1) ~ 1	not-run	SbPMX origin/main@a8fd3c02e1e2305683a56c91384701bfeba6b528:design/{ASKS.md,SbPMX.jl,mock_runtime.jl},compat/check-semantic-model-pipeline.jl	false			censored_lr	true	Historical BRM formula is 'y1 | cens(cen1) ~ 1'. Authoritative formula/likelihood at 25.qmd#L371-L405 is the same model up to documented renaming, centering, or generated-column crosswalk.	family is not explicit or defensibly inferred	not-probed	Recover Gaussian latent event-time/value likelihood while preserving left/right censoring in the observation contribution.	historical-semantics-unresolved	synthetic	kernel/plate substrate control is separately probed	y1 | cens(cen1) ~ 1	https://github.com/ASKurz/Doing-Bayesian-Data-Analysis-in-brms-and-the-tidyverse	gaussian	route-specific	223
unverifiable	requires a faithful brm_kernel implementation; no ordinary-formula substitute	BRM constructs 500 Normal(100,15) draws and columns y,y_na,y1,cen1,y2,y3,cen2 with thresholds 85/115 and five-unit intervals. The authoritative chapter also simulates Normal(100,15) censoring but current thresholds/data draws differ (notably 106); exact formula/censoring operators, not values, establish the model match.	unverifiable	high	1019	CatalogServer_default_unsubstantiated		gaussian	renderer-default-unsubstantiated; inference happens to agree		f90517976b2f52cc9b63c7c5e151e85b1d677e63	not_evaluable				authoritative kernel-capable BRMDescriptor substrate; row-specific experimental semantic_app adapter required	scripts/examples/kruschke.jl	true	25.qmd#L520-L569	2026-07-28T22:54:31Z	not-run	censored			synthetic-no-external-receipt	false		false	not-run		explicit-family-recovery		not-run		not-run	unresolved-family		@options + option_domain/option_records + semantic_card under semantic_app	no_external_authority	05c3f465e7987e8d7caa7e214fedddd90415a922			faithful-candidate: censoring/truncation needs a row-specific density or survival contribution; no generic response modifier is shipped		synthetic n=12; positive continuous predictors; integer groups; family-valid outcome	not-run	synthetic	No external model citation: catalog claim is synthetic/uncited.	authoritative-audit-explicit-family-recovery	brm_kernel	family evidence remains indeterminate	Searched historical BRM 05c3f465e7987e8d7caa7e214fedddd90415a922:scripts/examples/kruschke.jl:1019, current DBDA/brms book code, git history, and the cited loader/data surface. The BRM row has blank family metadata; no family was inferred from brms defaults, response names, titles, or data type.			historical-semantics-unresolved	not-probed		not_evaluable			route-specific		kruschke	200	not-run	kruschke:censored_interval	unresolved-family	synthetic_claim_only	not-run	not-run			Historical BRM 05c3f465e7987e8d7caa7e214fedddd90415a922:scripts/examples/kruschke.jl:1019 returns 'y2 | cens(cen2, y3) ~ 1' with no family. The exact y2 | cens(cen2,y3) ~ 1 model explicitly sets family = gaussian.	Censored Data — Interval Censoring	y2 | cens(cen2, y3) ~ 1	not-run	SbPMX origin/main@a8fd3c02e1e2305683a56c91384701bfeba6b528:design/{ASKS.md,SbPMX.jl,mock_runtime.jl},compat/check-semantic-model-pipeline.jl	false			censored_interval	true	Historical BRM formula is 'y2 | cens(cen2, y3) ~ 1'. Authoritative formula/likelihood at 25.qmd#L520-L569 is the same model up to documented renaming, centering, or generated-column crosswalk.	family is not explicit or defensibly inferred	not-probed	Recover Gaussian latent-value likelihood while preserving lower/upper interval censoring.	historical-semantics-unresolved	synthetic	kernel/plate substrate control is separately probed	y2 | cens(cen2, y3) ~ 1	https://github.com/ASKurz/Doing-Bayesian-Data-Analysis-in-brms-and-the-tidyverse	gaussian	route-specific	224
unverifiable	explicit log-link Poisson likelihood; offset(...) becomes ordinary log exposure		unverifiable		37	CatalogServer_default_unsubstantiated	24ea9de506dc58a5	gaussian	renderer-default-contradicts semantic inference			insufficient_terms:0/4		7		authoritative brm_descriptor/brm_execute; experimental SbPMX semantic_app mount adapter	scripts/examples/burkner_papers.jl	true			pass	epilepsy			reachable-data-or-description	false		false	pass				pass	log_rate ~ zBase + Trt + (zBase & Trt) + (1 | patient)\ncount ~ Poisson(exp(log_rate))	pass	unresolved-family	https://www.jstatsoft.org/article/view/v080i01	@options + option_domain/option_records + semantic_card under semantic_app	cited_project_author_publisher_surface	05c3f465e7987e8d7caa7e214fedddd90415a922			direct population/likelihood route when the family and terms are supported	200	synthetic n=12; positive continuous predictors; integer groups; family-valid outcome	not-run	https://doi.org/10.18637/jss.v080.i01	Retrieved source does not expose enough formula-specific evidence to confirm or refute the catalog claim conservatively.	inferred-from-name	ordinary_brm	family evidence remains indeterminate		450	-12.0	historical-semantics-unresolved	not-probed	27a0fe07dd73e058fcb4ce2749188e2db6526f6de87c46ab8c440988b0811749	not_claimed			ready	89f79a2d3c77d1fd081c0dcfeac5e9c692e82ee1290a2edbf18b33898b9711b1	burkner_papers		pass	burkner_papers:epilepsy_base	unresolved-family	not_observed	pass	pass		0713c5a289e3ff9fa4cb0b424ac287536d36709fec86085af290a550dc88cdcd		Epileptic Seizure Counts — Poisson GLMM	count ~ zBase * Trt + (1 | patient)	true	SbPMX origin/main@a8fd3c02e1e2305683a56c91384701bfeba6b528:design/{ASKS.md,SbPMX.jl,mock_runtime.jl},compat/check-semantic-model-pipeline.jl	false		2026-07-28T21:07:08.677061+00:00	epilepsy_base	true		family is not explicit or defensibly inferred	direct		already-expressible-via-semantic-rewrite	https://vincentarelbundock.github.io/Rdatasets/csv/MASS/epil.csv		count ~ zBase * Trt + (1 | patient)		poisson	bridgestan-finite-density-gradient	225
unverifiable	requires a faithful brm_kernel implementation; no ordinary-formula substitute		unverifiable		53	CatalogServer_default_unsubstantiated		gaussian	renderer-default-contradicts semantic inference			insufficient_terms:0/5				authoritative kernel-capable BRMDescriptor substrate; row-specific experimental semantic_app adapter required	scripts/examples/burkner_papers.jl	true			not-run	epilepsy			reachable-data-or-description	false		false	not-run				not-run		not-run	unresolved-family	https://www.jstatsoft.org/article/view/v080i01	@options + option_domain/option_records + semantic_card under semantic_app	cited_project_author_publisher_surface	05c3f465e7987e8d7caa7e214fedddd90415a922			faithful-candidate: censoring/truncation needs a row-specific density or survival contribution; no generic response modifier is shipped	200	synthetic n=12; positive continuous predictors; integer groups; family-valid outcome	not-run	https://doi.org/10.18637/jss.v080.i01	Retrieved source does not expose enough formula-specific evidence to confirm or refute the catalog claim conservatively.	inferred-from-name	brm_kernel	family evidence remains indeterminate				historical-semantics-unresolved	not-probed		not_claimed			route-specific	89f79a2d3c77d1fd081c0dcfeac5e9c692e82ee1290a2edbf18b33898b9711b1	burkner_papers		not-run	burkner_papers:epilepsy_trunc	unresolved-family	not_observed	not-run	not-run				Epileptic Seizure Counts — Truncated Poisson	count | trunc(ub = 104) ~ zBase * Trt + (1 | patient)	not-run	SbPMX origin/main@a8fd3c02e1e2305683a56c91384701bfeba6b528:design/{ASKS.md,SbPMX.jl,mock_runtime.jl},compat/check-semantic-model-pipeline.jl	false		2026-07-28T21:07:08.677061+00:00	epilepsy_trunc	true		family is not explicit or defensibly inferred	not-probed		historical-semantics-unresolved	https://vincentarelbundock.github.io/Rdatasets/csv/MASS/epil.csv	kernel/plate substrate control is separately probed	count | trunc(ub = 104) ~ zBase * Trt + (1 | patient)		poisson	route-specific	226
unverifiable	explicit log-link Poisson likelihood; offset(...) becomes ordinary log exposure	Frozen loader URL returned HTTP 200: MASS::epil has 236 rows; original columns y,trt,base,age,V4,subject,period,lbase,lage; first y=5. Loader renames y to count and creates Trt,zBase,zAge,patient,visit.	unverifiable	medium-high	69	CatalogServer_default_unsubstantiated	888e4fe66d2d804a	gaussian	renderer-default-contradicts semantic inference		JSS 80(1) version of record and supplement; brms c48ec5fd973e365ec1352f631887b9994380d0c0; BRM 05c3f465e7987e8d7caa7e214fedddd90415a922	insufficient_terms:0/3		5		authoritative brm_descriptor/brm_execute; experimental SbPMX semantic_app mount adapter	scripts/examples/burkner_papers.jl	true	JSS supplement file 3513:425-446; brms:tests/testthat/tests.stancode.R:2321; BRM:scripts/examples/burkner_papers.jl:69-82; BRM:scripts/examples/burkner_papers.jl:69 @ 05c3f465e7987e8d7caa7e214fedddd90415a922	2026-07-28T23:01:07Z	pass	epilepsy			reachable-data-or-description	false		false	pass		defensible-semantic-inference		pass	log_rate ~ Trt + (1 | patient)\ncount ~ Poisson(exp(log_rate))	pass	unresolved-family	https://www.jstatsoft.org/article/view/v080i01	@options + option_domain/option_records + semantic_card under semantic_app	cited_project_author_publisher_surface	05c3f465e7987e8d7caa7e214fedddd90415a922		text_offset=95; matched_terms=main; context_sha256=21c362c03492e446	direct population/likelihood route when the family and terms are supported	200	synthetic n=12; positive continuous predictors; integer groups; family-valid outcome	not-run	https://doi.org/10.18637/jss.v080.i01	Retrieved source does not expose enough formula-specific evidence to confirm or refute the catalog claim conservatively.	authoritative-audit-defensible-semantic-inference	ordinary_brm	family evidence remains indeterminate	No exact authoritative fit of count~Trt+(1|patient) with family=poisson was found; the exact formula in a stancode test would default Gaussian and must not be used as positive family evidence.	454	-12.0	historical-semantics-unresolved	not-probed	71290dab77f5cee80feeeeb930eda78a3ca20d05897304e5f7d4857b8210cb1a	not_claimed			ready	89f79a2d3c77d1fd081c0dcfeac5e9c692e82ee1290a2edbf18b33898b9711b1	burkner_papers	200	pass	burkner_papers:epilepsy_simple	unresolved-family	name_or_key_present	pass	pass		a092f03d4979627ed33c33b7b499b7a0c077bac2ee3ee3782e14c83d306b5a22	JSS supplementary epilepsy fits explicitly pass family=poisson(); brms tests contain the exact simplified formula but omit family under the Gaussian API default, so the test is not family evidence.	Epileptic Seizure Counts — Simplified Main Effects	count ~ Trt + (1 | patient)	true	SbPMX origin/main@a8fd3c02e1e2305683a56c91384701bfeba6b528:design/{ASKS.md,SbPMX.jl,mock_runtime.jl},compat/check-semantic-model-pipeline.jl	false		2026-07-28T21:07:08.677061+00:00	epilepsy_simple	true	The row is described as a simplified main-effects version of the paper's seizure-count Poisson GLMM; removing baseline covariates does not change the count likelihood.	family is not explicit or defensibly inferred	direct	Poisson is a strong semantic recovery from the authoritative epilepsy model and discrete count schema, not an exact-call recovery.	already-expressible-verbatim	https://vincentarelbundock.github.io/Rdatasets/csv/MASS/epil.csv		count ~ Trt + (1 | patient)	https://www.jstatsoft.org/article/view/v080i01; JSS supplementary replication code; brms repository; frozen BRM source	poisson	bridgestan-finite-density-gradient	227
unverifiable	term has no semantics-preserving mechanical alias		unverifiable		117	CatalogServer_default_unsubstantiated		gaussian	renderer-default-contradicts semantic inference			insufficient_terms:0/4				no executable descriptor until translation is resolved	scripts/examples/burkner_papers.jl	true			not-run	inhaler			synthetic-no-external-receipt	false		false	not-run				not-run		not-run	unresolved-family	https://www.jstatsoft.org/article/view/v080i01	@options + option_domain/option_records + semantic_card under semantic_app	cited_project_author_publisher_surface	05c3f465e7987e8d7caa7e214fedddd90415a922		text_offset=765; matched_terms=ordinal; context_sha256=c098b783eecbbe32	direct population/likelihood route when the family and terms are supported	200	synthetic n=12; positive continuous predictors; integer groups; family-valid outcome	not-run	https://doi.org/10.18637/jss.v080.i01	Retrieved source does not expose enough formula-specific evidence to confirm or refute the catalog claim conservatively.	historical-link-unresolved	ordinary_brm	family evidence remains indeterminate				historical-semantics-unresolved	not-probed		not_claimed			unsupported	89f79a2d3c77d1fd081c0dcfeac5e9c692e82ee1290a2edbf18b33898b9711b1	burkner_papers		not-run	burkner_papers:inhaler	unresolved-family	name_or_key_present	not-run	not-run				Inhaler Ordinal Ratings — Sequential Ratio Model	rating ~ period + carry + cs(treat)	not-run	SbPMX origin/main@a8fd3c02e1e2305683a56c91384701bfeba6b528:design/{ASKS.md,SbPMX.jl,mock_runtime.jl},compat/check-semantic-model-pipeline.jl	false		2026-07-28T21:07:08.677061+00:00	inhaler	true		family is not explicit or defensibly inferred	not-probed		genuinely-missing-brm-surface	synthetic	StanBlocks building blocks may exist; see surface audits	rating ~ period + carry + cs(treat)		ordinal_unresolved	unsupported	228
unverifiable	requires a faithful brm_kernel implementation; no ordinary-formula substitute		unverifiable		169	CatalogServer_default_unsubstantiated		gaussian	renderer-default-contradicts semantic inference			insufficient_terms:1/7				authoritative kernel-capable BRMDescriptor substrate; row-specific experimental semantic_app adapter required	scripts/examples/burkner_papers.jl	true			not-run	kidney			synthetic-no-external-receipt	false		false	not-run				not-run		not-run	unresolved-family	https://www.jstatsoft.org/article/view/v080i01	@options + option_domain/option_records + semantic_card under semantic_app	cited_project_author_publisher_surface	05c3f465e7987e8d7caa7e214fedddd90415a922		text_offset=964; matched_terms=censored,survival; context_sha256=067988a9480bce7d	faithful-candidate: censoring/truncation needs a row-specific density or survival contribution; no generic response modifier is shipped	200	synthetic n=12; positive continuous predictors; integer groups; family-valid outcome	not-run	https://doi.org/10.18637/jss.v080.i01	Retrieved source does not expose enough formula-specific evidence to confirm or refute the catalog claim conservatively.	inferred-from-name	brm_kernel	family evidence remains indeterminate				historical-semantics-unresolved	not-probed		not_claimed			route-specific	89f79a2d3c77d1fd081c0dcfeac5e9c692e82ee1290a2edbf18b33898b9711b1	burkner_papers		not-run	burkner_papers:kidney	unresolved-family	name_or_key_present	not-run	not-run				Kidney Recurrence Times — Lognormal Survival	time | cens(censored) ~ age * sex + disease + (1 | patient)	not-run	SbPMX origin/main@a8fd3c02e1e2305683a56c91384701bfeba6b528:design/{ASKS.md,SbPMX.jl,mock_runtime.jl},compat/check-semantic-model-pipeline.jl	false		2026-07-28T21:07:08.677061+00:00	kidney	true		family is not explicit or defensibly inferred	not-probed		historical-semantics-unresolved	synthetic	kernel/plate substrate control is separately probed	time | cens(censored) ~ age * sex + disease + (1 | patient)		lognormal	route-specific	229
unverifiable	explicit Normal likelihood; named log-scale sigma predictor uses native linked-predictor syntax		unverifiable		203	CatalogServer_default_unsubstantiated	b050eec0307e4d38	gaussian	renderer-default-unsubstantiated; inference happens to agree			insufficient_terms:0/0		2		authoritative brm_descriptor/brm_execute; experimental SbPMX semantic_app mount adapter	scripts/examples/burkner_papers.jl	true			pass	hetero_jss			synthetic-no-external-receipt	false		false	pass				pass	loc ~ x\nlog(sigma) ~ 0 + x\ny ~ Normal(loc, sigma)	pass	unresolved-family	https://www.jstatsoft.org/article/view/v080i01	@options + option_domain/option_records + semantic_card under semantic_app	cited_project_author_publisher_surface	05c3f465e7987e8d7caa7e214fedddd90415a922		text_offset=43; matched_terms=model; context_sha256=8f3ad7ab69b41eeb	direct population/likelihood route when the family and terms are supported	200	synthetic n=12; positive continuous predictors; integer groups; family-valid outcome	not-run	https://doi.org/10.18637/jss.v080.i01	Retrieved source does not expose enough formula-specific evidence to confirm or refute the catalog claim conservatively.	inferred-from-name	ordinary_brm	family evidence remains indeterminate		460	-7.817384082920588	historical-semantics-unresolved	not-probed	28d5c8d51b2b49c4c2a58cd6c4a4a15574427da8e534c122c6b752d742c27e19	not_claimed			ready	89f79a2d3c77d1fd081c0dcfeac5e9c692e82ee1290a2edbf18b33898b9711b1	burkner_papers		pass	burkner_papers:hetero_jss_sigma	unresolved-family	name_or_key_present	pass	pass		40fd6315a7bf67f098d7b768380304fe77bcfd23915ba6b063ded4fc62bcb0ba		Heteroscedastic Model — Group-Specific Sigma	bf(y ~ x, sigma ~ 0 + x)	true	SbPMX origin/main@a8fd3c02e1e2305683a56c91384701bfeba6b528:design/{ASKS.md,SbPMX.jl,mock_runtime.jl},compat/check-semantic-model-pipeline.jl	false		2026-07-28T21:07:08.677061+00:00	hetero_jss_sigma	true		family is not explicit or defensibly inferred	direct		already-expressible-via-semantic-rewrite	synthetic		bf(y ~ x, sigma ~ 0 + x)		gaussian	bridgestan-finite-density-gradient	230
unverifiable	bf attribute `quantile = 0.25` needs family-specific semantic review	Frozen synthetic loader creates 100 rows with continuous y and x in {lo,hi}; generation uses group-specific Gaussian noise, but that generating distribution is not the fitted family.	unverifiable	high	220	CatalogServer_default_unsubstantiated		gaussian	renderer-default-contradicts semantic inference		brms c48ec5fd973e365ec1352f631887b9994380d0c0; JSS 80(1); BRM 05c3f465e7987e8d7caa7e214fedddd90415a922	insufficient_terms:0/1				no executable descriptor until translation is resolved	scripts/examples/burkner_papers.jl	true	brms:R/brm.R:414-417; BRM:scripts/examples/burkner_papers.jl:220-234; BRM:scripts/examples/burkner_papers.jl:220 @ 05c3f465e7987e8d7caa7e214fedddd90415a922	2026-07-28T23:01:07Z	not-run	hetero_jss			synthetic-no-external-receipt	false		false	not-run		explicit-family-recovery		not-run		not-run	unresolved-family	https://www.jstatsoft.org/article/view/v080i01	@options + option_domain/option_records + semantic_card under semantic_app	cited_project_author_publisher_surface	05c3f465e7987e8d7caa7e214fedddd90415a922			direct population/likelihood route when the family and terms are supported	200	synthetic n=12; positive continuous predictors; integer groups; family-valid outcome	not-run	https://doi.org/10.18637/jss.v080.i01	Retrieved source does not expose enough formula-specific evidence to confirm or refute the catalog claim conservatively.	authoritative-audit-explicit-family-recovery	ordinary_brm	family evidence remains indeterminate	The JSS paper page alone did not expose the exact call as searchable HTML; synthetic data generation must not be mistaken for family evidence.			historical-semantics-unresolved	not-probed		not_claimed			unsupported	89f79a2d3c77d1fd081c0dcfeac5e9c692e82ee1290a2edbf18b33898b9711b1	burkner_papers	200	not-run	burkner_papers:hetero_jss_quantile	unresolved-family	not_observed	not-run	not-run			Authoritative brms example uses the exact bf(y~x,quantile=0.25) and explicitly passes family=asym_laplace().	Quantile Regression — Asymmetric Laplace	bf(y ~ x, quantile = 0.25)	not-run	SbPMX origin/main@a8fd3c02e1e2305683a56c91384701bfeba6b528:design/{ASKS.md,SbPMX.jl,mock_runtime.jl},compat/check-semantic-model-pipeline.jl	false		2026-07-28T21:07:08.677061+00:00	hetero_jss_quantile	true	The 0.25 quantile parameter is a distributional parameter of the asymmetric Laplace quantile-regression family.	family is not explicit or defensibly inferred	not-probed	Exact authoritative brms example explicitly recovers asym_laplace.	genuinely-missing-brm-surface	synthetic	StanBlocks building blocks may exist; see surface audits	bf(y ~ x, quantile = 0.25)	https://github.com/paul-buerkner/brms; https://www.jstatsoft.org/article/view/v080i01; local git object for BayesianRegressionModels.jl frozen revision	asymmetriclaplace	unsupported	231
confirmed	explicit log-link Poisson likelihood; offset(...) becomes ordinary log exposure		confirmed		250	CatalogServer_default_unsubstantiated	15c31be1759e0507	gaussian	renderer-default-contradicts semantic inference			exact_text_present		3		authoritative brm_descriptor/brm_execute; experimental SbPMX semantic_app mount adapter	scripts/examples/burkner_papers.jl	true			pass	fish_rj			reachable-data-or-description	false		false	pass				pass	log_rate ~ persons + child + camper\ncount ~ Poisson(exp(log_rate))	pass	unresolved-family	https://journal.r-project.org/articles/RJ-2018-017/index.html	@options + option_domain/option_records + semantic_card under semantic_app	cited_project_author_publisher_surface	05c3f465e7987e8d7caa7e214fedddd90415a922		text_offset=19622; matched_terms=camper,persons; context_sha256=97f7f57bb9fe4237	direct population/likelihood route when the family and terms are supported	200	synthetic n=12; positive continuous predictors; integer groups; family-valid outcome	not-run	https://doi.org/10.32614/RJ-2018-017	The retrieved official/primary source contains the normalized claimed formula text.	inferred-from-name	ordinary_brm	family evidence remains indeterminate		210	-12.0	historical-semantics-unresolved	not-probed	b13ed9b1ef4d51f53c91c04a117ecf6138bfbba2192d02ea17e8b00d46ce47fc	not_claimed			ready	33aed1138c3b66dd945cdccac47d9cd5436d5c509bf30b296940900f1605c1bb	burkner_papers		pass	burkner_papers:fish_rj_poisson	unresolved-family	name_or_key_present	pass	pass		3b29b0f704c65c68a906706d7e76ac0f7d4dea59e847ac59b87cce92c7165b4f		Fish Counts — Poisson Baseline	count ~ persons + child + camper	true	SbPMX origin/main@a8fd3c02e1e2305683a56c91384701bfeba6b528:design/{ASKS.md,SbPMX.jl,mock_runtime.jl},compat/check-semantic-model-pipeline.jl	false		2026-07-28T21:07:08.679121+00:00	fish_rj_poisson	true		family is not explicit or defensibly inferred	inherited-identical-probe		already-expressible-verbatim	http://paulbuerkner.com/data/fish.csv		count ~ persons + child + camper		poisson	bridgestan-finite-density-gradient	232
confirmed	explicit log-link Poisson likelihood; offset(...) becomes ordinary log exposure		confirmed		266	CatalogServer_default_unsubstantiated	15c31be1759e0507	gaussian	renderer-default-contradicts semantic inference			exact_text_present		3		authoritative brm_descriptor/brm_execute; experimental SbPMX semantic_app mount adapter	scripts/examples/burkner_papers.jl	true			pass	fish_rj			reachable-data-or-description	false		false	pass				pass	log_rate ~ persons + child + camper\ncount ~ Poisson(exp(log_rate))	pass	unresolved-family	https://journal.r-project.org/articles/RJ-2018-017/index.html	@options + option_domain/option_records + semantic_card under semantic_app	cited_project_author_publisher_surface	05c3f465e7987e8d7caa7e214fedddd90415a922		text_offset=19622; matched_terms=camper,persons; context_sha256=97f7f57bb9fe4237	direct population/likelihood route when the family and terms are supported	200	synthetic n=12; positive continuous predictors; integer groups; family-valid outcome	not-run	https://doi.org/10.32614/RJ-2018-017	The retrieved official/primary source contains the normalized claimed formula text.	inferred-from-name	ordinary_brm	family evidence remains indeterminate		210	-12.0	historical-semantics-unresolved	not-probed	b13ed9b1ef4d51f53c91c04a117ecf6138bfbba2192d02ea17e8b00d46ce47fc	not_claimed			ready	33aed1138c3b66dd945cdccac47d9cd5436d5c509bf30b296940900f1605c1bb	burkner_papers		pass	burkner_papers:fish_rj_zip	unresolved-family	name_or_key_present	pass	pass		3b29b0f704c65c68a906706d7e76ac0f7d4dea59e847ac59b87cce92c7165b4f		Fish Counts — Zero-Inflated Poisson	bf(count ~ persons + child + camper, zi ~ child)	true	SbPMX origin/main@a8fd3c02e1e2305683a56c91384701bfeba6b528:design/{ASKS.md,SbPMX.jl,mock_runtime.jl},compat/check-semantic-model-pipeline.jl	false		2026-07-28T21:07:08.679121+00:00	fish_rj_zip	true		family is not explicit or defensibly inferred	inherited-identical-probe		already-expressible-via-semantic-rewrite	http://paulbuerkner.com/data/fish.csv		bf(count ~ persons + child + camper, zi ~ child)		poisson	bridgestan-finite-density-gradient	233
confirmed	term has no semantics-preserving mechanical alias	Frozen loader is synthetic: 3082 rows with numeric rentsqm,area,yearc and string district; it generates rentsqm = mu + sigma*randn. The article uses the real rent99 data with 3082 observations.	confirmed	high	307	CatalogServer_default_unsubstantiated		gaussian	renderer-default-unsubstantiated; inference happens to agree		RJ-2018-017 version of record; brms c48ec5fd973e365ec1352f631887b9994380d0c0; BRM 05c3f465e7987e8d7caa7e214fedddd90415a922	exact_text_present				no executable descriptor until translation is resolved	scripts/examples/burkner_papers.jl	true	RJ HTML code blocks cb18-cb22; brms:vignettes/brms_multilevel.ltx:267-341; brms:R/brm.R:449; BRM:scripts/examples/burkner_papers.jl; BRM:scripts/examples/burkner_papers.jl:307 @ 05c3f465e7987e8d7caa7e214fedddd90415a922	2026-07-28T23:01:07Z	not-run	rent99			synthetic-no-external-receipt	false		false	not-run		explicit-family-recovery		not-run		not-run	unresolved-family	https://journal.r-project.org/articles/RJ-2018-017/index.html	@options + option_domain/option_records + semantic_card under semantic_app	cited_project_author_publisher_surface	05c3f465e7987e8d7caa7e214fedddd90415a922		text_offset=24669; matched_terms=area,district,rent99,rentsqm,tensor,yearc; context_sha256=1dbb381e9ff43c89	direct population/likelihood route when the family and terms are supported	200	synthetic n=12; positive continuous predictors; integer groups; family-valid outcome	not-run	https://doi.org/10.32614/RJ-2018-017	The retrieved official/primary source contains the normalized claimed formula text.	authoritative-audit-explicit-family-recovery	ordinary_brm	family evidence remains indeterminate	Frozen synthetic replacement is not the article dataset and is supporting only; no contradictory family evidence found.			historical-semantics-unresolved	not-probed		not_claimed			unsupported	33aed1138c3b66dd945cdccac47d9cd5436d5c509bf30b296940900f1605c1bb	burkner_papers	200	not-run	burkner_papers:rent99_spline	unresolved-family	name_or_key_present	not-run	not-run			The article exact fit_rent1 call omits family; its printed summary states Family: gaussian(identity), and brm's API default is gaussian().	Munich Rent Data — Tensor-Product Spline	rentsqm ~ t2(area, yearc) + (1 | district)	not-run	SbPMX origin/main@a8fd3c02e1e2305683a56c91384701bfeba6b528:design/{ASKS.md,SbPMX.jl,mock_runtime.jl},compat/check-semantic-model-pipeline.jl	false		2026-07-28T21:07:08.679121+00:00	rent99_spline	true	Tensor-product smooths and district intercepts model the Gaussian mean.	family is not explicit or defensibly inferred	not-probed	Exact authoritative call/output and explicit API default recover gaussian.	genuinely-missing-brm-surface	synthetic	StanBlocks building blocks may exist; see surface audits	rentsqm ~ t2(area, yearc) + (1 | district)	https://journal.r-project.org/articles/RJ-2018-017/index.html; https://github.com/paul-buerkner/brms; local git object for BayesianRegressionModels.jl frozen revision	gaussian	unsupported	234
confirmed	term has no semantics-preserving mechanical alias	Frozen loader is synthetic: 3082 rows with numeric rentsqm,area,yearc and string district; it generates rentsqm = mu + sigma*randn. The article uses the real rent99 data with 3082 observations.	confirmed	high	323	CatalogServer_default_unsubstantiated		gaussian	renderer-default-unsubstantiated; inference happens to agree		RJ-2018-017 version of record; brms c48ec5fd973e365ec1352f631887b9994380d0c0; BRM 05c3f465e7987e8d7caa7e214fedddd90415a922	exact_text_present				no executable descriptor until translation is resolved	scripts/examples/burkner_papers.jl	true	RJ HTML code blocks cb18-cb22; brms:vignettes/brms_multilevel.ltx:267-341; brms:R/brm.R:449; BRM:scripts/examples/burkner_papers.jl; BRM:scripts/examples/burkner_papers.jl:323 @ 05c3f465e7987e8d7caa7e214fedddd90415a922	2026-07-28T23:01:07Z	not-run	rent99			synthetic-no-external-receipt	false		false	not-run		explicit-family-recovery		not-run		not-run	unresolved-family	https://journal.r-project.org/articles/RJ-2018-017/index.html	@options + option_domain/option_records + semantic_card under semantic_app	cited_project_author_publisher_surface	05c3f465e7987e8d7caa7e214fedddd90415a922		text_offset=24433; matched_terms=area,district,rent99,rentsqm,yearc; context_sha256=c89dc6acd9dad696	direct population/likelihood route when the family and terms are supported	200	synthetic n=12; positive continuous predictors; integer groups; family-valid outcome	not-run	https://doi.org/10.32614/RJ-2018-017	The retrieved official/primary source contains the normalized claimed formula text.	authoritative-audit-explicit-family-recovery	ordinary_brm	family evidence remains indeterminate	Frozen synthetic replacement is not the article dataset and is supporting only; no contradictory family evidence found.			historical-semantics-unresolved	not-probed		not_claimed			unsupported	33aed1138c3b66dd945cdccac47d9cd5436d5c509bf30b296940900f1605c1bb	burkner_papers	200	not-run	burkner_papers:rent99_distr	unresolved-family	name_or_key_present	not-run	not-run			The article exact bform/fit_rent2 call omits family; surrounding text explicitly calls sigma the scale parameter in Gaussian models, and brm's API default is gaussian().	Munich Rent Data — Distributional Smooth Regression	bf(rentsqm ~ t2(area, yearc) + (1 | ID1 | district), sigma ~ t2(area, yearc) + (1 | ID1 | district))	not-run	SbPMX origin/main@a8fd3c02e1e2305683a56c91384701bfeba6b528:design/{ASKS.md,SbPMX.jl,mock_runtime.jl},compat/check-semantic-model-pipeline.jl	false		2026-07-28T21:07:08.679121+00:00	rent99_distr	true	The sigma subformula models Gaussian residual scale and does not introduce a second response family.	family is not explicit or defensibly inferred	not-probed	Exact authoritative call/output and explicit API default recover gaussian.	genuinely-missing-brm-surface	synthetic	StanBlocks building blocks may exist; see surface audits	bf(rentsqm ~ t2(area, yearc) + (1 | ID1 | district), sigma ~ t2(area, yearc) + (1 | ID1 | district))	https://journal.r-project.org/articles/RJ-2018-017/index.html; https://github.com/paul-buerkner/brms; local git object for BayesianRegressionModels.jl frozen revision	gaussian	unsupported	235
confirmed	nonlinear parameter formulas need an explicit current linked-predictor design; current linked-predictor/kernel machinery exists, but this historical declaration needs a row-specific rewrite		confirmed		369	CatalogServer_default_unsubstantiated		gaussian	renderer-default-contradicts semantic inference			exact_text_present				no executable descriptor until translation is resolved	scripts/examples/burkner_papers.jl	true			not-run	loss_rj			synthetic-no-external-receipt	false		false	not-run				not-run		not-run	unresolved-family	https://journal.r-project.org/articles/RJ-2018-017/index.html	@options + option_domain/option_records + semantic_card under semantic_app	cited_project_author_publisher_surface	05c3f465e7987e8d7caa7e214fedddd90415a922		text_offset=14910; matched_terms=cum; context_sha256=7b3689ac451198b7	direct population/likelihood route when the family and terms are supported	200	synthetic n=12; positive continuous predictors; integer groups; family-valid outcome	not-run	https://doi.org/10.32614/RJ-2018-017	The retrieved official/primary source contains the normalized claimed formula text.	inferred-from-name	ordinary_brm	family evidence remains indeterminate				historical-semantics-unresolved	not-probed		not_claimed			semantic-rewrite	33aed1138c3b66dd945cdccac47d9cd5436d5c509bf30b296940900f1605c1bb	burkner_papers		not-run	burkner_papers:loss_rj	unresolved-family	name_or_key_present	not-run	not-run				Nonlinear Loss Development — Weibull Curve	bf(cum ~ ult * (1 - exp(-(dev/theta)^omega)), ult ~ 1 + (1 | AY), omega ~ 1, theta ~ 1, nl = TRUE)	not-run	SbPMX origin/main@a8fd3c02e1e2305683a56c91384701bfeba6b528:design/{ASKS.md,SbPMX.jl,mock_runtime.jl},compat/check-semantic-model-pipeline.jl	false		2026-07-28T21:07:08.679121+00:00	loss_rj	true		family is not explicit or defensibly inferred	not-probed		already-expressible-via-semantic-rewrite	synthetic		bf(cum ~ ult * (1 - exp(-(dev/theta)^omega)), ult ~ 1 + (1 | AY), omega ~ 1, theta ~ 1, nl = TRUE)		weibull	semantic-rewrite	236
confirmed	requires a faithful stanblocks_plate implementation; no ordinary-formula substitute		confirmed		413	CatalogServer_default_unsubstantiated		gaussian	renderer-default-unsubstantiated; inference happens to agree			exact_text_present				StanBlocks plate substrate; no authoritative BRM descriptor for this row; experimental semantic_app adapter required	scripts/examples/burkner_papers.jl	true			not-run	multi_member			synthetic-no-external-receipt	false		false	not-run				not-run		not-run	unresolved-family	https://journal.r-project.org/articles/RJ-2018-017/index.html	@options + option_domain/option_records + semantic_card under semantic_app	cited_project_author_publisher_surface	05c3f465e7987e8d7caa7e214fedddd90415a922		text_offset=9869; matched_terms=multiple; context_sha256=a74dfa343ea9579a	faithful-candidate: weighted multi-membership effects need an explicit plate adapter; the stock BRM term is missing	200	synthetic n=12; positive continuous predictors; integer groups; family-valid outcome	not-run	https://doi.org/10.32614/RJ-2018-017	The retrieved official/primary source contains the normalized claimed formula text.	inferred-from-name	stanblocks_plate	family evidence remains indeterminate				historical-semantics-unresolved	not-probed		not_claimed			route-specific	33aed1138c3b66dd945cdccac47d9cd5436d5c509bf30b296940900f1605c1bb	burkner_papers		not-run	burkner_papers:multi_member_equal	unresolved-family	name_or_key_present	not-run	not-run				Multiple Membership Model — Equal Weights	y ~ 1 + (1 | mm(s1, s2))	not-run	SbPMX origin/main@a8fd3c02e1e2305683a56c91384701bfeba6b528:design/{ASKS.md,SbPMX.jl,mock_runtime.jl},compat/check-semantic-model-pipeline.jl	false		2026-07-28T21:07:08.679121+00:00	multi_member_equal	true		family is not explicit or defensibly inferred	not-probed		genuinely-missing-brm-surface	synthetic	StanBlocks plate substrate exists	y ~ 1 + (1 | mm(s1, s2))		gaussian	route-specific	237
confirmed	requires a faithful stanblocks_plate implementation; no ordinary-formula substitute		confirmed		429	CatalogServer_default_unsubstantiated		gaussian	renderer-default-contradicts semantic inference			exact_text_present				StanBlocks plate substrate; no authoritative BRM descriptor for this row; experimental semantic_app adapter required	scripts/examples/burkner_papers.jl	true			not-run	multi_member			synthetic-no-external-receipt	false		false	not-run				not-run		not-run	unresolved-family	https://journal.r-project.org/articles/RJ-2018-017/index.html	@options + option_domain/option_records + semantic_card under semantic_app	cited_project_author_publisher_surface	05c3f465e7987e8d7caa7e214fedddd90415a922		text_offset=40765; matched_terms=weights; context_sha256=8e854b44867b64ef	faithful-candidate: weighted multi-membership effects need an explicit plate adapter; the stock BRM term is missing	200	synthetic n=12; positive continuous predictors; integer groups; family-valid outcome	not-run	https://doi.org/10.32614/RJ-2018-017	The retrieved official/primary source contains the normalized claimed formula text.	inferred-from-response-syntax	stanblocks_plate	family evidence remains indeterminate				historical-semantics-unresolved	not-probed		not_claimed			route-specific	33aed1138c3b66dd945cdccac47d9cd5436d5c509bf30b296940900f1605c1bb	burkner_papers		not-run	burkner_papers:multi_member_weighted	unresolved-family	name_or_key_present	not-run	not-run				Multiple Membership Model — Weighted	y ~ 1 + (1 | mm(s1, s2, weights = cbind(w1, w2)))	not-run	SbPMX origin/main@a8fd3c02e1e2305683a56c91384701bfeba6b528:design/{ASKS.md,SbPMX.jl,mock_runtime.jl},compat/check-semantic-model-pipeline.jl	false		2026-07-28T21:07:08.679121+00:00	multi_member_weighted	true		family is not explicit or defensibly inferred	not-probed		genuinely-missing-brm-surface	synthetic	StanBlocks plate substrate exists	y ~ 1 + (1 | mm(s1, s2, weights = cbind(w1, w2)))		binomial	route-specific	238
confirmed	requires a faithful brm_kernel implementation; no ordinary-formula substitute	Repository data: JGET trial CSV has 47,520 rows with trials,ID,session,outcome,response,confidence; first row 1,20,1,62,15.0,0.0953106029828632. Subject CSV has 198 rows and includes ID,session,pdi_total; first ID/session/pdi_total are 20/1/0.0535714285714286.	confirmed	high	82	CatalogServer_default_unsubstantiated		gaussian	renderer-default-contradicts semantic inference		ActionModels b9d80dd46d1719256a9f2abfca64e6c31c1c8e2a; BRM 05c3f465e7987e8d7caa7e214fedddd90415a922	exact_text_present				authoritative kernel-capable BRMDescriptor substrate; row-specific experimental semantic_app adapter required	scripts/examples/action_models.jl	true	ActionModels:docs/julia_files/D_tutorials_examples/example_jget.jl:70,85-110; src/premade_models/rescorla_wagner.jl:386-405,542; src/fitting_models/structs.jl:56-97; src/fitting_models/turing_model/population_models/glm_population_model.jl:248-293; BRM:scripts/examples/action_models.jl; BRM:scripts/examples/action_models.jl:82 @ 05c3f465e7987e8d7caa7e214fedddd90415a922	2026-07-28T23:01:07Z	not-run	jget_sub			reachable-data-or-description	false		false	not-run		explicit-family-recovery		not-run		not-run	unresolved-family	https://github.com/ComputationalPsychiatry/ActionModels.jl/blob/main/docs/julia_files/D_tutorials_examples/example_jget.jl	@options + option_domain/option_records + semantic_card under semantic_app	cited_project_author_publisher_surface	05c3f465e7987e8d7caa7e214fedddd90415a922		text_offset=4531; matched_terms=delusional,ideation,rescorla,wagner; context_sha256=5c9515f8227a128e	faithful-candidate: formula is a linked population model for latent cognitive parameters; the observed-data action likelihood and trial-state update must remain in one kernel	200	synthetic n=12; positive continuous predictors; integer groups; family-valid outcome	not-run	https://github.com/ComputationalPsychiatry/ActionModels.jl/blob/main/docs/julia_files/D_tutorials_examples/example_jget.jl	The retrieved official/primary source contains the normalized claimed formula text.	authoritative-audit-explicit-family-recovery	brm_kernel	family evidence remains indeterminate	The formula itself has no standalone response distribution; Normal coefficient priors and random effects are not the recovered response family. Frozen loader downloads only the subject table, not the trial responses that supply the likelihood.			historical-semantics-unresolved	not-probed		not_claimed			route-specific	9c5ed72bb4336c5b7f66f49b2195f21f2423bfa023fe2a1cad2fc4adb246139d	action_models	200	not-run	action_models:rw_jget_lr	unresolved-family	name_or_key_present	not-run	not-run			The exact population Regression for learning_rate supplies logistic as inverse link. The exact JGET model is ActionModel(RescorlaWagner()); its continuous default Gaussian report returns Normal(expected_value, action_noise). Regression stores formula/prior/inv_link only; linear_model returns inv_link.(eta) and contains no observation likelihood. The full create_model combines it with the action model.	Rescorla-Wagner × JGET — Learning Rate vs. Delusional Ideation	learning_rate ~ 1 + pdi_total + session + (1 | ID)	not-run	SbPMX origin/main@a8fd3c02e1e2305683a56c91384701bfeba6b528:design/{ASKS.md,SbPMX.jl,mock_runtime.jl},compat/check-semantic-model-pipeline.jl	false		2026-07-28T21:07:08.702298+00:00	rw_jget_lr	true	This is composite: observed response uses a Normal action likelihood, while the card formula maps covariates to latent learning_rate through a deterministic logistic link with Normal coefficient priors and Normal random effects.	family is not explicit or defensibly inferred	not-probed	Recover the full-model observed likelihood as Normal, explicitly qualified by the linked latent-parameter regression; do not collapse the formula into a standalone Gaussian BRM.	historical-semantics-unresolved	https://github.com/ComputationalPsychiatry/ActionModels.jl/tree/main/docs/example_data/JGET	kernel/plate substrate control is separately probed	learning_rate ~ 1 + pdi_total + session + (1 | ID)	https://github.com/ComputationalPsychiatry/ActionModels.jl; local git object for BayesianRegressionModels.jl frozen revision	action_gaussian_composite	route-specific	239
confirmed	requires a faithful brm_kernel implementation; no ordinary-formula substitute	Repository data: JGET trial CSV has 47,520 rows with trials,ID,session,outcome,response,confidence; first row 1,20,1,62,15.0,0.0953106029828632. Subject CSV has 198 rows and includes ID,session,pdi_total; first ID/session/pdi_total are 20/1/0.0535714285714286.	confirmed	high	103	CatalogServer_default_unsubstantiated		gaussian	renderer-default-contradicts semantic inference		ActionModels b9d80dd46d1719256a9f2abfca64e6c31c1c8e2a; BRM 05c3f465e7987e8d7caa7e214fedddd90415a922	exact_text_present				authoritative kernel-capable BRMDescriptor substrate; row-specific experimental semantic_app adapter required	scripts/examples/action_models.jl	true	ActionModels:docs/julia_files/D_tutorials_examples/example_jget.jl:70,85-110; src/premade_models/rescorla_wagner.jl:386-405,542; src/fitting_models/structs.jl:56-97; src/fitting_models/turing_model/population_models/glm_population_model.jl:248-293; BRM:scripts/examples/action_models.jl; BRM:scripts/examples/action_models.jl:103 @ 05c3f465e7987e8d7caa7e214fedddd90415a922	2026-07-28T23:01:07Z	not-run	jget_sub			reachable-data-or-description	false		false	not-run		explicit-family-recovery		not-run		not-run	unresolved-family	https://github.com/ComputationalPsychiatry/ActionModels.jl/blob/main/docs/julia_files/D_tutorials_examples/example_jget.jl	@options + option_domain/option_records + semantic_card under semantic_app	cited_project_author_publisher_surface	05c3f465e7987e8d7caa7e214fedddd90415a922		text_offset=4531; matched_terms=delusional,ideation,rescorla,wagner; context_sha256=5c9515f8227a128e	faithful-candidate: formula is a linked population model for latent cognitive parameters; the observed-data action likelihood and trial-state update must remain in one kernel	200	synthetic n=12; positive continuous predictors; integer groups; family-valid outcome	not-run	https://github.com/ComputationalPsychiatry/ActionModels.jl/blob/main/docs/julia_files/D_tutorials_examples/example_jget.jl	The retrieved official/primary source contains the normalized claimed formula text.	authoritative-audit-explicit-family-recovery	brm_kernel	family evidence remains indeterminate	The formula itself has no standalone response distribution; Normal coefficient priors and random effects are not the recovered response family. Frozen loader downloads only the subject table, not the trial responses that supply the likelihood.			historical-semantics-unresolved	not-probed		not_claimed			route-specific	9c5ed72bb4336c5b7f66f49b2195f21f2423bfa023fe2a1cad2fc4adb246139d	action_models	200	not-run	action_models:rw_jget_noise	unresolved-family	name_or_key_present	not-run	not-run			The exact population Regression for action_noise supplies exp as inverse link. The exact JGET model is ActionModel(RescorlaWagner()); its continuous default Gaussian report returns Normal(expected_value, action_noise). Regression stores formula/prior/inv_link only; linear_model returns inv_link.(eta) and contains no observation likelihood. The full create_model combines it with the action model.	Rescorla-Wagner × JGET — Action Noise vs. Delusional Ideation	action_noise ~ 1 + pdi_total + session + (1 | ID)	not-run	SbPMX origin/main@a8fd3c02e1e2305683a56c91384701bfeba6b528:design/{ASKS.md,SbPMX.jl,mock_runtime.jl},compat/check-semantic-model-pipeline.jl	false		2026-07-28T21:07:08.702298+00:00	rw_jget_noise	true	This is composite: observed response uses a Normal action likelihood, while the card formula maps covariates to latent action_noise through a deterministic exp link with Normal coefficient priors and Normal random effects.	family is not explicit or defensibly inferred	not-probed	Recover the full-model observed likelihood as Normal, explicitly qualified by the linked latent-parameter regression; do not collapse the formula into a standalone Gaussian BRM.	historical-semantics-unresolved	https://github.com/ComputationalPsychiatry/ActionModels.jl/tree/main/docs/example_data/JGET	kernel/plate substrate control is separately probed	action_noise ~ 1 + pdi_total + session + (1 | ID)	https://github.com/ComputationalPsychiatry/ActionModels.jl; local git object for BayesianRegressionModels.jl frozen revision	action_gaussian_composite	route-specific	240
mismatch	requires a faithful brm_kernel implementation; no ordinary-formula substitute	Repository data comprise 48 healthy, 43 heroin, and 38 amphetamine participants; tab files have trial,deck,gain,loss,subjID. First rows choose deck 3 with gain 50/loss 0. Frozen loader adds reward and clinical_group.	mismatch	high	122	CatalogServer_default_unsubstantiated		gaussian	renderer-default-contradicts semantic inference		ActionModels b9d80dd46d1719256a9f2abfca64e6c31c1c8e2a; BRM 05c3f465e7987e8d7caa7e214fedddd90415a922	contradicted_by_cited_source				authoritative kernel-capable BRMDescriptor substrate; row-specific experimental semantic_app adapter required	scripts/examples/action_models.jl	true	ActionModels:docs/julia_files/D_tutorials_examples/example_igt.jl:56-110; src/premade_models/pvl_delta.jl:44-94; src/fitting_models/structs.jl:56-97; src/fitting_models/turing_model/population_models/glm_population_model.jl:248-293; BRM:scripts/examples/action_models.jl; BRM:scripts/examples/action_models.jl:122 @ 05c3f465e7987e8d7caa7e214fedddd90415a922	2026-07-28T23:01:07Z	not-run	ahn_igt			reachable-data-or-description	false		false	not-run		explicit-family-recovery		not-run		not-run	unresolved-family	https://github.com/ComputationalPsychiatry/ActionModels.jl/blob/main/docs/julia_files/C_premade_models/pvl_delta.jl	@options + option_domain/option_records + semantic_card under semantic_app	cited_project_author_publisher_surface	05c3f465e7987e8d7caa7e214fedddd90415a922	Represent the cited code as independent LogitNormal/LogNormal population priors, or cite a different source that actually fits clinical_group effects.	source anchors: IGTdata_healthy_control.txt; population_model; session_cols=:subjID	faithful-candidate: formula is a linked population model for latent cognitive parameters; the observed-data action likelihood and trial-state update must remain in one kernel	200	synthetic n=12; positive continuous predictors; integer groups; family-valid outcome	not-run	https://github.com/ComputationalPsychiatry/ActionModels.jl/blob/main/docs/julia_files/C_premade_models/pvl_delta.jl	Cited code loads only healthy controls and defines independent population priors; it does not regress any parameter on clinical_group.	authoritative-audit-explicit-family-recovery	brm_kernel	family evidence remains indeterminate	The frozen row cites docs/julia_files/C_premade_models/pvl_delta.jl, which loads only healthy controls and has no clinical_group regression. Exact formulas are in D_tutorials_examples/example_igt.jl. Formula has no standalone response family.			historical-semantics-unresolved	not-probed		not_claimed			route-specific	139a8323d4c6c2a4e8d6cc48fd51ac4f3c2eb60c6269ff517ee9f8f36f59f233	action_models	200	not-run	action_models:pvl_igt_lr	unresolved-family	healthy_control_subset_only	not-run	not-run			The corrected authoritative tutorial contains the exact learning_rate Regression with logistic inverse link. PVLDelta computes softmax probabilities and explicitly returns Categorical(action_probabilities). Regression stores formula/prior/inv_link only; linear_model returns inv_link.(eta) and contains no observation likelihood. The full create_model combines it with the action model.	PVL-Delta × IGT — Learning Rate vs. Clinical Group	learning_rate ~ clinical_group + (1 | subjID)	not-run	SbPMX origin/main@a8fd3c02e1e2305683a56c91384701bfeba6b528:design/{ASKS.md,SbPMX.jl,mock_runtime.jl},compat/check-semantic-model-pipeline.jl	false		2026-07-28T21:07:08.688848+00:00	pvl_igt_lr	true	This is composite: observed deck choice is Categorical, while the card formula maps clinical_group to latent learning_rate through a deterministic logistic link with Normal coefficient priors and Normal random effects.	family is not explicit or defensibly inferred	not-probed	Recover the full-model observed likelihood as Categorical, explicitly qualified by the linked latent-parameter regression and corrected authoritative surface.	historical-semantics-unresolved	https://github.com/ComputationalPsychiatry/ActionModels.jl/tree/main/docs/example_data/ahn_et_al_2014	kernel/plate substrate control is separately probed	learning_rate ~ clinical_group + (1 | subjID)	https://github.com/ComputationalPsychiatry/ActionModels.jl; local git object for BayesianRegressionModels.jl frozen revision	action_categorical_composite	route-specific	241
mismatch	requires a faithful brm_kernel implementation; no ordinary-formula substitute	Repository data comprise 48 healthy, 43 heroin, and 38 amphetamine participants; tab files have trial,deck,gain,loss,subjID. First rows choose deck 3 with gain 50/loss 0. Frozen loader adds reward and clinical_group.	mismatch	high	140	CatalogServer_default_unsubstantiated		gaussian	renderer-default-contradicts semantic inference		ActionModels b9d80dd46d1719256a9f2abfca64e6c31c1c8e2a; BRM 05c3f465e7987e8d7caa7e214fedddd90415a922	contradicted_by_cited_source				authoritative kernel-capable BRMDescriptor substrate; row-specific experimental semantic_app adapter required	scripts/examples/action_models.jl	true	ActionModels:docs/julia_files/D_tutorials_examples/example_igt.jl:56-110; src/premade_models/pvl_delta.jl:44-94; src/fitting_models/structs.jl:56-97; src/fitting_models/turing_model/population_models/glm_population_model.jl:248-293; BRM:scripts/examples/action_models.jl; BRM:scripts/examples/action_models.jl:140 @ 05c3f465e7987e8d7caa7e214fedddd90415a922	2026-07-28T23:01:07Z	not-run	ahn_igt			reachable-data-or-description	false		false	not-run		explicit-family-recovery		not-run		not-run	unresolved-family	https://github.com/ComputationalPsychiatry/ActionModels.jl/blob/main/docs/julia_files/C_premade_models/pvl_delta.jl	@options + option_domain/option_records + semantic_card under semantic_app	cited_project_author_publisher_surface	05c3f465e7987e8d7caa7e214fedddd90415a922	Represent the cited code as independent LogitNormal/LogNormal population priors, or cite a different source that actually fits clinical_group effects.	source anchors: IGTdata_healthy_control.txt; population_model; session_cols=:subjID	faithful-candidate: formula is a linked population model for latent cognitive parameters; the observed-data action likelihood and trial-state update must remain in one kernel	200	synthetic n=12; positive continuous predictors; integer groups; family-valid outcome	not-run	https://github.com/ComputationalPsychiatry/ActionModels.jl/blob/main/docs/julia_files/C_premade_models/pvl_delta.jl	Cited code loads only healthy controls and defines independent population priors; it does not regress any parameter on clinical_group.	authoritative-audit-explicit-family-recovery	brm_kernel	family evidence remains indeterminate	The frozen row cites docs/julia_files/C_premade_models/pvl_delta.jl, which loads only healthy controls and has no clinical_group regression. Exact formulas are in D_tutorials_examples/example_igt.jl. Formula has no standalone response family.			historical-semantics-unresolved	not-probed		not_claimed			route-specific	139a8323d4c6c2a4e8d6cc48fd51ac4f3c2eb60c6269ff517ee9f8f36f59f233	action_models	200	not-run	action_models:pvl_igt_reward	unresolved-family	healthy_control_subset_only	not-run	not-run			The corrected authoritative tutorial contains the exact reward_sensitivity Regression with logistic inverse link. PVLDelta computes softmax probabilities and explicitly returns Categorical(action_probabilities). Regression stores formula/prior/inv_link only; linear_model returns inv_link.(eta) and contains no observation likelihood. The full create_model combines it with the action model.	PVL-Delta × IGT — Reward Sensitivity vs. Clinical Group	reward_sensitivity ~ clinical_group + (1 | subjID)	not-run	SbPMX origin/main@a8fd3c02e1e2305683a56c91384701bfeba6b528:design/{ASKS.md,SbPMX.jl,mock_runtime.jl},compat/check-semantic-model-pipeline.jl	false		2026-07-28T21:07:08.688848+00:00	pvl_igt_reward	true	This is composite: observed deck choice is Categorical, while the card formula maps clinical_group to latent reward_sensitivity through a deterministic logistic link with Normal coefficient priors and Normal random effects.	family is not explicit or defensibly inferred	not-probed	Recover the full-model observed likelihood as Categorical, explicitly qualified by the linked latent-parameter regression and corrected authoritative surface.	historical-semantics-unresolved	https://github.com/ComputationalPsychiatry/ActionModels.jl/tree/main/docs/example_data/ahn_et_al_2014	kernel/plate substrate control is separately probed	reward_sensitivity ~ clinical_group + (1 | subjID)	https://github.com/ComputationalPsychiatry/ActionModels.jl; local git object for BayesianRegressionModels.jl frozen revision	action_categorical_composite	route-specific	242
mismatch	requires a faithful brm_kernel implementation; no ordinary-formula substitute	Repository data comprise 48 healthy, 43 heroin, and 38 amphetamine participants; tab files have trial,deck,gain,loss,subjID. First rows choose deck 3 with gain 50/loss 0. Frozen loader adds reward and clinical_group.	mismatch	high	157	CatalogServer_default_unsubstantiated		gaussian	renderer-default-contradicts semantic inference		ActionModels b9d80dd46d1719256a9f2abfca64e6c31c1c8e2a; BRM 05c3f465e7987e8d7caa7e214fedddd90415a922	contradicted_by_cited_source				authoritative kernel-capable BRMDescriptor substrate; row-specific experimental semantic_app adapter required	scripts/examples/action_models.jl	true	ActionModels:docs/julia_files/D_tutorials_examples/example_igt.jl:56-110; src/premade_models/pvl_delta.jl:44-94; src/fitting_models/structs.jl:56-97; src/fitting_models/turing_model/population_models/glm_population_model.jl:248-293; BRM:scripts/examples/action_models.jl; BRM:scripts/examples/action_models.jl:157 @ 05c3f465e7987e8d7caa7e214fedddd90415a922	2026-07-28T23:01:07Z	not-run	ahn_igt			reachable-data-or-description	false		false	not-run		explicit-family-recovery		not-run		not-run	unresolved-family	https://github.com/ComputationalPsychiatry/ActionModels.jl/blob/main/docs/julia_files/C_premade_models/pvl_delta.jl	@options + option_domain/option_records + semantic_card under semantic_app	cited_project_author_publisher_surface	05c3f465e7987e8d7caa7e214fedddd90415a922	Represent the cited code as independent LogitNormal/LogNormal population priors, or cite a different source that actually fits clinical_group effects.	source anchors: IGTdata_healthy_control.txt; population_model; session_cols=:subjID	faithful-candidate: formula is a linked population model for latent cognitive parameters; the observed-data action likelihood and trial-state update must remain in one kernel	200	synthetic n=12; positive continuous predictors; integer groups; family-valid outcome	not-run	https://github.com/ComputationalPsychiatry/ActionModels.jl/blob/main/docs/julia_files/C_premade_models/pvl_delta.jl	Cited code loads only healthy controls and defines independent population priors; it does not regress any parameter on clinical_group.	authoritative-audit-explicit-family-recovery	brm_kernel	family evidence remains indeterminate	The frozen row cites docs/julia_files/C_premade_models/pvl_delta.jl, which loads only healthy controls and has no clinical_group regression. Exact formulas are in D_tutorials_examples/example_igt.jl. Formula has no standalone response family.			historical-semantics-unresolved	not-probed		not_claimed			route-specific	139a8323d4c6c2a4e8d6cc48fd51ac4f3c2eb60c6269ff517ee9f8f36f59f233	action_models	200	not-run	action_models:pvl_igt_loss	unresolved-family	healthy_control_subset_only	not-run	not-run			The corrected authoritative tutorial contains the exact loss_aversion Regression with exp inverse link. PVLDelta computes softmax probabilities and explicitly returns Categorical(action_probabilities). Regression stores formula/prior/inv_link only; linear_model returns inv_link.(eta) and contains no observation likelihood. The full create_model combines it with the action model.	PVL-Delta × IGT — Loss Aversion vs. Clinical Group	loss_aversion ~ clinical_group + (1 | subjID)	not-run	SbPMX origin/main@a8fd3c02e1e2305683a56c91384701bfeba6b528:design/{ASKS.md,SbPMX.jl,mock_runtime.jl},compat/check-semantic-model-pipeline.jl	false		2026-07-28T21:07:08.688848+00:00	pvl_igt_loss	true	This is composite: observed deck choice is Categorical, while the card formula maps clinical_group to latent loss_aversion through a deterministic exp link with Normal coefficient priors and Normal random effects.	family is not explicit or defensibly inferred	not-probed	Recover the full-model observed likelihood as Categorical, explicitly qualified by the linked latent-parameter regression and corrected authoritative surface.	historical-semantics-unresolved	https://github.com/ComputationalPsychiatry/ActionModels.jl/tree/main/docs/example_data/ahn_et_al_2014	kernel/plate substrate control is separately probed	loss_aversion ~ clinical_group + (1 | subjID)	https://github.com/ComputationalPsychiatry/ActionModels.jl; local git object for BayesianRegressionModels.jl frozen revision	action_categorical_composite	route-specific	243
mismatch	requires a faithful brm_kernel implementation; no ordinary-formula substitute	Repository data comprise 48 healthy, 43 heroin, and 38 amphetamine participants; tab files have trial,deck,gain,loss,subjID. First rows choose deck 3 with gain 50/loss 0. Frozen loader adds reward and clinical_group.	mismatch	high	174	CatalogServer_default_unsubstantiated		gaussian	renderer-default-contradicts semantic inference		ActionModels b9d80dd46d1719256a9f2abfca64e6c31c1c8e2a; BRM 05c3f465e7987e8d7caa7e214fedddd90415a922	contradicted_by_cited_source				authoritative kernel-capable BRMDescriptor substrate; row-specific experimental semantic_app adapter required	scripts/examples/action_models.jl	true	ActionModels:docs/julia_files/D_tutorials_examples/example_igt.jl:56-110; src/premade_models/pvl_delta.jl:44-94; src/fitting_models/structs.jl:56-97; src/fitting_models/turing_model/population_models/glm_population_model.jl:248-293; BRM:scripts/examples/action_models.jl; BRM:scripts/examples/action_models.jl:174 @ 05c3f465e7987e8d7caa7e214fedddd90415a922	2026-07-28T23:01:07Z	not-run	ahn_igt			reachable-data-or-description	false		false	not-run		explicit-family-recovery		not-run		not-run	unresolved-family	https://github.com/ComputationalPsychiatry/ActionModels.jl/blob/main/docs/julia_files/C_premade_models/pvl_delta.jl	@options + option_domain/option_records + semantic_card under semantic_app	cited_project_author_publisher_surface	05c3f465e7987e8d7caa7e214fedddd90415a922	Represent the cited code as independent LogitNormal/LogNormal population priors, or cite a different source that actually fits clinical_group effects.	source anchors: IGTdata_healthy_control.txt; population_model; session_cols=:subjID	faithful-candidate: formula is a linked population model for latent cognitive parameters; the observed-data action likelihood and trial-state update must remain in one kernel	200	synthetic n=12; positive continuous predictors; integer groups; family-valid outcome	not-run	https://github.com/ComputationalPsychiatry/ActionModels.jl/blob/main/docs/julia_files/C_premade_models/pvl_delta.jl	Cited code loads only healthy controls and defines independent population priors; it does not regress any parameter on clinical_group.	authoritative-audit-explicit-family-recovery	brm_kernel	family evidence remains indeterminate	The frozen row cites docs/julia_files/C_premade_models/pvl_delta.jl, which loads only healthy controls and has no clinical_group regression. Exact formulas are in D_tutorials_examples/example_igt.jl. Formula has no standalone response family.			historical-semantics-unresolved	not-probed		not_claimed			route-specific	139a8323d4c6c2a4e8d6cc48fd51ac4f3c2eb60c6269ff517ee9f8f36f59f233	action_models	200	not-run	action_models:pvl_igt_noise	unresolved-family	healthy_control_subset_only	not-run	not-run			The corrected authoritative tutorial contains the exact action_noise Regression with exp inverse link. PVLDelta computes softmax probabilities and explicitly returns Categorical(action_probabilities). Regression stores formula/prior/inv_link only; linear_model returns inv_link.(eta) and contains no observation likelihood. The full create_model combines it with the action model.	PVL-Delta × IGT — Action Noise vs. Clinical Group	action_noise ~ clinical_group + (1 | subjID)	not-run	SbPMX origin/main@a8fd3c02e1e2305683a56c91384701bfeba6b528:design/{ASKS.md,SbPMX.jl,mock_runtime.jl},compat/check-semantic-model-pipeline.jl	false		2026-07-28T21:07:08.688848+00:00	pvl_igt_noise	true	This is composite: observed deck choice is Categorical, while the card formula maps clinical_group to latent action_noise through a deterministic exp link with Normal coefficient priors and Normal random effects.	family is not explicit or defensibly inferred	not-probed	Recover the full-model observed likelihood as Categorical, explicitly qualified by the linked latent-parameter regression and corrected authoritative surface.	historical-semantics-unresolved	https://github.com/ComputationalPsychiatry/ActionModels.jl/tree/main/docs/example_data/ahn_et_al_2014	kernel/plate substrate control is separately probed	action_noise ~ clinical_group + (1 | subjID)	https://github.com/ComputationalPsychiatry/ActionModels.jl; local git object for BayesianRegressionModels.jl frozen revision	action_categorical_composite	route-specific	244
confirmed	likelihood/frequency weights or vreal payload have no stock BRM emitter; known response SE is a separate supported rewrite		confirmed		86	CatalogServer_default_unsubstantiated		gaussian	renderer-default-contradicts semantic inference			exact_text_present				no executable descriptor until translation is resolved	scripts/examples/epidist.jl	true			not-run	outbreak_aggregated			synthetic-no-external-receipt	false		false	not-run				not-run		not-run	unresolved-family	https://epidist.epinowcast.org/articles/epidist.html	@options + option_domain/option_records + semantic_card under semantic_app	cited_project_author_publisher_surface	05c3f465e7987e8d7caa7e214fedddd90415a922		text_offset=809; matched_terms=bias,delay,distribution; context_sha256=d3039d5a94900bd3	direct population/likelihood route when the family and terms are supported	200	synthetic n=12; positive continuous predictors; integer groups; family-valid outcome	not-run	https://epidist.epinowcast.org/articles/epidist.html	The retrieved official/primary source contains the normalized claimed formula text.	inferred-from-name	ordinary_brm	family evidence remains indeterminate				historical-semantics-unresolved	not-probed		not_claimed			unsupported	d735348045497d28be6651a72d94f0c44699342bb75d1bb0b8a14764bc0530c5	epidist		not-run	epidist:delay_naive	unresolved-family	name_or_key_present	not-run	not-run				Delay Distribution — Naive Lognormal (No Bias Correction)	delay | weights(n) ~ 1	not-run	SbPMX origin/main@a8fd3c02e1e2305683a56c91384701bfeba6b528:design/{ASKS.md,SbPMX.jl,mock_runtime.jl},compat/check-semantic-model-pipeline.jl	false		2026-07-28T21:07:08.682310+00:00	delay_naive	true		family is not explicit or defensibly inferred	not-probed		genuinely-missing-brm-surface	synthetic	StanBlocks building blocks may exist; see surface audits	delay | weights(n) ~ 1		lognormal	unsupported	245
confirmed	likelihood/frequency weights or vreal payload have no stock BRM emitter; known response SE is a separate supported rewrite		confirmed		105	CatalogServer_default_unsubstantiated		gaussian	renderer-default-contradicts semantic inference			exact_text_present				no executable descriptor until translation is resolved	scripts/examples/epidist.jl	true			not-run	outbreak_aggregated			synthetic-no-external-receipt	false		false	not-run				not-run		not-run	unresolved-family	https://epidist.epinowcast.org/articles/epidist.html	@options + option_domain/option_records + semantic_card under semantic_app	cited_project_author_publisher_surface	05c3f465e7987e8d7caa7e214fedddd90415a922		text_offset=25123; matched_terms=delay_lwr,delay_upr,pwindow,relative_obs_time,swindow; context_sha256=cf579c2a31b86858	direct population/likelihood route when the family and terms are supported	200	synthetic n=12; positive continuous predictors; integer groups; family-valid outcome	not-run	https://epidist.epinowcast.org/articles/epidist.html	The retrieved official/primary source contains the normalized claimed formula text.	inferred-from-name	ordinary_brm	family evidence remains indeterminate				historical-semantics-unresolved	not-probed		not_claimed			unsupported	d735348045497d28be6651a72d94f0c44699342bb75d1bb0b8a14764bc0530c5	epidist		not-run	epidist:delay_marginal	unresolved-family	name_or_key_present	not-run	not-run				Delay Distribution — Marginal Lognormal (Censoring + Truncation Corrected)	delay_lwr | weights(n) + vreal(relative_obs_time, pwindow, swindow, delay_upr) ~ 1	not-run	SbPMX origin/main@a8fd3c02e1e2305683a56c91384701bfeba6b528:design/{ASKS.md,SbPMX.jl,mock_runtime.jl},compat/check-semantic-model-pipeline.jl	false		2026-07-28T21:07:08.682310+00:00	delay_marginal	true		family is not explicit or defensibly inferred	not-probed		genuinely-missing-brm-surface	synthetic	StanBlocks building blocks may exist; see surface audits	delay_lwr | weights(n) + vreal(relative_obs_time, pwindow, swindow, delay_upr) ~ 1		lognormal	unsupported	246
adapted-but-defensible	requires a faithful stanblocks_plate implementation; no ordinary-formula substitute		mismatch		114	CatalogServer_default_unsubstantiated		gaussian	renderer-default-contradicts semantic inference			partial_semantic_terms:4/5				StanBlocks plate substrate; no authoritative BRM descriptor for this row; experimental semantic_app adapter required	scripts/examples/epinowcast.jl	true			not-run	hosp_triangle			synthetic-no-external-receipt	false		true	not-run				not-run		not-run	unresolved-family	https://package.epinowcast.org/articles/epinowcast.html	@options + option_domain/option_records + semantic_card under semantic_app	cited_project_author_publisher_surface	05c3f465e7987e8d7caa7e214fedddd90415a922	Translate the current enw_expectation and lognormal enw_reference modules shown on the page.	epinowcast quick start: default expectation_module and reference_module definitions	faithful-candidate: structured latent/time-series cells exceed an ordinary population formula	200	synthetic n=12; positive continuous predictors; integer groups; family-valid outcome	not-run	https://package.epinowcast.org/articles/epinowcast.html	The cited current quick start uses an expectation with a weekly random walk and day-of-week effect plus a lognormal parametric reference model. The catalog describes iid day effects as a geometric random walk and omits those modules.	inferred-from-name	stanblocks_plate	family evidence remains indeterminate				historical-semantics-unresolved	not-probed		not_claimed			route-specific	740bdaf817675c63e0bc01036c739c0c499799331e7099bfd1e134ef20643c33	epinowcast		not-run	epinowcast:enw_basic	unresolved-family	name_or_key_present	not-run	not-run				Epinowcast — Basic: Geometric Random Walk + Lognormal Delay	enw_expectation(~0 + (1|day)) + enw_reference(~1, dist='lognormal')	not-run	SbPMX origin/main@a8fd3c02e1e2305683a56c91384701bfeba6b528:design/{ASKS.md,SbPMX.jl,mock_runtime.jl},compat/check-semantic-model-pipeline.jl	false		2026-07-28T21:07:09.855522+00:00	enw_basic	true		family is not explicit or defensibly inferred	not-probed		historical-semantics-unresolved	synthetic	kernel/plate substrate control is separately probed	enw_expectation(~0 + (1|day)) + enw_reference(~1, dist='lognormal')		lognormal	route-specific	247
adapted-but-defensible	requires a faithful stanblocks_plate implementation; no ordinary-formula substitute		mismatch		133	CatalogServer_default_unsubstantiated		gaussian	renderer-default-contradicts semantic inference			partial_semantic_terms:5/7				StanBlocks plate substrate; no authoritative BRM descriptor for this row; experimental semantic_app adapter required	scripts/examples/epinowcast.jl	true			not-run	hosp_triangle			synthetic-no-external-receipt	false		true	not-run				not-run		not-run	unresolved-family	https://package.epinowcast.org/articles/epinowcast.html	@options + option_domain/option_records + semantic_card under semantic_app	cited_project_author_publisher_surface	05c3f465e7987e8d7caa7e214fedddd90415a922	Use the modules actually shown by the current quick start, or cite the older page/commit that contained the claimed report module.	epinowcast quick start: model-module definitions; no claimed enw_report block present	faithful-candidate: structured latent/time-series cells exceed an ordinary population formula	200	synthetic n=12; positive continuous predictors; integer groups; family-valid outcome	not-run	https://package.epinowcast.org/articles/epinowcast.html	The retrieved cited page does not define the claimed enw_report module, and its expectation/reference modules differ materially from the catalog composition.	inferred-from-name	stanblocks_plate	family evidence remains indeterminate				historical-semantics-unresolved	not-probed		not_claimed			route-specific	740bdaf817675c63e0bc01036c739c0c499799331e7099bfd1e134ef20643c33	epinowcast		not-run	epinowcast:enw_report_dow	unresolved-family	name_or_key_present	not-run	not-run				Epinowcast — Report Day-of-Week Effects	enw_expectation(~0 + (1|day)) + enw_reference(~1, dist='lognormal') + enw_report(~(1|day_of_week))	not-run	SbPMX origin/main@a8fd3c02e1e2305683a56c91384701bfeba6b528:design/{ASKS.md,SbPMX.jl,mock_runtime.jl},compat/check-semantic-model-pipeline.jl	false		2026-07-28T21:07:09.855522+00:00	enw_report_dow	true		family is not explicit or defensibly inferred	not-probed		historical-semantics-unresolved	synthetic	kernel/plate substrate control is separately probed	enw_expectation(~0 + (1|day)) + enw_reference(~1, dist='lognormal') + enw_report(~(1|day_of_week))		lognormal	route-specific	248
adapted-but-defensible	requires a faithful stanblocks_plate implementation; no ordinary-formula substitute	Historical loader emits cumulative confirm counts by reference/report date from lognormal delays, which has count support but cannot select Poisson versus negative binomial.	mismatch	strong	153	CatalogServer_default_unsubstantiated		gaussian	renderer-default-contradicts semantic inference	a707af21d138b0019810f8dce9d655109dc97ff6	BRM=05c3f465e7987e8d7caa7e214fedddd90415a922; epinowcast=a5b5ecdfedf588649a0b704739cd5d522954861f	partial_semantic_terms:6/6	11031f2d3bbd0c9cad42bed53a4a8dd193ab9d2e			StanBlocks plate substrate; no authoritative BRM descriptor for this row; experimental semantic_app adapter required	scripts/examples/epinowcast.jl	true	scripts/examples/epinowcast.jl:153-171; R/epinowcast.R:165-167; model.html observation-model section	2026-07-28T22:56:15Z	not-run	hosp_triangle			synthetic-no-external-receipt	false	4d8f565b1cf4b347b3d0e93a0b6499c2561dc42d	true	not-run		explicit-family-recovery	landed-surface-control-stanc-bridgestan-finite-predict-pointwise	not-run		not-run	unresolved-family	https://package.epinowcast.org/articles/model.html	@options + option_domain/option_records + semantic_card under semantic_app	cited_project_author_publisher_surface	05c3f465e7987e8d7caa7e214fedddd90415a922	Use the documented non_parametric formula with rw(delay), plus the page's day-of-week term where applicable.	model vignette and current getting-started nonparametric reference example	faithful-candidate: structured latent/time-series cells exceed an ordinary population formula	200	synthetic n=12; positive continuous predictors; integer groups; family-valid outcome	not-run	https://package.epinowcast.org/articles/model.html	A numeric ~0 + delay term is a linear delay effect, not a separate hazard for every delay as claimed. The cited guidance uses a random walk over delay for the nonparametric reference component.	authoritative-audit-explicit-family-recovery	stanblocks_plate	family evidence remains indeterminate	Catalog family metadata is blank; its synthetic final counts are deterministic trend plus discrete jitter, not negative-binomial draws; the cited delay claim is itself mismatched because ~0+delay is linear rather than one free hazard per delay.			historical-semantics-unresolved	not-probed		not_claimed			route-specific	06d122e87b9f208fb9394004e9a08529e800d888abfb4e63d9e4c96ab5106ea9	epinowcast	model.html=200; upstream-git=ok	not-run	epinowcast:enw_np_reference	unresolved-family	name_or_key_present	not-run	not-run	combined synthetic family-surface control only; never inherited as row validation		The upstream default model constructor sets enw_obs(family="negbin"); the official model article states that the default observation model is negative binomial and gives its likelihood.	Epinowcast — Non-parametric Hazard Delay Model	enw_expectation(~0 + (1|day)) + enw_reference(parametric=~0, non_parametric=~0+delay)	not-run	SbPMX origin/main@a8fd3c02e1e2305683a56c91384701bfeba6b528:design/{ASKS.md,SbPMX.jl,mock_runtime.jl},compat/check-semantic-model-pipeline.jl	true		2026-07-28T21:07:09.896540+00:00	enw_np_reference	true	The row changes only expectation/reference-delay modules and does not supply an alternative obs module, so the explicit default observation family applies.	family is not explicit or defensibly inferred	not-probed	Recover negative binomial from the authoritative default, independently of the weak synthetic generator and the inaccurate delay-description claim.	historical-semantics-unresolved	synthetic	kernel/plate substrate control is separately probed	enw_expectation(~0 + (1|day)) + enw_reference(parametric=~0, non_parametric=~0+delay)	historical BRM source scripts/examples/epinowcast.jl; official epinowcast model article https://package.epinowcast.org/articles/model.html; upstream epinowcast source https://github.com/epinowcast/epinowcast	negativebinomial	route-specific	249
adapted-but-defensible	requires a faithful stanblocks_plate implementation; no ordinary-formula substitute	Synthetic age-stratified loader has cumulative nonnegative confirm counts and age groups, supporting count-valued observations only.	confirmed	strong	174	CatalogServer_default_unsubstantiated		gaussian	renderer-default-contradicts semantic inference	a707af21d138b0019810f8dce9d655109dc97ff6	BRM=05c3f465e7987e8d7caa7e214fedddd90415a922; epinowcast=a5b5ecdfedf588649a0b704739cd5d522954861f	partial_semantic_terms:7/7	11031f2d3bbd0c9cad42bed53a4a8dd193ab9d2e			StanBlocks plate substrate; no authoritative BRM descriptor for this row; experimental semantic_app adapter required	scripts/examples/epinowcast.jl	true	scripts/examples/epinowcast.jl:174-193; R/epinowcast.R:165-167; model.html observation-model section	2026-07-28T22:56:15Z	not-run	hosp_triangle_age			synthetic-no-external-receipt	false	4d8f565b1cf4b347b3d0e93a0b6499c2561dc42d	true	not-run		explicit-family-recovery	landed-surface-control-stanc-bridgestan-finite-predict-pointwise	not-run		not-run	unresolved-family	https://package.epinowcast.org/articles/germany-age-stratified-nowcasting.html	@options + option_domain/option_records + semantic_card under semantic_app	cited_project_author_publisher_surface	05c3f465e7987e8d7caa7e214fedddd90415a922		germany-age-stratified-nowcasting: expectation_module, report_module_dow, and reference_module_age blocks	faithful-candidate: structured latent/time-series cells exceed an ordinary population formula	200	synthetic n=12; positive continuous predictors; integer groups; family-valid outcome	not-run	https://package.epinowcast.org/articles/germany-age-stratified-nowcasting.html	The cited age-stratified case study explicitly composes the day/day-of-week expectation, report day-of-week effect, and age-group reference effect represented by the catalog.	authoritative-audit-explicit-family-recovery	stanblocks_plate	family evidence remains indeterminate	Catalog family metadata is blank; the loader uses deterministic base/sinusoid counts plus uniform integer jitter and lognormal delays, not a negative-binomial generator.			historical-semantics-unresolved	not-probed		not_claimed			route-specific	45520f1716eda0228889d5d5590674f8a21a272dea2a2649b94cc50f81417cb0	epinowcast	age-article=200; model.html=200; upstream-git=ok	not-run	epinowcast:enw_age_reference	unresolved-family	name_or_key_present	not-run	not-run	combined synthetic family-surface control only; never inherited as row validation		The upstream model constructor explicitly defaults to enw_obs(family="negbin"), and the official model article identifies negative binomial as the default observation family.	Epinowcast — Age-Stratified Hierarchical Delays	enw_expectation(~0 + (1|day_of_week) + (1|day:.group)) + enw_reference(~1 + (1|age_group)) + enw_report(~(1|day_of_week))	not-run	SbPMX origin/main@a8fd3c02e1e2305683a56c91384701bfeba6b528:design/{ASKS.md,SbPMX.jl,mock_runtime.jl},compat/check-semantic-model-pipeline.jl	true		2026-07-28T21:07:09.875463+00:00	enw_age_reference	true	Age, expectation, reference-delay, and report-day modules alter predictors but the recovered specification does not override the observation module.	family is not explicit or defensibly inferred	not-probed	The family is explicit in the authoritative default and remains orthogonal to the age/reference formula composition.	historical-semantics-unresolved	synthetic	kernel/plate substrate control is separately probed	enw_expectation(~0 + (1|day_of_week) + (1|day:.group)) + enw_reference(~1 + (1|age_group)) + enw_report(~(1|day_of_week))	historical BRM source scripts/examples/epinowcast.jl; official age-stratified article https://package.epinowcast.org/articles/germany-age-stratified-nowcasting.html; official model article https://package.epinowcast.org/articles/model.html; upstream epinowcast source	negativebinomial	route-specific	250
adapted-but-defensible	requires a faithful stanblocks_plate implementation; no ordinary-formula substitute	Synthetic age-stratified loader provides cumulative integer counts by report delay and age group, compatible with a count likelihood.	confirmed	strong	195	CatalogServer_default_unsubstantiated		gaussian	renderer-default-contradicts semantic inference	a707af21d138b0019810f8dce9d655109dc97ff6	BRM=05c3f465e7987e8d7caa7e214fedddd90415a922; epinowcast=a5b5ecdfedf588649a0b704739cd5d522954861f	partial_semantic_terms:8/8	11031f2d3bbd0c9cad42bed53a4a8dd193ab9d2e			StanBlocks plate substrate; no authoritative BRM descriptor for this row; experimental semantic_app adapter required	scripts/examples/epinowcast.jl	true	scripts/examples/epinowcast.jl:195-213; R/epinowcast.R:165-167; model.html observation-model section	2026-07-28T22:56:15Z	not-run	hosp_triangle_age			synthetic-no-external-receipt	false	4d8f565b1cf4b347b3d0e93a0b6499c2561dc42d	true	not-run		explicit-family-recovery	landed-surface-control-stanc-bridgestan-finite-predict-pointwise	not-run		not-run	unresolved-family	https://package.epinowcast.org/articles/germany-age-stratified-nowcasting.html	@options + option_domain/option_records + semantic_card under semantic_app	cited_project_author_publisher_surface	05c3f465e7987e8d7caa7e214fedddd90415a922		germany-age-stratified-nowcasting: reference module containing rw(week, by = age_group)	faithful-candidate: structured latent/time-series cells exceed an ordinary population formula	200	synthetic n=12; positive continuous predictors; integer groups; family-valid outcome	not-run	https://package.epinowcast.org/articles/germany-age-stratified-nowcasting.html	The source explicitly extends the age reference model with a week random walk varying by age group; the catalog captures the complete module composition.	authoritative-audit-explicit-family-recovery	stanblocks_plate	family evidence remains indeterminate	Catalog family metadata is blank; its loader is not a negative-binomial generator and therefore is not independent family evidence.			historical-semantics-unresolved	not-probed		not_claimed			route-specific	45520f1716eda0228889d5d5590674f8a21a272dea2a2649b94cc50f81417cb0	epinowcast	age-article=200; model.html=200; upstream-git=ok	not-run	epinowcast:enw_age_week_reference	unresolved-family	name_or_key_present	not-run	not-run	combined synthetic family-surface control only; never inherited as row validation		The authoritative default is enw_obs(family="negbin"); the official model article explicitly documents that negative-binomial observation model.	Epinowcast — Time-Varying Delay with Weekly Random Walk by Age Group	enw_expectation(~0 + (1|day_of_week) + (1|day:.group)) + enw_reference(~1 + (1|age_group) + rw(week, by=age_group)) + enw_report(~(1|day_of_week))	not-run	SbPMX origin/main@a8fd3c02e1e2305683a56c91384701bfeba6b528:design/{ASKS.md,SbPMX.jl,mock_runtime.jl},compat/check-semantic-model-pipeline.jl	true		2026-07-28T21:07:09.875463+00:00	enw_age_week_reference	true	The added weekly random walk is a reference-delay predictor and does not override the observation family.	family is not explicit or defensibly inferred	not-probed	Use the explicit upstream observation default; do not infer the family from the delayed-count table alone.	historical-semantics-unresolved	synthetic	kernel/plate substrate control is separately probed	enw_expectation(~0 + (1|day_of_week) + (1|day:.group)) + enw_reference(~1 + (1|age_group) + rw(week, by=age_group)) + enw_report(~(1|day_of_week))	historical BRM source scripts/examples/epinowcast.jl; official age-stratified article https://package.epinowcast.org/articles/germany-age-stratified-nowcasting.html; official model article https://package.epinowcast.org/articles/model.html; upstream epinowcast source	negativebinomial	route-specific	251
adapted-but-defensible	requires a faithful stanblocks_plate implementation; no ordinary-formula substitute		mismatch		216	CatalogServer_default_unsubstantiated		gaussian	renderer-default-contradicts semantic inference			partial_semantic_terms:8/9				StanBlocks plate substrate; no authoritative BRM descriptor for this row; experimental semantic_app adapter required	scripts/examples/epinowcast.jl	true			not-run	hosp_triangle			synthetic-no-external-receipt	false		true	not-run				not-run		not-run	unresolved-family	https://package.epinowcast.org/articles/single-timeseries-rt-estimation.html	@options + option_domain/option_records + semantic_card under semantic_app	cited_project_author_publisher_surface	05c3f465e7987e8d7caa7e214fedddd90415a922	Include latent_reporting_delay in enw_expectation together with r, generation_time, and observation, then add the source reference module.	single-timeseries-rt-estimation: complete enw_expectation call	faithful-candidate: structured latent/time-series cells exceed an ordinary population formula	200	synthetic n=12; positive continuous predictors; integer groups; family-valid outcome	not-run	https://package.epinowcast.org/articles/single-timeseries-rt-estimation.html	The cited mechanistic expectation includes a latent reporting-delay component between infections and observed hospitalisations. The catalog omits that required delay while claiming the full renewal model.	inferred-from-name	stanblocks_plate	family evidence remains indeterminate				historical-semantics-unresolved	not-probed		not_claimed			route-specific	fef2fce245227d9bca65823ed59fe365eb170dcb7af21277c2bf84ffd3772202	epinowcast		not-run	epinowcast:enw_rt_renewal	unresolved-family	name_or_key_present	not-run	not-run				Epinowcast — Renewal Process with Rt Estimation	enw_expectation(r=~1+rw(week), generation_time=gt_pmf, observation=~1+(1|day_of_week)) + enw_reference(~1, dist='lognormal')	not-run	SbPMX origin/main@a8fd3c02e1e2305683a56c91384701bfeba6b528:design/{ASKS.md,SbPMX.jl,mock_runtime.jl},compat/check-semantic-model-pipeline.jl	false		2026-07-28T21:07:09.917559+00:00	enw_rt_renewal	true		family is not explicit or defensibly inferred	not-probed		historical-semantics-unresolved	synthetic	kernel/plate substrate control is separately probed	enw_expectation(r=~1+rw(week), generation_time=gt_pmf, observation=~1+(1|day_of_week)) + enw_reference(~1, dist='lognormal')		lognormal	route-specific	252
unverifiable	explicit Normal likelihood; named log-scale sigma predictor uses native linked-predictor syntax		unverifiable		176	CatalogServer_default_unsubstantiated	f49fcf2a17542980	gaussian	renderer-default-unsubstantiated; inference happens to agree			insufficient_terms:1/1		3		authoritative brm_descriptor/brm_execute; experimental SbPMX semantic_app mount adapter	scripts/examples/rstanarm.jl	true			pass	mtcars			reachable-data-or-description	false		false	pass				pass	loc ~ wt + am\nlog(sigma) ~ 1\nmpg ~ Normal(loc, sigma)	pass	unresolved-family	https://mc-stan.org/rstanarm/articles/priors.html	@options + option_domain/option_records + semantic_card under semantic_app	cited_project_author_publisher_surface	05c3f465e7987e8d7caa7e214fedddd90415a922		text_offset=4568; matched_terms=linear,mpg,mtcars; context_sha256=035acacd9369bccd	direct population/likelihood route when the family and terms are supported	200	synthetic n=12; positive continuous predictors; integer groups; family-valid outcome	not-run	https://mc-stan.org/rstanarm/articles/priors.html	Retrieved source does not expose enough formula-specific evidence to confirm or refute the catalog claim conservatively.	inferred-from-name	ordinary_brm	family evidence remains indeterminate		508	-3.8069883206128132	historical-semantics-unresolved	not-probed	0e75d90b4acb8af611aeb8b71eb96d81108fc5f2b71b07c016f60503bc31f65b	not_claimed			ready	ae5aa580f776ccec1544823f9c488562e2a8042ba1ae96303d5aa5e553768c32	rstanarm		pass	rstanarm:mtcars_lm	unresolved-family	name_or_key_present	pass	pass		70e88eaf3af4f89eec060b3f77de3cdba51506e1a91b3d40d664498a7dd108c1		Motor Trend Cars — Gaussian Linear Model	mpg ~ wt + am	true	SbPMX origin/main@a8fd3c02e1e2305683a56c91384701bfeba6b528:design/{ASKS.md,SbPMX.jl,mock_runtime.jl},compat/check-semantic-model-pipeline.jl	false		2026-07-28T21:07:09.540481+00:00	mtcars_lm	true		family is not explicit or defensibly inferred	direct		already-expressible-verbatim	https://vincentarelbundock.github.io/Rdatasets/csv/datasets/mtcars.csv		mpg ~ wt + am		gaussian	bridgestan-finite-density-gradient	254
confirmed	current `&` interactions require raw columns; transformed/non-atomic `*` operands need a data-derivation step; prederive the exact interaction/design columns	Frozen loader URL returned HTTP 200: clouds has 24 rows and seeding,time,sne,cloudcover,prewetness,echomotion,rainfall; first rainfall=12.85.	confirmed	high	194	CatalogServer_default_unsubstantiated		gaussian	renderer-default-unsubstantiated; inference happens to agree		rstanarm 97fdba425ea0bd280c25928f118d247e617f43ae; BRM 05c3f465e7987e8d7caa7e214fedddd90415a922	exact_text_present				no executable descriptor until translation is resolved	scripts/examples/rstanarm.jl	true	rstanarm:vignettes/lm.Rmd:205-229; rstanarm:R/stan_lm.R:126-160; BRM:scripts/examples/rstanarm.jl:194-201; BRM:scripts/examples/rstanarm.jl:194 @ 05c3f465e7987e8d7caa7e214fedddd90415a922	2026-07-28T23:01:07Z	not-run	clouds			reachable-data-or-description	false		false	not-run		explicit-family-recovery		not-run		not-run	unresolved-family	https://mc-stan.org/rstanarm/articles/lm.html	@options + option_domain/option_records + semantic_card under semantic_app	cited_project_author_publisher_surface	05c3f465e7987e8d7caa7e214fedddd90415a922		text_offset=11382; matched_terms=cloud,cloudcover,clouds,echomotion,prewetness,rainfall,seeding,sne; context_sha256=7c705fda9e95cae0	direct population/likelihood route when the family and terms are supported	200	synthetic n=12; positive continuous predictors; integer groups; family-valid outcome	not-run	https://mc-stan.org/rstanarm/articles/lm.html	The retrieved official/primary source contains the normalized claimed formula text.	authoritative-audit-explicit-family-recovery	ordinary_brm	family evidence remains indeterminate	No contradictory family evidence found.			historical-semantics-unresolved	not-probed		not_claimed			semantic-rewrite	846ba2bd7eee331908140adbbcbec6638b1f23cbd3d3552816c1723e10ae1541	rstanarm	200	not-run	rstanarm:clouds_lm	unresolved-family	name_or_key_present	not-run	not-run			The exact call is stan_lm with the catalog formula; stan_lm stores family=gaussian() explicitly at R/stan_lm.R:160.	Cloud Seeding — Regularized Linear Model (R² Prior)	rainfall ~ seeding * (sne + cloudcover + prewetness + echomotion) + time	not-run	SbPMX origin/main@a8fd3c02e1e2305683a56c91384701bfeba6b528:design/{ASKS.md,SbPMX.jl,mock_runtime.jl},compat/check-semantic-model-pipeline.jl	false		2026-07-28T21:07:09.519017+00:00	clouds_lm	true	R2 priors regularize explained variance but do not change the Gaussian linear-model likelihood.	family is not explicit or defensibly inferred	not-probed	Exact authoritative function and call explicitly recover gaussian.	already-expressible-via-semantic-rewrite	https://vincentarelbundock.github.io/Rdatasets/csv/HSAUR/clouds.csv		rainfall ~ seeding * (sne + cloudcover + prewetness + echomotion) + time	https://github.com/stan-dev/rstanarm; local git object for BayesianRegressionModels.jl frozen revision	gaussian	semantic-rewrite	255
adapted-but-defensible	trials/cbind response lowered to explicit BinomialLogit		adapted-but-defensible		214	CatalogServer_default_unsubstantiated	afd31b7123d8acbe	gaussian	renderer-default-contradicts semantic inference			partial_semantic_terms:4/5		2		authoritative brm_descriptor/brm_execute; experimental SbPMX semantic_app mount adapter	scripts/examples/rstanarm.jl	true			pass	womensrole			reachable-data-or-description	false		true	pass				pass	log_odds ~ education + sex\nagree ~ BinomialLogit(agree + disagree, log_odds)	pass	unresolved-family	https://mc-stan.org/rstanarm/articles/rstanarm.html	@options + option_domain/option_records + semantic_card under semantic_app	cited_project_author_publisher_surface	05c3f465e7987e8d7caa7e214fedddd90415a922	Document the gender-to-sex column adapter; otherwise use the source variable name.	rstanarm overview: womensrole grouped-binomial model block	direct population/likelihood route when the family and terms are supported	200	synthetic n=12; positive continuous predictors; integer groups; family-valid outcome	not-run	https://mc-stan.org/rstanarm/articles/rstanarm.html	The source fits the same grouped-binomial education-by-gender model; the catalog renames source gender to the mirror dataset column sex.	inferred-from-response-syntax	ordinary_brm	family evidence remains indeterminate		512	-83.17766166719343	historical-semantics-unresolved	not-probed	9e4a3a03c24b7ecac79978a782b28d7b11066fcfea5dc9fae49ce4ea1b66caaa	not_claimed			ready	684acb427701858666bfc2d0c0136f45fe9b8116dd6e663c4e53c6797d505527	rstanarm		pass	rstanarm:womensrole_logit	unresolved-family	name_or_key_present	pass	pass		f0497b9d21423e39bf9fd42c041056621d6b4a35ab57e04cd8cc68caba442dea		Women's Role Survey — Logistic Regression	cbind(agree, disagree) ~ education + sex	true	SbPMX origin/main@a8fd3c02e1e2305683a56c91384701bfeba6b528:design/{ASKS.md,SbPMX.jl,mock_runtime.jl},compat/check-semantic-model-pipeline.jl	false		2026-07-28T21:07:09.546094+00:00	womensrole_logit	true		family is not explicit or defensibly inferred	direct		already-expressible-via-semantic-rewrite	https://vincentarelbundock.github.io/Rdatasets/csv/HSAUR/womensrole.csv		cbind(agree, disagree) ~ education + sex		binomial	bridgestan-finite-density-gradient	256
adapted-but-defensible	trials/cbind response lowered to explicit BinomialLogit		adapted-but-defensible		229	CatalogServer_default_unsubstantiated	7d82529dc6eb6a1a	gaussian	renderer-default-contradicts semantic inference			partial_semantic_terms:4/5		3		authoritative brm_descriptor/brm_execute; experimental SbPMX semantic_app mount adapter	scripts/examples/rstanarm.jl	true			pass	womensrole			reachable-data-or-description	false		true	pass				pass	log_odds ~ education + protect(education^2) + sex\nagree ~ BinomialLogit(agree + disagree, log_odds)	pass	unresolved-family	https://mc-stan.org/rstanarm/articles/rstanarm.html	@options + option_domain/option_records + semantic_card under semantic_app	cited_project_author_publisher_surface	05c3f465e7987e8d7caa7e214fedddd90415a922	Document the gender-to-sex adapter for literal provenance.	rstanarm overview: quadratic womensrole update block	direct population/likelihood route when the family and terms are supported	200	synthetic n=12; positive continuous predictors; integer groups; family-valid outcome	not-run	https://mc-stan.org/rstanarm/articles/rstanarm.html	The source update adds the same quadratic education term; only the gender-to-sex dataset-column rename differs.	inferred-from-response-syntax	ordinary_brm	family evidence remains indeterminate		514	-83.17766166719343	historical-semantics-unresolved	not-probed	8befb73421fd9955614b6c27ad1717f458f7255c9e18070bd8f37b469d07564c	not_claimed			ready	684acb427701858666bfc2d0c0136f45fe9b8116dd6e663c4e53c6797d505527	rstanarm		pass	rstanarm:womensrole_quad	unresolved-family	name_or_key_present	pass	pass		29af879eb859ec154e386c52d3eba834819b257558e993b1ffbc2f27982b5840		Women's Role Survey — Logistic with Quadratic Education	cbind(agree, disagree) ~ education + I(education^2) + sex	true	SbPMX origin/main@a8fd3c02e1e2305683a56c91384701bfeba6b528:design/{ASKS.md,SbPMX.jl,mock_runtime.jl},compat/check-semantic-model-pipeline.jl	false		2026-07-28T21:07:09.546094+00:00	womensrole_quad	true		family is not explicit or defensibly inferred	direct		already-expressible-via-semantic-rewrite	https://vincentarelbundock.github.io/Rdatasets/csv/HSAUR/womensrole.csv		cbind(agree, disagree) ~ education + I(education^2) + sex		binomial	bridgestan-finite-density-gradient	257
confirmed	explicit Normal likelihood; named log-scale sigma predictor uses native linked-predictor syntax	Package-owned rstanarm data/kidiq.rda is 434x4 with kid_score,mom_hs,mom_iq,mom_age; first row is 65,1,121.117528602603,27.	confirmed	high	246	CatalogServer_default_unsubstantiated	a4e3390a5bd8f5a1	gaussian	renderer-default-unsubstantiated; inference happens to agree		rstanarm 97fdba425ea0bd280c25928f118d247e617f43ae; BRM 05c3f465e7987e8d7caa7e214fedddd90415a922	exact_text_present		2		authoritative brm_descriptor/brm_execute; experimental SbPMX semantic_app mount adapter	scripts/examples/rstanarm.jl	true	rstanarm:vignettes/continuous.Rmd:115-117; rstanarm:R/stan_glm.R:196-200; BRM:scripts/examples/rstanarm.jl; BRM:scripts/examples/rstanarm.jl:246 @ 05c3f465e7987e8d7caa7e214fedddd90415a922	2026-07-28T23:01:07Z	pass	kidiq			dead-source	false		false	pass		explicit-family-recovery		pass	loc ~ mom_hs\nlog(sigma) ~ 1\nkid_score ~ Normal(loc, sigma)	pass	unresolved-family	https://mc-stan.org/rstanarm/articles/continuous.html	@options + option_domain/option_records + semantic_card under semantic_app	cited_project_author_publisher_surface	05c3f465e7987e8d7caa7e214fedddd90415a922		text_offset=6888; matched_terms=kid_score,kidiq,mom_hs,school; context_sha256=2d357f0134244df5	direct population/likelihood route when the family and terms are supported	200	synthetic n=12; positive continuous predictors; integer groups; family-valid outcome	not-run	https://mc-stan.org/rstanarm/articles/continuous.html	The retrieved official/primary source contains the normalized claimed formula text.	authoritative-audit-explicit-family-recovery	ordinary_brm	family evidence remains indeterminate	Frozen Rdatasets URL https://vincentarelbundock.github.io/Rdatasets/csv/rstanarm/kidiq.csv returned HTTP 404 and is absent from current Rdatasets; package object supplied schema support.	516	-7.817384082920588	historical-semantics-unresolved	not-probed	129fdfb2d212271de9df31860287ae5b86a72c0212595ed8b03cebb690f92a02	not_claimed			ready	d7d41e7799ffacab9928f07245a9c166b8f29bd98055dd36364c38532fb30c39	rstanarm	200	pass	rstanarm:kidiq_hs	unresolved-family	name_or_key_present	pass	pass		730c198be883a57d142d9075e0b528f457c72945fcf9bd390908b892febc717e	post1 explicitly passes family=gaussian(link='identity'); post2-post4 are update(post1, formula=...), so they retain that family.	Child IQ — Maternal High-School Status	kid_score ~ mom_hs	true	SbPMX origin/main@a8fd3c02e1e2305683a56c91384701bfeba6b528:design/{ASKS.md,SbPMX.jl,mock_runtime.jl},compat/check-semantic-model-pipeline.jl	false		2026-07-28T21:07:09.492940+00:00	kidiq_hs	true	Changing predictors or adding an interaction does not change the inherited Gaussian response model.	family is not explicit or defensibly inferred	direct	Explicit initial family and exact update lineage recover gaussian for each formula.	already-expressible-verbatim	https://vincentarelbundock.github.io/Rdatasets/csv/rstanarm/kidiq.csv		kid_score ~ mom_hs	https://github.com/stan-dev/rstanarm; local git object for BayesianRegressionModels.jl frozen revision	gaussian	bridgestan-finite-density-gradient	258
adapted-but-defensible	explicit Normal likelihood; named log-scale sigma predictor uses native linked-predictor syntax	Package-owned rstanarm data/kidiq.rda is 434x4 with kid_score,mom_hs,mom_iq,mom_age; first row is 65,1,121.117528602603,27.	confirmed	high	261	CatalogServer_default_unsubstantiated	3262cc6ce1b89e6c	gaussian	renderer-default-unsubstantiated; inference happens to agree		rstanarm 97fdba425ea0bd280c25928f118d247e617f43ae; BRM 05c3f465e7987e8d7caa7e214fedddd90415a922	partial_semantic_terms:2/2		2		authoritative brm_descriptor/brm_execute; experimental SbPMX semantic_app mount adapter	scripts/examples/rstanarm.jl	true	rstanarm:vignettes/continuous.Rmd:118; rstanarm:R/stan_glm.R:196-200; BRM:scripts/examples/rstanarm.jl; BRM:scripts/examples/rstanarm.jl:261 @ 05c3f465e7987e8d7caa7e214fedddd90415a922	2026-07-28T23:01:07Z	pass	kidiq			dead-source	false		true	pass		explicit-family-recovery		pass	loc ~ mom_iq\nlog(sigma) ~ 1\nkid_score ~ Normal(loc, sigma)	pass	unresolved-family	https://mc-stan.org/rstanarm/articles/continuous.html	@options + option_domain/option_records + semantic_card under semantic_app	cited_project_author_publisher_surface	05c3f465e7987e8d7caa7e214fedddd90415a922		continuous-model vignette: post2 update to mom_iq	direct population/likelihood route when the family and terms are supported	200	synthetic n=12; positive continuous predictors; integer groups; family-valid outcome	not-run	https://mc-stan.org/rstanarm/articles/continuous.html	The source update fits kid_score on mom_iq with a Gaussian model, exactly the catalog claim.	authoritative-audit-explicit-family-recovery	ordinary_brm	family evidence remains indeterminate	Frozen Rdatasets URL https://vincentarelbundock.github.io/Rdatasets/csv/rstanarm/kidiq.csv returned HTTP 404 and is absent from current Rdatasets; package object supplied schema support.	518	-7.817384082920588	historical-semantics-unresolved	not-probed	6d30fed79da12deced0de16d3f0338feeac3e185b6857d8691ae681eb2bc7624	not_claimed			ready	d7d41e7799ffacab9928f07245a9c166b8f29bd98055dd36364c38532fb30c39	rstanarm	200	pass	rstanarm:kidiq_iq	unresolved-family	name_or_key_present	pass	pass		ac6c0d6ff9dc01ed243ac9630bdc2d95be1be61ac413912ab4ebed91c9e2ec45	post1 explicitly passes family=gaussian(link='identity'); post2-post4 are update(post1, formula=...), so they retain that family.	Child IQ — Maternal IQ	kid_score ~ mom_iq	true	SbPMX origin/main@a8fd3c02e1e2305683a56c91384701bfeba6b528:design/{ASKS.md,SbPMX.jl,mock_runtime.jl},compat/check-semantic-model-pipeline.jl	false		2026-07-28T21:07:09.492940+00:00	kidiq_iq	true	Changing predictors or adding an interaction does not change the inherited Gaussian response model.	family is not explicit or defensibly inferred	direct	Explicit initial family and exact update lineage recover gaussian for each formula.	already-expressible-verbatim	https://vincentarelbundock.github.io/Rdatasets/csv/rstanarm/kidiq.csv		kid_score ~ mom_iq	https://github.com/stan-dev/rstanarm; local git object for BayesianRegressionModels.jl frozen revision	gaussian	bridgestan-finite-density-gradient	259
confirmed	explicit Normal likelihood; named log-scale sigma predictor uses native linked-predictor syntax	Package-owned rstanarm data/kidiq.rda is 434x4 with kid_score,mom_hs,mom_iq,mom_age; first row is 65,1,121.117528602603,27.	confirmed	high	276	CatalogServer_default_unsubstantiated	3a80566304af8363	gaussian	renderer-default-unsubstantiated; inference happens to agree		rstanarm 97fdba425ea0bd280c25928f118d247e617f43ae; BRM 05c3f465e7987e8d7caa7e214fedddd90415a922	exact_text_present		3		authoritative brm_descriptor/brm_execute; experimental SbPMX semantic_app mount adapter	scripts/examples/rstanarm.jl	true	rstanarm:vignettes/continuous.Rmd:119; rstanarm:R/stan_glm.R:196-200; BRM:scripts/examples/rstanarm.jl; BRM:scripts/examples/rstanarm.jl:276 @ 05c3f465e7987e8d7caa7e214fedddd90415a922	2026-07-28T23:01:07Z	pass	kidiq			dead-source	false		false	pass		explicit-family-recovery		pass	loc ~ mom_hs + mom_iq\nlog(sigma) ~ 1\nkid_score ~ Normal(loc, sigma)	pass	unresolved-family	https://mc-stan.org/rstanarm/articles/continuous.html	@options + option_domain/option_records + semantic_card under semantic_app	cited_project_author_publisher_surface	05c3f465e7987e8d7caa7e214fedddd90415a922		text_offset=6888; matched_terms=kid_score,kidiq,mom_hs,mom_iq,school; context_sha256=2d357f0134244df5	direct population/likelihood route when the family and terms are supported	200	synthetic n=12; positive continuous predictors; integer groups; family-valid outcome	not-run	https://mc-stan.org/rstanarm/articles/continuous.html	The retrieved official/primary source contains the normalized claimed formula text.	authoritative-audit-explicit-family-recovery	ordinary_brm	family evidence remains indeterminate	Frozen Rdatasets URL https://vincentarelbundock.github.io/Rdatasets/csv/rstanarm/kidiq.csv returned HTTP 404 and is absent from current Rdatasets; package object supplied schema support.	520	-3.8069883206128132	historical-semantics-unresolved	not-probed	bff6a1c79c56e82c088d8cc16a32f38ed2c197e36ae5c30d730ae8e9119fe84e	not_claimed			ready	d7d41e7799ffacab9928f07245a9c166b8f29bd98055dd36364c38532fb30c39	rstanarm	200	pass	rstanarm:kidiq_both	unresolved-family	name_or_key_present	pass	pass		84005b514786a8e93b1d86aa7bdcc2866de3d32a6165108213db001f11791131	post1 explicitly passes family=gaussian(link='identity'); post2-post4 are update(post1, formula=...), so they retain that family.	Child IQ — Maternal High-School Status and IQ	kid_score ~ mom_hs + mom_iq	true	SbPMX origin/main@a8fd3c02e1e2305683a56c91384701bfeba6b528:design/{ASKS.md,SbPMX.jl,mock_runtime.jl},compat/check-semantic-model-pipeline.jl	false		2026-07-28T21:07:09.492940+00:00	kidiq_both	true	Changing predictors or adding an interaction does not change the inherited Gaussian response model.	family is not explicit or defensibly inferred	direct	Explicit initial family and exact update lineage recover gaussian for each formula.	already-expressible-verbatim	https://vincentarelbundock.github.io/Rdatasets/csv/rstanarm/kidiq.csv		kid_score ~ mom_hs + mom_iq	https://github.com/stan-dev/rstanarm; local git object for BayesianRegressionModels.jl frozen revision	gaussian	bridgestan-finite-density-gradient	260
confirmed	explicit Normal likelihood; named log-scale sigma predictor uses native linked-predictor syntax	Package-owned rstanarm data/kidiq.rda is 434x4 with kid_score,mom_hs,mom_iq,mom_age; first row is 65,1,121.117528602603,27.	confirmed	high	290	CatalogServer_default_unsubstantiated	ee0bf0820995ee08	gaussian	renderer-default-unsubstantiated; inference happens to agree		rstanarm 97fdba425ea0bd280c25928f118d247e617f43ae; BRM 05c3f465e7987e8d7caa7e214fedddd90415a922	exact_text_present		4		authoritative brm_descriptor/brm_execute; experimental SbPMX semantic_app mount adapter	scripts/examples/rstanarm.jl	true	rstanarm:vignettes/continuous.Rmd:120; rstanarm:R/stan_glm.R:196-200; BRM:scripts/examples/rstanarm.jl; BRM:scripts/examples/rstanarm.jl:290 @ 05c3f465e7987e8d7caa7e214fedddd90415a922	2026-07-28T23:01:07Z	pass	kidiq			dead-source	false		false	pass		explicit-family-recovery		pass	loc ~ mom_hs + mom_iq + (mom_hs & mom_iq)\nlog(sigma) ~ 1\nkid_score ~ Normal(loc, sigma)	pass	unresolved-family	https://mc-stan.org/rstanarm/articles/continuous.html	@options + option_domain/option_records + semantic_card under semantic_app	cited_project_author_publisher_surface	05c3f465e7987e8d7caa7e214fedddd90415a922		text_offset=6888; matched_terms=interaction,kid_score,kidiq,mom_hs,mom_iq,school; context_sha256=2d357f0134244df5	direct population/likelihood route when the family and terms are supported	200	synthetic n=12; positive continuous predictors; integer groups; family-valid outcome	not-run	https://mc-stan.org/rstanarm/articles/continuous.html	The retrieved official/primary source contains the normalized claimed formula text.	authoritative-audit-explicit-family-recovery	ordinary_brm	family evidence remains indeterminate	Frozen Rdatasets URL https://vincentarelbundock.github.io/Rdatasets/csv/rstanarm/kidiq.csv returned HTTP 404 and is absent from current Rdatasets; package object supplied schema support.	522	-3.8069883206128132	historical-semantics-unresolved	not-probed	d67e2f8788d0214de0de4b19bda4cc42d310594e386f0dfe31b0f1f3d2e8e957	not_claimed			ready	d7d41e7799ffacab9928f07245a9c166b8f29bd98055dd36364c38532fb30c39	rstanarm	200	pass	rstanarm:kidiq_interaction	unresolved-family	name_or_key_present	pass	pass		03464cbd08f76e68dc991a88a7dc8c29bdc9ebef944eb62c4bda21675df573b4	post1 explicitly passes family=gaussian(link='identity'); post2-post4 are update(post1, formula=...), so they retain that family.	Child IQ — Maternal High-School × IQ Interaction	kid_score ~ mom_hs * mom_iq	true	SbPMX origin/main@a8fd3c02e1e2305683a56c91384701bfeba6b528:design/{ASKS.md,SbPMX.jl,mock_runtime.jl},compat/check-semantic-model-pipeline.jl	false		2026-07-28T21:07:09.492940+00:00	kidiq_interaction	true	Changing predictors or adding an interaction does not change the inherited Gaussian response model.	family is not explicit or defensibly inferred	direct	Explicit initial family and exact update lineage recover gaussian for each formula.	already-expressible-via-semantic-rewrite	https://vincentarelbundock.github.io/Rdatasets/csv/rstanarm/kidiq.csv		kid_score ~ mom_hs * mom_iq	https://github.com/stan-dev/rstanarm; local git object for BayesianRegressionModels.jl frozen revision	gaussian	bridgestan-finite-density-gradient	261
confirmed	mean/shape gamma model converted to Distributions shape/rate		confirmed		307	CatalogServer_default_unsubstantiated	c12c760d3c6a844c	gaussian	renderer-default-contradicts semantic inference			exact_text_present		4		authoritative brm_descriptor/brm_execute; experimental SbPMX semantic_app mount adapter	scripts/examples/rstanarm.jl	true			pass	clotting			synthetic-no-external-receipt	false		false	pass				pass	log(mu) ~ log_plasma + lot_id + (log_plasma & lot_id)\nlog(shape) ~ 1\nrate = shape / mu\nclot_time ~ Gamma(shape, rate)	pass	unresolved-family	https://mc-stan.org/rstanarm/articles/continuous.html	@options + option_domain/option_records + semantic_card under semantic_app	cited_project_author_publisher_surface	05c3f465e7987e8d7caa7e214fedddd90415a922		text_offset=17089; matched_terms=clot_time,log_plasma,lot_id; context_sha256=bebc6c2838fc246c	direct population/likelihood route when the family and terms are supported	200	synthetic n=12; positive continuous predictors; integer groups; family-valid outcome	not-run	https://mc-stan.org/rstanarm/articles/continuous.html	The retrieved official/primary source contains the normalized claimed formula text.	inferred-from-name	ordinary_brm	family evidence remains indeterminate		524	-8.264693824172014	historical-semantics-unresolved	not-probed	af05be5827f5afd50320a6159d6d4f2dfdaadef6f889d57f51b25aa493f26046	not_claimed			ready	d7d41e7799ffacab9928f07245a9c166b8f29bd98055dd36364c38532fb30c39	rstanarm		pass	rstanarm:clotting_gamma	unresolved-family	name_or_key_present	pass	pass		dc04c1a9eb52c01082e776d7c4942163de22aa18bffea29a6d905319a11396cf		Blood Clotting Time — Gamma GLM	clot_time ~ log_plasma * lot_id	true	SbPMX origin/main@a8fd3c02e1e2305683a56c91384701bfeba6b528:design/{ASKS.md,SbPMX.jl,mock_runtime.jl},compat/check-semantic-model-pipeline.jl	false		2026-07-28T21:07:09.492940+00:00	clotting_gamma	true		family is not explicit or defensibly inferred	direct		already-expressible-via-semantic-rewrite	synthetic		clot_time ~ log_plasma * lot_id		gamma	bridgestan-finite-density-gradient	262
confirmed	explicit Bernoulli-logit likelihood		confirmed		325	CatalogServer_default_unsubstantiated	ffa058471c587584	gaussian	renderer-default-contradicts semantic inference			exact_text_present		1		authoritative brm_descriptor/brm_execute; experimental SbPMX semantic_app mount adapter	scripts/examples/rstanarm.jl	true			pass	wells			dead-source	false		false	pass				pass	log_odds ~ dist100\nswitch ~ BernoulliLogit(log_odds)	pass	unresolved-family	https://mc-stan.org/rstanarm/articles/binomial.html	@options + option_domain/option_records + semantic_card under semantic_app	cited_project_author_publisher_surface	05c3f465e7987e8d7caa7e214fedddd90415a922		text_offset=6449; matched_terms=bangladesh,distance,logistic,switch,wells; context_sha256=fcbf85e7d6e744f1	direct population/likelihood route when the family and terms are supported	200	synthetic n=12; positive continuous predictors; integer groups; family-valid outcome	not-run	https://mc-stan.org/rstanarm/articles/binomial.html	The retrieved official/primary source contains the normalized claimed formula text.	inferred-from-name	ordinary_brm	family evidence remains indeterminate		526	-8.317766166719343	historical-semantics-unresolved	not-probed	df116e874c54230231c70762f9a78cbc10d7593e18f93c6265f7f707bd164aab	not_claimed			ready	15a620ef7e58a9b003b16385fedd4d5f1d4be123d64e7a88f5b3412ff9057f68	rstanarm		pass	rstanarm:wells_dist	unresolved-family	name_or_key_present	pass	pass		ccc484248c8f764cdf41989986eb664ce463056f33bca0af75a4a9c5f2fc99ae		Bangladesh Wells — Logistic (Distance Only)	switch ~ dist100	true	SbPMX origin/main@a8fd3c02e1e2305683a56c91384701bfeba6b528:design/{ASKS.md,SbPMX.jl,mock_runtime.jl},compat/check-semantic-model-pipeline.jl	false		2026-07-28T21:07:09.490762+00:00	wells_dist	true		family is not explicit or defensibly inferred	direct		already-expressible-verbatim	https://vincentarelbundock.github.io/Rdatasets/csv/rstanarm/wells.csv		switch ~ dist100		bernoulli	bridgestan-finite-density-gradient	263
confirmed	explicit Bernoulli-logit likelihood		confirmed		340	CatalogServer_default_unsubstantiated	375683081d85f1a1	gaussian	renderer-default-contradicts semantic inference			exact_text_present		2		authoritative brm_descriptor/brm_execute; experimental SbPMX semantic_app mount adapter	scripts/examples/rstanarm.jl	true			pass	wells			dead-source	false		false	pass				pass	log_odds ~ dist100 + arsenic\nswitch ~ BernoulliLogit(log_odds)	pass	unresolved-family	https://mc-stan.org/rstanarm/articles/binomial.html	@options + option_domain/option_records + semantic_card under semantic_app	cited_project_author_publisher_surface	05c3f465e7987e8d7caa7e214fedddd90415a922		text_offset=6449; matched_terms=arsenic,bangladesh,distance,logistic,switch,wells; context_sha256=fcbf85e7d6e744f1	direct population/likelihood route when the family and terms are supported	200	synthetic n=12; positive continuous predictors; integer groups; family-valid outcome	not-run	https://mc-stan.org/rstanarm/articles/binomial.html	The retrieved official/primary source contains the normalized claimed formula text.	inferred-from-name	ordinary_brm	family evidence remains indeterminate		528	-8.317766166719343	historical-semantics-unresolved	not-probed	53d45df73e5b2debdde49be207ef25a0b5c7dfae06c7b938eaf46c17d0215802	not_claimed			ready	15a620ef7e58a9b003b16385fedd4d5f1d4be123d64e7a88f5b3412ff9057f68	rstanarm		pass	rstanarm:wells_both	unresolved-family	name_or_key_present	pass	pass		f64e773d57247a13e89926931bc93a2cf94747ce42bdeecb59e05e9d1e89e034		Bangladesh Wells — Logistic (Distance + Arsenic)	switch ~ dist100 + arsenic	true	SbPMX origin/main@a8fd3c02e1e2305683a56c91384701bfeba6b528:design/{ASKS.md,SbPMX.jl,mock_runtime.jl},compat/check-semantic-model-pipeline.jl	false		2026-07-28T21:07:09.490762+00:00	wells_both	true		family is not explicit or defensibly inferred	direct		already-expressible-verbatim	https://vincentarelbundock.github.io/Rdatasets/csv/rstanarm/wells.csv		switch ~ dist100 + arsenic		bernoulli	bridgestan-finite-density-gradient	264
confirmed	explicit log-link Poisson likelihood; offset(...) becomes ordinary log exposure		confirmed		357	CatalogServer_default_unsubstantiated	a3d48c3db122f2d3	gaussian	renderer-default-contradicts semantic inference			exact_text_present		4		authoritative brm_descriptor/brm_execute; experimental SbPMX semantic_app mount adapter	scripts/examples/rstanarm.jl	true			pass	roaches			dead-source	false		false	pass				pass	log_rate ~ roach1 + treatment + senior + log(exposure2)\ny ~ Poisson(exp(log_rate))	pass	unresolved-family	https://mc-stan.org/rstanarm/articles/count.html	@options + option_domain/option_records + semantic_card under semantic_app	cited_project_author_publisher_surface	05c3f465e7987e8d7caa7e214fedddd90415a922		text_offset=5635; matched_terms=exposure2,roach1,roaches,senior,treatment,urban; context_sha256=1b95cd5a81da4ef3	direct population/likelihood route when the family and terms are supported	200	synthetic n=12; positive continuous predictors; integer groups; family-valid outcome	not-run	https://mc-stan.org/rstanarm/articles/count.html	The retrieved official/primary source contains the normalized claimed formula text.	inferred-from-name	ordinary_brm	family evidence remains indeterminate		86	-12.0	historical-semantics-unresolved	not-probed	671b1c220e5920a353120c29ad2ea374c1b230bc8480f7875867cb5f910cb9d7	not_claimed			ready	ded8391def17065606637410777d52354c67381c23251ccb691ad50fa806372c	rstanarm		pass	rstanarm:roaches_poisson	unresolved-family	name_or_key_present	pass	pass		0f63cd58ab40f8efdb6089c00e69fcc7e5e3eb8f962be512d5715ccec50e0122		Urban Roaches — Poisson Count Model	y ~ roach1 + treatment + senior + offset(log(exposure2))	true	SbPMX origin/main@a8fd3c02e1e2305683a56c91384701bfeba6b528:design/{ASKS.md,SbPMX.jl,mock_runtime.jl},compat/check-semantic-model-pipeline.jl	false		2026-07-28T21:07:09.513135+00:00	roaches_poisson	true		family is not explicit or defensibly inferred	inherited-identical-probe		already-expressible-via-semantic-rewrite	https://vincentarelbundock.github.io/Rdatasets/csv/rstanarm/roaches.csv		y ~ roach1 + treatment + senior + offset(log(exposure2))		poisson	bridgestan-finite-density-gradient	265
confirmed	native linked predictors and the SBBRMI-only NegativeBinomial2(mu,phi) adapter landed at canonical 11031f2; this exact census uses the non-log neg_binomial_2 path on StanBlocks 329a178, while the formerly broken neg_binomial_2_log trace was subsequently fixed in StanBlocks 144188a		confirmed		373	CatalogServer_default_unsubstantiated	5347fecd135f80e2	gaussian	renderer-default-contradicts semantic inference	a707af21d138b0019810f8dce9d655109dc97ff6		exact_text_present	11031f2d3bbd0c9cad42bed53a4a8dd193ab9d2e	5		authoritative brm_descriptor/brm_execute; experimental SbPMX semantic_app mount adapter	scripts/examples/rstanarm.jl	true			pass	roaches			dead-source	false	4d8f565b1cf4b347b3d0e93a0b6499c2561dc42d	false	pass			landed-surface-control-stanc-bridgestan-finite-predict-pointwise	pass	log(mu) ~ roach1 + treatment + senior + log(exposure2)\nlog(phi) ~ 1\ny ~ NegativeBinomial2(mu, phi)	pass	unresolved-family	https://mc-stan.org/rstanarm/articles/count.html	@options + option_domain/option_records + semantic_card under semantic_app	cited_project_author_publisher_surface	05c3f465e7987e8d7caa7e214fedddd90415a922		text_offset=5635; matched_terms=exposure2,roach1,roaches,senior,treatment,urban; context_sha256=1b95cd5a81da4ef3	direct population/likelihood route when the family and terms are supported	200	synthetic n=12; positive continuous predictors; integer groups; family-valid outcome	not-run	https://mc-stan.org/rstanarm/articles/count.html	The retrieved official/primary source contains the normalized claimed formula text.	inferred-from-name	ordinary_brm	family evidence remains indeterminate		88	-20.79441541679836	historical-semantics-unresolved	not-probed	7f602875c741778fa89d0be1554c869f623f6c998c8afdbc23d33cab6cbaf770	not_claimed			ready	ded8391def17065606637410777d52354c67381c23251ccb691ad50fa806372c	rstanarm		pass	rstanarm:roaches_nb	unresolved-family	name_or_key_present	pass	pass	combined synthetic family-surface control only; never inherited as row validation	423c2411e40c77f17f1c7dbf28f9b9010d1916f2325f38899e91a10c80a35b9a		Urban Roaches — Negative Binomial Count Model	y ~ roach1 + treatment + senior + offset(log(exposure2))	true	SbPMX origin/main@a8fd3c02e1e2305683a56c91384701bfeba6b528:design/{ASKS.md,SbPMX.jl,mock_runtime.jl},compat/check-semantic-model-pipeline.jl	true		2026-07-28T21:07:09.513135+00:00	roaches_nb	true		family is not explicit or defensibly inferred	inherited-identical-probe		already-expressible-via-semantic-rewrite	https://vincentarelbundock.github.io/Rdatasets/csv/rstanarm/roaches.csv		y ~ roach1 + treatment + senior + offset(log(exposure2))		negativebinomial	bridgestan-finite-density-gradient	266
confirmed	explicit Normal likelihood; named log-scale sigma predictor uses native linked-predictor syntax		confirmed		390	CatalogServer_default_unsubstantiated	50dda04ebe69db13	gaussian	renderer-default-unsubstantiated; inference happens to agree			exact_text_present		4		authoritative brm_descriptor/brm_execute; experimental SbPMX semantic_app mount adapter	scripts/examples/rstanarm.jl	true			pass	weightgain			reachable-data-or-description	false		false	pass				pass	loc ~ source + type + (source & type)\nlog(sigma) ~ 1\nweightgain ~ Normal(loc, sigma)	pass	unresolved-family	https://mc-stan.org/rstanarm/articles/aov.html	@options + option_domain/option_records + semantic_card under semantic_app	cited_project_author_publisher_surface	05c3f465e7987e8d7caa7e214fedddd90415a922		text_offset=5401; matched_terms=gain,type,weight,weightgain; context_sha256=2f806ed9d1612af5	direct population/likelihood route when the family and terms are supported	200	synthetic n=12; positive continuous predictors; integer groups; family-valid outcome	not-run	https://mc-stan.org/rstanarm/articles/aov.html	The retrieved official/primary source contains the normalized claimed formula text.	inferred-from-name	ordinary_brm	family evidence remains indeterminate		534	-3.8069883206128132	historical-semantics-unresolved	not-probed	8e6889aa9ccc2f84eb9e5bb98c6b66d720cbd145ffd6ac8812083ae0f1dd3cf8	not_claimed			ready	56eb1a63e0e9c064b72347bf3982f16ca40c8969f7c54782c8bb2cc59155c23a	rstanarm		pass	rstanarm:weightgain_anova	unresolved-family	name_or_key_present	pass	pass		924d69561c1af66c1c809f656da54b8a3cde8d54e1234087abd40766eab35339		Rat Weight Gain — Bayesian ANOVA (R² Prior)	weightgain ~ source * type	true	SbPMX origin/main@a8fd3c02e1e2305683a56c91384701bfeba6b528:design/{ASKS.md,SbPMX.jl,mock_runtime.jl},compat/check-semantic-model-pipeline.jl	false		2026-07-28T21:07:09.469924+00:00	weightgain_anova	true		family is not explicit or defensibly inferred	direct		already-expressible-via-semantic-rewrite	https://vincentarelbundock.github.io/Rdatasets/csv/HSAUR/weightgain.csv		weightgain ~ source * type		gaussian	bridgestan-finite-density-gradient	267
confirmed	nested/composite grouping factors are expressible after deriving stable integer group ids or expanding nesting; exact source identity must be reviewed		confirmed		405	CatalogServer_default_unsubstantiated		gaussian	renderer-default-unsubstantiated; inference happens to agree			exact_text_present				no executable descriptor until translation is resolved	scripts/examples/rstanarm.jl	true			not-run	weightgain			reachable-data-or-description	false		false	not-run				not-run		not-run	unresolved-family	https://mc-stan.org/rstanarm/articles/aov.html	@options + option_domain/option_records + semantic_card under semantic_app	cited_project_author_publisher_surface	05c3f465e7987e8d7caa7e214fedddd90415a922		text_offset=5401; matched_terms=factors,gain,type,weight,weightgain; context_sha256=2f806ed9d1612af5	direct population/likelihood route when the family and terms are supported	200	synthetic n=12; positive continuous predictors; integer groups; family-valid outcome	not-run	https://mc-stan.org/rstanarm/articles/aov.html	The retrieved official/primary source contains the normalized claimed formula text.	inferred-from-name	ordinary_brm	family evidence remains indeterminate				historical-semantics-unresolved	not-probed		not_claimed			semantic-rewrite	56eb1a63e0e9c064b72347bf3982f16ca40c8969f7c54782c8bb2cc59155c23a	rstanarm		not-run	rstanarm:weightgain_re	unresolved-family	name_or_key_present	not-run	not-run				Rat Weight Gain — Factors as Random Effects	weightgain ~ 1 + (1|source) + (1|type) + (1|source:type)	not-run	SbPMX origin/main@a8fd3c02e1e2305683a56c91384701bfeba6b528:design/{ASKS.md,SbPMX.jl,mock_runtime.jl},compat/check-semantic-model-pipeline.jl	false		2026-07-28T21:07:09.469924+00:00	weightgain_re	true		family is not explicit or defensibly inferred	not-probed		already-expressible-via-semantic-rewrite	https://vincentarelbundock.github.io/Rdatasets/csv/HSAUR/weightgain.csv		weightgain ~ 1 + (1|source) + (1|type) + (1|source:type)		gaussian	semantic-rewrite	268
confirmed	current proportional-odds likelihood; non-logit historical links need separate review		confirmed		422	CatalogServer_default_unsubstantiated	cfacd24c9191ebf7	gaussian	renderer-default-contradicts semantic inference			exact_text_present		5		authoritative brm_descriptor/brm_execute; experimental SbPMX semantic_app mount adapter	scripts/examples/rstanarm.jl	true			pass	esoph			reachable-data-or-description	false		false	pass				pass	loc ~ agegp + alcgp\ntobgp ~ OrderedLogistic(loc)	pass	unresolved-family	https://mc-stan.org/rstanarm/articles/polr.html	@options + option_domain/option_records + semantic_card under semantic_app	cited_project_author_publisher_surface	05c3f465e7987e8d7caa7e214fedddd90415a922		text_offset=7659; matched_terms=agegp,alcgp,esoph,logistic,tobgp; context_sha256=47e4dea962ac56bd	direct population/likelihood route when the family and terms are supported	200	synthetic n=12; positive continuous predictors; integer groups; family-valid outcome	not-run	https://mc-stan.org/rstanarm/articles/polr.html	The retrieved official/primary source contains the normalized claimed formula text.	inferred-from-catalog-title	ordinary_brm	family evidence remains indeterminate		538	-21.052072147049337	historical-semantics-unresolved	not-probed	a5776af9479604a01ee6cea64293b668b78b99904cffe78cdf24ea715ef207fc	not_claimed			ready	533ad83a535371bb5dada24527eeb6038383f2977cf5ea644691af6cce6d32d8	rstanarm		pass	rstanarm:esoph_polr	unresolved-family	name_or_key_present	pass	pass		318bf7ed1b4741db5a886821b64fbb408c90639223b01d782f4f1477a14bdd4e		Esophageal Cancer — Ordinal Logistic Regression	tobgp ~ agegp + alcgp	true	SbPMX origin/main@a8fd3c02e1e2305683a56c91384701bfeba6b528:design/{ASKS.md,SbPMX.jl,mock_runtime.jl},compat/check-semantic-model-pipeline.jl	false		2026-07-28T21:07:09.534032+00:00	esoph_polr	true		family is not explicit or defensibly inferred	direct		already-expressible-verbatim	https://vincentarelbundock.github.io/Rdatasets/csv/datasets/esoph.csv		tobgp ~ agegp + alcgp		ordered_logistic	bridgestan-finite-density-gradient	269
adapted-but-defensible	mean/precision beta parameterization written explicitly with inline shape expressions		mismatch		439	CatalogServer_default_unsubstantiated	94aa33440e5746c8	gaussian	renderer-default-contradicts semantic inference			partial_semantic_terms:3/5		5		authoritative brm_descriptor/brm_execute; experimental SbPMX semantic_app mount adapter	scripts/examples/rstanarm.jl	true			pass	gasoline_yield			reachable-data-or-description	false		true	pass				pass	logit(mu) ~ gravity + pressure + temp10 + batch\nlog(phi) ~ 1\nyield ~ Beta(mu * phi, (1 - mu) * phi)	pass	unresolved-family	https://mc-stan.org/rstanarm/articles/betareg.html	@options + option_domain/option_records + semantic_card under semantic_app	cited_project_author_publisher_surface	05c3f465e7987e8d7caa7e214fedddd90415a922	Use yield ~ temp + batch for the cited mean model.	betareg vignette: gasoline mean-model formula	direct population/likelihood route when the family and terms are supported	200	synthetic n=12; positive continuous predictors; integer groups; family-valid outcome	not-run	https://mc-stan.org/rstanarm/articles/betareg.html	The cited beta-regression example models yield using temp and batch. The catalog omits temp and adds gravity, pressure, and temp10, none of which the cited mean model uses.	inferred-from-name	ordinary_brm	family evidence remains indeterminate		540	-3.342077309841285	historical-semantics-unresolved	not-probed	e5298e4e43b4206d6ff4e60e6a6c69fe9ae3393d020a0b5b3f515c89cb873285	not_claimed			ready	09187c56b853cea8a08d6a08143de1b267e82921e8ee20b3f4e2275a45c2c00a	rstanarm		pass	rstanarm:gasoline_beta	unresolved-family	name_or_key_present	pass	pass		068b549ebe66aa51a44ff659b4c22342d1f982110e985f140e41cb85af2e5717		Gasoline Yield — Beta Regression (Mean Only)	yield ~ gravity + pressure + temp10 + batch	true	SbPMX origin/main@a8fd3c02e1e2305683a56c91384701bfeba6b528:design/{ASKS.md,SbPMX.jl,mock_runtime.jl},compat/check-semantic-model-pipeline.jl	false		2026-07-28T21:07:09.490464+00:00	gasoline_beta	true		family is not explicit or defensibly inferred	direct		already-expressible-verbatim	https://vincentarelbundock.github.io/Rdatasets/csv/betareg/GasolineYield.csv		yield ~ gravity + pressure + temp10 + batch		beta	bridgestan-finite-density-gradient	270
adapted-but-defensible	mean/precision beta parameterization written explicitly with inline shape expressions		mismatch		455	CatalogServer_default_unsubstantiated	135826e6a34add46	gaussian	renderer-default-contradicts semantic inference			partial_semantic_terms:3/5		32		authoritative brm_descriptor/brm_execute; experimental SbPMX semantic_app mount adapter	scripts/examples/rstanarm.jl	true			pass	gasoline_yield			reachable-data-or-description	false		true	pass				pass	logit(mu) ~ gravity + pressure + temp10 + batch | gravity + pressure\nlog(phi) ~ 1\nyield ~ Beta(mu * phi, (1 - mu) * phi)	pass	unresolved-family	https://mc-stan.org/rstanarm/articles/betareg.html	@options + option_domain/option_records + semantic_card under semantic_app	cited_project_author_publisher_surface	05c3f465e7987e8d7caa7e214fedddd90415a922	Use the source mean formula yield ~ temp + batch and precision formula ~ pressure.	betareg vignette: distributional gasoline model block	direct population/likelihood route when the family and terms are supported	200	synthetic n=12; positive continuous predictors; integer groups; family-valid outcome	not-run	https://mc-stan.org/rstanarm/articles/betareg.html	The cited distributional model uses temp + batch for the mean and pressure for precision. The catalog adds unsupported gravity/temp10 terms and changes both submodels.	inferred-from-name	ordinary_brm	family evidence remains indeterminate		542	-5.842077309841285	historical-semantics-unresolved	not-probed	e1985db4b9ef09c721bf40f00b02b2478498364e36669ecf4e1ea25bc27f4ed7	not_claimed			ready	09187c56b853cea8a08d6a08143de1b267e82921e8ee20b3f4e2275a45c2c00a	rstanarm		pass	rstanarm:gasoline_beta_distr	unresolved-family	name_or_key_present	pass	pass		c12a24e1127fa890f70780654e6f72234ea6a0d2d63ada315637f3fd2445e2e5		Gasoline Yield — Distributional Beta Regression	yield ~ gravity + pressure + temp10 + batch | gravity + pressure	true	SbPMX origin/main@a8fd3c02e1e2305683a56c91384701bfeba6b528:design/{ASKS.md,SbPMX.jl,mock_runtime.jl},compat/check-semantic-model-pipeline.jl	false		2026-07-28T21:07:09.490464+00:00	gasoline_beta_distr	true		family is not explicit or defensibly inferred	direct		already-expressible-verbatim	https://vincentarelbundock.github.io/Rdatasets/csv/betareg/GasolineYield.csv		yield ~ gravity + pressure + temp10 + batch | gravity + pressure		beta	bridgestan-finite-density-gradient	271
unverifiable	trials/cbind response lowered to explicit BinomialLogit		unverifiable		476	CatalogServer_default_unsubstantiated	da6e7bf23dc8fcb5	gaussian	renderer-default-contradicts semantic inference			insufficient_terms:1/5		5		authoritative brm_descriptor/brm_execute; experimental SbPMX semantic_app mount adapter	scripts/examples/rstanarm.jl	true			pass	cbpp_rs			reachable-data-or-description	false		false	pass				pass	log_odds ~ size + period + (1|herd)\nincidence ~ BinomialLogit(incidence + size - incidence, log_odds)	pass	unresolved-family	https://mc-stan.org/rstanarm/articles/glmer.html	@options + option_domain/option_records + semantic_card under semantic_app	cited_project_author_publisher_surface	05c3f465e7987e8d7caa7e214fedddd90415a922		text_offset=13900; matched_terms=period; context_sha256=f247dbe11b6eb839	direct population/likelihood route when the family and terms are supported	200	synthetic n=12; positive continuous predictors; integer groups; family-valid outcome	not-run	https://mc-stan.org/rstanarm/articles/glmer.html	Retrieved source does not expose enough formula-specific evidence to confirm or refute the catalog claim conservatively.	inferred-from-response-syntax	ordinary_brm	family evidence remains indeterminate		544	-66.54212933375474	historical-semantics-unresolved	not-probed	5146105f4ce9517f886e55115f93d544352aef3fa962ab7002d5aee8724339ff	not_claimed			ready	f2563a582de8860513c8a519c3360be5edf58e78e8c673da7542b4305c0ce32b	rstanarm		pass	rstanarm:cbpp_glmm	unresolved-family	name_or_key_present	pass	pass		cf4ed9899f3674585dbfba54681bde0e4e2f2d53589ba2aab9c1a97b846b5103		Bovine Pleuropneumonia — Binomial GLMM	cbind(incidence, size - incidence) ~ size + period + (1|herd)	true	SbPMX origin/main@a8fd3c02e1e2305683a56c91384701bfeba6b528:design/{ASKS.md,SbPMX.jl,mock_runtime.jl},compat/check-semantic-model-pipeline.jl	false		2026-07-28T21:07:09.513258+00:00	cbpp_glmm	true		family is not explicit or defensibly inferred	direct		already-expressible-via-semantic-rewrite	https://vincentarelbundock.github.io/Rdatasets/csv/lme4/cbpp.csv		cbind(incidence, size - incidence) ~ size + period + (1|herd)		binomial	bridgestan-finite-density-gradient	272
confirmed	trials/cbind response lowered to explicit BinomialLogit		confirmed		496	CatalogServer_default_unsubstantiated	0f5644dc7e5f336f	gaussian	renderer-default-contradicts semantic inference			exact_text_present		1		authoritative brm_descriptor/brm_execute; experimental SbPMX semantic_app mount adapter	scripts/examples/rstanarm.jl	true			pass	bball1970			dead-source	false		false	pass				pass	log_odds ~ 1\nHits ~ BinomialLogit(Hits + AB - Hits, log_odds)	pass	unresolved-family	https://mc-stan.org/rstanarm/articles/pooling.html	@options + option_domain/option_records + semantic_card under semantic_app	cited_project_author_publisher_surface	05c3f465e7987e8d7caa7e214fedddd90415a922		text_offset=2619; matched_terms=batting,bball1970,hits; context_sha256=61f02db1bd365e7f	direct population/likelihood route when the family and terms are supported	200	synthetic n=12; positive continuous predictors; integer groups; family-valid outcome	not-run	https://mc-stan.org/rstanarm/articles/pooling.html	The retrieved official/primary source contains the normalized claimed formula text.	inferred-from-response-syntax	ordinary_brm	family evidence remains indeterminate		546	-66.54212933375474	historical-semantics-unresolved	not-probed	be1ce07533e683fda21ac3cc4f51dc060121f92562592ad7e9b4ba09fa913bcf	not_claimed			ready	4f81fd6bbec4833fbdfe96e57477cc9183e5d14d1823f1e3d05ce7f255f06f58	rstanarm		pass	rstanarm:bball_pooled	unresolved-family	name_or_key_present	pass	pass		be07356d6e21122ba381f608aa0e11e5c5966ea3904653ac813aeeff0bc2966b		MLB Batting 1970 — Complete Pooling	cbind(Hits, AB - Hits) ~ 1	true	SbPMX origin/main@a8fd3c02e1e2305683a56c91384701bfeba6b528:design/{ASKS.md,SbPMX.jl,mock_runtime.jl},compat/check-semantic-model-pipeline.jl	false		2026-07-28T21:07:09.536226+00:00	bball_pooled	true		family is not explicit or defensibly inferred	direct		already-expressible-via-semantic-rewrite	https://vincentarelbundock.github.io/Rdatasets/csv/rstanarm/bball1970.csv		cbind(Hits, AB - Hits) ~ 1		binomial	bridgestan-finite-density-gradient	273
adapted-but-defensible	trials/cbind response lowered to explicit BinomialLogit		confirmed		511	CatalogServer_default_unsubstantiated	6e2453340371322c	gaussian	renderer-default-contradicts semantic inference			partial_semantic_terms:3/3		1		authoritative brm_descriptor/brm_execute; experimental SbPMX semantic_app mount adapter	scripts/examples/rstanarm.jl	true			pass	bball1970			dead-source	false		true	pass				pass	log_odds ~ 0 + Player\nHits ~ BinomialLogit(Hits + AB - Hits, log_odds)	pass	unresolved-family	https://mc-stan.org/rstanarm/articles/pooling.html	@options + option_domain/option_records + semantic_card under semantic_app	cited_project_author_publisher_surface	05c3f465e7987e8d7caa7e214fedddd90415a922		pooling vignette: bball1970 no-pooling binomial model	direct population/likelihood route when the family and terms are supported	200	synthetic n=12; positive continuous predictors; integer groups; family-valid outcome	not-run	https://mc-stan.org/rstanarm/articles/pooling.html	The pooling vignette explicitly fits player-specific binomial batting probabilities without a common intercept, matching the catalog no-pooling model.	inferred-from-response-syntax	ordinary_brm	family evidence remains indeterminate		548	-66.54212933375474	historical-semantics-unresolved	not-probed	f2afc0c08860cc2bb2b019e6139f849eea58443ba0676dac7a9df6fac044c1bd	not_claimed			ready	4f81fd6bbec4833fbdfe96e57477cc9183e5d14d1823f1e3d05ce7f255f06f58	rstanarm		pass	rstanarm:bball_nopooling	unresolved-family	name_or_key_present	pass	pass		9d24b9c2d00a1aa038106632dc34eb627055560ea9c7a9485529457c7e6e70ae		MLB Batting 1970 — No Pooling	cbind(Hits, AB - Hits) ~ 0 + Player	true	SbPMX origin/main@a8fd3c02e1e2305683a56c91384701bfeba6b528:design/{ASKS.md,SbPMX.jl,mock_runtime.jl},compat/check-semantic-model-pipeline.jl	false		2026-07-28T21:07:09.536226+00:00	bball_nopooling	true		family is not explicit or defensibly inferred	direct		already-expressible-via-semantic-rewrite	https://vincentarelbundock.github.io/Rdatasets/csv/rstanarm/bball1970.csv		cbind(Hits, AB - Hits) ~ 0 + Player		binomial	bridgestan-finite-density-gradient	274
confirmed	trials/cbind response lowered to explicit BinomialLogit		confirmed		526	CatalogServer_default_unsubstantiated	3c1292b54a3aebe1	gaussian	renderer-default-contradicts semantic inference			exact_text_present		4		authoritative brm_descriptor/brm_execute; experimental SbPMX semantic_app mount adapter	scripts/examples/rstanarm.jl	true			pass	bball1970			dead-source	false		false	pass				pass	log_odds ~ (1|Player)\nHits ~ BinomialLogit(Hits + AB - Hits, log_odds)	pass	unresolved-family	https://mc-stan.org/rstanarm/articles/pooling.html	@options + option_domain/option_records + semantic_card under semantic_app	cited_project_author_publisher_surface	05c3f465e7987e8d7caa7e214fedddd90415a922		text_offset=2619; matched_terms=batting,bball1970,hits,player; context_sha256=61f02db1bd365e7f	direct population/likelihood route when the family and terms are supported	200	synthetic n=12; positive continuous predictors; integer groups; family-valid outcome	not-run	https://mc-stan.org/rstanarm/articles/pooling.html	The retrieved official/primary source contains the normalized claimed formula text.	inferred-from-response-syntax	ordinary_brm	family evidence remains indeterminate		550	-66.54212933375474	historical-semantics-unresolved	not-probed	ebb0284f68ad57a62bd09f8559138bf81222ac0dbe53b3e73cf87f3fd8a68e9c	not_claimed			ready	4f81fd6bbec4833fbdfe96e57477cc9183e5d14d1823f1e3d05ce7f255f06f58	rstanarm		pass	rstanarm:bball_partial	unresolved-family	name_or_key_present	pass	pass		a458efde1315acb1e076dd29f8c1ce9ea51def11e8781849fe79a0f9688d249a		MLB Batting 1970 — Partial Pooling (Hierarchical)	cbind(Hits, AB - Hits) ~ (1|Player)	true	SbPMX origin/main@a8fd3c02e1e2305683a56c91384701bfeba6b528:design/{ASKS.md,SbPMX.jl,mock_runtime.jl},compat/check-semantic-model-pipeline.jl	false		2026-07-28T21:07:09.536226+00:00	bball_partial	true		family is not explicit or defensibly inferred	direct		already-expressible-via-semantic-rewrite	https://vincentarelbundock.github.io/Rdatasets/csv/rstanarm/bball1970.csv		cbind(Hits, AB - Hits) ~ (1|Player)		binomial	bridgestan-finite-density-gradient	275
unverifiable	explicit Normal likelihood; named log-scale sigma predictor uses native linked-predictor syntax		unverifiable		30	CatalogServer_default_unsubstantiated	20facf2552720d60	gaussian	renderer-default-unsubstantiated; inference happens to agree			insufficient_root_page_terms:0/2		3		authoritative brm_descriptor/brm_execute; experimental SbPMX semantic_app mount adapter	scripts/examples/vasishth.jl	true			pass	pupil			reachable-body-exceeded-8MB-audit-bound	false		false	pass				pass	loc ~ 1 + c_load\nlog(sigma) ~ 1\np_size ~ Normal(loc, sigma)	pass	unresolved-family	https://bruno.nicenboim.me/bayescogsci/	@options + option_domain/option_records + semantic_card under semantic_app	cited_project_author_publisher_surface	05c3f465e7987e8d7caa7e214fedddd90415a922		text_offset=2657; matched_terms=pupil; context_sha256=dc0c03f132244ae5	direct population/likelihood route when the family and terms are supported	200	synthetic n=12; positive continuous predictors; integer groups; family-valid outcome	not-run	https://bruno.nicenboim.me/bayescogsci/	Cited book root exposes navigation/TOC text but no stable row-level formula anchor; term overlap is insufficient.	inferred-from-name	ordinary_brm	family evidence remains indeterminate		552	-7.817384082920588	historical-semantics-unresolved	not-probed	058d40d3dd9a3f9c15ed3c0718c8e0b892c199a0ebb051ad366723b601afbb2c	not_claimed			ready	0da3ad5098c1564dc496c72497e159de860a3987c94ab887a5f4f2dada80a1c6	vasishth		pass	vasishth:pupil	unresolved-family	name_or_key_present	pass	pass		5f94f5feb19a4a92dd28015914559806ef096079e9703c24770c5c609e759d5a		Pupil Dilation Experiment — Gaussian Regression	p_size ~ 1 + c_load	true	SbPMX origin/main@a8fd3c02e1e2305683a56c91384701bfeba6b528:design/{ASKS.md,SbPMX.jl,mock_runtime.jl},compat/check-semantic-model-pipeline.jl	false		2026-07-28T21:07:08.657145+00:00	pupil	true		family is not explicit or defensibly inferred	direct		already-expressible-verbatim	https://osf.io/z43dz/?action=download		p_size ~ 1 + c_load		gaussian	bridgestan-finite-density-gradient	276
unverifiable	explicit LogNormal likelihood		unverifiable		67	CatalogServer_default_unsubstantiated	236d085e4d396649	gaussian	renderer-default-contradicts semantic inference			insufficient_root_page_terms:0/1		3		authoritative brm_descriptor/brm_execute; experimental SbPMX semantic_app mount adapter	scripts/examples/vasishth.jl	true			pass	spacebar			synthetic-no-external-receipt	false		false	pass				pass	loc ~ 1 + c_trial\nlog(sigma) ~ 1\nt ~ LogNormal(loc, sigma)	pass	unresolved-family	https://bruno.nicenboim.me/bayescogsci/	@options + option_domain/option_records + semantic_card under semantic_app	cited_project_author_publisher_surface	05c3f465e7987e8d7caa7e214fedddd90415a922		text_offset=1980; matched_terms=pressing,regression; context_sha256=2f32c21d7a0de7e7	direct population/likelihood route when the family and terms are supported	200	synthetic n=12; positive continuous predictors; integer groups; family-valid outcome	not-run	https://bruno.nicenboim.me/bayescogsci/	Cited book root exposes navigation/TOC text but no stable row-level formula anchor; term overlap is insufficient.	inferred-from-name	ordinary_brm	family evidence remains indeterminate		554	-12.375312807727603	historical-semantics-unresolved	not-probed	ced14ad134fd0f7eba65d0f289b43fd688592455798c22d140820855fb5806f4	not_claimed			ready	0da3ad5098c1564dc496c72497e159de860a3987c94ab887a5f4f2dada80a1c6	vasishth		pass	vasishth:spacebar	unresolved-family	name_or_key_present	pass	pass		a13e23f78ef59f4ec1eed17627c186316ac1531f2ca0928358976115d12894b3		Spacebar-Pressing Response Times — Lognormal Regression	t ~ 1 + c_trial	true	SbPMX origin/main@a8fd3c02e1e2305683a56c91384701bfeba6b528:design/{ASKS.md,SbPMX.jl,mock_runtime.jl},compat/check-semantic-model-pipeline.jl	false		2026-07-28T21:07:08.657145+00:00	spacebar	true		family is not explicit or defensibly inferred	direct		already-expressible-verbatim	synthetic		t ~ 1 + c_trial		lognormal	bridgestan-finite-density-gradient	277
unverifiable	explicit Bernoulli-logit likelihood		unverifiable		104	CatalogServer_default_unsubstantiated	1c011f71ce0386ee	gaussian	renderer-default-contradicts semantic inference			insufficient_root_page_terms:1/2		2		authoritative brm_descriptor/brm_execute; experimental SbPMX semantic_app mount adapter	scripts/examples/vasishth.jl	true			pass	recall_wm			reachable-data-or-description	false		false	pass				pass	log_odds ~ 1 + c_set_size\ncorrect ~ BernoulliLogit(log_odds)	pass	unresolved-family	https://bruno.nicenboim.me/bayescogsci/	@options + option_domain/option_records + semantic_card under semantic_app	cited_project_author_publisher_surface	05c3f465e7987e8d7caa7e214fedddd90415a922		text_offset=7078; matched_terms=accuracy,memory,working; context_sha256=5e8142b627513c3c	direct population/likelihood route when the family and terms are supported	200	synthetic n=12; positive continuous predictors; integer groups; family-valid outcome	not-run	https://bruno.nicenboim.me/bayescogsci/	Cited book root exposes navigation/TOC text but no stable row-level formula anchor; term overlap is insufficient.	inferred-from-name	ordinary_brm	family evidence remains indeterminate		556	-8.317766166719343	historical-semantics-unresolved	not-probed	157440ea0941e4a1af69d2929cd3e2a69e06ff9a8cc0a43079d694640f62f07d	not_claimed			ready	0da3ad5098c1564dc496c72497e159de860a3987c94ab887a5f4f2dada80a1c6	vasishth		pass	vasishth:recall_wm	unresolved-family	name_or_key_present	pass	pass		408f919a4de15107907237935656f1bd6c903c715ae526e29059fe6176a6e99a		Working Memory Recall Accuracy — Logistic Regression	correct ~ 1 + c_set_size	true	SbPMX origin/main@a8fd3c02e1e2305683a56c91384701bfeba6b528:design/{ASKS.md,SbPMX.jl,mock_runtime.jl},compat/check-semantic-model-pipeline.jl	false		2026-07-28T21:07:08.657145+00:00	recall_wm	true		family is not explicit or defensibly inferred	direct		already-expressible-verbatim	https://osf.io/6r9ka/?action=download		correct ~ 1 + c_set_size		bernoulli	bridgestan-finite-density-gradient	278
unverifiable	explicit Normal likelihood; named log-scale sigma predictor uses native linked-predictor syntax	BRM constructs a synthetic 40x80 crossed dataset with schema n400,c_cloze,subj,item. Authoritative bcogsci::df_eeg has 2,863 rows and schema subj,cloze,item,n400,cloze_ans,N (first row 1,0,1,7.08,0,44), with c_cloze derived in book code. Values/design are not the BRM synthetic replacement.	unverifiable	high	147	CatalogServer_default_unsubstantiated	bd3de8c2b9a2547b	gaussian	renderer-default-unsubstantiated; inference happens to agree		31e79620f89e647d955ebc98fcd6b285011212aa	insufficient_root_page_terms:1/3		6		authoritative brm_descriptor/brm_execute; experimental SbPMX semantic_app mount adapter	scripts/examples/vasishth.jl	true	05-hierarchical.Rmd#L597-L650	2026-07-28T22:54:31Z	pass	n400			reachable-data-or-description	false		false	pass		explicit-family-recovery		pass	loc ~ c_cloze + (c_cloze || subj)\nlog(sigma) ~ 1\nn400 ~ Normal(loc, sigma)	pass	unresolved-family	https://bruno.nicenboim.me/bayescogsci/	@options + option_domain/option_records + semantic_card under semantic_app	cited_project_author_publisher_surface	05c3f465e7987e8d7caa7e214fedddd90415a922		text_offset=3381; matched_terms=n400,slopes,varying; context_sha256=04635c6336d488d7	direct population/likelihood route when the family and terms are supported	200	synthetic n=12; positive continuous predictors; integer groups; family-valid outcome	not-run	https://bruno.nicenboim.me/bayescogsci/	Cited book root exposes navigation/TOC text but no stable row-level formula anchor; term overlap is insufficient.	authoritative-audit-explicit-family-recovery	ordinary_brm	family evidence remains indeterminate	Searched historical BRM 05c3f465e7987e8d7caa7e214fedddd90415a922:scripts/examples/vasishth.jl:147, current BayesCogSci book code, its git history, and bcogsci loaders/data. The BRM row has blank family metadata; no family was inferred from brms defaults, response names, titles, or data type.	558	-8.317384082920588	historical-semantics-unresolved	not-probed	dbf68e0aa08d081da1ae0a2f30e17d04cdd31bdfca3ea99d7c33acd85e43a2a9	not_claimed			ready	0da3ad5098c1564dc496c72497e159de860a3987c94ab887a5f4f2dada80a1c6	vasishth	200	pass	vasishth:n400_uncorr	unresolved-family	name_or_key_present	pass	pass		e2fded4b65e5b2449fd1d9791e07838ddc51b39933bcdf5967c15e55eb244cb0	Historical BRM 05c3f465e7987e8d7caa7e214fedddd90415a922:scripts/examples/vasishth.jl:147 returns 'n400 ~ c_cloze + (c_cloze || subj)' with no family. Model assumption 1 says N400 averages are normally distributed; the exact uncorrelated varying-slope brm follows.	N400 EEG — Uncorrelated Varying Slopes	n400 ~ c_cloze + (c_cloze || subj)	true	SbPMX origin/main@a8fd3c02e1e2305683a56c91384701bfeba6b528:design/{ASKS.md,SbPMX.jl,mock_runtime.jl},compat/check-semantic-model-pipeline.jl	false		2026-07-28T21:07:08.657145+00:00	n400_uncorr	true	Historical BRM formula is 'n400 ~ c_cloze + (c_cloze || subj)'. Authoritative formula/likelihood at 05-hierarchical.Rmd#L597-L650 is the same model up to documented renaming, centering, or generated-column crosswalk.	family is not explicit or defensibly inferred	direct	The authoritative book/repository explicitly declares gaussian; dataset evidence only confirms the example identity and was not used as sole family evidence.	already-expressible-verbatim	https://osf.io/q7dsk/?action=download		n400 ~ c_cloze + (c_cloze || subj)	https://github.com/bnicenboim/bayescogsci; https://github.com/bnicenboim/bcogsci	gaussian	bridgestan-finite-density-gradient	279
unverifiable	explicit Normal likelihood; named log-scale sigma predictor uses native linked-predictor syntax	BRM constructs a synthetic 40x80 crossed dataset with schema n400,c_cloze,subj,item. Authoritative bcogsci::df_eeg has 2,863 rows and schema subj,cloze,item,n400,cloze_ans,N (first row 1,0,1,7.08,0,44), with c_cloze derived in book code. Values/design are not the BRM synthetic replacement.	unverifiable	high	164	CatalogServer_default_unsubstantiated	505b398b532da462	gaussian	renderer-default-unsubstantiated; inference happens to agree		31e79620f89e647d955ebc98fcd6b285011212aa	insufficient_root_page_terms:1/3		6		authoritative brm_descriptor/brm_execute; experimental SbPMX semantic_app mount adapter	scripts/examples/vasishth.jl	true	05-hierarchical.Rmd#L852-L872	2026-07-28T22:54:31Z	pass	n400			reachable-data-or-description	false		false	pass		explicit-family-recovery		pass	loc ~ c_cloze + (c_cloze | subj)\nlog(sigma) ~ 1\nn400 ~ Normal(loc, sigma)	pass	unresolved-family	https://bruno.nicenboim.me/bayescogsci/	@options + option_domain/option_records + semantic_card under semantic_app	cited_project_author_publisher_surface	05c3f465e7987e8d7caa7e214fedddd90415a922		text_offset=3381; matched_terms=correlated,n400,slopes,varying; context_sha256=04635c6336d488d7	direct population/likelihood route when the family and terms are supported	200	synthetic n=12; positive continuous predictors; integer groups; family-valid outcome	not-run	https://bruno.nicenboim.me/bayescogsci/	Cited book root exposes navigation/TOC text but no stable row-level formula anchor; term overlap is insufficient.	authoritative-audit-explicit-family-recovery	ordinary_brm	family evidence remains indeterminate	Searched historical BRM 05c3f465e7987e8d7caa7e214fedddd90415a922:scripts/examples/vasishth.jl:164, current BayesCogSci book code, its git history, and bcogsci loaders/data. The BRM row has blank family metadata; no family was inferred from brms defaults, response names, titles, or data type.	560	-8.317384082920588	historical-semantics-unresolved	not-probed	f65414ee931f7eb7d1f528d2fff45e82a61b4ca112f290f3dc8c62e0e91f14e9	not_claimed			ready	0da3ad5098c1564dc496c72497e159de860a3987c94ab887a5f4f2dada80a1c6	vasishth	200	pass	vasishth:n400_corr	unresolved-family	name_or_key_present	pass	pass		57c693db6538ae21954b90730ee5e059e662973482c97b47643f75718b36cb01	Historical BRM 05c3f465e7987e8d7caa7e214fedddd90415a922:scripts/examples/vasishth.jl:164 returns 'n400 ~ c_cloze + (c_cloze | subj)' with no family. The chapter retains the explicit normal N400 likelihood and fits the exact correlated varying-slope formula.	N400 EEG — Correlated Varying Slopes	n400 ~ c_cloze + (c_cloze | subj)	true	SbPMX origin/main@a8fd3c02e1e2305683a56c91384701bfeba6b528:design/{ASKS.md,SbPMX.jl,mock_runtime.jl},compat/check-semantic-model-pipeline.jl	false		2026-07-28T21:07:08.657145+00:00	n400_corr	true	Historical BRM formula is 'n400 ~ c_cloze + (c_cloze | subj)'. Authoritative formula/likelihood at 05-hierarchical.Rmd#L852-L872 is the same model up to documented renaming, centering, or generated-column crosswalk.	family is not explicit or defensibly inferred	direct	The authoritative book/repository explicitly declares gaussian; dataset evidence only confirms the example identity and was not used as sole family evidence.	already-expressible-verbatim	https://osf.io/q7dsk/?action=download		n400 ~ c_cloze + (c_cloze | subj)	https://github.com/bnicenboim/bayescogsci; https://github.com/bnicenboim/bcogsci	gaussian	bridgestan-finite-density-gradient	280
unverifiable	explicit Normal likelihood; named log-scale sigma predictor uses native linked-predictor syntax	BRM constructs a synthetic 40x80 crossed dataset with schema n400,c_cloze,subj,item. Authoritative bcogsci::df_eeg has 2,863 rows and schema subj,cloze,item,n400,cloze_ans,N (first row 1,0,1,7.08,0,44), with c_cloze derived in book code. Values/design are not the BRM synthetic replacement.	unverifiable	high	181	CatalogServer_default_unsubstantiated	6aae557d20e8fc8e	gaussian	renderer-default-unsubstantiated; inference happens to agree		31e79620f89e647d955ebc98fcd6b285011212aa	insufficient_root_page_terms:2/4		10		authoritative brm_descriptor/brm_execute; experimental SbPMX semantic_app mount adapter	scripts/examples/vasishth.jl	true	05-hierarchical.Rmd#L892-L1024	2026-07-28T22:54:31Z	pass	n400			reachable-data-or-description	false		false	pass		explicit-family-recovery		pass	loc ~ c_cloze + (c_cloze | subj) + (c_cloze | item)\nlog(sigma) ~ 1\nn400 ~ Normal(loc, sigma)	pass	unresolved-family	https://bruno.nicenboim.me/bayescogsci/	@options + option_domain/option_records + semantic_card under semantic_app	cited_project_author_publisher_surface	05c3f465e7987e8d7caa7e214fedddd90415a922		text_offset=3381; matched_terms=item,n400; context_sha256=04635c6336d488d7	direct population/likelihood route when the family and terms are supported	200	synthetic n=12; positive continuous predictors; integer groups; family-valid outcome	not-run	https://bruno.nicenboim.me/bayescogsci/	Cited book root exposes navigation/TOC text but no stable row-level formula anchor; term overlap is insufficient.	authoritative-audit-explicit-family-recovery	ordinary_brm	family evidence remains indeterminate	Searched historical BRM 05c3f465e7987e8d7caa7e214fedddd90415a922:scripts/examples/vasishth.jl:181, current BayesCogSci book code, its git history, and bcogsci loaders/data. The BRM row has blank family metadata; no family was inferred from brms defaults, response names, titles, or data type.	562	-8.817384082920588	historical-semantics-unresolved	not-probed	e3e59cb924b7d2555badd7ee65313f0d6919e1bb8d8e22023dc8f7d26cb29937	not_claimed			ready	0da3ad5098c1564dc496c72497e159de860a3987c94ab887a5f4f2dada80a1c6	vasishth	200	pass	vasishth:n400_crossed	unresolved-family	name_or_key_present	pass	pass		f546800d680468df9a90a4155360793d9fe362fa59294cda223a245c84a7f481	Historical BRM 05c3f465e7987e8d7caa7e214fedddd90415a922:scripts/examples/vasishth.jl:181 returns 'n400 ~ c_cloze + (c_cloze | subj) + (c_cloze | item)' with no family. The chapter explicit normal likelihood carries into the exact subject-and-item crossed model.	N400 EEG — Crossed Random Effects	n400 ~ c_cloze + (c_cloze | subj) + (c_cloze | item)	true	SbPMX origin/main@a8fd3c02e1e2305683a56c91384701bfeba6b528:design/{ASKS.md,SbPMX.jl,mock_runtime.jl},compat/check-semantic-model-pipeline.jl	false		2026-07-28T21:07:08.657145+00:00	n400_crossed	true	Historical BRM formula is 'n400 ~ c_cloze + (c_cloze | subj) + (c_cloze | item)'. Authoritative formula/likelihood at 05-hierarchical.Rmd#L892-L1024 is the same model up to documented renaming, centering, or generated-column crosswalk.	family is not explicit or defensibly inferred	direct	The authoritative book/repository explicitly declares gaussian; dataset evidence only confirms the example identity and was not used as sole family evidence.	already-expressible-verbatim	https://osf.io/q7dsk/?action=download		n400 ~ c_cloze + (c_cloze | subj) + (c_cloze | item)	https://github.com/bnicenboim/bayescogsci; https://github.com/bnicenboim/bcogsci	gaussian	bridgestan-finite-density-gradient	281
unverifiable	explicit Normal likelihood; named log-scale sigma predictor uses native linked-predictor syntax	BRM constructs a synthetic 40x80 crossed dataset with schema n400,c_cloze,subj,item. Authoritative bcogsci::df_eeg has 2,863 rows and schema subj,cloze,item,n400,cloze_ans,N (first row 1,0,1,7.08,0,44), with c_cloze derived in book code. Values/design are not the BRM synthetic replacement.	unverifiable	high	197	CatalogServer_default_unsubstantiated	d850691dac5c6a3a	gaussian	renderer-default-unsubstantiated; inference happens to agree		31e79620f89e647d955ebc98fcd6b285011212aa	insufficient_root_page_terms:2/4		14		authoritative brm_descriptor/brm_execute; experimental SbPMX semantic_app mount adapter	scripts/examples/vasishth.jl	true	05-hierarchical.Rmd#L1090-L1137	2026-07-28T22:54:31Z	pass	n400			reachable-data-or-description	false		false	pass		explicit-family-recovery		pass	loc ~ c_cloze + (c_cloze | subj) + (c_cloze | item)\nlog(sigma) ~ 1 + (1 | subj)\nn400 ~ Normal(loc, sigma)	pass	unresolved-family	https://bruno.nicenboim.me/bayescogsci/	@options + option_domain/option_records + semantic_card under semantic_app	cited_project_author_publisher_surface	05c3f465e7987e8d7caa7e214fedddd90415a922		text_offset=3381; matched_terms=distributional,item,n400; context_sha256=04635c6336d488d7	direct population/likelihood route when the family and terms are supported	200	synthetic n=12; positive continuous predictors; integer groups; family-valid outcome	not-run	https://bruno.nicenboim.me/bayescogsci/	Cited book root exposes navigation/TOC text but no stable row-level formula anchor; term overlap is insufficient.	authoritative-audit-explicit-family-recovery	ordinary_brm	family evidence remains indeterminate	Searched historical BRM 05c3f465e7987e8d7caa7e214fedddd90415a922:scripts/examples/vasishth.jl:197, current BayesCogSci book code, its git history, and bcogsci loaders/data. The BRM row has blank family metadata; no family was inferred from brms defaults, response names, titles, or data type.	564	-8.817384082920588	historical-semantics-unresolved	not-probed	e3e59cb924b7d2555badd7ee65313f0d6919e1bb8d8e22023dc8f7d26cb29937	not_claimed			ready	0da3ad5098c1564dc496c72497e159de860a3987c94ab887a5f4f2dada80a1c6	vasishth	200	pass	vasishth:n400_distr	unresolved-family	name_or_key_present	pass	pass		d8338834d5c410d8911d544bc0228d6e2bfb2c92c7fdcbe8dc634238a04f889d	Historical BRM 05c3f465e7987e8d7caa7e214fedddd90415a922:scripts/examples/vasishth.jl:197 returns 'bf(n400 ~ c_cloze + (c_cloze | subj) + (c_cloze | item), sigma ~ 1 + (1 | subj))' with no family. The chapter specifies normally distributed N400 observations and the exact brmsformula adds sigma ~ 1 + (1 | subj).	N400 EEG — Distributional Model for Sigma	bf(n400 ~ c_cloze + (c_cloze | subj) + (c_cloze | item), sigma ~ 1 + (1 | subj))	true	SbPMX origin/main@a8fd3c02e1e2305683a56c91384701bfeba6b528:design/{ASKS.md,SbPMX.jl,mock_runtime.jl},compat/check-semantic-model-pipeline.jl	false		2026-07-28T21:07:08.657145+00:00	n400_distr	true	Historical BRM formula is 'bf(n400 ~ c_cloze + (c_cloze | subj) + (c_cloze | item), sigma ~ 1 + (1 | subj))'. Authoritative formula/likelihood at 05-hierarchical.Rmd#L1090-L1137 is the same model up to documented renaming, centering, or generated-column crosswalk.	family is not explicit or defensibly inferred	direct	Recover Gaussian observation likelihood while preserving distributional regression on sigma; the sigma submodel changes scale heterogeneity, not the response family.	already-expressible-via-semantic-rewrite	https://osf.io/q7dsk/?action=download		bf(n400 ~ c_cloze + (c_cloze | subj) + (c_cloze | item), sigma ~ 1 + (1 | subj))	https://github.com/bnicenboim/bayescogsci; https://github.com/bnicenboim/bcogsci	gaussian	bridgestan-finite-density-gradient	282
unverifiable	explicit LogNormal likelihood		unverifiable		240	CatalogServer_default_unsubstantiated	af4e1acbcd0544bb	gaussian	renderer-default-contradicts semantic inference			insufficient_root_page_terms:0/2		6		authoritative brm_descriptor/brm_execute; experimental SbPMX semantic_app mount adapter	scripts/examples/vasishth.jl	true			pass	stroop			reachable-data-or-description	false		false	pass				pass	loc ~ c_cond + (c_cond | subj)\nlog(sigma) ~ 1\nRT ~ LogNormal(loc, sigma)	pass	unresolved-family	https://bruno.nicenboim.me/bayescogsci/	@options + option_domain/option_records + semantic_card under semantic_app	cited_project_author_publisher_surface	05c3f465e7987e8d7caa7e214fedddd90415a922		text_offset=3811; matched_terms=slopes,stroop,varying; context_sha256=a06edce566caf0d3	direct population/likelihood route when the family and terms are supported	200	synthetic n=12; positive continuous predictors; integer groups; family-valid outcome	not-run	https://bruno.nicenboim.me/bayescogsci/	Cited book root exposes navigation/TOC text but no stable row-level formula anchor; term overlap is insufficient.	inferred-from-name	ordinary_brm	family evidence remains indeterminate		566	-12.875312807727603	historical-semantics-unresolved	not-probed	56b4eca2cedb43f00b82bff3ee2179cfd6a221306153d1365eb7f340b936463c	not_claimed			ready	0da3ad5098c1564dc496c72497e159de860a3987c94ab887a5f4f2dada80a1c6	vasishth		pass	vasishth:stroop	unresolved-family	name_or_key_present	pass	pass		0eb2a6b71a24bf7b02f46abd5957cbf192a1327b3b9ba5ef47dba5ea256f2f94		Stroop Task — Lognormal Varying-Slopes Model	RT ~ c_cond + (c_cond | subj)	true	SbPMX origin/main@a8fd3c02e1e2305683a56c91384701bfeba6b528:design/{ASKS.md,SbPMX.jl,mock_runtime.jl},compat/check-semantic-model-pipeline.jl	false		2026-07-28T21:07:08.657145+00:00	stroop	true		family is not explicit or defensibly inferred	direct		already-expressible-verbatim	https://osf.io/n8xa7/?action=download		RT ~ c_cond + (c_cond | subj)		lognormal	bridgestan-finite-density-gradient	283
unverifiable	explicit Normal likelihood; named log-scale sigma predictor uses native linked-predictor syntax	BRM constructs 10 subjects x 5 observations with y=500+50*u+20*noise. The authoritative pedagogical generator uses 20 subjects and its own mu/tau/sigma draws; schemas y,subj and pooling semantics match, exact values do not.	unverifiable	high	281	CatalogServer_default_unsubstantiated	6d18a6eff74201ed	gaussian	renderer-default-unsubstantiated; inference happens to agree		31e79620f89e647d955ebc98fcd6b285011212aa	insufficient_root_page_terms:0/1		6		authoritative brm_descriptor/brm_execute; experimental SbPMX semantic_app mount adapter	scripts/examples/vasishth.jl	true	05-hierarchical.Rmd#L45-L84	2026-07-28T22:54:31Z	pass	pooling			synthetic-no-external-receipt	false		false	pass		explicit-family-recovery		pass	loc ~ 1 + (1 | subj)\nlog(sigma) ~ 1\ny ~ Normal(loc, sigma)	pass	unresolved-family	https://bruno.nicenboim.me/bayescogsci/	@options + option_domain/option_records + semantic_card under semantic_app	cited_project_author_publisher_surface	05c3f465e7987e8d7caa7e214fedddd90415a922		text_offset=3408; matched_terms=hierarchical,pooling; context_sha256=6e18afc0025cec7b	direct population/likelihood route when the family and terms are supported	200	synthetic n=12; positive continuous predictors; integer groups; family-valid outcome	not-run	https://bruno.nicenboim.me/bayescogsci/	Cited book root exposes navigation/TOC text but no stable row-level formula anchor; term overlap is insufficient.	authoritative-audit-explicit-family-recovery	ordinary_brm	family evidence remains indeterminate	Searched historical BRM 05c3f465e7987e8d7caa7e214fedddd90415a922:scripts/examples/vasishth.jl:281, current BayesCogSci book code, its git history, and bcogsci loaders/data. The BRM row has blank family metadata; no family was inferred from brms defaults, response names, titles, or data type.	568	-8.47744637392999	historical-semantics-unresolved	not-probed	25fc6c1b58640909fb99d44890b81f34b792d3cddad008a36c6c014e11767b65	not_claimed			ready	0da3ad5098c1564dc496c72497e159de860a3987c94ab887a5f4f2dada80a1c6	vasishth	200	pass	vasishth:pooling_partial	unresolved-family	name_or_key_present	pass	pass		f79e26c259f1fcb82ec2edf718da23147ab6319f5347d9b6701648d14d9cc055	Historical BRM 05c3f465e7987e8d7caa7e214fedddd90415a922:scripts/examples/vasishth.jl:281 returns 'y ~ 1 + (1 | subj)' with no family. The generative section draws y with rnorm and fits the exact y ~ 1 + (1 | subj) partial-pooling model.	Hierarchical Pooling — Partial Pooling	y ~ 1 + (1 | subj)	true	SbPMX origin/main@a8fd3c02e1e2305683a56c91384701bfeba6b528:design/{ASKS.md,SbPMX.jl,mock_runtime.jl},compat/check-semantic-model-pipeline.jl	false		2026-07-28T21:07:08.657145+00:00	pooling_partial	true	Historical BRM formula is 'y ~ 1 + (1 | subj)'. Authoritative formula/likelihood at 05-hierarchical.Rmd#L45-L84 is the same model up to documented renaming, centering, or generated-column crosswalk.	family is not explicit or defensibly inferred	direct	The authoritative book/repository explicitly declares gaussian; dataset evidence only confirms the example identity and was not used as sole family evidence.	already-expressible-verbatim	synthetic		y ~ 1 + (1 | subj)	https://github.com/bnicenboim/bayescogsci; https://github.com/bnicenboim/bcogsci	gaussian	bridgestan-finite-density-gradient	284
unverifiable	explicit Normal likelihood; named log-scale sigma predictor uses native linked-predictor syntax	BRM constructs 10 subjects x 5 observations with y=500+50*u+20*noise. The authoritative pedagogical generator uses 20 subjects and its own mu/tau/sigma draws; schemas y,subj and pooling semantics match, exact values do not.	unverifiable	high	297	CatalogServer_default_unsubstantiated	59101d5c2d6d2cb6	gaussian	renderer-default-unsubstantiated; inference happens to agree		31e79620f89e647d955ebc98fcd6b285011212aa	insufficient_root_page_terms:0/0		2		authoritative brm_descriptor/brm_execute; experimental SbPMX semantic_app mount adapter	scripts/examples/vasishth.jl	true	05-hierarchical.Rmd#L158-L188	2026-07-28T22:54:31Z	pass	pooling			synthetic-no-external-receipt	false		false	pass		explicit-family-recovery		pass	loc ~ 1\nlog(sigma) ~ 1\ny ~ Normal(loc, sigma)	pass	unresolved-family	https://bruno.nicenboim.me/bayescogsci/	@options + option_domain/option_records + semantic_card under semantic_app	cited_project_author_publisher_surface	05c3f465e7987e8d7caa7e214fedddd90415a922		text_offset=3408; matched_terms=complete,hierarchical,pooling; context_sha256=6e18afc0025cec7b	direct population/likelihood route when the family and terms are supported	200	synthetic n=12; positive continuous predictors; integer groups; family-valid outcome	not-run	https://bruno.nicenboim.me/bayescogsci/	Cited book root exposes navigation/TOC text but no stable row-level formula anchor; term overlap is insufficient.	authoritative-audit-explicit-family-recovery	ordinary_brm	family evidence remains indeterminate	Searched historical BRM 05c3f465e7987e8d7caa7e214fedddd90415a922:scripts/examples/vasishth.jl:297, current BayesCogSci book code, its git history, and bcogsci loaders/data. The BRM row has blank family metadata; no family was inferred from brms defaults, response names, titles, or data type.	570	-8.47744637392999	historical-semantics-unresolved	not-probed	58a2404576ae848c280e014a4e4d33703369a1cc6a175c78e7c378c8e7a73d36	not_claimed			ready	0da3ad5098c1564dc496c72497e159de860a3987c94ab887a5f4f2dada80a1c6	vasishth	200	pass	vasishth:pooling_complete	unresolved-family	name_or_key_present	pass	pass		b83038798542652265687b29bca68d2dc221da4822846a2e77f3282dcb07bda9	Historical BRM 05c3f465e7987e8d7caa7e214fedddd90415a922:scripts/examples/vasishth.jl:297 returns 'y ~ 1' with no family. The book states y_n ~ Normal(mu,sigma) and fits the exact y ~ 1 complete-pooling model.	Hierarchical Pooling — Complete Pooling	y ~ 1	true	SbPMX origin/main@a8fd3c02e1e2305683a56c91384701bfeba6b528:design/{ASKS.md,SbPMX.jl,mock_runtime.jl},compat/check-semantic-model-pipeline.jl	false		2026-07-28T21:07:08.657145+00:00	pooling_complete	true	Historical BRM formula is 'y ~ 1'. Authoritative formula/likelihood at 05-hierarchical.Rmd#L158-L188 is the same model up to documented renaming, centering, or generated-column crosswalk.	family is not explicit or defensibly inferred	direct	The authoritative book/repository explicitly declares gaussian; dataset evidence only confirms the example identity and was not used as sole family evidence.	already-expressible-verbatim	synthetic		y ~ 1	https://github.com/bnicenboim/bayescogsci; https://github.com/bnicenboim/bcogsci	gaussian	bridgestan-finite-density-gradient	285
unverifiable	explicit Normal likelihood; named log-scale sigma predictor uses native linked-predictor syntax	BRM constructs 10 subjects x 5 observations with y=500+50*u+20*noise. The authoritative pedagogical generator uses 20 subjects and its own mu/tau/sigma draws; schemas y,subj and pooling semantics match, exact values do not.	unverifiable	high	313	CatalogServer_default_unsubstantiated	d0242bee726947f6	gaussian	renderer-default-unsubstantiated; inference happens to agree		31e79620f89e647d955ebc98fcd6b285011212aa	insufficient_root_page_terms:1/2		3		authoritative brm_descriptor/brm_execute; experimental SbPMX semantic_app mount adapter	scripts/examples/vasishth.jl	true	05-hierarchical.Rmd#L213-L256	2026-07-28T22:54:31Z	pass	pooling			synthetic-no-external-receipt	false		false	pass		explicit-family-recovery		pass	loc ~ 0 + subj\nlog(sigma) ~ 1\ny ~ Normal(loc, sigma)	pass	unresolved-family	https://bruno.nicenboim.me/bayescogsci/	@options + option_domain/option_records + semantic_card under semantic_app	cited_project_author_publisher_surface	05c3f465e7987e8d7caa7e214fedddd90415a922		text_offset=3408; matched_terms=factor,hierarchical,pooling; context_sha256=6e18afc0025cec7b	direct population/likelihood route when the family and terms are supported	200	synthetic n=12; positive continuous predictors; integer groups; family-valid outcome	not-run	https://bruno.nicenboim.me/bayescogsci/	Cited book root exposes navigation/TOC text but no stable row-level formula anchor; term overlap is insufficient.	authoritative-audit-explicit-family-recovery	ordinary_brm	family evidence remains indeterminate	Searched historical BRM 05c3f465e7987e8d7caa7e214fedddd90415a922:scripts/examples/vasishth.jl:313, current BayesCogSci book code, its git history, and bcogsci loaders/data. The BRM row has blank family metadata; no family was inferred from brms defaults, response names, titles, or data type.	572	-8.47744637392999	historical-semantics-unresolved	not-probed	8fd881cfd5f4896f1599a99043ebef9953e4dc3010d32555462e884adb7385e6	not_claimed			ready	0da3ad5098c1564dc496c72497e159de860a3987c94ab887a5f4f2dada80a1c6	vasishth	200	pass	vasishth:pooling_none	unresolved-family	name_or_key_present	pass	pass		bbe65f8b05dc182c67d02c6d0b2df2155ba976151297092258f28197493c61ce	Historical BRM 05c3f465e7987e8d7caa7e214fedddd90415a922:scripts/examples/vasishth.jl:313 returns 'y ~ 0 + factor(subj)' with no family. The book states y_n ~ Normal(mu_subj[n],sigma) and fits the exact y ~ 0 + factor(subj) no-pooling model.	Hierarchical Pooling — No Pooling	y ~ 0 + factor(subj)	true	SbPMX origin/main@a8fd3c02e1e2305683a56c91384701bfeba6b528:design/{ASKS.md,SbPMX.jl,mock_runtime.jl},compat/check-semantic-model-pipeline.jl	false		2026-07-28T21:07:08.657145+00:00	pooling_none	true	Historical BRM formula is 'y ~ 0 + factor(subj)'. Authoritative formula/likelihood at 05-hierarchical.Rmd#L213-L256 is the same model up to documented renaming, centering, or generated-column crosswalk.	family is not explicit or defensibly inferred	direct	The authoritative book/repository explicitly declares gaussian; dataset evidence only confirms the example identity and was not used as sole family evidence.	already-expressible-verbatim	synthetic		y ~ 0 + factor(subj)	https://github.com/bnicenboim/bayescogsci; https://github.com/bnicenboim/bcogsci	gaussian	bridgestan-finite-density-gradient	286
unverifiable	explicit Normal likelihood; named log-scale sigma predictor uses native linked-predictor syntax	BRM constructs 120 rows with four A-D levels. Authoritative bcogsci::df_contrasts1 has 10 rows, schema F,DV,id (first DV=0.636193991420565) and df_contrasts3 has 20 rows for the four-level monotonic example. This is material dataset drift.	unverifiable	high	350	CatalogServer_default_unsubstantiated	4c4526654898cf8a	gaussian	renderer-default-unsubstantiated; inference happens to agree		31e79620f89e647d955ebc98fcd6b285011212aa	insufficient_root_page_terms:0/0		2		authoritative brm_descriptor/brm_execute; experimental SbPMX semantic_app mount adapter	scripts/examples/vasishth.jl	true	06-coding.Rmd#L64-L72	2026-07-28T22:54:31Z	pass	contrasts1			synthetic-no-external-receipt	false		false	pass		explicit-family-recovery		pass	loc ~ F\nlog(sigma) ~ 1\nDV ~ Normal(loc, sigma)	pass	unresolved-family	https://bruno.nicenboim.me/bayescogsci/	@options + option_domain/option_records + semantic_card under semantic_app	cited_project_author_publisher_surface	05c3f465e7987e8d7caa7e214fedddd90415a922		text_offset=3994; matched_terms=coding,contrast,treatment; context_sha256=35c65b83c306ef95	direct population/likelihood route when the family and terms are supported	200	synthetic n=12; positive continuous predictors; integer groups; family-valid outcome	not-run	https://bruno.nicenboim.me/bayescogsci/	Cited book root exposes navigation/TOC text but no stable row-level formula anchor; term overlap is insufficient.	authoritative-audit-explicit-family-recovery	ordinary_brm	family evidence remains indeterminate	Searched historical BRM 05c3f465e7987e8d7caa7e214fedddd90415a922:scripts/examples/vasishth.jl:350, current BayesCogSci book code, its git history, and bcogsci loaders/data. The BRM row has blank family metadata; no family was inferred from brms defaults, response names, titles, or data type.	574	-7.817384082920588	historical-semantics-unresolved	not-probed	4829b2f0e52c0a7c043b8372cc6022517ff3753225126297c4f9182b3ae14424	not_claimed			ready	0da3ad5098c1564dc496c72497e159de860a3987c94ab887a5f4f2dada80a1c6	vasishth	200	pass	vasishth:contrasts1_treatment	unresolved-family	name_or_key_present	pass	pass		8b001e6b2b7aee05b22625cdc192a5a8d4b7afc3cc294a42e860dd37c12a40a7	Historical BRM 05c3f465e7987e8d7caa7e214fedddd90415a922:scripts/examples/vasishth.jl:350 returns 'DV ~ F' with no family. The exact DV ~ F model explicitly sets family = gaussian().	Contrast Coding — Treatment Contrast	DV ~ F	true	SbPMX origin/main@a8fd3c02e1e2305683a56c91384701bfeba6b528:design/{ASKS.md,SbPMX.jl,mock_runtime.jl},compat/check-semantic-model-pipeline.jl	false		2026-07-28T21:07:08.657145+00:00	contrasts1_treatment	true	Historical BRM formula is 'DV ~ F'. Authoritative formula/likelihood at 06-coding.Rmd#L64-L72 is the same model up to documented renaming, centering, or generated-column crosswalk.	family is not explicit or defensibly inferred	direct	The authoritative book/repository explicitly declares gaussian; dataset evidence only confirms the example identity and was not used as sole family evidence.	already-expressible-verbatim	synthetic		DV ~ F	https://github.com/bnicenboim/bayescogsci; https://github.com/bnicenboim/bcogsci	gaussian	bridgestan-finite-density-gradient	287
unverifiable	explicit Normal likelihood; named log-scale sigma predictor uses native linked-predictor syntax	BRM constructs 120 rows with four A-D levels. Authoritative bcogsci::df_contrasts1 has 10 rows, schema F,DV,id (first DV=0.636193991420565) and df_contrasts3 has 20 rows for the four-level monotonic example. This is material dataset drift.	unverifiable	high	366	CatalogServer_default_unsubstantiated	f5eefc726411c5af	gaussian	renderer-default-unsubstantiated; inference happens to agree		31e79620f89e647d955ebc98fcd6b285011212aa	insufficient_root_page_terms:0/0		2		authoritative brm_descriptor/brm_execute; experimental SbPMX semantic_app mount adapter	scripts/examples/vasishth.jl	true	06-coding.Rmd#L259-L268	2026-07-28T22:54:31Z	pass	contrasts1			synthetic-no-external-receipt	false		false	pass		explicit-family-recovery		pass	loc ~ 0 + F\nlog(sigma) ~ 1\nDV ~ Normal(loc, sigma)	pass	unresolved-family	https://bruno.nicenboim.me/bayescogsci/	@options + option_domain/option_records + semantic_card under semantic_app	cited_project_author_publisher_surface	05c3f465e7987e8d7caa7e214fedddd90415a922		text_offset=3994; matched_terms=cell,coding,contrast,means,parameterization; context_sha256=35c65b83c306ef95	direct population/likelihood route when the family and terms are supported	200	synthetic n=12; positive continuous predictors; integer groups; family-valid outcome	not-run	https://bruno.nicenboim.me/bayescogsci/	Cited book root exposes navigation/TOC text but no stable row-level formula anchor; term overlap is insufficient.	authoritative-audit-explicit-family-recovery	ordinary_brm	family evidence remains indeterminate	Searched historical BRM 05c3f465e7987e8d7caa7e214fedddd90415a922:scripts/examples/vasishth.jl:366, current BayesCogSci book code, its git history, and bcogsci loaders/data. The BRM row has blank family metadata; no family was inferred from brms defaults, response names, titles, or data type.	576	-7.817384082920588	historical-semantics-unresolved	not-probed	4829b2f0e52c0a7c043b8372cc6022517ff3753225126297c4f9182b3ae14424	not_claimed			ready	0da3ad5098c1564dc496c72497e159de860a3987c94ab887a5f4f2dada80a1c6	vasishth	200	pass	vasishth:contrasts1_cellmeans	unresolved-family	name_or_key_present	pass	pass		8b001e6b2b7aee05b22625cdc192a5a8d4b7afc3cc294a42e860dd37c12a40a7	Historical BRM 05c3f465e7987e8d7caa7e214fedddd90415a922:scripts/examples/vasishth.jl:366 returns 'DV ~ -1 + F' with no family. The exact cell-means DV ~ -1 + F model explicitly sets family = gaussian().	Contrast Coding — Cell-Means Parameterization	DV ~ -1 + F	true	SbPMX origin/main@a8fd3c02e1e2305683a56c91384701bfeba6b528:design/{ASKS.md,SbPMX.jl,mock_runtime.jl},compat/check-semantic-model-pipeline.jl	false		2026-07-28T21:07:08.657145+00:00	contrasts1_cellmeans	true	Historical BRM formula is 'DV ~ -1 + F'. Authoritative formula/likelihood at 06-coding.Rmd#L259-L268 is the same model up to documented renaming, centering, or generated-column crosswalk.	family is not explicit or defensibly inferred	direct	The authoritative book/repository explicitly declares gaussian; dataset evidence only confirms the example identity and was not used as sole family evidence.	already-expressible-verbatim	synthetic		DV ~ -1 + F	https://github.com/bnicenboim/bayescogsci; https://github.com/bnicenboim/bcogsci	gaussian	bridgestan-finite-density-gradient	288
unverifiable	explicit Normal likelihood; named log-scale sigma predictor uses native linked-predictor syntax	BRM constructs 120 rows with four A-D levels. Authoritative bcogsci::df_contrasts1 has 10 rows, schema F,DV,id (first DV=0.636193991420565) and df_contrasts3 has 20 rows for the four-level monotonic example. This is material dataset drift.	unverifiable	high	382	CatalogServer_default_unsubstantiated	a39cf1686a8914b3	gaussian	renderer-default-unsubstantiated; inference happens to agree		31e79620f89e647d955ebc98fcd6b285011212aa	insufficient_root_page_terms:0/0		4		authoritative brm_descriptor/brm_execute; experimental SbPMX semantic_app mount adapter	scripts/examples/vasishth.jl	true	06-coding.Rmd#L721-L734	2026-07-28T22:54:31Z	pass	contrasts1			synthetic-no-external-receipt	false		false	pass		explicit-family-recovery		pass	loc ~ 1 + mo(F)\nlog(sigma) ~ 1\nDV ~ Normal(loc, sigma)	pass	unresolved-family	https://bruno.nicenboim.me/bayescogsci/	@options + option_domain/option_records + semantic_card under semantic_app	cited_project_author_publisher_surface	05c3f465e7987e8d7caa7e214fedddd90415a922		text_offset=3994; matched_terms=coding,contrast,effect,monotonic; context_sha256=35c65b83c306ef95	direct population/likelihood route when the family and terms are supported	200	synthetic n=12; positive continuous predictors; integer groups; family-valid outcome	not-run	https://bruno.nicenboim.me/bayescogsci/	Cited book root exposes navigation/TOC text but no stable row-level formula anchor; term overlap is insufficient.	authoritative-audit-explicit-family-recovery	ordinary_brm	family evidence remains indeterminate	Searched historical BRM 05c3f465e7987e8d7caa7e214fedddd90415a922:scripts/examples/vasishth.jl:382, current BayesCogSci book code, its git history, and bcogsci loaders/data. The BRM row has blank family metadata; no family was inferred from brms defaults, response names, titles, or data type. The authoritative monotonic example uses df_contrasts3, whereas BRM attaches the formula to its own synthetic contrasts1 object; this dataset label/value drift is recorded and was not used as family evidence.	578	-9.517167144769907	historical-semantics-unresolved	not-probed	b16ec04cb68ef2879d15fbb2f1f3bb85c0583ccb9150130b3ec4a91d5144aa97	not_claimed			ready	0da3ad5098c1564dc496c72497e159de860a3987c94ab887a5f4f2dada80a1c6	vasishth	200	pass	vasishth:contrasts1_monotonic	unresolved-family	name_or_key_present	pass	pass		e78cd944c1bd77a92394a5913cd429e91323d7d4807c0577cfa3063eded133dc	Historical BRM 05c3f465e7987e8d7caa7e214fedddd90415a922:scripts/examples/vasishth.jl:382 returns 'DV ~ 1 + mo(F)' with no family. The exact DV ~ 1 + mo(F) monotonic model explicitly sets family = gaussian().	Contrast Coding — Monotonic Effect	DV ~ 1 + mo(F)	true	SbPMX origin/main@a8fd3c02e1e2305683a56c91384701bfeba6b528:design/{ASKS.md,SbPMX.jl,mock_runtime.jl},compat/check-semantic-model-pipeline.jl	false		2026-07-28T21:07:08.657145+00:00	contrasts1_monotonic	true	Historical BRM formula is 'DV ~ 1 + mo(F)'. Authoritative formula/likelihood at 06-coding.Rmd#L721-L734 is the same model up to documented renaming, centering, or generated-column crosswalk.	family is not explicit or defensibly inferred	direct	The authoritative book/repository explicitly declares gaussian; dataset evidence only confirms the example identity and was not used as sole family evidence.	already-expressible-verbatim	synthetic		DV ~ 1 + mo(F)	https://github.com/bnicenboim/bayescogsci; https://github.com/bnicenboim/bcogsci	gaussian	bridgestan-finite-density-gradient	289
unverifiable	explicit Normal likelihood; named log-scale sigma predictor uses native linked-predictor syntax	BRM constructs 200 synthetic rows with schema DV,A,B,pDV. Authoritative bcogsci::df_contrasts4 has 20 rows, schema A,B,DV,id (first row A1,B1,DV=17.5465593239116,id=1); formula/design match but values and row count drift.	unverifiable	high	423	CatalogServer_default_unsubstantiated	472bb1f0e9c4b9c3	gaussian	renderer-default-unsubstantiated; inference happens to agree		31e79620f89e647d955ebc98fcd6b285011212aa	insufficient_root_page_terms:0/0		4		authoritative brm_descriptor/brm_execute; experimental SbPMX semantic_app mount adapter	scripts/examples/vasishth.jl	true	07-coding2x2.Rmd#L45-L55	2026-07-28T22:54:31Z	pass	contrasts2x2			synthetic-no-external-receipt	false		false	pass		explicit-family-recovery		pass	loc ~ A + B + (A & B)\nlog(sigma) ~ 1\nDV ~ Normal(loc, sigma)	pass	unresolved-family	https://bruno.nicenboim.me/bayescogsci/	@options + option_domain/option_records + semantic_card under semantic_app	cited_project_author_publisher_surface	05c3f465e7987e8d7caa7e214fedddd90415a922		text_offset=4965; matched_terms=factorial; context_sha256=16820ec92d1e4218	direct population/likelihood route when the family and terms are supported	200	synthetic n=12; positive continuous predictors; integer groups; family-valid outcome	not-run	https://bruno.nicenboim.me/bayescogsci/	Cited book root exposes navigation/TOC text but no stable row-level formula anchor; term overlap is insufficient.	authoritative-audit-explicit-family-recovery	ordinary_brm	family evidence remains indeterminate	Searched historical BRM 05c3f465e7987e8d7caa7e214fedddd90415a922:scripts/examples/vasishth.jl:423, current BayesCogSci book code, its git history, and bcogsci loaders/data. The BRM row has blank family metadata; no family was inferred from brms defaults, response names, titles, or data type.	580	-3.8069883206128132	historical-semantics-unresolved	not-probed	499d001f451c96ebbe869f3a28e687e03fedf6fae7a88501afa9ce66dc77cdd4	not_claimed			ready	0da3ad5098c1564dc496c72497e159de860a3987c94ab887a5f4f2dada80a1c6	vasishth	200	pass	vasishth:contrasts2x2_factorial	unresolved-family	name_or_key_present	pass	pass		fdf50a1b099bce012acb5f79c53bd3434b19e5f2c5c3d42e18e9d92e6eb3b2fc	Historical BRM 05c3f465e7987e8d7caa7e214fedddd90415a922:scripts/examples/vasishth.jl:423 returns 'DV ~ A * B' with no family. The exact DV ~ A * B factorial model explicitly sets family = gaussian().	2×2 Factorial — Full Factorial Model	DV ~ A * B	true	SbPMX origin/main@a8fd3c02e1e2305683a56c91384701bfeba6b528:design/{ASKS.md,SbPMX.jl,mock_runtime.jl},compat/check-semantic-model-pipeline.jl	false		2026-07-28T21:07:08.657145+00:00	contrasts2x2_factorial	true	Historical BRM formula is 'DV ~ A * B'. Authoritative formula/likelihood at 07-coding2x2.Rmd#L45-L55 is the same model up to documented renaming, centering, or generated-column crosswalk.	family is not explicit or defensibly inferred	direct	The authoritative book/repository explicitly declares gaussian; dataset evidence only confirms the example identity and was not used as sole family evidence.	already-expressible-via-semantic-rewrite	synthetic		DV ~ A * B	https://github.com/bnicenboim/bayescogsci; https://github.com/bnicenboim/bcogsci	gaussian	bridgestan-finite-density-gradient	290
unverifiable	source fixed-effect `/` expansion needs explicit main/interaction or prederived contrast columns; prederive the exact interaction/design columns	BRM constructs 200 synthetic rows with schema DV,A,B,pDV. Authoritative bcogsci::df_contrasts4 has 20 rows, schema A,B,DV,id (first row A1,B1,DV=17.5465593239116,id=1); formula/design match but values and row count drift.	unverifiable	high	439	CatalogServer_default_unsubstantiated		gaussian	renderer-default-unsubstantiated; inference happens to agree		31e79620f89e647d955ebc98fcd6b285011212aa	insufficient_root_page_terms:0/0				no executable descriptor until translation is resolved	scripts/examples/vasishth.jl	true	07-coding2x2.Rmd#L208-L218	2026-07-28T22:54:31Z	not-run	contrasts2x2			synthetic-no-external-receipt	false		false	not-run		explicit-family-recovery		not-run		not-run	unresolved-family	https://bruno.nicenboim.me/bayescogsci/	@options + option_domain/option_records + semantic_card under semantic_app	cited_project_author_publisher_surface	05c3f465e7987e8d7caa7e214fedddd90415a922		text_offset=4965; matched_terms=factorial,nested; context_sha256=16820ec92d1e4218	direct population/likelihood route when the family and terms are supported	200	synthetic n=12; positive continuous predictors; integer groups; family-valid outcome	not-run	https://bruno.nicenboim.me/bayescogsci/	Cited book root exposes navigation/TOC text but no stable row-level formula anchor; term overlap is insufficient.	authoritative-audit-explicit-family-recovery	ordinary_brm	family evidence remains indeterminate	Searched historical BRM 05c3f465e7987e8d7caa7e214fedddd90415a922:scripts/examples/vasishth.jl:439, current BayesCogSci book code, its git history, and bcogsci loaders/data. The BRM row has blank family metadata; no family was inferred from brms defaults, response names, titles, or data type.			historical-semantics-unresolved	not-probed		not_claimed			semantic-rewrite	0da3ad5098c1564dc496c72497e159de860a3987c94ab887a5f4f2dada80a1c6	vasishth	200	not-run	vasishth:contrasts2x2_nested	unresolved-family	name_or_key_present	not-run	not-run			Historical BRM 05c3f465e7987e8d7caa7e214fedddd90415a922:scripts/examples/vasishth.jl:439 returns 'DV ~ B / A' with no family. The exact DV ~ B / A nested model explicitly sets family = gaussian().	2×2 Factorial — Nested Model	DV ~ B / A	not-run	SbPMX origin/main@a8fd3c02e1e2305683a56c91384701bfeba6b528:design/{ASKS.md,SbPMX.jl,mock_runtime.jl},compat/check-semantic-model-pipeline.jl	false		2026-07-28T21:07:08.657145+00:00	contrasts2x2_nested	true	Historical BRM formula is 'DV ~ B / A'. Authoritative formula/likelihood at 07-coding2x2.Rmd#L208-L218 is the same model up to documented renaming, centering, or generated-column crosswalk.	family is not explicit or defensibly inferred	not-probed	The authoritative book/repository explicitly declares gaussian; dataset evidence only confirms the example identity and was not used as sole family evidence.	already-expressible-via-semantic-rewrite	synthetic		DV ~ B / A	https://github.com/bnicenboim/bayescogsci; https://github.com/bnicenboim/bcogsci	gaussian	semantic-rewrite	291
unverifiable	explicit Bernoulli-logit likelihood		unverifiable		455	CatalogServer_default_unsubstantiated	f143101afec00d48	gaussian	renderer-default-contradicts semantic inference			insufficient_root_page_terms:0/1		3		authoritative brm_descriptor/brm_execute; experimental SbPMX semantic_app mount adapter	scripts/examples/vasishth.jl	true			pass	contrasts2x2			synthetic-no-external-receipt	false		false	pass				pass	log_odds ~ A + B + (A & B)\npDV ~ BernoulliLogit(log_odds)	pass	unresolved-family	https://bruno.nicenboim.me/bayescogsci/	@options + option_domain/option_records + semantic_card under semantic_app	cited_project_author_publisher_surface	05c3f465e7987e8d7caa7e214fedddd90415a922		text_offset=4965; matched_terms=factorial; context_sha256=16820ec92d1e4218	direct population/likelihood route when the family and terms are supported	200	synthetic n=12; positive continuous predictors; integer groups; family-valid outcome	not-run	https://bruno.nicenboim.me/bayescogsci/	Cited book root exposes navigation/TOC text but no stable row-level formula anchor; term overlap is insufficient.	inferred-from-name	ordinary_brm	family evidence remains indeterminate		584	-8.317766166719343	historical-semantics-unresolved	not-probed	def04d80b90d2d2e8c5814760642c12b80ba15c227393f5688a3394dfbe2f5de	not_claimed			ready	0da3ad5098c1564dc496c72497e159de860a3987c94ab887a5f4f2dada80a1c6	vasishth		pass	vasishth:contrasts2x2_logistic	unresolved-family	name_or_key_present	pass	pass		c93db3090ff854c23d7c9217630b732ea0699203347ed5a45f93118d8b76a002		2×2 Factorial — Logistic Regression	pDV ~ A * B	true	SbPMX origin/main@a8fd3c02e1e2305683a56c91384701bfeba6b528:design/{ASKS.md,SbPMX.jl,mock_runtime.jl},compat/check-semantic-model-pipeline.jl	false		2026-07-28T21:07:08.657145+00:00	contrasts2x2_logistic	true		family is not explicit or defensibly inferred	direct		already-expressible-via-semantic-rewrite	synthetic		pDV ~ A * B		bernoulli	bridgestan-finite-density-gradient	292
unverifiable	known response SE moved into the explicit Normal scale; no fractional likelihood weighting implied	BRM constructs 20 synthetic studies with study_id,effect,SE. Authoritative bcogsci::df_sbi has 12 rows and schema publication,effect,SE; first row VanDyke07E1LoSem,13,30, and study_id is added as 1:n() in book code. Values are not the BRM synthetic replacement.	unverifiable	high	499	CatalogServer_default_unsubstantiated	3862df885e3fa210	gaussian	renderer-default-unsubstantiated; inference happens to agree		31e79620f89e647d955ebc98fcd6b285011212aa	insufficient_root_page_terms:2/3		5		authoritative brm_descriptor/brm_execute; experimental SbPMX semantic_app mount adapter	scripts/examples/vasishth.jl	true	11-REMA-ME.Rmd#L1-L14;11-REMA-ME.Rmd#L35-L93	2026-07-28T22:54:31Z	pass	meta_sbi			reachable-data-or-description	false		false	pass		explicit-family-recovery		pass	loc ~ 1 + (1 | study_id)\neffect ~ Normal(loc, SE)	pass	unresolved-family	https://bruno.nicenboim.me/bayescogsci/	@options + option_domain/option_records + semantic_card under semantic_app	cited_project_author_publisher_surface	05c3f465e7987e8d7caa7e214fedddd90415a922		text_offset=30; matched_terms=analysis,random; context_sha256=272356c594e5fcad	direct population/likelihood route when the family and terms are supported	200	synthetic n=12; positive continuous predictors; integer groups; family-valid outcome	not-run	https://bruno.nicenboim.me/bayescogsci/	Cited book root exposes navigation/TOC text but no stable row-level formula anchor; term overlap is insufficient.	authoritative-audit-explicit-family-recovery	ordinary_brm	family evidence remains indeterminate	Searched historical BRM 05c3f465e7987e8d7caa7e214fedddd90415a922:scripts/examples/vasishth.jl:499, current BayesCogSci book code, its git history, and bcogsci loaders/data. The BRM row has blank family metadata; no family was inferred from brms defaults, response names, titles, or data type.	586	-7.877896605680069	historical-semantics-unresolved	not-probed	3409106a87a8c26ca72751df096f659248dfeb9b8b2d15a946ea552c1a4b4ba4	not_claimed			ready	0da3ad5098c1564dc496c72497e159de860a3987c94ab887a5f4f2dada80a1c6	vasishth	200	pass	vasishth:meta_sbi	unresolved-family	name_or_key_present	pass	pass		0f9201a067d82505c0df1e2ab9067e9e28988ce4b7846b8ff3a2bf14182b426e	Historical BRM 05c3f465e7987e8d7caa7e214fedddd90415a922:scripts/examples/vasishth.jl:499 returns 'effect | resp_se(SE, sigma = FALSE) ~ 1 + (1 | study_id)' with no family. The book states effect_n ~ Normal(zeta_n,SE_n) and zeta_n ~ Normal(zeta,tau), then fits the exact resp_se(SE,sigma=FALSE) random-effects model.	Meta-Analysis — Random Effects Model	effect | resp_se(SE, sigma = FALSE) ~ 1 + (1 | study_id)	true	SbPMX origin/main@a8fd3c02e1e2305683a56c91384701bfeba6b528:design/{ASKS.md,SbPMX.jl,mock_runtime.jl},compat/check-semantic-model-pipeline.jl	false		2026-07-28T21:07:08.657145+00:00	meta_sbi	true	Historical BRM formula is 'effect | resp_se(SE, sigma = FALSE) ~ 1 + (1 | study_id)'. Authoritative formula/likelihood at 11-REMA-ME.Rmd#L1-L14;11-REMA-ME.Rmd#L35-L93 is the same model up to documented renaming, centering, or generated-column crosswalk.	family is not explicit or defensibly inferred	direct	Recover the Gaussian known-SE observation layer and Normal study-effect hierarchy; sigma=FALSE removes an additional residual term but does not erase between-study heterogeneity.	already-expressible-verbatim	https://osf.io/du3qp/?action=download		effect | resp_se(SE, sigma = FALSE) ~ 1 + (1 | study_id)	https://github.com/bnicenboim/bayescogsci; https://github.com/bnicenboim/bcogsci	gaussian	bridgestan-finite-density-gradient	293
unverifiable	explicit Normal likelihood; named log-scale sigma predictor uses native linked-predictor syntax		unverifiable		541	CatalogServer_default_unsubstantiated	5a663465bb9e4d57	gaussian	renderer-default-unsubstantiated; inference happens to agree			insufficient_root_page_terms:0/2		2		authoritative brm_descriptor/brm_execute; experimental SbPMX semantic_app mount adapter	scripts/examples/vasishth.jl	true			pass	indiv_diff			reachable-data-or-description	false		false	pass				pass	loc ~ c_mean_pcu\nlog(sigma) ~ 1\nmean_rspeed ~ Normal(loc, sigma)	pass	unresolved-family	https://bruno.nicenboim.me/bayescogsci/	@options + option_domain/option_records + semantic_card under semantic_app	cited_project_author_publisher_surface	05c3f465e7987e8d7caa7e214fedddd90415a922		text_offset=7044; matched_terms=individual; context_sha256=5a6aca1b85321831	direct population/likelihood route when the family and terms are supported	200	synthetic n=12; positive continuous predictors; integer groups; family-valid outcome	not-run	https://bruno.nicenboim.me/bayescogsci/	Cited book root exposes navigation/TOC text but no stable row-level formula anchor; term overlap is insufficient.	inferred-from-name	ordinary_brm	family evidence remains indeterminate		588	-7.817384082920588	historical-semantics-unresolved	not-probed	12670bedfe4057386f930071812f04524a9980a81494ff979c8d5724541ceb5f	not_claimed			ready	0da3ad5098c1564dc496c72497e159de860a3987c94ab887a5f4f2dada80a1c6	vasishth		pass	vasishth:indiv_diff_naive	unresolved-family	name_or_key_present	pass	pass		8a20426a8902b0c03fac2fcdd37f802c54bf03465eacffadf153707fefe8acee		Individual Differences — Naive OLS	mean_rspeed ~ c_mean_pcu	true	SbPMX origin/main@a8fd3c02e1e2305683a56c91384701bfeba6b528:design/{ASKS.md,SbPMX.jl,mock_runtime.jl},compat/check-semantic-model-pipeline.jl	false		2026-07-28T21:07:08.657145+00:00	indiv_diff_naive	true		family is not explicit or defensibly inferred	direct		already-expressible-verbatim	https://osf.io/du3qp/?action=download		mean_rspeed ~ c_mean_pcu		gaussian	bridgestan-finite-density-gradient	294
unverifiable	me(...) supports a positive scalar SD only; this row uses a per-row or nonliteral uncertainty	BRM constructs 60 synthetic rows with mean_rspeed,se_rspeed,c_mean_pcu,se_pcu. Authoritative bcogsci::df_indiv has 100 rows and schema subj,mean_rspeed,se_rspeed,mean_pcu,se_pcu; first values are subj 1,0.0520853599469528,0.001129527748667,0.7375,0.0648140632472058, with c_mean_pcu derived in book code.	unverifiable	high	557	CatalogServer_default_unsubstantiated		gaussian	renderer-default-unsubstantiated; inference happens to agree		31e79620f89e647d955ebc98fcd6b285011212aa	insufficient_root_page_terms:1/5				no executable descriptor until translation is resolved	scripts/examples/vasishth.jl	true	11-REMA-ME.Rmd#L377-L435	2026-07-28T22:54:31Z	not-run	indiv_diff			reachable-data-or-description	false		false	not-run		explicit-family-recovery		not-run		not-run	unresolved-family	https://bruno.nicenboim.me/bayescogsci/	@options + option_domain/option_records + semantic_card under semantic_app	cited_project_author_publisher_surface	05c3f465e7987e8d7caa7e214fedddd90415a922		text_offset=7044; matched_terms=error,individual,measurement; context_sha256=5a6aca1b85321831	direct population/likelihood route when the family and terms are supported	200	synthetic n=12; positive continuous predictors; integer groups; family-valid outcome	not-run	https://bruno.nicenboim.me/bayescogsci/	Cited book root exposes navigation/TOC text but no stable row-level formula anchor; term overlap is insufficient.	authoritative-audit-explicit-family-recovery	ordinary_brm	family evidence remains indeterminate	Searched historical BRM 05c3f465e7987e8d7caa7e214fedddd90415a922:scripts/examples/vasishth.jl:557, current BayesCogSci book code, its git history, and bcogsci loaders/data. The BRM row has blank family metadata; no family was inferred from brms defaults, response names, titles, or data type.			historical-semantics-unresolved	not-probed		not_claimed			unsupported	0da3ad5098c1564dc496c72497e159de860a3987c94ab887a5f4f2dada80a1c6	vasishth	200	not-run	vasishth:indiv_diff_me	unresolved-family	name_or_key_present	not-run	not-run			Historical BRM 05c3f465e7987e8d7caa7e214fedddd90415a922:scripts/examples/vasishth.jl:557 returns 'mean_rspeed | resp_se(se_rspeed, sigma = TRUE) ~ me(c_mean_pcu, se_pcu)' with no family. The book gives Normal measurement models for observed y and x and a Normal regression for latent y_true, then fits the exact response-SE/predictor-me formula with family = gaussian().	Individual Differences — Measurement Error Model	mean_rspeed | resp_se(se_rspeed, sigma = TRUE) ~ me(c_mean_pcu, se_pcu)	not-run	SbPMX origin/main@a8fd3c02e1e2305683a56c91384701bfeba6b528:design/{ASKS.md,SbPMX.jl,mock_runtime.jl},compat/check-semantic-model-pipeline.jl	false		2026-07-28T21:07:08.657145+00:00	indiv_diff_me	true	Historical BRM formula is 'mean_rspeed | resp_se(se_rspeed, sigma = TRUE) ~ me(c_mean_pcu, se_pcu)'. Authoritative formula/likelihood at 11-REMA-ME.Rmd#L377-L435 is the same model up to documented renaming, centering, or generated-column crosswalk.	family is not explicit or defensibly inferred	not-probed	Recover Gaussian measurement and regression layers while retaining uncertainty in both response and predictor plus estimated residual sigma.	genuinely-missing-brm-surface	https://osf.io/du3qp/?action=download	StanBlocks building blocks may exist; see surface audits	mean_rspeed | resp_se(se_rspeed, sigma = TRUE) ~ me(c_mean_pcu, se_pcu)	https://github.com/bnicenboim/bayescogsci; https://github.com/bnicenboim/bcogsci	gaussian	unsupported	295
confirmed	requires a faithful brm_kernel implementation; no ordinary-formula substitute	Historical loader returns angular error in (-pi,pi] plus set size/id, generated from wrapped normal versus uniform; it supports circular-mixture shape.	confirmed	strong	64	CatalogServer_default_unsubstantiated		gaussian	renderer-default-contradicts semantic inference		BRM=05c3f465e7987e8d7caa7e214fedddd90415a922; bmm=70c76efe8f9204d78434908aecc39e740b80c2c2	exact_text_present				authoritative kernel-capable BRMDescriptor substrate; row-specific experimental semantic_app adapter required	scripts/examples/bmm.jl	true	scripts/examples/bmm.jl:64-90; R/model_mixture2p.R:93-102; R/model_mixture2p.R:35; R/distributions.R:287-297	2026-07-28T22:56:15Z	not-run	bays2009_synth			synthetic-no-external-receipt	false		false	not-run		explicit-family-recovery		not-run		not-run	unresolved-family	https://venpopov.com/bmm/articles/bmm_mixture_models.html	@options + option_domain/option_records + semantic_card under semantic_app	cited_project_author_publisher_surface	05c3f465e7987e8d7caa7e214fedddd90415a922		text_offset=304; matched_terms=mixture,mixture2p,model,parameter,two; context_sha256=8acdd559218600da	faithful-candidate: group-local measurement-model parameters; likelihood cell still bespoke	200	synthetic n=12; positive continuous predictors; integer groups; family-valid outcome	not-run	https://venpopov.github.io/bmm/articles/bmm_mixture_models.html	The retrieved official/primary source contains the normalized claimed formula text.	authoritative-audit-explicit-family-recovery	brm_kernel	family evidence remains indeterminate	Catalog family metadata is blank; the synthetic remembered component is wrapped normal rather than von Mises, so the loader cannot establish the fitted family.			historical-semantics-unresolved	not-probed		not_claimed			route-specific	94d3dddc560dab3bd667ef9f5925d94c62986d7b1a898be4f936aafc2ea3b780	bmm	article=200; upstream-git=ok	not-run	bmm:mixture2p_setsize	unresolved-family	name_or_key_present	not-run	not-run			configure_model.mixture2p explicitly installs brms::mixture("von_mises","von_mises"); fixed kappa2=-100 makes the second concentration effectively zero, and dmixture2p defines component 2 as dvon_mises(mu=0,kappa=0), i.e. circular uniform.	Mixture2p — Two-Parameter Mixture Model (Set Size Effects)	thetat ~ 0 + set_size + (0 + set_size | id); kappa ~ 0 + set_size + (0 + set_size | id)	not-run	SbPMX origin/main@a8fd3c02e1e2305683a56c91384701bfeba6b528:design/{ASKS.md,SbPMX.jl,mock_runtime.jl},compat/check-semantic-model-pipeline.jl	false		2026-07-28T21:07:10.506686+00:00	mixture2p_setsize	true	The target-memory component is von Mises and the guessing component is exactly the zero-concentration von Mises/uniform limit.	family is not explicit or defensibly inferred	not-probed	The fitted family and uniform component are explicit in authoritative model/distribution code, stronger than the approximate synthetic generator.	historical-semantics-unresolved	synthetic	kernel/plate substrate control is separately probed	thetat ~ 0 + set_size + (0 + set_size | id); kappa ~ 0 + set_size + (0 + set_size | id)	historical BRM source scripts/examples/bmm.jl; official BMM mixture article https://venpopov.com/bmm/articles/bmm_mixture_models.html; upstream BMM source and distribution implementation	von_mises_uniform_mixture	route-specific	296
confirmed	requires a faithful brm_kernel implementation; no ordinary-formula substitute	Historical loader provides target error and five non-target angles on the circle.	confirmed	strong	92	CatalogServer_default_unsubstantiated		gaussian	renderer-default-contradicts semantic inference		BRM=05c3f465e7987e8d7caa7e214fedddd90415a922; bmm=70c76efe8f9204d78434908aecc39e740b80c2c2	exact_text_present				authoritative kernel-capable BRMDescriptor substrate; row-specific experimental semantic_app adapter required	scripts/examples/bmm.jl	true	scripts/examples/bmm.jl:92-117; R/model_mixture3p.R:41; R/model_mixture3p.R:152-179	2026-07-28T22:56:15Z	not-run	bays2009_synth			synthetic-no-external-receipt	false		false	not-run		explicit-family-recovery		not-run		not-run	unresolved-family	https://venpopov.com/bmm/articles/bmm_mixture_models.html	@options + option_domain/option_records + semantic_card under semantic_app	cited_project_author_publisher_surface	05c3f465e7987e8d7caa7e214fedddd90415a922		text_offset=2056; matched_terms=kappa,mixture3p,non,target; context_sha256=8b6fd683436daffe	faithful-candidate: group-local measurement-model parameters; likelihood cell still bespoke	200	synthetic n=12; positive continuous predictors; integer groups; family-valid outcome	not-run	https://venpopov.github.io/bmm/articles/bmm_mixture_models.html	The retrieved official/primary source contains the normalized claimed formula text.	authoritative-audit-explicit-family-recovery	brm_kernel	family evidence remains indeterminate	Catalog family metadata is blank; the loader generates only wrapped-normal target versus uniform guesses and never generates non-target swaps, so it is schema support, not likelihood confirmation.			historical-semantics-unresolved	not-probed		not_claimed			route-specific	94d3dddc560dab3bd667ef9f5925d94c62986d7b1a898be4f936aafc2ea3b780	bmm	article=200; upstream-git=ok	not-run	bmm:mixture3p_setsize	unresolved-family	name_or_key_present	not-run	not-run			configure_model.mixture3p explicitly creates a mixture of von_mises families: one target component and max_set_size components; mu terms place active added components at non-target angles, while kappa2=-100 supplies the uniform guessing component.	Mixture3p — Three-Parameter Mixture Model (Non-Target Swaps)	thetat ~ 0 + set_size + (0 + set_size | id); thetant ~ 0 + set_size + (0 + set_size | id); kappa ~ 0 + set_size + (0 + set_size | id)	not-run	SbPMX origin/main@a8fd3c02e1e2305683a56c91384701bfeba6b528:design/{ASKS.md,SbPMX.jl,mock_runtime.jl},compat/check-semantic-model-pipeline.jl	false		2026-07-28T21:07:10.506686+00:00	mixture3p_setsize	true	The model is the documented three-process target-memory, non-target-swap, and guessing mixture even though multiple non-target components are expanded internally.	family is not explicit or defensibly inferred	not-probed	Authoritative configure code explicitly recovers the target/non-target/uniform von-Mises mixture despite the incomplete synthetic generator.	historical-semantics-unresolved	synthetic	kernel/plate substrate control is separately probed	thetat ~ 0 + set_size + (0 + set_size | id); thetant ~ 0 + set_size + (0 + set_size | id); kappa ~ 0 + set_size + (0 + set_size | id)	historical BRM source scripts/examples/bmm.jl; official BMM mixture article https://venpopov.com/bmm/articles/bmm_mixture_models.html; upstream BMM mixture3p source	von_mises_target_nontarget_uniform_mixture	route-specific	297
confirmed	requires a faithful brm_kernel implementation; no ordinary-formula substitute	Historical sdm_synth has circular y in (-pi,pi] and condition/id columns, which matches support and predictors.	confirmed	strong	149	CatalogServer_default_unsubstantiated		gaussian	renderer-default-contradicts semantic inference		BRM=05c3f465e7987e8d7caa7e214fedddd90415a922; bmm=70c76efe8f9204d78434908aecc39e740b80c2c2	exact_text_present				authoritative kernel-capable BRMDescriptor substrate; row-specific experimental semantic_app adapter required	scripts/examples/bmm.jl	true	scripts/examples/bmm.jl:149-170; R/model_sdm.R:123-147; R/distributions.R:38-85	2026-07-28T22:56:15Z	not-run	sdm_synth			synthetic-no-external-receipt	false		false	not-run		explicit-family-recovery		not-run		not-run	unresolved-family	https://venpopov.com/bmm/articles/bmm_sdm_simple.html	@options + option_domain/option_records + semantic_card under semantic_app	cited_project_author_publisher_surface	05c3f465e7987e8d7caa7e214fedddd90415a922		text_offset=33; matched_terms=discrimination,model,sdm,signal; context_sha256=940076ea42039941	faithful-candidate: group-local measurement-model parameters; likelihood cell still bespoke	200	synthetic n=12; positive continuous predictors; integer groups; family-valid outcome	not-run	https://venpopov.github.io/bmm/articles/bmm_sdm_simple.html	The retrieved official/primary source contains the normalized claimed formula text.	authoritative-audit-explicit-family-recovery	brm_kernel	family evidence remains indeterminate	Catalog family metadata is blank; its loader actually simulates a wrapped-normal/uniform mixture rather than the SDM density.			historical-semantics-unresolved	not-probed		not_claimed			route-specific	ad66d7e4537a123137fbcb012c1f1e98fe0581e873b6be86bc91e171c347dcb1	bmm	article=200; upstream-git=ok	not-run	bmm:sdm_condition	unresolved-family	name_or_key_present	not-run	not-run			configure_model.sdm explicitly constructs brms::custom_family(name="sdm_simple", dpars=mu,c,kappa) and installs custom Stan likelihood code; the package distribution documentation names the SDM distribution.	SDM — Signal Discrimination Model (Condition Effects)	c ~ 0 + cond; kappa ~ 0 + cond	not-run	SbPMX origin/main@a8fd3c02e1e2305683a56c91384701bfeba6b528:design/{ASKS.md,SbPMX.jl,mock_runtime.jl},compat/check-semantic-model-pipeline.jl	false		2026-07-28T21:07:10.519856+00:00	sdm_condition	true	This is a bespoke circular signal-discrimination density, not a standard Gaussian family despite the historical prose's loose phrase "circular-normal likelihood".	family is not explicit or defensibly inferred	not-probed	Recover the exact custom family name from implementation and explicitly reject dataset-generation equivalence.	historical-semantics-unresolved	synthetic	kernel/plate substrate control is separately probed	c ~ 0 + cond; kappa ~ 0 + cond	historical BRM source scripts/examples/bmm.jl; official BMM SDM article https://venpopov.com/bmm/articles/bmm_sdm_simple.html; upstream BMM SDM family and distribution source	sdm_simple	route-specific	298
confirmed	requires a faithful brm_kernel implementation; no ordinary-formula substitute	Historical loader supplies angular response, four non-target angles, four spatial distances, condition, and set size.	confirmed	strong	219	CatalogServer_default_unsubstantiated		gaussian	renderer-default-contradicts semantic inference		BRM=05c3f465e7987e8d7caa7e214fedddd90415a922; bmm=70c76efe8f9204d78434908aecc39e740b80c2c2	exact_text_present				authoritative kernel-capable BRMDescriptor substrate; row-specific experimental semantic_app adapter required	scripts/examples/bmm.jl	true	scripts/examples/bmm.jl:219-242; R/model_imm.R:43; R/model_imm.R:273-278; R/model_imm.R:318-333	2026-07-28T22:56:15Z	not-run	imm_synth			synthetic-no-external-receipt	false		false	not-run		explicit-family-recovery		not-run		not-run	unresolved-family	https://venpopov.com/bmm/articles/bmm_imm.html	@options + option_domain/option_records + semantic_card under semantic_app	cited_project_author_publisher_surface	05c3f465e7987e8d7caa7e214fedddd90415a922		text_offset=36; matched_terms=imm,interference,measurement,model; context_sha256=e5104adb7999fb04	faithful-candidate: group-local measurement-model parameters; likelihood cell still bespoke	200	synthetic n=12; positive continuous predictors; integer groups; family-valid outcome	not-run	https://venpopov.github.io/bmm/articles/bmm_imm.html	The retrieved official/primary source contains the normalized claimed formula text.	authoritative-audit-explicit-family-recovery	brm_kernel	family evidence remains indeterminate	Catalog family metadata is blank; the synthetic response is only wrapped-normal versus uniform and does not generate the IMM interference mechanism.			historical-semantics-unresolved	not-probed		not_claimed			route-specific	c4b15c50ca0952de9e5714c219af342de8836efdea4fc9f802aae0c0bd0fa3e4	bmm	article=200; upstream-git=ok	not-run	bmm:imm_full_condition	unresolved-family	name_or_key_present	not-run	not-run			configure_model.imm_full explicitly assigns .imm_mixture_family, a target/non-target expansion of von_mises families; fixed kappa2=-100 provides the near-zero-concentration uniform guessing component and non-target locations/distances enter mixture weights.	IMM Full — Interference Measurement Model (All Four Parameters)	c ~ 0 + cond; a ~ 0 + cond; s ~ 0 + cond; kappa ~ 0 + cond	not-run	SbPMX origin/main@a8fd3c02e1e2305683a56c91384701bfeba6b528:design/{ASKS.md,SbPMX.jl,mock_runtime.jl},compat/check-semantic-model-pipeline.jl	false		2026-07-28T21:07:10.490475+00:00	imm_full_condition	true	The four IMM parameter predictors govern a circular target/interference/guessing mixture rather than a single named exponential-family likelihood.	family is not explicit or defensibly inferred	not-probed	Recover the explicit upstream mixture structure; treat the loader as schema coverage only.	historical-semantics-unresolved	synthetic	kernel/plate substrate control is separately probed	c ~ 0 + cond; a ~ 0 + cond; s ~ 0 + cond; kappa ~ 0 + cond	historical BRM source scripts/examples/bmm.jl; official BMM IMM article https://venpopov.com/bmm/articles/bmm_imm.html; upstream BMM IMM source	von_mises_target_nontarget_uniform_mixture	route-specific	299
adapted-but-defensible	requires a faithful stanblocks_plate implementation; no ordinary-formula substitute	Historical loader explicitly generates latent z as Bernoulli occupancy and each y as Bernoulli detection conditional on z, with binary y and repeated visits.	confirmed	strong	73	CatalogServer_default_unsubstantiated		gaussian	renderer-default-contradicts semantic inference		BRM=05c3f465e7987e8d7caa7e214fedddd90415a922; flocker=b44093893851fff7d1597c868a6a20f388f5299e	partial_semantic_terms:4/5				StanBlocks plate substrate; no authoritative BRM descriptor for this row; experimental semantic_app adapter required	scripts/examples/flocker.jl	true	scripts/examples/flocker.jl:73-100; R/occupancy_families.R:1-13; R/make_occupancy_lpmf.R:42-48; R/flock.R single-season branch	2026-07-28T22:56:15Z	not-run	fd_rep_varying			synthetic-no-external-receipt	false		true	not-run		explicit-family-recovery		not-run		not-run	unresolved-family	https://jsocolar.github.io/flocker/articles/flocker_tutorial.html	@options + option_domain/option_records + semantic_card under semantic_app	cited_project_author_publisher_surface	05c3f465e7987e8d7caa7e214fedddd90415a922		flocker tutorial: rep_varying formula block	faithful-candidate: structured latent/time-series cells exceed an ordinary population formula	200	synthetic n=12; positive continuous predictors; integer groups; family-valid outcome	not-run	https://jsocolar.github.io/flocker/articles/flocker_tutorial.html	The tutorial explicitly gives the same occupancy and detection formulas with species-varying coefficients.	authoritative-audit-explicit-family-recovery	stanblocks_plate	family evidence remains indeterminate	Catalog family metadata is blank; binary y alone would not distinguish ordinary Bernoulli regression from occupancy_single.			historical-semantics-unresolved	not-probed		not_claimed			route-specific	f743402bfca80aa2382ddc6bd3693a28f65d99f81ec0ad82c5ec9f5671151b1d	flocker	tutorial=200; upstream-git=ok	not-run	flocker:single_season_repvarying	unresolved-family	name_or_key_present	not-run	not-run			The package explicitly defines custom family "occupancy_single" with detection mu and occupancy occ parameters; its Stan likelihood uses Bernoulli-logit occupancy and conditional detection terms marginalized over latent occupancy.	Single-Season Occupancy — Multi-Species with Event Covariates	occ: ~ uc1 + (1 + uc1 | species); det: ~ uc1 + ec1 + (1 + uc1 + ec1 | species)	not-run	SbPMX origin/main@a8fd3c02e1e2305683a56c91384701bfeba6b528:design/{ASKS.md,SbPMX.jl,mock_runtime.jl},compat/check-semantic-model-pipeline.jl	false		2026-07-28T21:07:09.422927+00:00	single_season_repvarying	true	Repeated binary detections form a marginalized occupancy likelihood, so reducing this row to plain Bernoulli would lose the latent-occupancy mixture.	family is not explicit or defensibly inferred	not-probed	Use the exact authoritative custom-family identifier, with the loader only corroborating its hierarchical Bernoulli semantics.	historical-semantics-unresolved	synthetic	kernel/plate substrate control is separately probed	occ: ~ uc1 + (1 + uc1 | species); det: ~ uc1 + ec1 + (1 + uc1 + ec1 | species)	historical BRM source scripts/examples/flocker.jl; official flocker tutorial https://jsocolar.github.io/flocker/articles/flocker_tutorial.html; upstream flocker custom-family and Stan-likelihood source	occupancy_single	route-specific	300
adapted-but-defensible	requires a faithful stanblocks_plate implementation; no ordinary-formula substitute	The shared historical loader has binary repeated detections generated conditionally on latent z and site/species predictors.	confirmed	strong	102	CatalogServer_default_unsubstantiated		gaussian	renderer-default-contradicts semantic inference		BRM=05c3f465e7987e8d7caa7e214fedddd90415a922; flocker=b44093893851fff7d1597c868a6a20f388f5299e	partial_semantic_terms:3/4				StanBlocks plate substrate; no authoritative BRM descriptor for this row; experimental semantic_app adapter required	scripts/examples/flocker.jl	true	scripts/examples/flocker.jl:102-123; R/occupancy_families.R:29-40; R/flock.R:320-324; R/make_occupancy_lpmf.R:60-82	2026-07-28T22:56:15Z	not-run	fd_rep_varying			synthetic-no-external-receipt	false		true	not-run		explicit-family-recovery		not-run		not-run	unresolved-family	https://jsocolar.github.io/flocker/articles/flocker_tutorial.html	@options + option_domain/option_records + semantic_card under semantic_app	cited_project_author_publisher_surface	05c3f465e7987e8d7caa7e214fedddd90415a922		flocker tutorial: rep_constant formula block	faithful-candidate: structured latent/time-series cells exceed an ordinary population formula	200	synthetic n=12; positive continuous predictors; integer groups; family-valid outcome	not-run	https://jsocolar.github.io/flocker/articles/flocker_tutorial.html	The tutorial explicitly gives the same constant-effect occupancy and detection formulas.	authoritative-audit-explicit-family-recovery	stanblocks_plate	family evidence remains indeterminate	Catalog family metadata is blank; the long-form loader itself does not perform the package's sufficient-statistic aggregation.			historical-semantics-unresolved	not-probed		not_claimed			route-specific	f743402bfca80aa2382ddc6bd3693a28f65d99f81ec0ad82c5ec9f5671151b1d	flocker	tutorial=200; upstream-git=ok	not-run	flocker:single_season_repconstant	unresolved-family	name_or_key_present	not-run	not-run			The rep-constant path explicitly installs custom family "occupancy_single_C"; its likelihood is a zero-inflated-by-occupancy binomial over successes/trials, with occupancy orientation defined by the package.	Single-Season Occupancy — Multi-Species, No Event Covariates	occ: ~ uc1 + (1 + uc1 | species); det: ~ uc1 + (1 + uc1 | species)	not-run	SbPMX origin/main@a8fd3c02e1e2305683a56c91384701bfeba6b528:design/{ASKS.md,SbPMX.jl,mock_runtime.jl},compat/check-semantic-model-pipeline.jl	false		2026-07-28T21:07:09.422927+00:00	single_season_repconstant	true	Constant visit-level detection permits binomial aggregation, but latent occupancy is still marginalized and therefore this is not an ordinary binomial GLM.	family is not explicit or defensibly inferred	not-probed	Recover occupancy_single_C from the exact selected package branch rather than inferring plain Bernoulli/binomial from y.	historical-semantics-unresolved	synthetic	kernel/plate substrate control is separately probed	occ: ~ uc1 + (1 + uc1 | species); det: ~ uc1 + (1 + uc1 | species)	historical BRM source scripts/examples/flocker.jl; official flocker tutorial https://jsocolar.github.io/flocker/articles/flocker_tutorial.html; upstream flocker custom-family and Stan-likelihood source	occupancy_single_c	route-specific	301
adapted-but-defensible	requires a faithful stanblocks_plate implementation; no ordinary-formula substitute	Historical fd_multi loader generates initial occupancy, colonization/extinction transitions, and conditional binary detections across three seasons.	confirmed	strong	175	CatalogServer_default_unsubstantiated		gaussian	renderer-default-contradicts semantic inference		BRM=05c3f465e7987e8d7caa7e214fedddd90415a922; flocker=b44093893851fff7d1597c868a6a20f388f5299e	partial_semantic_terms:3/5				StanBlocks plate substrate; no authoritative BRM descriptor for this row; experimental semantic_app adapter required	scripts/examples/flocker.jl	true	scripts/examples/flocker.jl:175-197; R/occupancy_families.R:56-69; R/flock.R:351-392; R/make_occupancy_lpmf.R:168-220	2026-07-28T22:56:15Z	not-run	fd_multi			synthetic-no-external-receipt	false		true	not-run		explicit-family-recovery		not-run		not-run	unresolved-family	https://jsocolar.github.io/flocker/articles/flocker_tutorial.html	@options + option_domain/option_records + semantic_card under semantic_app	cited_project_author_publisher_surface	05c3f465e7987e8d7caa7e214fedddd90415a922		flocker tutorial: multi_colex formula block	faithful-candidate: structured latent/time-series cells exceed an ordinary population formula	200	synthetic n=12; positive continuous predictors; integer groups; family-valid outcome	not-run	https://jsocolar.github.io/flocker/articles/flocker_tutorial.html	The tutorial explicitly specifies the same occupancy, detection, colonization, and extinction formulas.	authoritative-audit-explicit-family-recovery	stanblocks_plate	family evidence remains indeterminate	Catalog family metadata is blank; y support alone cannot identify the hidden-state transition model.			historical-semantics-unresolved	not-probed		not_claimed			route-specific	f743402bfca80aa2382ddc6bd3693a28f65d99f81ec0ad82c5ec9f5671151b1d	flocker	tutorial=200; upstream-git=ok	not-run	flocker:colex_explicit	unresolved-family	name_or_key_present	not-run	not-run			The explicit-initialization colex branch installs custom family "occupancy_multi_colex" with mu, occ, colo, and ex distributional parameters; upstream Stan helpers explicitly use Bernoulli-logit emissions and colonization/extinction transitions in a forward algorithm.	Colonisation-Extinction — Explicit Initial Occupancy	occ: ~ uc1; det: ~ uc1 + ec1; col: ~ uc1; ex: ~ uc1	not-run	SbPMX origin/main@a8fd3c02e1e2305683a56c91384701bfeba6b528:design/{ASKS.md,SbPMX.jl,mock_runtime.jl},compat/check-semantic-model-pipeline.jl	false		2026-07-28T21:07:09.422927+00:00	colex_explicit	true	This is a hidden-state dynamic occupancy likelihood, not four independent Bernoulli regressions.	family is not explicit or defensibly inferred	not-probed	The exact custom family and transition likelihood are explicit in upstream code and match the recovered explicit-initialization formula.	historical-semantics-unresolved	synthetic	kernel/plate substrate control is separately probed	occ: ~ uc1; det: ~ uc1 + ec1; col: ~ uc1; ex: ~ uc1	historical BRM source scripts/examples/flocker.jl; official flocker tutorial https://jsocolar.github.io/flocker/articles/flocker_tutorial.html; upstream flocker custom-family and forward-algorithm source	occupancy_multi_colex	route-specific	302
unverifiable	requires a faithful stanblocks_plate implementation; no ordinary-formula substitute	Historical fd_multi loader contains compatible season/site repeated binary histories but was generated from freely specified initial occupancy, not necessarily equilibrium.	unverifiable	strong	199	CatalogServer_default_unsubstantiated		gaussian	renderer-default-contradicts semantic inference		BRM=05c3f465e7987e8d7caa7e214fedddd90415a922; flocker=b44093893851fff7d1597c868a6a20f388f5299e	insufficient_terms:2/4				StanBlocks plate substrate; no authoritative BRM descriptor for this row; experimental semantic_app adapter required	scripts/examples/flocker.jl	true	scripts/examples/flocker.jl:199-218; R/occupancy_families.R:71-84; R/flock.R:394-425; R/make_occupancy_lpmf.R forward_colex	2026-07-28T22:56:15Z	not-run	fd_multi			synthetic-no-external-receipt	false		false	not-run		explicit-family-recovery		not-run		not-run	unresolved-family	https://jsocolar.github.io/flocker/articles/flocker_tutorial.html	@options + option_domain/option_records + semantic_card under semantic_app	cited_project_author_publisher_surface	05c3f465e7987e8d7caa7e214fedddd90415a922		text_offset=7618; matched_terms=ec1,extinction,uc1; context_sha256=be85c1023b3b2173	faithful-candidate: structured latent/time-series cells exceed an ordinary population formula	200	synthetic n=12; positive continuous predictors; integer groups; family-valid outcome	not-run	https://jsocolar.github.io/flocker/articles/flocker_tutorial.html	Retrieved source does not expose enough formula-specific evidence to confirm or refute the catalog claim conservatively.	authoritative-audit-explicit-family-recovery	stanblocks_plate	family evidence remains indeterminate	Catalog family metadata is blank; the cited tutorial did not expose enough formula-specific evidence in the earlier receipt audit, and the synthetic generator does not enforce equilibrium.			historical-semantics-unresolved	not-probed		not_claimed			route-specific	f743402bfca80aa2382ddc6bd3693a28f65d99f81ec0ad82c5ec9f5671151b1d	flocker	tutorial=200; upstream-git=ok	not-run	flocker:colex_equilibrium	unresolved-family	name_or_key_present	not-run	not-run			The equilibrium colex branch explicitly installs custom family "occupancy_multi_colex_eq" with mu, colo, and ex parameters and derives initial occupancy from the transition equilibrium before the same Bernoulli forward recursion.	Colonisation-Extinction — Equilibrium Initial Occupancy	det: ~ uc1 + ec1; col: ~ uc1; ex: ~ uc1	not-run	SbPMX origin/main@a8fd3c02e1e2305683a56c91384701bfeba6b528:design/{ASKS.md,SbPMX.jl,mock_runtime.jl},compat/check-semantic-model-pipeline.jl	false		2026-07-28T21:07:09.422927+00:00	colex_equilibrium	true	Omitting occ is semantically meaningful: initial state is constrained by colonization/extinction equilibrium, producing a distinct family implementation.	family is not explicit or defensibly inferred	not-probed	The current authoritative implementation resolves the exact custom family despite weak row-level tutorial and dataset support.	historical-semantics-unresolved	synthetic	kernel/plate substrate control is separately probed	det: ~ uc1 + ec1; col: ~ uc1; ex: ~ uc1	historical BRM source scripts/examples/flocker.jl; official flocker tutorial https://jsocolar.github.io/flocker/articles/flocker_tutorial.html; upstream flocker custom-family and forward-algorithm source	occupancy_multi_colex_eq	route-specific	303
unverifiable	requires a faithful stanblocks_plate implementation; no ordinary-formula substitute		unverifiable		221	CatalogServer_default_unsubstantiated		gaussian	renderer-default-contradicts semantic inference			insufficient_terms:2/5				StanBlocks plate substrate; no authoritative BRM descriptor for this row; experimental semantic_app adapter required	scripts/examples/flocker.jl	true			not-run	fd_multi			synthetic-no-external-receipt	false		false	not-run				not-run		not-run	unresolved-family	https://jsocolar.github.io/flocker/articles/flocker_tutorial.html	@options + option_domain/option_records + semantic_card under semantic_app	cited_project_author_publisher_surface	05c3f465e7987e8d7caa7e214fedddd90415a922		text_offset=7618; matched_terms=autologistic,ec1,uc1; context_sha256=be85c1023b3b2173	faithful-candidate: structured latent/time-series cells exceed an ordinary population formula	200	synthetic n=12; positive continuous predictors; integer groups; family-valid outcome	not-run	https://jsocolar.github.io/flocker/articles/flocker_tutorial.html	Retrieved source does not expose enough formula-specific evidence to confirm or refute the catalog claim conservatively.	inferred-from-name	stanblocks_plate	family evidence remains indeterminate				historical-semantics-unresolved	not-probed		not_claimed			route-specific	f743402bfca80aa2382ddc6bd3693a28f65d99f81ec0ad82c5ec9f5671151b1d	flocker		not-run	flocker:autologistic_equilibrium	unresolved-family	name_or_key_present	not-run	not-run				Autologistic Occupancy — Equilibrium Initial Occupancy	det: ~ uc1 + ec1; col: ~ uc1; auto: ~ 1	not-run	SbPMX origin/main@a8fd3c02e1e2305683a56c91384701bfeba6b528:design/{ASKS.md,SbPMX.jl,mock_runtime.jl},compat/check-semantic-model-pipeline.jl	false		2026-07-28T21:07:09.422927+00:00	autologistic_equilibrium	true		family is not explicit or defensibly inferred	not-probed		historical-semantics-unresolved	synthetic	kernel/plate substrate control is separately probed	det: ~ uc1 + ec1; col: ~ uc1; auto: ~ 1		bernoulli	route-specific	304
adapted-but-defensible	requires a faithful stanblocks_plate implementation; no ordinary-formula substitute	Historical loader has 50 real species plus 50 all-zero pseudospecies, repeated binary y, site/event predictors, and reserved ff_species identifier.	confirmed	strong	311	CatalogServer_default_unsubstantiated		gaussian	renderer-default-contradicts semantic inference		BRM=05c3f465e7987e8d7caa7e214fedddd90415a922; flocker=b44093893851fff7d1597c868a6a20f388f5299e	partial_semantic_terms:4/5				StanBlocks plate substrate; no authoritative BRM descriptor for this row; experimental semantic_app adapter required	scripts/examples/flocker.jl	true	scripts/examples/flocker.jl:245-330; R/occupancy_families.R:42-54; R/flock.R:325-349; R/make_occupancy_lpmf.R:82-150	2026-07-28T22:56:15Z	not-run	fd_augmented			synthetic-no-external-receipt	false		true	not-run		explicit-family-recovery		not-run		not-run	unresolved-family	https://jsocolar.github.io/flocker/articles/flocker_tutorial.html	@options + option_domain/option_records + semantic_card under semantic_app	cited_project_author_publisher_surface	05c3f465e7987e8d7caa7e214fedddd90415a922		flocker tutorial: augmented multispecies formula block	faithful-candidate: structured latent/time-series cells exceed an ordinary population formula	200	synthetic n=12; positive continuous predictors; integer groups; family-valid outcome	not-run	https://jsocolar.github.io/flocker/articles/flocker_tutorial.html	The tutorial explicitly gives the catalog multispecies augmented formulas.	authoritative-audit-explicit-family-recovery	stanblocks_plate	family evidence remains indeterminate	Catalog family metadata is blank; all-zero pseudo-species are design augmentation and do not independently identify Omega's likelihood.			historical-semantics-unresolved	not-probed		not_claimed			route-specific	f743402bfca80aa2382ddc6bd3693a28f65d99f81ec0ad82c5ec9f5671151b1d	flocker	tutorial=200; upstream-git=ok	not-run	flocker:augmented_multispecies	unresolved-family	name_or_key_present	not-run	not-run			The augmented branch explicitly installs custom family "occupancy_augmented" with detection mu, occupancy occ, and supercommunity inclusion Omega; the likelihood marginalizes Bernoulli occupancy/detection and augmentation states.	Data-Augmented Occupancy — Species Richness Estimation	occ: ~ (1 | ff_species); det: ~ uc1 + ec1 + (1 + uc1 + ec1 | ff_species)	not-run	SbPMX origin/main@a8fd3c02e1e2305683a56c91384701bfeba6b528:design/{ASKS.md,SbPMX.jl,mock_runtime.jl},compat/check-semantic-model-pipeline.jl	false		2026-07-28T21:07:09.422927+00:00	augmented_multispecies	true	Species augmentation adds an inclusion layer and is not equivalent to an ordinary binary or single-species occupancy family.	family is not explicit or defensibly inferred	not-probed	Use the explicit authoritative custom-family name and retain the dataset only as structural corroboration.	historical-semantics-unresolved	synthetic	kernel/plate substrate control is separately probed	occ: ~ (1 | ff_species); det: ~ uc1 + ec1 + (1 + uc1 + ec1 | ff_species)	historical BRM source scripts/examples/flocker.jl; official flocker tutorial https://jsocolar.github.io/flocker/articles/flocker_tutorial.html; upstream flocker custom-family and augmented likelihood source	occupancy_augmented	route-specific	305
confirmed	requires a faithful stanblocks_plate implementation; no ordinary-formula substitute		confirmed		83	CatalogServer_default_unsubstantiated		gaussian	renderer-default-contradicts semantic inference			exact_text_present				StanBlocks plate substrate; no authoritative BRM descriptor for this row; experimental semantic_app adapter required	scripts/examples/mvgam.jl	true			not-run	portal_synth			synthetic-no-external-receipt	false		false	not-run				not-run		not-run	unresolved-family	https://nicholasjclark.github.io/mvgam/articles/mvgam_overview.html	@options + option_domain/option_records + semantic_card under semantic_app	cited_project_author_publisher_surface	05c3f465e7987e8d7caa7e214fedddd90415a922		text_offset=5761; matched_terms=count,random; context_sha256=21c5491f0e6c04ee	faithful-candidate: structured latent/time-series cells exceed an ordinary population formula	200	synthetic n=12; positive continuous predictors; integer groups; family-valid outcome	not-run	https://nicholasjclark.github.io/mvgam/articles/mvgam_overview.html	The retrieved official/primary source contains the normalized claimed formula text.	inferred-from-name	stanblocks_plate	family evidence remains indeterminate				historical-semantics-unresolved	not-probed		not_claimed			route-specific	b0b7617d9d0a07e1786a4166f73f1f08e3c82f87c9be1982807d68bb50e78cde	mvgam		not-run	mvgam:portal_glm_re	unresolved-family	name_or_key_present	not-run	not-run				Poisson GLM — Hierarchical Year Random Effects	count ~ s(year_fac, bs = "re") - 1	not-run	SbPMX origin/main@a8fd3c02e1e2305683a56c91384701bfeba6b528:design/{ASKS.md,SbPMX.jl,mock_runtime.jl},compat/check-semantic-model-pipeline.jl	false		2026-07-28T21:07:09.793350+00:00	portal_glm_re	true		family is not explicit or defensibly inferred	not-probed		historical-semantics-unresolved	synthetic	kernel/plate substrate control is separately probed	count ~ s(year_fac, bs = "re") - 1		poisson	route-specific	306
adapted-but-defensible	requires a faithful stanblocks_plate implementation; no ordinary-formula substitute		mismatch		103	CatalogServer_default_unsubstantiated		gaussian	renderer-default-contradicts semantic inference			partial_semantic_terms:3/4				StanBlocks plate substrate; no authoritative BRM descriptor for this row; experimental semantic_app adapter required	scripts/examples/mvgam.jl	true			not-run	portal_synth			synthetic-no-external-receipt	false		true	not-run				not-run		not-run	unresolved-family	https://nicholasjclark.github.io/mvgam/articles/mvgam_overview.html	@options + option_domain/option_records + semantic_card under semantic_app	cited_project_author_publisher_surface	05c3f465e7987e8d7caa7e214fedddd90415a922	Use count ~ s(ndvi_ma12, k = 6) with trend_model = AR() for the cited model.	mvgam_overview HTML lines 1440-1465 (model4)	faithful-candidate: structured latent/time-series cells exceed an ordinary population formula	200	synthetic n=12; positive continuous predictors; integer groups; family-valid outcome	not-run	https://nicholasjclark.github.io/mvgam/articles/mvgam_overview.html	The source puts s(ndvi_ma12, k=6) in the observation formula and adds an AR latent residual. The catalog moves the NDVI smooth into trend_formula and makes the observation formula intercept-only.	inferred-from-name	stanblocks_plate	family evidence remains indeterminate				historical-semantics-unresolved	not-probed		not_claimed			route-specific	b0b7617d9d0a07e1786a4166f73f1f08e3c82f87c9be1982807d68bb50e78cde	mvgam		not-run	mvgam:portal_ar_ndvi	unresolved-family	name_or_key_present	not-run	not-run				Poisson GAM — NDVI Smooth + AR(1) Latent Trend	obs: count ~ 1 | trend: ~ s(ndvi_ma12, k = 6) [AR()]	not-run	SbPMX origin/main@a8fd3c02e1e2305683a56c91384701bfeba6b528:design/{ASKS.md,SbPMX.jl,mock_runtime.jl},compat/check-semantic-model-pipeline.jl	false		2026-07-28T21:07:09.793350+00:00	portal_ar_ndvi	true		family is not explicit or defensibly inferred	not-probed		historical-semantics-unresolved	synthetic	kernel/plate substrate control is separately probed	obs: count ~ 1 | trend: ~ s(ndvi_ma12, k = 6) [AR()]		poisson	route-specific	307
adapted-but-defensible	requires a faithful stanblocks_plate implementation; no ordinary-formula substitute	Historical portal_synth loader explicitly draws count with _rpois(lambda), giving direct generator-level support.	mismatch	strong	351	CatalogServer_default_unsubstantiated		gaussian	renderer-default-contradicts semantic inference		BRM=05c3f465e7987e8d7caa7e214fedddd90415a922; mvgam=c8617ef1080d08f7132b6543e19324a270e491d4	partial_semantic_terms:3/5				StanBlocks plate substrate; no authoritative BRM descriptor for this row; experimental semantic_app adapter required	scripts/examples/mvgam.jl	true	scripts/examples/mvgam.jl:351-377; vignettes/shared_states.Rmd:75-87 and 108-125; vignettes/mvgam_overview.Rmd:62	2026-07-28T22:56:15Z	not-run	portal_synth			synthetic-no-external-receipt	false		true	not-run		explicit-family-recovery		not-run		not-run	unresolved-family	https://nicholasjclark.github.io/mvgam/articles/shared_states.html	@options + option_domain/option_records + semantic_card under semantic_app	cited_project_author_publisher_surface	05c3f465e7987e8d7caa7e214fedddd90415a922	"Use the page's three-series trend_map and trend_formula ~ s(season, bs=""cc"", k=6), or cite a source for the five-series adaptation."	shared_states HTML lines 118-184 and 334-350	faithful-candidate: structured latent/time-series cells exceed an ordinary population formula	200	synthetic n=12; positive continuous predictors; integer groups; family-valid outcome	not-run	https://nicholasjclark.github.io/mvgam/articles/shared_states.html	The source example has three simulated series, maps only the first two to one shared trend, and uses k=6. The catalog claims five species all sharing one trend and changes k to 8.	authoritative-audit-explicit-family-recovery	stanblocks_plate	family evidence remains indeterminate	Catalog family metadata is blank; the historical row materially changes the official example from three series/k=6/partial sharing to five series/k=8/all sharing, so formula fidelity is mismatch even though the family is stable.			historical-semantics-unresolved	not-probed		not_claimed			route-specific	7dc2a5989b77c6ee638afbfd95d3e46c2b4a49d76c92b10f7e757e440fae266f	mvgam	vignette=200; upstream-git=ok	not-run	mvgam:portal_shared_trend	unresolved-family	name_or_key_present	not-run	not-run			Both historical row prose/call and current official shared-state examples explicitly specify family=poisson(); the upstream family table identifies Poisson count support.	Shared Latent Trend — Multi-Series Seasonal AR(1)	obs: count ~ series - 1 | trend: ~ s(season, bs = "cc", k = 8) [AR()]	not-run	SbPMX origin/main@a8fd3c02e1e2305683a56c91384701bfeba6b528:design/{ASKS.md,SbPMX.jl,mock_runtime.jl},compat/check-semantic-model-pipeline.jl	false		2026-07-28T21:07:09.796581+00:00	portal_shared_trend	true	Shared AR trends and cyclic seasonal predictors alter the mean process, not the Poisson observation family.	family is not explicit or defensibly inferred	not-probed	Poisson is independently explicit in both sources and generator; family recovery does not validate the altered model claim.	historical-semantics-unresolved	synthetic	kernel/plate substrate control is separately probed	obs: count ~ series - 1 | trend: ~ s(season, bs = "cc", k = 8) [AR()]	historical BRM source scripts/examples/mvgam.jl; official shared-states vignette https://nicholasjclark.github.io/mvgam/articles/shared_states.html; upstream mvgam vignette source	poisson	route-specific	308
adapted-but-defensible	requires a faithful stanblocks_plate implementation; no ordinary-formula substitute		confirmed		180	CatalogServer_default_unsubstantiated		gaussian	renderer-default-unsubstantiated; inference happens to agree			partial_semantic_terms:6/6				StanBlocks plate substrate; no authoritative BRM descriptor for this row; experimental semantic_app adapter required	scripts/examples/mvgam.jl	true			not-run	plankton_synth			synthetic-no-external-receipt	false		true	not-run				not-run		not-run	unresolved-family	https://nicholasjclark.github.io/mvgam/articles/trend_formulas.html	@options + option_domain/option_records + semantic_card under semantic_app	cited_project_author_publisher_surface	05c3f465e7987e8d7caa7e214fedddd90415a922		trend_formulas HTML lines 653-667; displayed model lines 484-498	faithful-candidate: structured latent/time-series cells exceed an ordinary population formula	200	synthetic n=12; positive continuous predictors; integer groups; family-valid outcome	not-run	https://nicholasjclark.github.io/mvgam/articles/trend_formulas.html	The correlated-VAR section uses the same empty observation formula, shared plus trend-specific temperature-by-month tensor smooths, Gaussian family, and VAR(cor=TRUE). The page's forumla label is a presentation typo; its displayed model confirms the intended formula.	inferred-from-name	stanblocks_plate	family evidence remains indeterminate				historical-semantics-unresolved	not-probed		not_claimed			route-specific	3e9708296a12f3eb1fb9df12772575500b8c554285aa313baf385bffb6ff081f	mvgam		not-run	mvgam:plankton_var	unresolved-family	name_or_key_present	not-run	not-run				Gaussian VAR — Tensor-Product Environmental Smooths	obs: y ~ -1 | trend: ~ te(temp, month, k = c(4, 4)) + te(temp, month, k = c(4, 4), by = trend) - 1 [VAR(cor = TRUE)]	not-run	SbPMX origin/main@a8fd3c02e1e2305683a56c91384701bfeba6b528:design/{ASKS.md,SbPMX.jl,mock_runtime.jl},compat/check-semantic-model-pipeline.jl	false		2026-07-28T21:07:09.817308+00:00	plankton_var	true		family is not explicit or defensibly inferred	not-probed		historical-semantics-unresolved	synthetic	kernel/plate substrate control is separately probed	obs: y ~ -1 | trend: ~ te(temp, month, k = c(4, 4)) + te(temp, month, k = c(4, 4), by = trend) - 1 [VAR(cor = TRUE)]		gaussian	route-specific	309
adapted-but-defensible	requires a faithful stanblocks_plate implementation; no ordinary-formula substitute	Historical salmon_synth produces survival values clamped strictly to 0.01..0.99, matching Beta support.	confirmed	strong	248	CatalogServer_default_unsubstantiated		gaussian	renderer-default-contradicts semantic inference		BRM=05c3f465e7987e8d7caa7e214fedddd90415a922; mvgam=c8617ef1080d08f7132b6543e19324a270e491d4	partial_semantic_terms:6/7				StanBlocks plate substrate; no authoritative BRM descriptor for this row; experimental semantic_app adapter required	scripts/examples/mvgam.jl	true	scripts/examples/mvgam.jl:248-275; vignettes/time_varying_effects.Rmd:248-266; vignettes/mvgam_overview.Rmd:60	2026-07-28T22:56:15Z	not-run	salmon_synth			synthetic-no-external-receipt	false		true	not-run		explicit-family-recovery		not-run		not-run	unresolved-family	https://nicholasjclark.github.io/mvgam/articles/time_varying_effects.html	@options + option_domain/option_records + semantic_card under semantic_app	cited_project_author_publisher_surface	05c3f465e7987e8d7caa7e214fedddd90415a922		time_varying_effects HTML lines 514-531 and 536-549	faithful-candidate: structured latent/time-series cells exceed an ordinary population formula	200	synthetic n=12; positive continuous predictors; integer groups; family-valid outcome	not-run	https://nicholasjclark.github.io/mvgam/articles/time_varying_effects.html	The source model exactly combines survival ~ 1, dynamic(CUI.apr, k=25, scale=FALSE)-1, AR(), and a beta observation family.	authoritative-audit-explicit-family-recovery	stanblocks_plate	family evidence remains indeterminate	Catalog family metadata is blank; the loader adds Gaussian noise on the response scale and clamps it, rather than drawing from a Beta distribution.			historical-semantics-unresolved	not-probed		not_claimed			route-specific	63fc3eb4b911de31533e6b4fede016e2191ce456e09eda98a23dd2cc32ad3d19	mvgam	vignette=200; upstream-git=ok	not-run	mvgam:salmon_beta_ar	unresolved-family	name_or_key_present	not-run	not-run			The exact official model call explicitly uses family=betar(); historical prose and fit receipt also call it Beta, and the upstream family table defines betar() over proportions.	Beta AR(1) — Time-Varying Upwelling Effect on Salmon Survival	obs: survival ~ 1 | trend: ~ dynamic(CUI.apr, k = 25, scale = FALSE) - 1 [AR()]	not-run	SbPMX origin/main@a8fd3c02e1e2305683a56c91384701bfeba6b528:design/{ASKS.md,SbPMX.jl,mock_runtime.jl},compat/check-semantic-model-pipeline.jl	false		2026-07-28T21:07:09.815158+00:00	salmon_beta_ar	true	An AR process and dynamic upwelling coefficient govern the latent predictor while Beta remains the observation distribution.	family is not explicit or defensibly inferred	not-probed	The official exact call recovers Beta strongly; bounded synthetic data corroborate support only.	historical-semantics-unresolved	synthetic	kernel/plate substrate control is separately probed	obs: survival ~ 1 | trend: ~ dynamic(CUI.apr, k = 25, scale = FALSE) - 1 [AR()]	historical BRM source scripts/examples/mvgam.jl; official time-varying-effects vignette https://nicholasjclark.github.io/mvgam/articles/time_varying_effects.html; upstream mvgam vignette source	beta	route-specific	310
adapted-but-defensible	requires a faithful stanblocks_plate implementation; no ordinary-formula substitute	Historical nmix_synth independently draws true_N from Poisson and replicate y as sums of Bernoulli trials conditional on N.	confirmed	strong	323	CatalogServer_default_unsubstantiated		gaussian	renderer-default-contradicts semantic inference		BRM=05c3f465e7987e8d7caa7e214fedddd90415a922; mvgam=c8617ef1080d08f7132b6543e19324a270e491d4	partial_semantic_terms:7/7				StanBlocks plate substrate; no authoritative BRM descriptor for this row; experimental semantic_app adapter required	scripts/examples/mvgam.jl	true	scripts/examples/mvgam.jl:278-348; vignettes/nmixtures.Rmd:197-241; R/families.R:319-329; R/add_nmixture.R:419-469; vignettes/mvgam_overview.Rmd:66	2026-07-28T22:56:15Z	not-run	nmix_synth			synthetic-no-external-receipt	false		true	not-run		explicit-family-recovery		not-run		not-run	unresolved-family	https://nicholasjclark.github.io/mvgam/articles/nmixtures.html	@options + option_domain/option_records + semantic_card under semantic_app	cited_project_author_publisher_surface	05c3f465e7987e8d7caa7e214fedddd90415a922		nmixtures: fitted model call containing det_cov, det_cov2, abund_cov, and abund_fac	faithful-candidate: structured latent/time-series cells exceed an ordinary population formula	200	synthetic n=12; positive continuous predictors; integer groups; family-valid outcome	not-run	https://nicholasjclark.github.io/mvgam/articles/nmixtures.html	The source N-mixture call exactly matches the two smooth detection effects and the smooth plus random-effect abundance submodel.	authoritative-audit-explicit-family-recovery	stanblocks_plate	family evidence remains indeterminate	Catalog family metadata is blank, but unlike most synthetic rows this loader does mirror the authoritative composite family; it still cannot replace the upstream implementation evidence.			historical-semantics-unresolved	not-probed		not_claimed			route-specific	761e3c6197d7083c51c85c0e9b77c2af5ce2746c03b0bae9fec9d8c6f2891e81	mvgam	vignette=200; upstream-git=ok	not-run	mvgam:nmix_detection	unresolved-family	name_or_key_present	not-run	not-run			The exact historical/current call explicitly uses family=nmix(); upstream labels it "Poisson Binomial N-mixture", and generated Stan code combines poisson_log_lpmf for latent abundance with binomial_logit_lpmf for replicated observations while marginalizing N.	N-Mixture — Smooth Detection and Abundance Sub-Models	obs: y ~ s(det_cov, k = 4) + s(det_cov2, k = 4) | trend: ~ s(abund_cov, k = 4) + s(abund_fac, bs = "re") [nmix()]	not-run	SbPMX origin/main@a8fd3c02e1e2305683a56c91384701bfeba6b528:design/{ASKS.md,SbPMX.jl,mock_runtime.jl},compat/check-semantic-model-pipeline.jl	false		2026-07-28T21:07:09.794041+00:00	nmix_detection	true	This is a composite latent-abundance/detection family and should not be flattened to Poisson or binomial alone.	family is not explicit or defensibly inferred	not-probed	Recover the package's exact public family identifier nmix, with explicit Poisson-binomial semantics.	historical-semantics-unresolved	synthetic	kernel/plate substrate control is separately probed	obs: y ~ s(det_cov, k = 4) + s(det_cov2, k = 4) | trend: ~ s(abund_cov, k = 4) + s(abund_fac, bs = "re") [nmix()]	historical BRM source scripts/examples/mvgam.jl; official N-mixtures vignette https://nicholasjclark.github.io/mvgam/articles/nmixtures.html; upstream mvgam family and Stan-generation source	nmix	route-specific	311
unverifiable	explicit Normal likelihood; named log-scale sigma predictor uses native linked-predictor syntax		unverifiable		103	explicit_metadata	2452f528381dcb8a	gaussian	none			insufficient_terms:0/3		6		authoritative brm_descriptor/brm_execute; experimental SbPMX semantic_app mount adapter	scripts/examples/lme4.jl	true			pass	sleepstudy	loc ~ Days + (Days | Subject)\nlog(sigma) ~ 1\nReaction ~ Normal(loc, sigma)		reachable-data-or-description	false		false	pass				pass	loc ~ Days + (Days | Subject)\nlog(sigma) ~ 1\nReaction ~ Normal(loc, sigma)	pass	ready	https://cran.r-project.org/web/packages/lme4/vignettes/lmer.pdf	@options + option_domain/option_records + semantic_card under semantic_app	cited_project_author_publisher_surface	05c3f465e7987e8d7caa7e214fedddd90415a922			direct population/likelihood route when the family and terms are supported	200	synthetic n=12; positive continuous predictors; integer groups; family-valid outcome	not-run	https://cran.r-project.org/web/packages/lme4/vignettes/lmer.pdf	Retrieved source does not expose enough formula-specific evidence to confirm or refute the catalog claim conservatively.	explicit	ordinary_brm			623	-8.317384082920588	already-expressible-verbatim	direct	1edfbb7abc19fd827115bbadf4019793a276980bcd69189649d239fdef65dca1	not_observed		2452f528381dcb8a	ready	60474d07bdb3a511f804a6cd2e73494fd8eb5713f532e2382f69c5dea2e8782e	lme4		pass	lme4:sleepstudy_slope	bridgestan-finite-density-gradient	not_observed	pass	pass		10700045c592d160a38026706e4100f7cc13aaf308d1da67b053c48a32bbb51b		Sleep Deprivation — Correlated Random Slopes	Reaction ~ Days + (Days | Subject)	true	SbPMX origin/main@a8fd3c02e1e2305683a56c91384701bfeba6b528:design/{ASKS.md,SbPMX.jl,mock_runtime.jl},compat/check-semantic-model-pipeline.jl	false	gaussian	2026-07-28T21:07:08.672557+00:00	sleepstudy_slope	true		explicit Normal likelihood; named log-scale sigma predictor uses native linked-predictor syntax	inherited-identical-probe		already-expressible-verbatim	https://vincentarelbundock.github.io/Rdatasets/csv/lme4/sleepstudy.csv		Reaction ~ Days + (Days | Subject)		gaussian	bridgestan-finite-density-gradient	312
unverifiable	explicit Normal likelihood; named log-scale sigma predictor uses native linked-predictor syntax		unverifiable		123	explicit_metadata	e23bf57c4cab1c2a	gaussian	none			insufficient_terms:0/3		6		authoritative brm_descriptor/brm_execute; experimental SbPMX semantic_app mount adapter	scripts/examples/lme4.jl	true			pass	sleepstudy	loc ~ Days + (Days || Subject)\nlog(sigma) ~ 1\nReaction ~ Normal(loc, sigma)		reachable-data-or-description	false		false	pass				pass	loc ~ Days + (Days || Subject)\nlog(sigma) ~ 1\nReaction ~ Normal(loc, sigma)	pass	ready	https://cran.r-project.org/web/packages/lme4/vignettes/lmer.pdf	@options + option_domain/option_records + semantic_card under semantic_app	cited_project_author_publisher_surface	05c3f465e7987e8d7caa7e214fedddd90415a922			direct population/likelihood route when the family and terms are supported	200	synthetic n=12; positive continuous predictors; integer groups; family-valid outcome	not-run	https://cran.r-project.org/web/packages/lme4/vignettes/lmer.pdf	Retrieved source does not expose enough formula-specific evidence to confirm or refute the catalog claim conservatively.	explicit	ordinary_brm			625	-8.317384082920588	already-expressible-verbatim	direct	b38209d151d3f5aedf96e2a1ed406226958fdbdea63c726116e9e1e35b994b33	not_observed		e23bf57c4cab1c2a	ready	60474d07bdb3a511f804a6cd2e73494fd8eb5713f532e2382f69c5dea2e8782e	lme4		pass	lme4:sleepstudy_uncorr	bridgestan-finite-density-gradient	not_observed	pass	pass		ced47d65c94052483ac0379c968ca5c5c8de131228fa40c12aecf2bcc064fd0d		Sleep Deprivation — Uncorrelated Random Slopes	Reaction ~ Days + (Days || Subject)	true	SbPMX origin/main@a8fd3c02e1e2305683a56c91384701bfeba6b528:design/{ASKS.md,SbPMX.jl,mock_runtime.jl},compat/check-semantic-model-pipeline.jl	false	gaussian	2026-07-28T21:07:08.672557+00:00	sleepstudy_uncorr	true		explicit Normal likelihood; named log-scale sigma predictor uses native linked-predictor syntax	inherited-identical-probe		already-expressible-verbatim	https://vincentarelbundock.github.io/Rdatasets/csv/lme4/sleepstudy.csv		Reaction ~ Days + (Days || Subject)		gaussian	bridgestan-finite-density-gradient	313
unverifiable	explicit Normal likelihood; named log-scale sigma predictor uses native linked-predictor syntax		unverifiable		144	explicit_metadata	2e57618ea27d703b	gaussian	none			insufficient_terms:0/2		6		authoritative brm_descriptor/brm_execute; experimental SbPMX semantic_app mount adapter	scripts/examples/lme4.jl	true			pass	dyestuff	loc ~ 1 + (1 | Batch)\nlog(sigma) ~ 1\nYield ~ Normal(loc, sigma)		reachable-data-or-description	false		false	pass				pass	loc ~ 1 + (1 | Batch)\nlog(sigma) ~ 1\nYield ~ Normal(loc, sigma)	pass	ready	https://www.jstatsoft.org/article/view/v067i01	@options + option_domain/option_records + semantic_card under semantic_app	cited_project_author_publisher_surface	05c3f465e7987e8d7caa7e214fedddd90415a922		text_offset=828; matched_terms=random; context_sha256=d4d494ca9c17b710	direct population/likelihood route when the family and terms are supported	200	synthetic n=12; positive continuous predictors; integer groups; family-valid outcome	not-run	https://doi.org/10.18637/jss.v067.i01	Retrieved source does not expose enough formula-specific evidence to confirm or refute the catalog claim conservatively.	explicit	ordinary_brm			627	-8.47744637392999	already-expressible-verbatim	direct	797addf7481a8fc4dee4901d773cd11db24d4e81dc913e8b2281f53d0fb6c7b9	not_observed		2e57618ea27d703b	ready	f8896f4f4e07e9374273dc8bf5cf41a2a1b669b105281e393b193e56fcab1f1f	lme4		pass	lme4:dyestuff_re	bridgestan-finite-density-gradient	name_or_key_present	pass	pass		af911d285af8ae0f32cb4e093fed059ba6835f79fa3c21d7726a30d994ab6d82		Dyestuff — Minimal Random-Intercept LMM	Yield ~ 1 + (1 | Batch)	true	SbPMX origin/main@a8fd3c02e1e2305683a56c91384701bfeba6b528:design/{ASKS.md,SbPMX.jl,mock_runtime.jl},compat/check-semantic-model-pipeline.jl	false	gaussian	2026-07-28T21:07:08.675823+00:00	dyestuff_re	true		explicit Normal likelihood; named log-scale sigma predictor uses native linked-predictor syntax	inherited-identical-probe		already-expressible-verbatim	https://vincentarelbundock.github.io/Rdatasets/csv/lme4/Dyestuff.csv		Yield ~ 1 + (1 | Batch)		gaussian	bridgestan-finite-density-gradient	314
unverifiable	trials/cbind response lowered to explicit BinomialLogit		unverifiable		164	explicit_metadata	fa16ba09e8368d26	binomial	none			insufficient_terms:0/5		5		authoritative brm_descriptor/brm_execute; experimental SbPMX semantic_app mount adapter	scripts/examples/lme4.jl	true			pass	lme4_cbpp	log_odds ~ period + (1 | herd)\nincidence ~ BinomialLogit(incidence + size - incidence, log_odds)		reachable-data-or-description	false		false	pass				pass	log_odds ~ period + (1 | herd)\nincidence ~ BinomialLogit(incidence + size - incidence, log_odds)	pass	ready	https://www.jstatsoft.org/article/view/v067i01	@options + option_domain/option_records + semantic_card under semantic_app	cited_project_author_publisher_surface	05c3f465e7987e8d7caa7e214fedddd90415a922		text_offset=42; matched_terms=lme4; context_sha256=730673dc67fbe355	direct population/likelihood route when the family and terms are supported	200	synthetic n=12; positive continuous predictors; integer groups; family-valid outcome	not-run	https://doi.org/10.18637/jss.v067.i01	Retrieved source does not expose enough formula-specific evidence to confirm or refute the catalog claim conservatively.	explicit	ordinary_brm			629	-66.54212933375474	already-expressible-via-semantic-rewrite	direct	a09d174bf05731c41de06ae135c9cdb5cfcf016224c1be0740b119099c795e2f	not_observed		fa16ba09e8368d26	ready	f8896f4f4e07e9374273dc8bf5cf41a2a1b669b105281e393b193e56fcab1f1f	lme4		pass	lme4:lme4_cbpp_glmm	bridgestan-finite-density-gradient	name_or_key_present	pass	pass		a2995e834297a856c8023d2b6b1d7794a6c4dcfd7e3ccaed2d97201f95d69d92		CBPP — Binomial GLMM (lme4 syntax)	cbind(incidence, size - incidence) ~ period + (1 | herd)	true	SbPMX origin/main@a8fd3c02e1e2305683a56c91384701bfeba6b528:design/{ASKS.md,SbPMX.jl,mock_runtime.jl},compat/check-semantic-model-pipeline.jl	false	binomial	2026-07-28T21:07:08.675823+00:00	lme4_cbpp_glmm	true		trials/cbind response lowered to explicit BinomialLogit	inherited-identical-probe		already-expressible-via-semantic-rewrite	https://vincentarelbundock.github.io/Rdatasets/csv/lme4/cbpp.csv		cbind(incidence, size - incidence) ~ period + (1 | herd)		binomial	bridgestan-finite-density-gradient	315
unverifiable	explicit Normal likelihood; named log-scale sigma predictor uses native linked-predictor syntax		unverifiable		187	explicit_metadata	2d6a71b02ebf0946	gaussian	none			insufficient_terms:0/3		10		authoritative brm_descriptor/brm_execute; experimental SbPMX semantic_app mount adapter	scripts/examples/lme4.jl	true			pass	penicillin	loc ~ 1 + (1 | plate) + (1 | sample)\nlog(sigma) ~ 1\ndiameter ~ Normal(loc, sigma)		reachable-data-or-description	false		false	pass				pass	loc ~ 1 + (1 | plate) + (1 | sample)\nlog(sigma) ~ 1\ndiameter ~ Normal(loc, sigma)	pass	ready	https://www.jstatsoft.org/article/view/v067i01	@options + option_domain/option_records + semantic_card under semantic_app	cited_project_author_publisher_surface	05c3f465e7987e8d7caa7e214fedddd90415a922		text_offset=828; matched_terms=random; context_sha256=d4d494ca9c17b710	direct population/likelihood route when the family and terms are supported	200	synthetic n=12; positive continuous predictors; integer groups; family-valid outcome	not-run	https://doi.org/10.18637/jss.v067.i01	Retrieved source does not expose enough formula-specific evidence to confirm or refute the catalog claim conservatively.	explicit	ordinary_brm			631	-8.47744637392999	already-expressible-verbatim	direct	bfc7e523b5254a4e21b87f537c99f918cd15970a0cd3a489af64b0b27f3c54f8	not_observed		2d6a71b02ebf0946	ready	f8896f4f4e07e9374273dc8bf5cf41a2a1b669b105281e393b193e56fcab1f1f	lme4		pass	lme4:penicillin_crossed	bridgestan-finite-density-gradient	name_or_key_present	pass	pass		867bdd59c0cb7e32a81524b23e538360ea634a1b95bdb7702d3af8667d651a70		Penicillin — Crossed Random Intercepts	diameter ~ 1 + (1 | plate) + (1 | sample)	true	SbPMX origin/main@a8fd3c02e1e2305683a56c91384701bfeba6b528:design/{ASKS.md,SbPMX.jl,mock_runtime.jl},compat/check-semantic-model-pipeline.jl	false	gaussian	2026-07-28T21:07:08.675823+00:00	penicillin_crossed	true		explicit Normal likelihood; named log-scale sigma predictor uses native linked-predictor syntax	inherited-identical-probe		already-expressible-verbatim	https://vincentarelbundock.github.io/Rdatasets/csv/lme4/Penicillin.csv		diameter ~ 1 + (1 | plate) + (1 | sample)		gaussian	bridgestan-finite-density-gradient	316
unverifiable	nested/composite grouping factors are expressible after deriving stable integer group ids or expanding nesting; exact source identity must be reviewed		unverifiable		207	explicit_metadata		gaussian	none			insufficient_terms:0/3				no executable descriptor until translation is resolved	scripts/examples/lme4.jl	true			not-run	pastes			reachable-data-or-description	false		false	not-run				not-run		not-run	semantic-rewrite	https://www.jstatsoft.org/article/view/v067i01	@options + option_domain/option_records + semantic_card under semantic_app	cited_project_author_publisher_surface	05c3f465e7987e8d7caa7e214fedddd90415a922		text_offset=828; matched_terms=random; context_sha256=d4d494ca9c17b710	direct population/likelihood route when the family and terms are supported	200	synthetic n=12; positive continuous predictors; integer groups; family-valid outcome	not-run	https://doi.org/10.18637/jss.v067.i01	Retrieved source does not expose enough formula-specific evidence to confirm or refute the catalog claim conservatively.	explicit	ordinary_brm					already-expressible-via-semantic-rewrite	not-probed		not_observed			semantic-rewrite	f8896f4f4e07e9374273dc8bf5cf41a2a1b669b105281e393b193e56fcab1f1f	lme4		not-run	lme4:pastes_nested	semantic-rewrite	name_or_key_present	not-run	not-run				Pastes — Nested Random Effects	strength ~ (1 | batch/cask)	not-run	SbPMX origin/main@a8fd3c02e1e2305683a56c91384701bfeba6b528:design/{ASKS.md,SbPMX.jl,mock_runtime.jl},compat/check-semantic-model-pipeline.jl	false	gaussian	2026-07-28T21:07:08.675823+00:00	pastes_nested	true		nested/composite grouping factors are expressible after deriving stable integer group ids or expanding nesting; exact source identity must be reviewed	not-probed		already-expressible-via-semantic-rewrite	https://vincentarelbundock.github.io/Rdatasets/csv/lme4/Pastes.csv		strength ~ (1 | batch/cask)		gaussian	semantic-rewrite	317
unverifiable	binomial size is absent; refusing to guess Bernoulli versus grouped Binomial		unverifiable		227	explicit_metadata		binomial	none			insufficient_terms:0/5				no executable descriptor until translation is resolved	scripts/examples/lme4.jl	true			not-run	verbagg			reachable-data-or-description	false		false	not-run				not-run		not-run	unsupported	https://www.jstatsoft.org/article/view/v067i01	@options + option_domain/option_records + semantic_card under semantic_app	cited_project_author_publisher_surface	05c3f465e7987e8d7caa7e214fedddd90415a922		text_offset=828; matched_terms=random; context_sha256=d4d494ca9c17b710	direct population/likelihood route when the family and terms are supported	200	synthetic n=12; positive continuous predictors; integer groups; family-valid outcome	not-run	https://doi.org/10.18637/jss.v067.i01	Retrieved source does not expose enough formula-specific evidence to confirm or refute the catalog claim conservatively.	explicit	ordinary_brm					historical-semantics-unresolved	not-probed		not_observed			unsupported	f8896f4f4e07e9374273dc8bf5cf41a2a1b669b105281e393b193e56fcab1f1f	lme4		not-run	lme4:verbagg_crossed	unsupported	name_or_key_present	not-run	not-run				Verbal Aggression — Bernoulli GLMM, Crossed Random Effects	r2 ~ Anger + Gender + btype + situ + (1 | id) + (1 | item)	not-run	SbPMX origin/main@a8fd3c02e1e2305683a56c91384701bfeba6b528:design/{ASKS.md,SbPMX.jl,mock_runtime.jl},compat/check-semantic-model-pipeline.jl	false	binomial	2026-07-28T21:07:08.675823+00:00	verbagg_crossed	true		binomial size is absent; refusing to guess Bernoulli versus grouped Binomial	not-probed		historical-semantics-unresolved	https://vincentarelbundock.github.io/Rdatasets/csv/lme4/VerbAgg.csv		r2 ~ Anger + Gender + btype + situ + (1 | id) + (1 | item)		binomial	unsupported	318
unverifiable	binomial size is absent; refusing to guess Bernoulli versus grouped Binomial		unverifiable		250	explicit_metadata		binomial	none			insufficient_terms:1/5				no executable descriptor until translation is resolved	scripts/examples/lme4.jl	true			not-run	contraception			reachable-data-or-description	false		false	not-run				not-run		not-run	unsupported	https://cran.r-project.org/web/packages/lme4/index.html	@options + option_domain/option_records + semantic_card under semantic_app	cited_project_author_publisher_surface	05c3f465e7987e8d7caa7e214fedddd90415a922		text_offset=6718; matched_terms=use; context_sha256=6e2225a2efaa5227	direct population/likelihood route when the family and terms are supported	200	synthetic n=12; positive continuous predictors; integer groups; family-valid outcome	not-run	https://cran.r-project.org/package=lme4	Retrieved source does not expose enough formula-specific evidence to confirm or refute the catalog claim conservatively.	explicit	ordinary_brm					historical-semantics-unresolved	not-probed		not_observed			unsupported	9b773393d8025ed77ecc71827823f7f2c7414dce9141ddaf1f7d2bf9d2659144	lme4		not-run	lme4:contraception_urban	unsupported	name_or_key_present	not-run	not-run				Contraception — Binomial GLMM with Random Slopes	use ~ age + I(age^2) + livch + urban + (urban | district)	not-run	SbPMX origin/main@a8fd3c02e1e2305683a56c91384701bfeba6b528:design/{ASKS.md,SbPMX.jl,mock_runtime.jl},compat/check-semantic-model-pipeline.jl	false	binomial	2026-07-28T21:07:08.657201+00:00	contraception_urban	true		binomial size is absent; refusing to guess Bernoulli versus grouped Binomial	not-probed		historical-semantics-unresolved	https://vincentarelbundock.github.io/Rdatasets/csv/mlmRev/Contraception.csv		use ~ age + I(age^2) + livch + urban + (urban | district)		binomial	unsupported	319
confirmed	explicit Normal likelihood; named log-scale sigma predictor uses native linked-predictor syntax		confirmed		93	explicit_metadata	2e57618ea27d703b	gaussian	none			exact_text_present		6		authoritative brm_descriptor/brm_execute; experimental SbPMX semantic_app mount adapter	scripts/examples/mixed_models_jl.jl	true			pass	dyestuff	loc ~ 1 + (1 | Batch)\nlog(sigma) ~ 1\nYield ~ Normal(loc, sigma)		reachable-data-or-description	false		false	pass				pass	loc ~ 1 + (1 | Batch)\nlog(sigma) ~ 1\nYield ~ Normal(loc, sigma)	pass	ready	https://juliastats.org/MixedModels.jl/stable/constructors/	@options + option_domain/option_records + semantic_card under semantic_app	cited_project_author_publisher_surface	05c3f465e7987e8d7caa7e214fedddd90415a922		text_offset=1500; matched_terms=batch,dyestuff,yield; context_sha256=0bedac9d24450ebf	direct population/likelihood route when the family and terms are supported	200	synthetic n=12; positive continuous predictors; integer groups; family-valid outcome	not-run	https://juliastats.org/MixedModels.jl/stable/constructors/	The retrieved official/primary source contains the normalized claimed formula text.	explicit	ordinary_brm			627	-8.47744637392999	already-expressible-verbatim	inherited-identical-probe	797addf7481a8fc4dee4901d773cd11db24d4e81dc913e8b2281f53d0fb6c7b9	explicit_token_present		2e57618ea27d703b	ready	0f6390175fa9f0133ae9150f500ce5bdd3ee2e101849b0c5578fc10cbee8284e	mixed_models_jl		pass	mixed_models_jl:dyestuff_re	bridgestan-finite-density-gradient	name_or_key_present	pass	pass		af911d285af8ae0f32cb4e093fed059ba6835f79fa3c21d7726a30d994ab6d82		Dyestuff — Minimal Random-Intercept LMM	Yield ~ 1 + (1 | Batch)	true	SbPMX origin/main@a8fd3c02e1e2305683a56c91384701bfeba6b528:design/{ASKS.md,SbPMX.jl,mock_runtime.jl},compat/check-semantic-model-pipeline.jl	false	gaussian	2026-07-28T21:07:09.466472+00:00	dyestuff_re	true		explicit Normal likelihood; named log-scale sigma predictor uses native linked-predictor syntax	inherited-identical-probe		already-expressible-verbatim	https://vincentarelbundock.github.io/Rdatasets/csv/lme4/Dyestuff.csv		Yield ~ 1 + (1 | Batch)		gaussian	bridgestan-finite-density-gradient	320
adapted-but-defensible	explicit Normal likelihood; named log-scale sigma predictor uses native linked-predictor syntax		adapted-but-defensible		116	explicit_metadata	92b351bc82a93696	gaussian	none			partial_semantic_terms:3/3		12		authoritative brm_descriptor/brm_execute; experimental SbPMX semantic_app mount adapter	scripts/examples/mixed_models_jl.jl	true			pass	sleepstudy	loc ~ 1 + Days + (1 + Days | Subject)\nlog(sigma) ~ 1\nReaction ~ Normal(loc, sigma)		reachable-data-or-description	false		true	pass				pass	loc ~ 1 + Days + (1 + Days | Subject)\nlog(sigma) ~ 1\nReaction ~ Normal(loc, sigma)	pass	ready	https://juliastats.org/MixedModels.jl/stable/constructors/	@options + option_domain/option_records + semantic_card under semantic_app	cited_project_author_publisher_surface	05c3f465e7987e8d7caa7e214fedddd90415a922	Record reaction/days/subj to Reaction/Days/Subject as a dataset adapter.	MixedModels constructors: @formula(reaction ~ 1 + days + (1 + days | subj))	direct population/likelihood route when the family and terms are supported	200	synthetic n=12; positive continuous predictors; integer groups; family-valid outcome	not-run	https://juliastats.org/MixedModels.jl/stable/constructors/	The source fits the same correlated subject intercept/slope model using lowercase MixedModelsDatasets columns; the catalog uses the uppercase names from its cited RDatasets mirror.	explicit	ordinary_brm			641	-8.817384082920588	already-expressible-verbatim	direct	7e307e49245e8472642f4d2d6c48e8a8535d796f750c3acccc6487abe5b1b358	explicit_token_present		92b351bc82a93696	ready	0f6390175fa9f0133ae9150f500ce5bdd3ee2e101849b0c5578fc10cbee8284e	mixed_models_jl		pass	mixed_models_jl:sleepstudy_slope	bridgestan-finite-density-gradient	name_or_key_present	pass	pass		08d681a280f6f567fe72e25e32f3926851a28395552746a34194f0a4c51c8991		Sleep Deprivation — Correlated Random Slopes	Reaction ~ 1 + Days + (1 + Days | Subject)	true	SbPMX origin/main@a8fd3c02e1e2305683a56c91384701bfeba6b528:design/{ASKS.md,SbPMX.jl,mock_runtime.jl},compat/check-semantic-model-pipeline.jl	false	gaussian	2026-07-28T21:07:09.466472+00:00	sleepstudy_slope	true		explicit Normal likelihood; named log-scale sigma predictor uses native linked-predictor syntax	inherited-identical-probe		already-expressible-verbatim	https://vincentarelbundock.github.io/Rdatasets/csv/lme4/sleepstudy.csv		Reaction ~ 1 + Days + (1 + Days | Subject)		gaussian	bridgestan-finite-density-gradient	321
adapted-but-defensible	explicit Normal likelihood; named log-scale sigma predictor uses native linked-predictor syntax		adapted-but-defensible		136	explicit_metadata	c2484e29f4372185	gaussian	none			partial_semantic_terms:4/4		11		authoritative brm_descriptor/brm_execute; experimental SbPMX semantic_app mount adapter	scripts/examples/mixed_models_jl.jl	true			pass	sleepstudy	loc ~ 1 + Days + (1 + Days  || Subject)\nlog(sigma) ~ 1\nReaction ~ Normal(loc, sigma)		reachable-data-or-description	false		true	pass				pass	loc ~ 1 + Days + (1 + Days  || Subject)\nlog(sigma) ~ 1\nReaction ~ Normal(loc, sigma)	pass	ready	https://juliastats.org/MixedModels.jl/stable/constructors/	@options + option_domain/option_records + semantic_card under semantic_app	cited_project_author_publisher_surface	05c3f465e7987e8d7caa7e214fedddd90415a922	Record reaction/days/subj to Reaction/Days/Subject as a dataset adapter.	MixedModels constructors: zerocorr sleepstudy formula block	direct population/likelihood route when the family and terms are supported	200	synthetic n=12; positive continuous predictors; integer groups; family-valid outcome	not-run	https://juliastats.org/MixedModels.jl/stable/constructors/	The source fits the same zero-correlation subject intercept/slope model; differences are only the lowercase package columns versus uppercase mirror columns.	explicit	ordinary_brm			643	-8.317384082920588	already-expressible-verbatim	direct	eb9838958973b83dc1220a75c415821278bb71ee8f574fe477b232e01c20c410	explicit_token_present		c2484e29f4372185	ready	0f6390175fa9f0133ae9150f500ce5bdd3ee2e101849b0c5578fc10cbee8284e	mixed_models_jl		pass	mixed_models_jl:sleepstudy_zerocorr	bridgestan-finite-density-gradient	name_or_key_present	pass	pass		1834c17a8513f16c97026452853d2a98f0ca74c3b4f69909eb7c5e54179d1d4e		Sleep Deprivation — Uncorrelated Random Slopes (zerocorr)	Reaction ~ 1 + Days + zerocorr(1 + Days | Subject)	true	SbPMX origin/main@a8fd3c02e1e2305683a56c91384701bfeba6b528:design/{ASKS.md,SbPMX.jl,mock_runtime.jl},compat/check-semantic-model-pipeline.jl	false	gaussian	2026-07-28T21:07:09.466472+00:00	sleepstudy_zerocorr	true		explicit Normal likelihood; named log-scale sigma predictor uses native linked-predictor syntax	inherited-identical-probe		already-expressible-verbatim	https://vincentarelbundock.github.io/Rdatasets/csv/lme4/sleepstudy.csv		Reaction ~ 1 + Days + zerocorr(1 + Days | Subject)		gaussian	bridgestan-finite-density-gradient	322
confirmed	explicit Normal likelihood; named log-scale sigma predictor uses native linked-predictor syntax		confirmed		157	explicit_metadata	2d6a71b02ebf0946	gaussian	none			exact_text_present		10		authoritative brm_descriptor/brm_execute; experimental SbPMX semantic_app mount adapter	scripts/examples/mixed_models_jl.jl	true			pass	penicillin	loc ~ 1 + (1 | plate) + (1 | sample)\nlog(sigma) ~ 1\ndiameter ~ Normal(loc, sigma)		reachable-data-or-description	false		false	pass				pass	loc ~ 1 + (1 | plate) + (1 | sample)\nlog(sigma) ~ 1\ndiameter ~ Normal(loc, sigma)	pass	ready	https://juliastats.org/MixedModels.jl/stable/constructors/	@options + option_domain/option_records + semantic_card under semantic_app	cited_project_author_publisher_surface	05c3f465e7987e8d7caa7e214fedddd90415a922		text_offset=10643; matched_terms=crossed,diameter,penicillin,plate; context_sha256=c97be0ed39e6a549	direct population/likelihood route when the family and terms are supported	200	synthetic n=12; positive continuous predictors; integer groups; family-valid outcome	not-run	https://juliastats.org/MixedModels.jl/stable/constructors/	The retrieved official/primary source contains the normalized claimed formula text.	explicit	ordinary_brm			631	-8.47744637392999	already-expressible-verbatim	inherited-identical-probe	bfc7e523b5254a4e21b87f537c99f918cd15970a0cd3a489af64b0b27f3c54f8	explicit_token_present		2d6a71b02ebf0946	ready	0f6390175fa9f0133ae9150f500ce5bdd3ee2e101849b0c5578fc10cbee8284e	mixed_models_jl		pass	mixed_models_jl:penicillin_crossed	bridgestan-finite-density-gradient	name_or_key_present	pass	pass		867bdd59c0cb7e32a81524b23e538360ea634a1b95bdb7702d3af8667d651a70		Penicillin — Crossed Random Intercepts	diameter ~ 1 + (1 | plate) + (1 | sample)	true	SbPMX origin/main@a8fd3c02e1e2305683a56c91384701bfeba6b528:design/{ASKS.md,SbPMX.jl,mock_runtime.jl},compat/check-semantic-model-pipeline.jl	false	gaussian	2026-07-28T21:07:09.466472+00:00	penicillin_crossed	true		explicit Normal likelihood; named log-scale sigma predictor uses native linked-predictor syntax	inherited-identical-probe		already-expressible-verbatim	https://vincentarelbundock.github.io/Rdatasets/csv/lme4/Penicillin.csv		diameter ~ 1 + (1 | plate) + (1 | sample)		gaussian	bridgestan-finite-density-gradient	323
confirmed	nested/composite grouping factors are expressible after deriving stable integer group ids or expanding nesting; exact source identity must be reviewed		confirmed		178	explicit_metadata		gaussian	none			exact_text_present				no executable descriptor until translation is resolved	scripts/examples/mixed_models_jl.jl	true			not-run	pastes			reachable-data-or-description	false		false	not-run				not-run		not-run	semantic-rewrite	https://juliastats.org/MixedModels.jl/stable/constructors/	@options + option_domain/option_records + semantic_card under semantic_app	cited_project_author_publisher_surface	05c3f465e7987e8d7caa7e214fedddd90415a922		text_offset=11654; matched_terms=cask,pastes,strength; context_sha256=82c831b76ec3e771	direct population/likelihood route when the family and terms are supported	200	synthetic n=12; positive continuous predictors; integer groups; family-valid outcome	not-run	https://juliastats.org/MixedModels.jl/stable/constructors/	The retrieved official/primary source contains the normalized claimed formula text.	explicit	ordinary_brm					already-expressible-via-semantic-rewrite	not-probed		explicit_token_present			semantic-rewrite	0f6390175fa9f0133ae9150f500ce5bdd3ee2e101849b0c5578fc10cbee8284e	mixed_models_jl		not-run	mixed_models_jl:pastes_nested	semantic-rewrite	name_or_key_present	not-run	not-run				Pastes — Nested Random Effects	strength ~ 1 + (1 | batch/cask)	not-run	SbPMX origin/main@a8fd3c02e1e2305683a56c91384701bfeba6b528:design/{ASKS.md,SbPMX.jl,mock_runtime.jl},compat/check-semantic-model-pipeline.jl	false	gaussian	2026-07-28T21:07:09.466472+00:00	pastes_nested	true		nested/composite grouping factors are expressible after deriving stable integer group ids or expanding nesting; exact source identity must be reviewed	not-probed		already-expressible-via-semantic-rewrite	https://vincentarelbundock.github.io/Rdatasets/csv/lme4/Pastes.csv		strength ~ 1 + (1 | batch/cask)		gaussian	semantic-rewrite	324
adapted-but-defensible	explicit Bernoulli-logit likelihood		mismatch		198	explicit_metadata	feb3223bcfd28635	bernoulli	none			partial_semantic_terms:5/5		13		authoritative brm_descriptor/brm_execute; experimental SbPMX semantic_app mount adapter	scripts/examples/mixed_models_jl.jl	true			pass	verbagg	log_odds ~ 1 + Anger + Gender + btype + situ + (1 | id) + (1 | item)\nr2 ~ BernoulliLogit(log_odds)		reachable-data-or-description	false		true	pass				pass	log_odds ~ 1 + Anger + Gender + btype + situ + (1 | id) + (1 | item)\nr2 ~ BernoulliLogit(log_odds)	pass	ready	https://juliastats.org/MixedModels.jl/stable/constructors/	@options + option_domain/option_records + semantic_card under semantic_app	cited_project_author_publisher_surface	05c3f465e7987e8d7caa7e214fedddd90415a922	Add mode to the fixed effects; id is a defensible mirror-column rename of source subj.	MixedModels constructors: verbaggform definition	direct population/likelihood route when the family and terms are supported	200	synthetic n=12; positive continuous predictors; integer groups; family-valid outcome	not-run	https://juliastats.org/MixedModels.jl/stable/constructors/	The cited constructor includes mode as a fixed effect in addition to anger, gender, btype, and situ. The catalog silently drops mode.	explicit	ordinary_brm			649	-8.317766166719343	already-expressible-verbatim	direct	8e6068bb1b0e93f146fcce63bfcd3d56c65ee2d4c9d6f156f3e21d15662ace9e	explicit_token_present		feb3223bcfd28635	ready	0f6390175fa9f0133ae9150f500ce5bdd3ee2e101849b0c5578fc10cbee8284e	mixed_models_jl		pass	mixed_models_jl:verbagg_crossed	bridgestan-finite-density-gradient	name_or_key_present	pass	pass		e14782de09b909385d745668fc23760031890435e40a6cbb75312217e04da787		Verbal Aggression — Bernoulli GLMM, Crossed Random Effects	r2 ~ 1 + Anger + Gender + btype + situ + (1 | id) + (1 | item)	true	SbPMX origin/main@a8fd3c02e1e2305683a56c91384701bfeba6b528:design/{ASKS.md,SbPMX.jl,mock_runtime.jl},compat/check-semantic-model-pipeline.jl	false	bernoulli	2026-07-28T21:07:09.466472+00:00	verbagg_crossed	true		explicit Bernoulli-logit likelihood	inherited-identical-probe		already-expressible-verbatim	https://vincentarelbundock.github.io/Rdatasets/csv/lme4/VerbAgg.csv		r2 ~ 1 + Anger + Gender + btype + situ + (1 | id) + (1 | item)		bernoulli	bridgestan-finite-density-gradient	325
adapted-but-defensible	explicit Bernoulli-logit likelihood		adapted-but-defensible		222	explicit_metadata	3b421411e7c75354	bernoulli	none			partial_semantic_terms:5/6		9		authoritative brm_descriptor/brm_execute; experimental SbPMX semantic_app mount adapter	scripts/examples/mixed_models_jl.jl	true			pass	contraception	log_odds ~ 1 + age + abs2(age) + livch + urban + (1 | district)\nuse ~ BernoulliLogit(log_odds)		reachable-data-or-description	false		true	pass				pass	log_odds ~ 1 + age + abs2(age) + livch + urban + (1 | district)\nuse ~ BernoulliLogit(log_odds)	pass	ready	https://juliastats.org/MixedModels.jl/stable/constructors/	@options + option_domain/option_records + semantic_card under semantic_app	cited_project_author_publisher_surface	05c3f465e7987e8d7caa7e214fedddd90415a922	Document dist-to-district as a dataset adapter.	MixedModels constructors: contraform definition	direct population/likelihood route when the family and terms are supported	200	synthetic n=12; positive continuous predictors; integer groups; family-valid outcome	not-run	https://juliastats.org/MixedModels.jl/stable/constructors/	The catalog matches the source Bernoulli formula after renaming the source grouping column dist to the RDatasets mirror column district.	explicit	ordinary_brm			651	-8.317766166719343	already-expressible-verbatim	direct	2721e52aee6797dbed5015ce7a0547e0a75d725cb6daade0b8155725f87c6005	explicit_token_present		3b421411e7c75354	ready	0f6390175fa9f0133ae9150f500ce5bdd3ee2e101849b0c5578fc10cbee8284e	mixed_models_jl		pass	mixed_models_jl:contraception_glmm	bridgestan-finite-density-gradient	name_or_key_present	pass	pass		4adce8a6358ff3814ea8ce9001264ec13403146a78ecba3ed2009a40a7df794b		Contraception — Bernoulli GLMM with Polynomial Age	use ~ 1 + age + abs2(age) + livch + urban + (1 | district)	true	SbPMX origin/main@a8fd3c02e1e2305683a56c91384701bfeba6b528:design/{ASKS.md,SbPMX.jl,mock_runtime.jl},compat/check-semantic-model-pipeline.jl	false	bernoulli	2026-07-28T21:07:09.466472+00:00	contraception_glmm	true		explicit Bernoulli-logit likelihood	inherited-identical-probe		already-expressible-verbatim	https://vincentarelbundock.github.io/Rdatasets/csv/mlmRev/Contraception.csv		use ~ 1 + age + abs2(age) + livch + urban + (1 | district)		bernoulli	bridgestan-finite-density-gradient	326
confirmed	explicit Normal likelihood; named log-scale sigma predictor uses native linked-predictor syntax		confirmed		176	CatalogServer_default_unsubstantiated	10d1285306b0b750	gaussian	renderer-default-unsubstantiated; inference happens to agree			exact_text_present		5		authoritative brm_descriptor/brm_execute; experimental SbPMX semantic_app mount adapter	scripts/examples/inla.jl	true			pass	cement			reachable-data-or-description	false		false	pass				pass	loc ~ x1 + x2 + x3 + x4\nlog(sigma) ~ 1\ny ~ Normal(loc, sigma)	pass	unresolved-family	https://becarioprecario.bitbucket.io/inla-gitbook/ch-INLA.html	@options + option_domain/option_records + semantic_card under semantic_app	cited_project_author_publisher_surface	05c3f465e7987e8d7caa7e214fedddd90415a922		text_offset=671; matched_terms=effects,linear,model,random; context_sha256=f403faea660e1a5a	direct population/likelihood route when the family and terms are supported	200	synthetic n=12; positive continuous predictors; integer groups; family-valid outcome	not-run	https://becarioprecario.bitbucket.io/inla-gitbook/ch-INLA.html	The retrieved official/primary source contains the normalized claimed formula text.	inferred-from-name	ordinary_brm	family evidence remains indeterminate		654	-5.690109601815348	historical-semantics-unresolved	not-probed	301e50f6651b51a7f7fdba95f61f6f74ecd0c73a1125c79d0124dd448aa4c095	not_claimed			ready	195fcd448f4afaee7f1d238d80a182debe2a6d24a636cfc0a0977046733eec25	inla		pass	inla:cement_lm	unresolved-family	name_or_key_present	pass	pass		bf9c6c45902baa99d2d69481ef3c5360155a4bb0c5ef2b7aad667924530cb9f9		Cement — Gaussian Linear Model (no random effects)	y ~ x1 + x2 + x3 + x4	true	SbPMX origin/main@a8fd3c02e1e2305683a56c91384701bfeba6b528:design/{ASKS.md,SbPMX.jl,mock_runtime.jl},compat/check-semantic-model-pipeline.jl	false		2026-07-28T21:07:08.640235+00:00	cement_lm	true		family is not explicit or defensibly inferred	direct		already-expressible-verbatim	https://vincentarelbundock.github.io/Rdatasets/csv/MASS/cement.csv		y ~ x1 + x2 + x3 + x4		gaussian	bridgestan-finite-density-gradient	327
adapted-but-defensible	requires a faithful stanblocks_plate implementation; no ordinary-formula substitute		mismatch		194	CatalogServer_default_unsubstantiated		gaussian	renderer-default-unsubstantiated; inference happens to agree			partial_semantic_terms:3/5				StanBlocks plate substrate; no authoritative BRM descriptor for this row; experimental semantic_app adapter required	scripts/examples/inla.jl	true			not-run	penicillin			reachable-data-or-description	false		true	not-run				not-run		not-run	unresolved-family	https://becarioprecario.bitbucket.io/inla-gitbook/ch-multilevel.html	@options + option_domain/option_records + semantic_card under semantic_app	cited_project_author_publisher_surface	05c3f465e7987e8d7caa7e214fedddd90415a922	"Use yield ~ 1 + treat + f(blend, model=""iid"") for this citation, or cite a source for the lme4 Penicillin adaptation."	ch-multilevel HTML lines 462-554	faithful-candidate: INLA latent/group term requires an explicit plate declaration	200	synthetic n=12; positive continuous predictors; integer groups; family-valid outcome	not-run	https://becarioprecario.bitbucket.io/inla-gitbook/ch-multilevel.html	The cited chapter analyzes the faraway penicillin data as yield ~ treat + iid(blend). The catalog instead uses the distinct lme4 Penicillin assay data with diameter, sample, and plate.	inferred-from-name	stanblocks_plate	family evidence remains indeterminate				historical-semantics-unresolved	not-probed		not_claimed			route-specific	092a00599dd5202917f56382661fa06c92d1def7d7384e8626de66a37c8642cd	inla		not-run	inla:penicillin_iid	unresolved-family	name_or_key_present	not-run	not-run				Penicillin — Gaussian GLMM with IID Random Intercept	diameter ~ 1 + sample + f(plate_id, model = 'iid')	not-run	SbPMX origin/main@a8fd3c02e1e2305683a56c91384701bfeba6b528:design/{ASKS.md,SbPMX.jl,mock_runtime.jl},compat/check-semantic-model-pipeline.jl	false		2026-07-28T21:07:08.641594+00:00	penicillin_iid	true		family is not explicit or defensibly inferred	not-probed		historical-semantics-unresolved	https://vincentarelbundock.github.io/Rdatasets/csv/lme4/Penicillin.csv	kernel/plate substrate control is separately probed	diameter ~ 1 + sample + f(plate_id, model = 'iid')		gaussian	route-specific	328
adapted-but-defensible	requires a faithful stanblocks_plate implementation; no ordinary-formula substitute		adapted-but-defensible		209	CatalogServer_default_unsubstantiated		gaussian	renderer-default-unsubstantiated; inference happens to agree			partial_semantic_terms:4/5				StanBlocks plate substrate; no authoritative BRM descriptor for this row; experimental semantic_app adapter required	scripts/examples/inla.jl	true			not-run	sleepstudy_inla			reachable-data-or-description	false		true	not-run				not-run		not-run	unresolved-family	https://becarioprecario.bitbucket.io/inla-gitbook/ch-multilevel.html	@options + option_domain/option_records + semantic_card under semantic_app	cited_project_author_publisher_surface	05c3f465e7987e8d7caa7e214fedddd90415a922	Document Subject-to-subject_id preprocessing.	ch-multilevel HTML lines 1160-1164	faithful-candidate: INLA latent/group term requires an explicit plate declaration	200	synthetic n=12; positive continuous predictors; integer groups; family-valid outcome	not-run	https://becarioprecario.bitbucket.io/inla-gitbook/ch-multilevel.html	The cited model is Reaction ~ 1 + Days + iid(Subject); subject_id is a mechanical index rename for the same grouping factor.	inferred-from-name	stanblocks_plate	family evidence remains indeterminate				historical-semantics-unresolved	not-probed		not_claimed			route-specific	092a00599dd5202917f56382661fa06c92d1def7d7384e8626de66a37c8642cd	inla		not-run	inla:sleepstudy_iid	unresolved-family	name_or_key_present	not-run	not-run				Sleep Deprivation — Gaussian GLMM with IID Random Intercept	Reaction ~ 1 + Days + f(subject_id, model = 'iid')	not-run	SbPMX origin/main@a8fd3c02e1e2305683a56c91384701bfeba6b528:design/{ASKS.md,SbPMX.jl,mock_runtime.jl},compat/check-semantic-model-pipeline.jl	false		2026-07-28T21:07:08.641594+00:00	sleepstudy_iid	true		family is not explicit or defensibly inferred	not-probed		historical-semantics-unresolved	https://vincentarelbundock.github.io/Rdatasets/csv/lme4/sleepstudy.csv	kernel/plate substrate control is separately probed	Reaction ~ 1 + Days + f(subject_id, model = 'iid')		gaussian	route-specific	329
adapted-but-defensible	requires a faithful stanblocks_plate implementation; no ordinary-formula substitute		adapted-but-defensible		224	CatalogServer_default_unsubstantiated		gaussian	renderer-default-unsubstantiated; inference happens to agree			partial_semantic_terms:4/5				StanBlocks plate substrate; no authoritative BRM descriptor for this row; experimental semantic_app adapter required	scripts/examples/inla.jl	true			not-run	sleepstudy_inla			reachable-data-or-description	false		true	not-run				not-run		not-run	unresolved-family	https://becarioprecario.bitbucket.io/inla-gitbook/ch-multilevel.html	@options + option_domain/option_records + semantic_card under semantic_app	cited_project_author_publisher_surface	05c3f465e7987e8d7caa7e214fedddd90415a922	Document Subject-to-subject_id preprocessing.	ch-multilevel HTML lines 1198-1211	faithful-candidate: INLA latent/group term requires an explicit plate declaration	200	synthetic n=12; positive continuous predictors; integer groups; family-valid outcome	not-run	https://becarioprecario.bitbucket.io/inla-gitbook/ch-multilevel.html	The cited model is Reaction ~ 1 + f(Subject, Days, iid); subject_id is a mechanical grouping-index rename.	inferred-from-name	stanblocks_plate	family evidence remains indeterminate				historical-semantics-unresolved	not-probed		not_claimed			route-specific	092a00599dd5202917f56382661fa06c92d1def7d7384e8626de66a37c8642cd	inla		not-run	inla:sleepstudy_slopes	unresolved-family	name_or_key_present	not-run	not-run				Sleep Deprivation — Gaussian GLMM with IID Random Slopes	Reaction ~ 1 + f(subject_id, Days, model = 'iid')	not-run	SbPMX origin/main@a8fd3c02e1e2305683a56c91384701bfeba6b528:design/{ASKS.md,SbPMX.jl,mock_runtime.jl},compat/check-semantic-model-pipeline.jl	false		2026-07-28T21:07:08.641594+00:00	sleepstudy_slopes	true		family is not explicit or defensibly inferred	not-probed		historical-semantics-unresolved	https://vincentarelbundock.github.io/Rdatasets/csv/lme4/sleepstudy.csv	kernel/plate substrate control is separately probed	Reaction ~ 1 + f(subject_id, Days, model = 'iid')		gaussian	route-specific	330
adapted-but-defensible	requires a faithful stanblocks_plate implementation; no ordinary-formula substitute	Historical loader hard-codes all 144 AirPassengers counts and computes continuous log_y.	mismatch	strong	241	CatalogServer_default_unsubstantiated		gaussian	renderer-default-unsubstantiated; inference happens to agree		BRM=05c3f465e7987e8d7caa7e214fedddd90415a922; r-inla=c6e595b78f2fbca58fa976636716bdf0a9f9dee1	partial_semantic_terms:2/3				StanBlocks plate substrate; no authoritative BRM descriptor for this row; experimental semantic_app adapter required	scripts/examples/inla.jl	true	scripts/examples/inla.jl:241-255; rinla/R/inla.R:235; ch-temporal.html RW1 sections	2026-07-28T22:56:15Z	not-run	airpassengers			synthetic-no-external-receipt	false		true	not-run		explicit-family-recovery		not-run		not-run	unresolved-family	https://becarioprecario.bitbucket.io/inla-gitbook/ch-temporal.html	@options + option_domain/option_records + semantic_card under semantic_app	cited_project_author_publisher_surface	05c3f465e7987e8d7caa7e214fedddd90415a922	Add an intercept for the constrained RW1, or explicitly justify and configure an unconstrained parameterization; cite an AirPassengers fit.	ch-temporal HTML lines 618-626	faithful-candidate: INLA latent/group term requires an explicit plate declaration	200	synthetic n=12; positive continuous predictors; integer groups; family-valid outcome	not-run	https://becarioprecario.bitbucket.io/inla-gitbook/ch-temporal.html	The cited page does not analyze AirPassengers; its RW1 example uses climate temperature with an intercept and explicit constr=FALSE. The catalog removes the intercept while leaving the default constrained latent field, contradicting its claim that the random walk absorbs the intercept.	authoritative-audit-explicit-family-recovery	stanblocks_plate	family evidence remains indeterminate	Catalog family metadata is blank; the cited chapter does not fit AirPassengers and its RW1 example retains an intercept with constr=FALSE, so model fidelity is mismatch; the response values alone cannot establish Gaussian residuals.			historical-semantics-unresolved	not-probed		not_claimed			route-specific	a3faa1dd1b298c23c52ebeffbe232fc9b36e1889710ab3b0b93fd8e0e9ffa4ab	inla	temporal=200; upstream-git=ok	not-run	inla:airp_rw1	unresolved-family	name_or_key_present	not-run	not-run			Historical row prose explicitly states Gaussian; authoritative inla() source sets family="gaussian" by default when no family argument is supplied.	Airline Passengers — Random Walk (RW1) Temporal Smoothing	log_y ~ 0 + f(t, model = 'rw1')	not-run	SbPMX origin/main@a8fd3c02e1e2305683a56c91384701bfeba6b528:design/{ASKS.md,SbPMX.jl,mock_runtime.jl},compat/check-semantic-model-pipeline.jl	false		2026-07-28T21:07:08.656916+00:00	airp_rw1	true	A continuous log_y response with a latent RW1 mean uses INLA's explicit Gaussian default.	family is not explicit or defensibly inferred	not-probed	Gaussian is recovered from the explicit source/default while remaining orthogonal to the unsupported AirPassengers formula adaptation.	historical-semantics-unresolved	synthetic	kernel/plate substrate control is separately probed	log_y ~ 0 + f(t, model = 'rw1')	historical BRM source scripts/examples/inla.jl; cited INLA Gitbook temporal chapter https://becarioprecario.bitbucket.io/inla-gitbook/ch-temporal.html; authoritative R-INLA source https://github.com/hrue/r-inla	gaussian	route-specific	331
adapted-but-defensible	requires a faithful stanblocks_plate implementation; no ordinary-formula substitute	Historical loader contains the canonical 144-count series and derived log_y.	mismatch	strong	257	CatalogServer_default_unsubstantiated		gaussian	renderer-default-unsubstantiated; inference happens to agree		BRM=05c3f465e7987e8d7caa7e214fedddd90415a922; r-inla=c6e595b78f2fbca58fa976636716bdf0a9f9dee1	partial_semantic_terms:2/3				StanBlocks plate substrate; no authoritative BRM descriptor for this row; experimental semantic_app adapter required	scripts/examples/inla.jl	true	scripts/examples/inla.jl:257-270; rinla/R/inla.R:235; ch-temporal.html RW2 sections	2026-07-28T22:56:15Z	not-run	airpassengers			synthetic-no-external-receipt	false		true	not-run		explicit-family-recovery		not-run		not-run	unresolved-family	https://becarioprecario.bitbucket.io/inla-gitbook/ch-temporal.html	@options + option_domain/option_records + semantic_card under semantic_app	cited_project_author_publisher_surface	05c3f465e7987e8d7caa7e214fedddd90415a922	Add an intercept for the constrained RW2 or cite and reproduce a verified AirPassengers RW2 parameterization.	ch-temporal: model taxonomy only; no catalog AirPassengers RW2 fit	faithful-candidate: INLA latent/group term requires an explicit plate declaration	200	synthetic n=12; positive continuous predictors; integer groups; family-valid outcome	not-run	https://becarioprecario.bitbucket.io/inla-gitbook/ch-temporal.html	The cited page supplies no AirPassengers RW2 fit, and the catalog removes the intercept while using the default constrained RW2, so the stated intercept-absorption rationale is unsupported.	authoritative-audit-explicit-family-recovery	stanblocks_plate	family evidence remains indeterminate	Catalog family metadata is blank; the cited chapter supplies no AirPassengers RW2 fit and the no-intercept constrained-field claim is unsupported; dataset support is only continuous-valued.			historical-semantics-unresolved	not-probed		not_claimed			route-specific	a3faa1dd1b298c23c52ebeffbe232fc9b36e1889710ab3b0b93fd8e0e9ffa4ab	inla	temporal=200; upstream-git=ok	not-run	inla:airp_rw2	unresolved-family	name_or_key_present	not-run	not-run			Historical prose explicitly says Gaussian and authoritative inla() defaults family to "gaussian".	Airline Passengers — Random Walk (RW2) Temporal Smoothing	log_y ~ 0 + f(t, model = 'rw2')	not-run	SbPMX origin/main@a8fd3c02e1e2305683a56c91384701bfeba6b528:design/{ASKS.md,SbPMX.jl,mock_runtime.jl},compat/check-semantic-model-pipeline.jl	false		2026-07-28T21:07:08.656916+00:00	airp_rw2	true	RW2 supplies a latent smooth mean for continuous log_y without changing the observation likelihood.	family is not explicit or defensibly inferred	not-probed	The explicit INLA default resolves Gaussian, not the inaccurate model provenance.	historical-semantics-unresolved	synthetic	kernel/plate substrate control is separately probed	log_y ~ 0 + f(t, model = 'rw2')	historical BRM source scripts/examples/inla.jl; cited INLA Gitbook temporal chapter https://becarioprecario.bitbucket.io/inla-gitbook/ch-temporal.html; authoritative R-INLA source https://github.com/hrue/r-inla	gaussian	route-specific	332
adapted-but-defensible	requires a faithful stanblocks_plate implementation; no ordinary-formula substitute	Historical AirPassengers loader provides continuous log_y over 144 months.	mismatch	strong	272	CatalogServer_default_unsubstantiated		gaussian	renderer-default-unsubstantiated; inference happens to agree		BRM=05c3f465e7987e8d7caa7e214fedddd90415a922; r-inla=c6e595b78f2fbca58fa976636716bdf0a9f9dee1	partial_semantic_terms:2/3				StanBlocks plate substrate; no authoritative BRM descriptor for this row; experimental semantic_app adapter required	scripts/examples/inla.jl	true	scripts/examples/inla.jl:272-285; rinla/R/inla.R:235; ch-temporal.html AR1 sections	2026-07-28T22:56:15Z	not-run	airpassengers			synthetic-no-external-receipt	false		true	not-run		explicit-family-recovery		not-run		not-run	unresolved-family	https://becarioprecario.bitbucket.io/inla-gitbook/ch-temporal.html	@options + option_domain/option_records + semantic_card under semantic_app	cited_project_author_publisher_surface	05c3f465e7987e8d7caa7e214fedddd90415a922	"Use log_y ~ 1 + f(t, model=""ar1"") unless the response is explicitly centered, and cite the actual AirPassengers adaptation."	ch-temporal HTML lines 509-520	faithful-candidate: INLA latent/group term requires an explicit plate declaration	200	synthetic n=12; positive continuous predictors; integer groups; family-valid outcome	not-run	https://becarioprecario.bitbucket.io/inla-gitbook/ch-temporal.html	The source AR1 examples include an intercept and use climate or earthquake data. The catalog drops the intercept from a zero-mean proper AR1 effect and cites no AirPassengers fit.	authoritative-audit-explicit-family-recovery	stanblocks_plate	family evidence remains indeterminate	Catalog family metadata is blank; official AR1 examples use other data and an intercept, so the claimed no-intercept AirPassengers model is unsupported; log transformation alone does not prove Gaussian noise.			historical-semantics-unresolved	not-probed		not_claimed			route-specific	a3faa1dd1b298c23c52ebeffbe232fc9b36e1889710ab3b0b93fd8e0e9ffa4ab	inla	temporal=200; upstream-git=ok	not-run	inla:airp_ar1	unresolved-family	name_or_key_present	not-run	not-run			Historical row explicitly states Gaussian and authoritative inla() source explicitly defaults to family="gaussian".	Airline Passengers — AR(1) Temporal Process	log_y ~ 0 + f(t, model = 'ar1')	not-run	SbPMX origin/main@a8fd3c02e1e2305683a56c91384701bfeba6b528:design/{ASKS.md,SbPMX.jl,mock_runtime.jl},compat/check-semantic-model-pipeline.jl	false		2026-07-28T21:07:08.656916+00:00	airp_ar1	true	The AR1 term is a latent process; it does not imply a non-Gaussian observation family.	family is not explicit or defensibly inferred	not-probed	Recover Gaussian solely from explicit family/default evidence and keep source-fidelity mismatch separate.	historical-semantics-unresolved	synthetic	kernel/plate substrate control is separately probed	log_y ~ 0 + f(t, model = 'ar1')	historical BRM source scripts/examples/inla.jl; cited INLA Gitbook temporal chapter https://becarioprecario.bitbucket.io/inla-gitbook/ch-temporal.html; authoritative R-INLA source https://github.com/hrue/r-inla	gaussian	route-specific	333
adapted-but-defensible	requires a faithful stanblocks_plate implementation; no ordinary-formula substitute	Historical loader supplies canonical AirPassengers and log_y with month/year indices.	mismatch	strong	287	CatalogServer_default_unsubstantiated		gaussian	renderer-default-unsubstantiated; inference happens to agree		BRM=05c3f465e7987e8d7caa7e214fedddd90415a922; r-inla=c6e595b78f2fbca58fa976636716bdf0a9f9dee1	partial_semantic_terms:3/5				StanBlocks plate substrate; no authoritative BRM descriptor for this row; experimental semantic_app adapter required	scripts/examples/inla.jl	true	scripts/examples/inla.jl:287-300; rinla/R/inla.R:235; ch-temporal.html seasonal sections	2026-07-28T22:56:15Z	not-run	airpassengers			synthetic-no-external-receipt	false		true	not-run		explicit-family-recovery		not-run		not-run	unresolved-family	https://becarioprecario.bitbucket.io/inla-gitbook/ch-temporal.html	@options + option_domain/option_records + semantic_card under semantic_app	cited_project_author_publisher_surface	05c3f465e7987e8d7caa7e214fedddd90415a922	Use an intercept with the seasonal effect unless a centered-response construction is documented; provide a direct AirPassengers source.	ch-temporal: seasonal model appears only in navigation/model taxonomy	faithful-candidate: INLA latent/group term requires an explicit plate declaration	200	synthetic n=12; positive continuous predictors; integer groups; family-valid outcome	not-run	https://becarioprecario.bitbucket.io/inla-gitbook/ch-temporal.html	The cited page does not fit the claimed AirPassengers seasonal model, and the no-intercept formula leaves a centered seasonal effect as the entire mean without evidence or centering.	authoritative-audit-explicit-family-recovery	stanblocks_plate	family evidence remains indeterminate	Catalog family metadata is blank; cited page has no claimed AirPassengers seasonal fit, and a centered seasonal field as the entire no-intercept mean is unsupported.			historical-semantics-unresolved	not-probed		not_claimed			route-specific	a3faa1dd1b298c23c52ebeffbe232fc9b36e1889710ab3b0b93fd8e0e9ffa4ab	inla	temporal=200; upstream-git=ok	not-run	inla:airp_seasonal	unresolved-family	name_or_key_present	not-run	not-run			Historical row explicitly states Gaussian and authoritative inla() defaults to family="gaussian".	Airline Passengers — Seasonal Latent Field	log_y ~ 0 + f(t, model = 'seasonal', season.length = 12)	not-run	SbPMX origin/main@a8fd3c02e1e2305683a56c91384701bfeba6b528:design/{ASKS.md,SbPMX.jl,mock_runtime.jl},compat/check-semantic-model-pipeline.jl	false		2026-07-28T21:07:08.656916+00:00	airp_seasonal	true	A sum-to-zero seasonal latent field governs the mean of continuous log_y and leaves the Gaussian likelihood unchanged.	family is not explicit or defensibly inferred	not-probed	Gaussian is explicit, but that family result does not rescue the formula/source mismatch.	historical-semantics-unresolved	synthetic	kernel/plate substrate control is separately probed	log_y ~ 0 + f(t, model = 'seasonal', season.length = 12)	historical BRM source scripts/examples/inla.jl; cited INLA Gitbook temporal chapter https://becarioprecario.bitbucket.io/inla-gitbook/ch-temporal.html; authoritative R-INLA source https://github.com/hrue/r-inla	gaussian	route-specific	334
adapted-but-defensible	response expression is supported after an explicit named data-derivation step; transformed-response Jacobian/conditioning semantics still require review		mismatch		304	CatalogServer_default_unsubstantiated		gaussian	renderer-default-contradicts semantic inference			partial_semantic_terms:10/10				no executable descriptor until translation is resolved	scripts/examples/inla.jl	true			not-run	veteran			reachable-data-or-description	false		true	not-run				not-run		not-run	unresolved-family	https://becarioprecario.bitbucket.io/inla-gitbook/ch-survival.html	@options + option_domain/option_records + semantic_card under semantic_app	cited_project_author_publisher_surface	05c3f465e7987e8d7caa7e214fedddd90415a922	Use the cited sinla.vet ~ -1 + celltype + trt Weibull model, or cite a separate full-covariate model.	ch-survival HTML lines 944-954	direct population/likelihood route when the family and terms are supported	200	synthetic n=12; positive continuous predictors; integer groups; family-valid outcome	not-run	https://becarioprecario.bitbucket.io/inla-gitbook/ch-survival.html	The source Weibull model uses rescaled time and only celltype plus trt (with no intercept). The catalog adds karno, diagtime, age, and prior without source support.	inferred-from-name	ordinary_brm	family evidence remains indeterminate				historical-semantics-unresolved	not-probed		not_claimed			semantic-rewrite	26e578fc88e00d1a6704c396767828a934d547123b00fb24774d4fc7e1cdc6f6	inla		not-run	inla:veteran_weibull	unresolved-family	name_or_key_present	not-run	not-run				VA Lung Cancer — Weibull Survival Model	inla.surv(time, status) ~ trt + celltype + karno + diagtime + age + prior	not-run	SbPMX origin/main@a8fd3c02e1e2305683a56c91384701bfeba6b528:design/{ASKS.md,SbPMX.jl,mock_runtime.jl},compat/check-semantic-model-pipeline.jl	false		2026-07-28T21:07:08.655105+00:00	veteran_weibull	true		family is not explicit or defensibly inferred	not-probed		already-expressible-via-semantic-rewrite	https://vincentarelbundock.github.io/Rdatasets/csv/survival/veteran.csv		inla.surv(time, status) ~ trt + celltype + karno + diagtime + age + prior		weibull	semantic-rewrite	335
confirmed	requires a faithful stanblocks_plate implementation; no ordinary-formula substitute	Authoritative SemiPar package contains 221 observations with range and logratio and ships data/lidar.txt.gz.	confirmed	strong	325	CatalogServer_default_unsubstantiated		gaussian	renderer-default-unsubstantiated; inference happens to agree		BRM=05c3f465e7987e8d7caa7e214fedddd90415a922; r-inla=c6e595b78f2fbca58fa976636716bdf0a9f9dee1; SemiPar=85280c37a01d525e516a7f66545f097ac43ed128	exact_text_present				StanBlocks plate substrate; no authoritative BRM descriptor for this row; experimental semantic_app adapter required	scripts/examples/inla.jl	true	scripts/examples/inla.jl:325-340; rinla/R/inla.R:235; SemiPar/man/lidar.Rd:1-32; SemiPar/data/lidar.txt.gz	2026-07-28T22:56:15Z	not-run	lidar			dead-source	false		false	not-run		explicit-family-recovery		not-run		not-run	unresolved-family	https://becarioprecario.bitbucket.io/inla-gitbook/ch-smoothing.html	@options + option_domain/option_records + semantic_card under semantic_app	cited_project_author_publisher_surface	05c3f465e7987e8d7caa7e214fedddd90415a922		text_offset=1600; matched_terms=constr,rw2; context_sha256=54472cdc853695ac	faithful-candidate: INLA latent/group term requires an explicit plate declaration	200	synthetic n=12; positive continuous predictors; integer groups; family-valid outcome	not-run	https://becarioprecario.bitbucket.io/inla-gitbook/ch-smoothing.html	The retrieved official/primary source contains the normalized claimed formula text.	authoritative-audit-explicit-family-recovery	stanblocks_plate	family evidence remains indeterminate	Catalog family metadata is blank; the claimed Rdatasets URL now returns 404, so the live dataset receipt is dead even though the authoritative CRAN mirror preserves the dataset.			historical-semantics-unresolved	not-probed		not_claimed			route-specific	233ab3291ffb3588cdd58e8771e0f79d1f924765c67c5f7fdbef96d2a1331e88	inla	smoothing=200; claimed-dataset-CSV=404; upstream-git=ok; SemiPar-git=ok	not-run	inla:lidar_rw2	unresolved-family	name_or_key_present	not-run	not-run			Historical row explicitly states Gaussian; authoritative inla() defaults family="gaussian"; official smoothing material presents the matching LIDAR RW2 Gaussian example.	LIDAR — Nonparametric Regression via RW2	logratio ~ -1 + f(range, model = 'rw2', constr = FALSE)	not-run	SbPMX origin/main@a8fd3c02e1e2305683a56c91384701bfeba6b528:design/{ASKS.md,SbPMX.jl,mock_runtime.jl},compat/check-semantic-model-pipeline.jl	false		2026-07-28T21:07:08.642013+00:00	lidar_rw2	true	Continuous logratio is modeled around an RW2 latent mean, matching a Gaussian observation model.	family is not explicit or defensibly inferred	not-probed	Explicit INLA default plus matching official example recover Gaussian; dataset preservation repairs reachability without using values to select the family.	historical-semantics-unresolved	https://vincentarelbundock.github.io/Rdatasets/csv/SemiPar/lidar.csv	kernel/plate substrate control is separately probed	logratio ~ -1 + f(range, model = 'rw2', constr = FALSE)	historical BRM source scripts/examples/inla.jl; official INLA Gitbook smoothing chapter https://becarioprecario.bitbucket.io/inla-gitbook/ch-smoothing.html; authoritative R-INLA source; CRAN SemiPar source mirror https://github.com/cran/SemiPar; claimed Rdatasets CSV	gaussian	route-specific	336
adapted-but-defensible	requires a faithful stanblocks_plate implementation; no ordinary-formula substitute	Historical synthetic loader has 12 hospitals, n operations, and integer r=round(p*n), so 0<=r<=n; it mirrors schema but not stochastic sampling.	unverifiable	strong	344	CatalogServer_default_unsubstantiated		gaussian	renderer-default-contradicts semantic inference		BRM=05c3f465e7987e8d7caa7e214fedddd90415a922; official-surg-page=live@2026-07-28	partial_semantic_terms:2/3				StanBlocks plate substrate; no authoritative BRM descriptor for this row; experimental semantic_app adapter required	scripts/examples/inla.jl	true	scripts/examples/inla.jl:154-171 and 344-358; official Surg page lines containing formula=r~f(hospital,model="iid") and inla(...family="binomial",Ntrials=n)	2026-07-28T22:56:15Z	not-run	surg			synthetic-no-external-receipt	false		true	not-run		explicit-family-recovery		not-run		not-run	unresolved-family	https://becarioprecario.bitbucket.io/inla-gitbook/ch-INLA.html	@options + option_domain/option_records + semantic_card under semantic_app	cited_project_author_publisher_surface	05c3f465e7987e8d7caa7e214fedddd90415a922	Provide a primary source for the surg hospital model and its ntrials specification.	ch-INLA: likelihood table around HTML lines 892-905; no surg occurrence	faithful-candidate: INLA latent/group term requires an explicit plate declaration	200	synthetic n=12; positive continuous predictors; integer groups; family-valid outcome	not-run	https://becarioprecario.bitbucket.io/inla-gitbook/ch-INLA.html	The retrieved cited chapter lists the binomial likelihood but contains no surg dataset, hospital random-effect formula, or row-level trial-count example supporting this claim.	authoritative-audit-explicit-family-recovery	stanblocks_plate	family evidence remains indeterminate	Catalog family metadata is blank; the originally cited generic chapter lists binomial but contains no Surg formula, so that receipt alone was unverifiable; synthetic r is deterministic expected count.			historical-semantics-unresolved	not-probed		not_claimed			route-specific	195fcd448f4afaee7f1d238d80a182debe2a6d24a636cfc0a0977046733eec25	inla	cited-chapter=200; official-surg=200	not-run	inla:surg_binomial	unresolved-family	name_or_key_present	not-run	not-run			The official R-INLA project Surg code exactly states data(Surg), formula r ~ f(hospital,model="iid"), and inla(...,family="binomial",Ntrials=n); historical row prose gives the same family/trials contract.	Hospital Mortality — Binomial IID Overdispersion	r ~ f(hospital, model = 'iid')	not-run	SbPMX origin/main@a8fd3c02e1e2305683a56c91384701bfeba6b528:design/{ASKS.md,SbPMX.jl,mock_runtime.jl},compat/check-semantic-model-pipeline.jl	false		2026-07-28T21:07:08.640235+00:00	surg_binomial	true	Deaths r out of operations n by hospital are binomial counts with hospital-level IID logit variation.	family is not explicit or defensibly inferred	not-probed	The separate official R-INLA Surg example supplies exact model-level explicit evidence and upgrades recovery to strong.	historical-semantics-unresolved	synthetic	kernel/plate substrate control is separately probed	r ~ f(hospital, model = 'iid')	historical BRM source scripts/examples/inla.jl; cited Gitbook chapter https://becarioprecario.bitbucket.io/inla-gitbook/ch-INLA.html; official R-INLA Surg example https://sites.google.com/a/r-inla.org/www/examples/volume-1/code-for-surg-example	binomial	route-specific	337
adapted-but-defensible	requires a faithful stanblocks_plate implementation; no ordinary-formula substitute		mismatch		360	CatalogServer_default_unsubstantiated		gaussian	renderer-default-unsubstantiated; inference happens to agree			partial_semantic_terms:14/15				StanBlocks plate substrate; no authoritative BRM descriptor for this row; experimental semantic_app adapter required	scripts/examples/inla.jl	true			not-run	boston_housing			reachable-data-or-description	false		true	not-run				not-run		not-run	unresolved-family	https://becarioprecario.bitbucket.io/inla-gitbook/ch-spatial.html	@options + option_domain/option_records + semantic_card under semantic_app	cited_project_author_publisher_surface	05c3f465e7987e8d7caa7e214fedddd90415a922	"Use the source boston.form transformations plus f(ID, model=""besag"", graph=W.boston)."	ch-spatial HTML lines 895-904 and 1027-1033	faithful-candidate: INLA latent/group term requires an explicit plate declaration	200	synthetic n=12; positive continuous predictors; integer groups; family-valid outcome	not-run	https://becarioprecario.bitbucket.io/inla-gitbook/ch-spatial.html	The source uses corrected CMEDV2, squares NOX and RM, logs DIS, RAD, and LSTAT, and then adds the Besag effect. The catalog replaces those transformed predictors with mostly raw terms.	inferred-from-name	stanblocks_plate	family evidence remains indeterminate				historical-semantics-unresolved	not-probed		not_claimed			route-specific	709f3842be5848fd9e662ff2751525d86da4f4c287d32844e601557c371ca894	inla		not-run	inla:boston_besag	unresolved-family	name_or_key_present	not-run	not-run				Boston Housing — Gaussian Spatial (ICAR / Besag)	log(medv) ~ crim + zn + indus + chas + nox + rm + age + dis + rad + tax + ptratio + black + lstat + f(id, model = 'besag', graph = W)	not-run	SbPMX origin/main@a8fd3c02e1e2305683a56c91384701bfeba6b528:design/{ASKS.md,SbPMX.jl,mock_runtime.jl},compat/check-semantic-model-pipeline.jl	false		2026-07-28T21:07:08.653672+00:00	boston_besag	true		family is not explicit or defensibly inferred	not-probed		historical-semantics-unresolved	https://vincentarelbundock.github.io/Rdatasets/csv/MASS/Boston.csv	kernel/plate substrate control is separately probed	log(medv) ~ crim + zn + indus + chas + nox + rm + age + dis + rad + tax + ptratio + black + lstat + f(id, model = 'besag', graph = W)		gaussian	route-specific	338
dead-source	multiple components can live in one current declaration/kernel, but this source DSL needs a row-specific semantic rewrite		dead-source		119	CatalogServer_default_unsubstantiated		gaussian	renderer-default-unsubstantiated; inference happens to agree			not_evaluable				no executable descriptor until translation is resolved	scripts/examples/mcmcglmm.jl	true			not-run	plodiaPO			dead-source	false		false	not-run				not-run		not-run	unresolved-family	https://cran.r-project.org/web/packages/MCMCglmm/vignettes/Overview.pdf	@options + option_domain/option_records + semantic_card under semantic_app	cited_project_author_publisher_surface	05c3f465e7987e8d7caa7e214fedddd90415a922	Dead vignette path has a reachable official package manual (HTTP 200 checked 2026-07-28): https://stat.ethz.ch/CRAN/web/packages/MCMCglmm/MCMCglmm.pdf		direct population/likelihood route when the family and terms are supported	404	synthetic n=12; positive continuous predictors; integer groups; family-valid outcome	not-run	https://cran.r-project.org/web/packages/MCMCglmm/vignettes/Overview.pdf	Citation retrieval failed (HTTP 404, curl 0).	inferred-from-name	ordinary_brm	family evidence remains indeterminate				historical-semantics-unresolved	not-probed		not_evaluable			semantic-rewrite	6b008b843616a692e0e3906902fe414ebce338a54b6dad5cd863a5bd2cd03cb2	mcmcglmm		not-run	mcmcglmm:plodia_iid	unresolved-family	not_evaluable	not-run	not-run				Phenoloxidase — Gaussian GLMM with Full-Sib Family Random Effect	fixed: PO ~ 1; random: ~FSfamily	not-run	SbPMX origin/main@a8fd3c02e1e2305683a56c91384701bfeba6b528:design/{ASKS.md,SbPMX.jl,mock_runtime.jl},compat/check-semantic-model-pipeline.jl	false		2026-07-28T21:07:08.667139+00:00	plodia_iid	true		family is not explicit or defensibly inferred	not-probed		already-expressible-via-semantic-rewrite	https://vincentarelbundock.github.io/Rdatasets/csv/MCMCglmm/PlodiaPO.csv		fixed: PO ~ 1; random: ~FSfamily		gaussian	semantic-rewrite	339
dead-source	multiple components can live in one current declaration/kernel, but this source DSL needs a row-specific semantic rewrite		dead-source		137	CatalogServer_default_unsubstantiated		gaussian	renderer-default-unsubstantiated; inference happens to agree			not_evaluable				no executable descriptor until translation is resolved	scripts/examples/mcmcglmm.jl	true			not-run	btdata			dead-source	false		false	not-run				not-run		not-run	unresolved-family	https://jarrodhadfield.github.io/MCMCglmm/course-notes/	@options + option_domain/option_records + semantic_card under semantic_app	cited_surface_not_independently_authenticated	05c3f465e7987e8d7caa7e214fedddd90415a922	Dead GitHub Pages path has a reachable author/package replacement (HTTP 200 checked 2026-07-28): https://jarrodhadfield.r-universe.dev/articles/MCMCglmm/CourseNotes.html		direct population/likelihood route when the family and terms are supported	404	synthetic n=12; positive continuous predictors; integer groups; family-valid outcome	not-run	https://jarrodhadfield.github.io/MCMCglmm/course-notes/	Citation retrieval failed (HTTP 404, curl 0).	inferred-from-name	ordinary_brm	family evidence remains indeterminate				historical-semantics-unresolved	not-probed		not_evaluable			semantic-rewrite	89fc9f0b1c8d8f0783c493d8f9f011910e2daed613774e835fb370c41bcd06e7	mcmcglmm		not-run	mcmcglmm:btdata_iid	unresolved-family	not_evaluable	not-run	not-run				Blue Tit Tarsus — Gaussian GLMM with Foster-Nest Random Intercept	fixed: tarsus ~ sex + hatchdate; random: ~fosternest	not-run	SbPMX origin/main@a8fd3c02e1e2305683a56c91384701bfeba6b528:design/{ASKS.md,SbPMX.jl,mock_runtime.jl},compat/check-semantic-model-pipeline.jl	false		2026-07-28T21:07:09.386943+00:00	btdata_iid	true		family is not explicit or defensibly inferred	not-probed		already-expressible-via-semantic-rewrite	https://vincentarelbundock.github.io/Rdatasets/csv/MCMCglmm/BTdata.csv		fixed: tarsus ~ sex + hatchdate; random: ~fosternest		gaussian	semantic-rewrite	340
dead-source	requires a faithful stanblocks_plate implementation; no ordinary-formula substitute	Upstream package ships BTdata.tab (828 rows) and documentation identifying numeric tarsus plus animal, sex, foster nest, and hatch date.	dead-source	strong	152	CatalogServer_default_unsubstantiated		gaussian	renderer-default-unsubstantiated; inference happens to agree		BRM=05c3f465e7987e8d7caa7e214fedddd90415a922; MCMCglmm=6291bfef475f3d7576ccc808eed82da0b6e0ce56	not_evaluable				StanBlocks plate substrate; no authoritative BRM descriptor for this row; experimental semantic_app adapter required	scripts/examples/mcmcglmm.jl	true	scripts/examples/mcmcglmm.jl:152-166; R/MCMCglmm.R:1; bookdown/8.pedigree.Rmd:50-60; man/BTdata.Rd:1-12; data/BTdata.tab	2026-07-28T22:56:15Z	not-run	btdata			dead-source	false		false	not-run		explicit-family-recovery		not-run		not-run	unresolved-family	https://jarrodhadfield.github.io/MCMCglmm/course-notes/	@options + option_domain/option_records + semantic_card under semantic_app	cited_surface_not_independently_authenticated	05c3f465e7987e8d7caa7e214fedddd90415a922	Dead GitHub Pages path has a reachable author/package replacement (HTTP 200 checked 2026-07-28): https://jarrodhadfield.r-universe.dev/articles/MCMCglmm/CourseNotes.html		faithful-candidate: relationship/cross-response covariance	404	synthetic n=12; positive continuous predictors; integer groups; family-valid outcome	not-run	https://jarrodhadfield.github.io/MCMCglmm/course-notes/	Citation retrieval failed (HTTP 404, curl 0).	authoritative-audit-explicit-family-recovery	stanblocks_plate	family evidence remains indeterminate	Catalog family metadata is blank; both cited course-notes URL and claimed Rdatasets CSV now return 404; current authoritative example is tarsus~sex and omits the catalog-added hatchdate, so formula fidelity is not confirmed.			historical-semantics-unresolved	not-probed		not_evaluable			route-specific	89fc9f0b1c8d8f0783c493d8f9f011910e2daed613774e835fb370c41bcd06e7	mcmcglmm	cited-course-notes=404; claimed-dataset-CSV=404; upstream-git=ok	not-run	mcmcglmm:btdata_animal	unresolved-family	not_evaluable	not-run	not-run			Authoritative MCMCglmm function signature explicitly defaults family="gaussian"; current package bookdown fits tarsus with foster-nest and animal random effects without overriding family.	Blue Tit Tarsus — Animal Model (Additive Genetic Variance)	fixed: tarsus ~ sex + hatchdate; random: ~fosternest + animal	not-run	SbPMX origin/main@a8fd3c02e1e2305683a56c91384701bfeba6b528:design/{ASKS.md,SbPMX.jl,mock_runtime.jl},compat/check-semantic-model-pipeline.jl	false		2026-07-28T21:07:09.386943+00:00	btdata_animal	true	Tarsus length is continuous and the animal/fosternest terms govern covariance, leaving the explicit Gaussian default as observation family.	family is not explicit or defensibly inferred	not-probed	Gaussian is explicit in the function default and active official example; recovery does not validate the added fixed effect or dead receipts.	historical-semantics-unresolved	https://vincentarelbundock.github.io/Rdatasets/csv/MCMCglmm/BTdata.csv	kernel/plate substrate control is separately probed	fixed: tarsus ~ sex + hatchdate; random: ~fosternest + animal	historical BRM source scripts/examples/mcmcglmm.jl; dead cited course-notes URL https://jarrodhadfield.github.io/MCMCglmm/course-notes/; upstream MCMCglmm source/bookdown/data https://github.com/jarrodhadfield/MCMCglmm; claimed Rdatasets CSV	gaussian	route-specific	341
dead-source	multiple components can live in one current declaration/kernel, but this source DSL needs a row-specific semantic rewrite		dead-source		171	CatalogServer_default_unsubstantiated		gaussian	renderer-default-unsubstantiated; inference happens to agree			not_evaluable				no executable descriptor until translation is resolved	scripts/examples/mcmcglmm.jl	true			not-run	chickweight			reachable-data-or-description	false		false	not-run				not-run		not-run	unresolved-family	https://jarrodhadfield.github.io/MCMCglmm/course-notes/	@options + option_domain/option_records + semantic_card under semantic_app	cited_surface_not_independently_authenticated	05c3f465e7987e8d7caa7e214fedddd90415a922	Dead GitHub Pages path has a reachable author/package replacement (HTTP 200 checked 2026-07-28): https://jarrodhadfield.r-universe.dev/articles/MCMCglmm/CourseNotes.html		direct population/likelihood route when the family and terms are supported	404	synthetic n=12; positive continuous predictors; integer groups; family-valid outcome	not-run	https://jarrodhadfield.github.io/MCMCglmm/course-notes/	Citation retrieval failed (HTTP 404, curl 0).	inferred-from-name	ordinary_brm	family evidence remains indeterminate				historical-semantics-unresolved	not-probed		not_evaluable			semantic-rewrite	89fc9f0b1c8d8f0783c493d8f9f011910e2daed613774e835fb370c41bcd06e7	mcmcglmm		not-run	mcmcglmm:chickweight_rslope	unresolved-family	not_evaluable	not-run	not-run				Chick Growth — Random Regression (Unstructured G-matrix)	fixed: weight ~ Time + I(Time^2) + Diet:Time; random: ~us(1 + Time):Chick	not-run	SbPMX origin/main@a8fd3c02e1e2305683a56c91384701bfeba6b528:design/{ASKS.md,SbPMX.jl,mock_runtime.jl},compat/check-semantic-model-pipeline.jl	false		2026-07-28T21:07:09.386943+00:00	chickweight_rslope	true		family is not explicit or defensibly inferred	not-probed		already-expressible-via-semantic-rewrite	https://vincentarelbundock.github.io/Rdatasets/csv/datasets/ChickWeight.csv		fixed: weight ~ Time + I(Time^2) + Diet:Time; random: ~us(1 + Time):Chick		gaussian	semantic-rewrite	342
dead-source	requires a faithful stanblocks_plate implementation; no ordinary-formula substitute		dead-source		192	CatalogServer_default_unsubstantiated		gaussian	renderer-default-contradicts semantic inference			not_evaluable				StanBlocks plate substrate; no authoritative BRM descriptor for this row; experimental semantic_app adapter required	scripts/examples/mcmcglmm.jl	true			not-run	btdata			dead-source	false		false	not-run				not-run		not-run	unresolved-family	https://jarrodhadfield.github.io/MCMCglmm/course-notes/	@options + option_domain/option_records + semantic_card under semantic_app	cited_surface_not_independently_authenticated	05c3f465e7987e8d7caa7e214fedddd90415a922	Dead GitHub Pages path has a reachable author/package replacement (HTTP 200 checked 2026-07-28): https://jarrodhadfield.r-universe.dev/articles/MCMCglmm/CourseNotes.html		faithful-candidate: relationship/cross-response covariance	404	synthetic n=12; positive continuous predictors; integer groups; family-valid outcome	not-run	https://jarrodhadfield.github.io/MCMCglmm/course-notes/	Citation retrieval failed (HTTP 404, curl 0).	inferred-from-response-syntax	stanblocks_plate	family evidence remains indeterminate				historical-semantics-unresolved	not-probed		not_evaluable			route-specific	89fc9f0b1c8d8f0783c493d8f9f011910e2daed613774e835fb370c41bcd06e7	mcmcglmm		not-run	mcmcglmm:btdata_bivariate	unresolved-family	not_evaluable	not-run	not-run				Blue Tit Bivariate — Multivariate Gaussian Animal Model	fixed: cbind(tarsus, back) ~ trait - 1 + trait:sex + trait:hatchdate; random: ~us(trait):fosternest + us(trait):animal; rcov: ~us(trait):units	not-run	SbPMX origin/main@a8fd3c02e1e2305683a56c91384701bfeba6b528:design/{ASKS.md,SbPMX.jl,mock_runtime.jl},compat/check-semantic-model-pipeline.jl	false		2026-07-28T21:07:09.386943+00:00	btdata_bivariate	true		family is not explicit or defensibly inferred	not-probed		historical-semantics-unresolved	https://vincentarelbundock.github.io/Rdatasets/csv/MCMCglmm/BTdata.csv	kernel/plate substrate control is separately probed	fixed: cbind(tarsus, back) ~ trait - 1 + trait:sex + trait:hatchdate; random: ~us(trait):fosternest + us(trait):animal; rcov: ~us(trait):units		binomial	route-specific	343
dead-source	requires a faithful stanblocks_plate implementation; no ordinary-formula substitute		dead-source		212	CatalogServer_default_unsubstantiated		gaussian	renderer-default-contradicts semantic inference			not_evaluable				StanBlocks plate substrate; no authoritative BRM descriptor for this row; experimental semantic_app adapter required	scripts/examples/mcmcglmm.jl	true			not-run	pbcseq			reachable-data-or-description	false		false	not-run				not-run		not-run	unresolved-family	https://jarrodhadfield.github.io/MCMCglmm/course-notes/	@options + option_domain/option_records + semantic_card under semantic_app	cited_surface_not_independently_authenticated	05c3f465e7987e8d7caa7e214fedddd90415a922	Dead GitHub Pages path has a reachable author/package replacement (HTTP 200 checked 2026-07-28): https://jarrodhadfield.r-universe.dev/articles/MCMCglmm/CourseNotes.html		faithful-candidate: relationship/cross-response covariance	404	synthetic n=12; positive continuous predictors; integer groups; family-valid outcome	not-run	https://jarrodhadfield.github.io/MCMCglmm/course-notes/	Citation retrieval failed (HTTP 404, curl 0).	inferred-from-response-syntax	stanblocks_plate	family evidence remains indeterminate				historical-semantics-unresolved	not-probed		not_evaluable			route-specific	89fc9f0b1c8d8f0783c493d8f9f011910e2daed613774e835fb370c41bcd06e7	mcmcglmm		not-run	mcmcglmm:pbcseq_bivariate	unresolved-family	not_evaluable	not-run	not-run				PBC — Bivariate Gaussian + Threshold Joint Model	fixed: cbind(log_bili, ascites) ~ trait - 1 + trait:(age + sex); random: ~us(trait):id; rcov: ~us(trait):units	not-run	SbPMX origin/main@a8fd3c02e1e2305683a56c91384701bfeba6b528:design/{ASKS.md,SbPMX.jl,mock_runtime.jl},compat/check-semantic-model-pipeline.jl	false		2026-07-28T21:07:09.386943+00:00	pbcseq_bivariate	true		family is not explicit or defensibly inferred	not-probed		historical-semantics-unresolved	https://vincentarelbundock.github.io/Rdatasets/csv/survival/pbcseq.csv	kernel/plate substrate control is separately probed	fixed: cbind(log_bili, ascites) ~ trait - 1 + trait:(age + sex); random: ~us(trait):id; rcov: ~us(trait):units		binomial	route-specific	344
dead-source	multiple components can live in one current declaration/kernel, but this source DSL needs a row-specific semantic rewrite		dead-source		234	CatalogServer_default_unsubstantiated		gaussian	renderer-default-contradicts semantic inference			not_evaluable				no executable descriptor until translation is resolved	scripts/examples/mcmcglmm.jl	true			not-run	sshorns			dead-source	false		false	not-run				not-run		not-run	unresolved-family	https://jarrodhadfield.github.io/MCMCglmm/course-notes/	@options + option_domain/option_records + semantic_card under semantic_app	cited_surface_not_independently_authenticated	05c3f465e7987e8d7caa7e214fedddd90415a922	Dead GitHub Pages path has a reachable author/package replacement (HTTP 200 checked 2026-07-28): https://jarrodhadfield.r-universe.dev/articles/MCMCglmm/CourseNotes.html		direct population/likelihood route when the family and terms are supported	404	synthetic n=12; positive continuous predictors; integer groups; family-valid outcome	not-run	https://jarrodhadfield.github.io/MCMCglmm/course-notes/	Citation retrieval failed (HTTP 404, curl 0).	historical-link-unresolved	ordinary_brm	family evidence remains indeterminate				historical-semantics-unresolved	not-probed		not_evaluable			semantic-rewrite	89fc9f0b1c8d8f0783c493d8f9f011910e2daed613774e835fb370c41bcd06e7	mcmcglmm		not-run	mcmcglmm:sshorns_ordinal	unresolved-family	not_evaluable	not-run	not-run				Soay Sheep Horn Type — Ordinal Threshold Model	fixed: horn ~ sex; random: ~id	not-run	SbPMX origin/main@a8fd3c02e1e2305683a56c91384701bfeba6b528:design/{ASKS.md,SbPMX.jl,mock_runtime.jl},compat/check-semantic-model-pipeline.jl	false		2026-07-28T21:07:09.386943+00:00	sshorns_ordinal	true		family is not explicit or defensibly inferred	not-probed		already-expressible-via-semantic-rewrite	https://vincentarelbundock.github.io/Rdatasets/csv/MCMCglmm/SShorns.csv		fixed: horn ~ sex; random: ~id		ordinal_unresolved	semantic-rewrite	345
dead-source	multiple components can live in one current declaration/kernel, but this source DSL needs a row-specific semantic rewrite		dead-source		156	CatalogServer_default_unsubstantiated		gaussian	renderer-default-contradicts semantic inference			not_evaluable				no executable descriptor until translation is resolved	scripts/examples/glmmtmb.jl	true			not-run	owls			dead-source	false		false	not-run				not-run		not-run	unresolved-family	https://cran.r-project.org/web/packages/glmmTMB/vignettes/glmmTMB.html	@options + option_domain/option_records + semantic_card under semantic_app	cited_project_author_publisher_surface	05c3f465e7987e8d7caa7e214fedddd90415a922	Dead CRAN path has a reachable official replacement candidate (HTTP 200 checked 2026-07-28): https://glmmtmb.github.io/glmmTMB/articles/glmmTMB.html		direct population/likelihood route when the family and terms are supported	404	synthetic n=12; positive continuous predictors; integer groups; family-valid outcome	not-run	https://cran.r-project.org/web/packages/glmmTMB/vignettes/glmmTMB.html	Citation retrieval failed (HTTP 404, curl 0).	inferred-from-name	ordinary_brm	family evidence remains indeterminate				historical-semantics-unresolved	not-probed		not_evaluable			semantic-rewrite	6b008b843616a692e0e3906902fe414ebce338a54b6dad5cd863a5bd2cd03cb2	glmmtmb		not-run	glmmtmb:owls_zip	unresolved-family	not_evaluable	not-run	not-run				Barn Owls — Zero-Inflated Poisson GLMM	NCalls ~ (FT + ArrivalTime)*SexParent + offset(log_brood) + (1|Nest); zi: ~1	not-run	SbPMX origin/main@a8fd3c02e1e2305683a56c91384701bfeba6b528:design/{ASKS.md,SbPMX.jl,mock_runtime.jl},compat/check-semantic-model-pipeline.jl	false		2026-07-28T21:07:08.670334+00:00	owls_zip	true		family is not explicit or defensibly inferred	not-probed		already-expressible-via-semantic-rewrite	https://vincentarelbundock.github.io/Rdatasets/csv/glmmTMB/Owls.csv		NCalls ~ (FT + ArrivalTime)*SexParent + offset(log_brood) + (1|Nest); zi: ~1		poisson	semantic-rewrite	346
dead-source	multiple components can live in one current declaration/kernel, but this source DSL needs a row-specific semantic rewrite		dead-source		175	CatalogServer_default_unsubstantiated		gaussian	renderer-default-contradicts semantic inference	a707af21d138b0019810f8dce9d655109dc97ff6		not_evaluable	11031f2d3bbd0c9cad42bed53a4a8dd193ab9d2e			no executable descriptor until translation is resolved	scripts/examples/glmmtmb.jl	true			not-run	owls			dead-source	false	4d8f565b1cf4b347b3d0e93a0b6499c2561dc42d	false	not-run			landed-surface-control-stanc-bridgestan-finite-predict-pointwise	not-run		not-run	unresolved-family	https://cran.r-project.org/web/packages/glmmTMB/vignettes/glmmTMB.html	@options + option_domain/option_records + semantic_card under semantic_app	cited_project_author_publisher_surface	05c3f465e7987e8d7caa7e214fedddd90415a922	Dead CRAN path has a reachable official replacement candidate (HTTP 200 checked 2026-07-28): https://glmmtmb.github.io/glmmTMB/articles/glmmTMB.html		direct population/likelihood route when the family and terms are supported	404	synthetic n=12; positive continuous predictors; integer groups; family-valid outcome	not-run	https://cran.r-project.org/web/packages/glmmTMB/vignettes/glmmTMB.html	Citation retrieval failed (HTTP 404, curl 0).	inferred-from-name	ordinary_brm	family evidence remains indeterminate				historical-semantics-unresolved	not-probed		not_evaluable			semantic-rewrite	6b008b843616a692e0e3906902fe414ebce338a54b6dad5cd863a5bd2cd03cb2	glmmtmb		not-run	glmmtmb:owls_zinb2	unresolved-family	not_evaluable	not-run	not-run	combined synthetic family-surface control only; never inherited as row validation			Barn Owls — Zero-Inflated Negative Binomial (NB2) GLMM	NCalls ~ (FT + ArrivalTime)*SexParent + offset(log_brood) + (1|Nest); zi: ~1	not-run	SbPMX origin/main@a8fd3c02e1e2305683a56c91384701bfeba6b528:design/{ASKS.md,SbPMX.jl,mock_runtime.jl},compat/check-semantic-model-pipeline.jl	true		2026-07-28T21:07:08.670334+00:00	owls_zinb2	true		family is not explicit or defensibly inferred	not-probed		already-expressible-via-semantic-rewrite	https://vincentarelbundock.github.io/Rdatasets/csv/glmmTMB/Owls.csv		NCalls ~ (FT + ArrivalTime)*SexParent + offset(log_brood) + (1|Nest); zi: ~1		negativebinomial	semantic-rewrite	347
dead-source	multiple components can live in one current declaration/kernel, but this source DSL needs a row-specific semantic rewrite		dead-source		194	CatalogServer_default_unsubstantiated		gaussian	renderer-default-contradicts semantic inference	a707af21d138b0019810f8dce9d655109dc97ff6		not_evaluable	11031f2d3bbd0c9cad42bed53a4a8dd193ab9d2e			no executable descriptor until translation is resolved	scripts/examples/glmmtmb.jl	true			not-run	owls			dead-source	false	4d8f565b1cf4b347b3d0e93a0b6499c2561dc42d	false	not-run			landed-surface-control-stanc-bridgestan-finite-predict-pointwise	not-run		not-run	unresolved-family	https://cran.r-project.org/web/packages/glmmTMB/vignettes/glmmTMB.html	@options + option_domain/option_records + semantic_card under semantic_app	cited_project_author_publisher_surface	05c3f465e7987e8d7caa7e214fedddd90415a922	Dead CRAN path has a reachable official replacement candidate (HTTP 200 checked 2026-07-28): https://glmmtmb.github.io/glmmTMB/articles/glmmTMB.html		direct population/likelihood route when the family and terms are supported	404	synthetic n=12; positive continuous predictors; integer groups; family-valid outcome	not-run	https://cran.r-project.org/web/packages/glmmTMB/vignettes/glmmTMB.html	Citation retrieval failed (HTTP 404, curl 0).	inferred-from-name	ordinary_brm	family evidence remains indeterminate				historical-semantics-unresolved	not-probed		not_evaluable			semantic-rewrite	6b008b843616a692e0e3906902fe414ebce338a54b6dad5cd863a5bd2cd03cb2	glmmtmb		not-run	glmmtmb:owls_zinb1	unresolved-family	not_evaluable	not-run	not-run	combined synthetic family-surface control only; never inherited as row validation			Barn Owls — Zero-Inflated Negative Binomial (NB1) GLMM	NCalls ~ (FT + ArrivalTime)*SexParent + BroodSize + (1|Nest); zi: ~1	not-run	SbPMX origin/main@a8fd3c02e1e2305683a56c91384701bfeba6b528:design/{ASKS.md,SbPMX.jl,mock_runtime.jl},compat/check-semantic-model-pipeline.jl	true		2026-07-28T21:07:08.670334+00:00	owls_zinb1	true		family is not explicit or defensibly inferred	not-probed		already-expressible-via-semantic-rewrite	https://vincentarelbundock.github.io/Rdatasets/csv/glmmTMB/Owls.csv		NCalls ~ (FT + ArrivalTime)*SexParent + BroodSize + (1|Nest); zi: ~1		negativebinomial	semantic-rewrite	348
dead-source	multiple components can live in one current declaration/kernel, but this source DSL needs a row-specific semantic rewrite		dead-source		212	CatalogServer_default_unsubstantiated		gaussian	renderer-default-contradicts semantic inference	a707af21d138b0019810f8dce9d655109dc97ff6		not_evaluable	11031f2d3bbd0c9cad42bed53a4a8dd193ab9d2e			no executable descriptor until translation is resolved	scripts/examples/glmmtmb.jl	true			not-run	owls			dead-source	false	4d8f565b1cf4b347b3d0e93a0b6499c2561dc42d	false	not-run			landed-surface-control-stanc-bridgestan-finite-predict-pointwise	not-run		not-run	unresolved-family	https://cran.r-project.org/web/packages/glmmTMB/vignettes/glmmTMB.html	@options + option_domain/option_records + semantic_card under semantic_app	cited_project_author_publisher_surface	05c3f465e7987e8d7caa7e214fedddd90415a922	Dead CRAN path has a reachable official replacement candidate (HTTP 200 checked 2026-07-28): https://glmmtmb.github.io/glmmTMB/articles/glmmTMB.html		direct population/likelihood route when the family and terms are supported	404	synthetic n=12; positive continuous predictors; integer groups; family-valid outcome	not-run	https://cran.r-project.org/web/packages/glmmTMB/vignettes/glmmTMB.html	Citation retrieval failed (HTTP 404, curl 0).	inferred-from-name	ordinary_brm	family evidence remains indeterminate				historical-semantics-unresolved	not-probed		not_evaluable			semantic-rewrite	6b008b843616a692e0e3906902fe414ebce338a54b6dad5cd863a5bd2cd03cb2	glmmtmb		not-run	glmmtmb:owls_hurdle	unresolved-family	not_evaluable	not-run	not-run	combined synthetic family-surface control only; never inherited as row validation			Barn Owls — Hurdle NB1 GLMM	NCalls ~ (FT + ArrivalTime)*SexParent + BroodSize + (1|Nest); zi: ~.	not-run	SbPMX origin/main@a8fd3c02e1e2305683a56c91384701bfeba6b528:design/{ASKS.md,SbPMX.jl,mock_runtime.jl},compat/check-semantic-model-pipeline.jl	true		2026-07-28T21:07:08.670334+00:00	owls_hurdle	true		family is not explicit or defensibly inferred	not-probed		already-expressible-via-semantic-rewrite	https://vincentarelbundock.github.io/Rdatasets/csv/glmmTMB/Owls.csv		NCalls ~ (FT + ArrivalTime)*SexParent + BroodSize + (1|Nest); zi: ~.		negativebinomial	semantic-rewrite	349
dead-source	multiple components can live in one current declaration/kernel, but this source DSL needs a row-specific semantic rewrite		dead-source		233	CatalogServer_default_unsubstantiated		gaussian	renderer-default-contradicts semantic inference	a707af21d138b0019810f8dce9d655109dc97ff6		not_evaluable	11031f2d3bbd0c9cad42bed53a4a8dd193ab9d2e			no executable descriptor until translation is resolved	scripts/examples/glmmtmb.jl	true			not-run	salamanders			dead-source	false	4d8f565b1cf4b347b3d0e93a0b6499c2561dc42d	false	not-run			landed-surface-control-stanc-bridgestan-finite-predict-pointwise	not-run		not-run	unresolved-family	https://cran.r-project.org/web/packages/glmmTMB/vignettes/glmmTMB.html	@options + option_domain/option_records + semantic_card under semantic_app	cited_project_author_publisher_surface	05c3f465e7987e8d7caa7e214fedddd90415a922	Dead CRAN path has a reachable official replacement candidate (HTTP 200 checked 2026-07-28): https://glmmtmb.github.io/glmmTMB/articles/glmmTMB.html		direct population/likelihood route when the family and terms are supported	404	synthetic n=12; positive continuous predictors; integer groups; family-valid outcome	not-run	https://cran.r-project.org/web/packages/glmmTMB/vignettes/glmmTMB.html	Citation retrieval failed (HTTP 404, curl 0).	inferred-from-name	ordinary_brm	family evidence remains indeterminate				historical-semantics-unresolved	not-probed		not_evaluable			semantic-rewrite	6b008b843616a692e0e3906902fe414ebce338a54b6dad5cd863a5bd2cd03cb2	glmmtmb		not-run	glmmtmb:salamanders_zinb2	unresolved-family	not_evaluable	not-run	not-run	combined synthetic family-surface control only; never inherited as row validation			Salamanders — ZI NB2 with Species-Varying Zero-Inflation	count ~ spp + (1|site); zi: ~spp	not-run	SbPMX origin/main@a8fd3c02e1e2305683a56c91384701bfeba6b528:design/{ASKS.md,SbPMX.jl,mock_runtime.jl},compat/check-semantic-model-pipeline.jl	true		2026-07-28T21:07:08.670334+00:00	salamanders_zinb2	true		family is not explicit or defensibly inferred	not-probed		already-expressible-via-semantic-rewrite	https://vincentarelbundock.github.io/Rdatasets/csv/glmmTMB/Salamanders.csv		count ~ spp + (1|site); zi: ~spp		negativebinomial	semantic-rewrite	350
dead-source	multiple components can live in one current declaration/kernel, but this source DSL needs a row-specific semantic rewrite		dead-source		249	CatalogServer_default_unsubstantiated		gaussian	renderer-default-contradicts semantic inference			not_evaluable				no executable descriptor until translation is resolved	scripts/examples/glmmtmb.jl	true			not-run	salamanders			dead-source	false		false	not-run				not-run		not-run	unresolved-family	https://cran.r-project.org/web/packages/glmmTMB/vignettes/glmmTMB.html	@options + option_domain/option_records + semantic_card under semantic_app	cited_project_author_publisher_surface	05c3f465e7987e8d7caa7e214fedddd90415a922	Dead CRAN path has a reachable official replacement candidate (HTTP 200 checked 2026-07-28): https://glmmtmb.github.io/glmmTMB/articles/glmmTMB.html		direct population/likelihood route when the family and terms are supported	404	synthetic n=12; positive continuous predictors; integer groups; family-valid outcome	not-run	https://cran.r-project.org/web/packages/glmmTMB/vignettes/glmmTMB.html	Citation retrieval failed (HTTP 404, curl 0).	inferred-from-name	ordinary_brm	family evidence remains indeterminate				historical-semantics-unresolved	not-probed		not_evaluable			semantic-rewrite	6b008b843616a692e0e3906902fe414ebce338a54b6dad5cd863a5bd2cd03cb2	glmmtmb		not-run	glmmtmb:salamanders_genpois	unresolved-family	not_evaluable	not-run	not-run				Salamanders — Generalised Poisson with ZI	count ~ spp + mined + (1|site); zi: ~spp + mined	not-run	SbPMX origin/main@a8fd3c02e1e2305683a56c91384701bfeba6b528:design/{ASKS.md,SbPMX.jl,mock_runtime.jl},compat/check-semantic-model-pipeline.jl	false		2026-07-28T21:07:08.670334+00:00	salamanders_genpois	true		family is not explicit or defensibly inferred	not-probed		already-expressible-via-semantic-rewrite	https://vincentarelbundock.github.io/Rdatasets/csv/glmmTMB/Salamanders.csv		count ~ spp + mined + (1|site); zi: ~spp + mined		poisson	semantic-rewrite	351
dead-source	multiple components can live in one current declaration/kernel, but this source DSL needs a row-specific semantic rewrite		dead-source		266	CatalogServer_default_unsubstantiated		gaussian	renderer-default-contradicts semantic inference			not_evaluable				no executable descriptor until translation is resolved	scripts/examples/glmmtmb.jl	true			not-run	beta_sim			synthetic-no-external-receipt	false		false	not-run				not-run		not-run	unresolved-family	https://cran.r-project.org/web/packages/glmmTMB/vignettes/glmmTMB.html	@options + option_domain/option_records + semantic_card under semantic_app	cited_project_author_publisher_surface	05c3f465e7987e8d7caa7e214fedddd90415a922	Dead CRAN path has a reachable official replacement candidate (HTTP 200 checked 2026-07-28): https://glmmtmb.github.io/glmmTMB/articles/glmmTMB.html		direct population/likelihood route when the family and terms are supported	404	synthetic n=12; positive continuous predictors; integer groups; family-valid outcome	not-run	https://cran.r-project.org/web/packages/glmmTMB/vignettes/glmmTMB.html	Citation retrieval failed (HTTP 404, curl 0).	inferred-from-name	ordinary_brm	family evidence remains indeterminate				historical-semantics-unresolved	not-probed		not_evaluable			semantic-rewrite	6b008b843616a692e0e3906902fe414ebce338a54b6dad5cd863a5bd2cd03cb2	glmmtmb		not-run	glmmtmb:beta_disp	unresolved-family	not_evaluable	not-run	not-run				Beta Regression — Dispersion as Function of Predictor	y ~ x; disp: ~x	not-run	SbPMX origin/main@a8fd3c02e1e2305683a56c91384701bfeba6b528:design/{ASKS.md,SbPMX.jl,mock_runtime.jl},compat/check-semantic-model-pipeline.jl	false		2026-07-28T21:07:08.670334+00:00	beta_disp	true		family is not explicit or defensibly inferred	not-probed		already-expressible-via-semantic-rewrite	synthetic		y ~ x; disp: ~x		beta	semantic-rewrite	352
confirmed	requires a faithful stanblocks_plate implementation; no ordinary-formula substitute	Historical ar1_sim generates y from multivariate normal with AR1 covariance for 1000 groups x 6 times.	confirmed	strong	284	CatalogServer_default_unsubstantiated		gaussian	renderer-default-unsubstantiated; inference happens to agree		BRM=05c3f465e7987e8d7caa7e214fedddd90415a922; glmmTMB=5cc96b43da1dccadc8b91ef0f6c817ec64049ae3	exact_text_present				StanBlocks plate substrate; no authoritative BRM descriptor for this row; experimental semantic_app adapter required	scripts/examples/glmmtmb.jl	true	scripts/examples/glmmtmb.jl:72-98 and 284-299; glmmTMB/vignettes/covstruct.rmd:140-150; glmmTMB/R/glmmTMB.R:1265-1270	2026-07-28T22:56:15Z	not-run	ar1_sim			synthetic-no-external-receipt	false		false	not-run		explicit-family-recovery		not-run		not-run	unresolved-family	https://cran.r-project.org/web/packages/glmmTMB/vignettes/covstruct.html	@options + option_domain/option_records + semantic_card under semantic_app	cited_project_author_publisher_surface	05c3f465e7987e8d7caa7e214fedddd90415a922		text_offset=2993; matched_terms=group,series,time,times; context_sha256=31f0ecf387054a91	faithful-candidate: structured covariance is not an ordinary IID group effect	200	synthetic n=12; positive continuous predictors; integer groups; family-valid outcome	not-run	https://cran.r-project.org/web/packages/glmmTMB/vignettes/covstruct.html	The retrieved official/primary source contains the normalized claimed formula text.	authoritative-audit-explicit-family-recovery	stanblocks_plate	family evidence remains indeterminate	Catalog family metadata is blank; family is implicit at the call site and would be missed by formula-only recovery.			historical-semantics-unresolved	not-probed		not_claimed			route-specific	8a6b9148e65ec9ea3294dfea8d55899d9ad7bc7acd48a481c25629f826f5aada	glmmtmb	CRAN-vignette=200; upstream-git=ok	not-run	glmmtmb:ar1_covar	unresolved-family	name_or_key_present	not-run	not-run			The exact official call omits family and authoritative glmmTMB() signature explicitly defaults family=gaussian(); historical prose also says Gaussian.	Grouped Time Series — AR(1) Random-Effect Covariance	y ~ ar1(times + 0 | group)	not-run	SbPMX origin/main@a8fd3c02e1e2305683a56c91384701bfeba6b528:design/{ASKS.md,SbPMX.jl,mock_runtime.jl},compat/check-semantic-model-pipeline.jl	false		2026-07-28T21:07:08.667733+00:00	ar1_covar	true	AR1 specifies random-effect covariance across time and does not change the Gaussian conditional response family.	family is not explicit or defensibly inferred	not-probed	Resolve the omitted argument through the explicit authoritative function default, corroborated by the exact Gaussian generator.	historical-semantics-unresolved	synthetic	kernel/plate substrate control is separately probed	y ~ ar1(times + 0 | group)	historical BRM source scripts/examples/glmmtmb.jl; official CRAN covariance vignette https://cran.r-project.org/web/packages/glmmTMB/vignettes/covstruct.html; upstream glmmTMB source/vignette https://github.com/glmmTMB/glmmTMB	gaussian	route-specific	353
confirmed	requires a faithful stanblocks_plate implementation; no ordinary-formula substitute	Historical loader takes fixed elevation values and adds 3*randn Gaussian noise; current vignette likewise adds rnorm(sd=15) to volcano cells.	confirmed	strong	301	CatalogServer_default_unsubstantiated		gaussian	renderer-default-unsubstantiated; inference happens to agree		BRM=05c3f465e7987e8d7caa7e214fedddd90415a922; glmmTMB=5cc96b43da1dccadc8b91ef0f6c817ec64049ae3	exact_text_present				StanBlocks plate substrate; no authoritative BRM descriptor for this row; experimental semantic_app adapter required	scripts/examples/glmmtmb.jl	true	scripts/examples/glmmtmb.jl:124-152 and 301-316; glmmTMB/vignettes/covstruct.rmd:476-499; glmmTMB/R/glmmTMB.R:1265-1270	2026-07-28T22:56:15Z	not-run	volcano_spatial			synthetic-no-external-receipt	false		false	not-run		explicit-family-recovery		not-run		not-run	unresolved-family	https://cran.r-project.org/web/packages/glmmTMB/vignettes/covstruct.html	@options + option_domain/option_records + semantic_card under semantic_app	cited_project_author_publisher_surface	05c3f465e7987e8d7caa7e214fedddd90415a922		text_offset=371; matched_terms=covariance,exponential,pos,spatial; context_sha256=223affbae4d457c0	faithful-candidate: structured covariance is not an ordinary IID group effect	200	synthetic n=12; positive continuous predictors; integer groups; family-valid outcome	not-run	https://cran.r-project.org/web/packages/glmmTMB/vignettes/covstruct.html	The retrieved official/primary source contains the normalized claimed formula text.	authoritative-audit-explicit-family-recovery	stanblocks_plate	family evidence remains indeterminate	Catalog family metadata is blank; formula alone contains no family token, so a parser that ignores defaults would falsely leave it unknown.			historical-semantics-unresolved	not-probed		not_claimed			route-specific	8a6b9148e65ec9ea3294dfea8d55899d9ad7bc7acd48a481c25629f826f5aada	glmmtmb	CRAN-vignette=200; upstream-git=ok	not-run	glmmtmb:volcano_spatial	unresolved-family	name_or_key_present	not-run	not-run			The exact official spatial call omits family and authoritative glmmTMB() explicitly defaults to gaussian(); the vignette writes z_i=mu+u(x_i,y_i)+epsilon_i and historical prose says Gaussian.	Volcanic Topography — Spatial Exponential Covariance	z ~ 1 + exp(pos + 0 | group)	not-run	SbPMX origin/main@a8fd3c02e1e2305683a56c91384701bfeba6b528:design/{ASKS.md,SbPMX.jl,mock_runtime.jl},compat/check-semantic-model-pipeline.jl	false		2026-07-28T21:07:08.667733+00:00	volcano_spatial	true	The exp(pos|group) term controls spatial random-field covariance, not the observation family.	family is not explicit or defensibly inferred	not-probed	The explicit package default, model equation, and matched generator jointly recover Gaussian strongly.	historical-semantics-unresolved	synthetic	kernel/plate substrate control is separately probed	z ~ 1 + exp(pos + 0 | group)	historical BRM source scripts/examples/glmmtmb.jl; official CRAN covariance vignette https://cran.r-project.org/web/packages/glmmTMB/vignettes/covstruct.html; upstream glmmTMB source/vignette https://github.com/glmmTMB/glmmTMB	gaussian	route-specific	354
confirmed	explicit log-link Poisson likelihood; offset(...) becomes ordinary log exposure		confirmed		86	explicit_metadata	a00ee871dfdfb029	poisson	none			exact_text_present		2		authoritative brm_descriptor/brm_execute; experimental SbPMX semantic_app mount adapter	scripts/examples/glm_jl.jl	true			pass	dobson_poisson	log_rate ~ Outcome + Treatment\nCounts ~ Poisson(exp(log_rate))		synthetic-no-external-receipt	false		false	pass				pass	log_rate ~ Outcome + Treatment\nCounts ~ Poisson(exp(log_rate))	pass	ready	https://juliastats.org/GLM.jl/stable/examples/	@options + option_domain/option_records + semantic_card under semantic_app	cited_project_author_publisher_surface	05c3f465e7987e8d7caa7e214fedddd90415a922		text_offset=9226; matched_terms=counts,dobson,outcome,treatment; context_sha256=8df790dfd678bf4b	direct population/likelihood route when the family and terms are supported	200	synthetic n=12; positive continuous predictors; integer groups; family-valid outcome	not-run	https://juliastats.org/GLM.jl/stable/examples/	The retrieved official/primary source contains the normalized claimed formula text.	explicit	ordinary_brm			709	-12.0	already-expressible-verbatim	direct	0483e6b364a89a02c42f55014ae9c9863160c995753424a99e83181438dc6f12	explicit_token_present		a00ee871dfdfb029	ready	d523a82afe66b728d8a585fbebdbf0d1d0aa825933e80eb8b9fd0382b2e00939	glm_jl		pass	glm_jl:dobson_poisson	bridgestan-finite-density-gradient	name_or_key_present	pass	pass		d566911aa868eb55c1ffb053b3945daafe9215cd9f7cb5be8715da7c540de715		Dobson Poisson — Log-Linear GLM	Counts ~ Outcome + Treatment	true	SbPMX origin/main@a8fd3c02e1e2305683a56c91384701bfeba6b528:design/{ASKS.md,SbPMX.jl,mock_runtime.jl},compat/check-semantic-model-pipeline.jl	false	poisson	2026-07-28T21:07:09.463977+00:00	dobson_poisson	true		explicit log-link Poisson likelihood; offset(...) becomes ordinary log exposure	inherited-identical-probe		already-expressible-verbatim	synthetic		Counts ~ Outcome + Treatment		poisson	bridgestan-finite-density-gradient	355
confirmed	native linked predictors and the SBBRMI-only NegativeBinomial2(mu,phi) adapter landed at canonical 11031f2; this exact census uses the non-log neg_binomial_2 path on StanBlocks 329a178, while the formerly broken neg_binomial_2_log trace was subsequently fixed in StanBlocks 144188a		confirmed		106	explicit_metadata	56abfe921f755017	negativebinomial	none	a707af21d138b0019810f8dce9d655109dc97ff6		exact_text_present	11031f2d3bbd0c9cad42bed53a4a8dd193ab9d2e	5		authoritative brm_descriptor/brm_execute; experimental SbPMX semantic_app mount adapter	scripts/examples/glm_jl.jl	true			pass	quine	log(mu) ~ Eth + Sex + Age + Lrn\nlog(phi) ~ 1\nDays ~ NegativeBinomial2(mu, phi)		reachable-data-or-description	false	4d8f565b1cf4b347b3d0e93a0b6499c2561dc42d	false	pass			landed-surface-control-stanc-bridgestan-finite-predict-pointwise	pass	log(mu) ~ Eth + Sex + Age + Lrn\nlog(phi) ~ 1\nDays ~ NegativeBinomial2(mu, phi)	pass	ready	https://juliastats.org/GLM.jl/stable/examples/	@options + option_domain/option_records + semantic_card under semantic_app	cited_project_author_publisher_surface	05c3f465e7987e8d7caa7e214fedddd90415a922		text_offset=2826; matched_terms=age,days,eth,lrn,quine,sex; context_sha256=e26eea7b07a3fcd7	direct population/likelihood route when the family and terms are supported	200	synthetic n=12; positive continuous predictors; integer groups; family-valid outcome	not-run	https://juliastats.org/GLM.jl/stable/examples/	The retrieved official/primary source contains the normalized claimed formula text.	explicit	ordinary_brm			711	-20.79441541679836	already-expressible-via-semantic-rewrite	direct	086445e455a33df3f0fc23a695a4ebe5bb9c5c227ae3ab3badec53d11579d536	explicit_token_present		56abfe921f755017	ready	d523a82afe66b728d8a585fbebdbf0d1d0aa825933e80eb8b9fd0382b2e00939	glm_jl		pass	glm_jl:quine_nb	bridgestan-finite-density-gradient	name_or_key_present	pass	pass	combined synthetic family-surface control only; never inherited as row validation	2022f436a35035810071980925cc6f25b90d987b28728b27baa65929f6339e33		Quine — Negative Binomial GLM	Days ~ Eth + Sex + Age + Lrn	true	SbPMX origin/main@a8fd3c02e1e2305683a56c91384701bfeba6b528:design/{ASKS.md,SbPMX.jl,mock_runtime.jl},compat/check-semantic-model-pipeline.jl	true	negativebinomial	2026-07-28T21:07:09.463977+00:00	quine_nb	true		native linked predictors and the SBBRMI-only NegativeBinomial2(mu,phi) adapter landed at canonical 11031f2; this exact census uses the non-log neg_binomial_2 path on StanBlocks 329a178, while the formerly broken neg_binomial_2_log trace was subsequently fixed in StanBlocks 144188a	inherited-identical-probe		already-expressible-via-semantic-rewrite	https://vincentarelbundock.github.io/Rdatasets/csv/MASS/quine.csv		Days ~ Eth + Sex + Age + Lrn		negativebinomial	bridgestan-finite-density-gradient	356
confirmed	explicit log-link Poisson likelihood; offset(...) becomes ordinary log exposure		confirmed		188	explicit_metadata	9882102699f34ca7	poisson	none			exact_text_present		4		authoritative brm_descriptor/brm_execute; experimental SbPMX semantic_app mount adapter	scripts/examples/glm_jl.jl	true			pass	quine	log_rate ~ Eth + Sex + Age + Lrn\nDays ~ Poisson(exp(log_rate))		reachable-data-or-description	false		false	pass				pass	log_rate ~ Eth + Sex + Age + Lrn\nDays ~ Poisson(exp(log_rate))	pass	ready	https://juliastats.org/GLM.jl/stable/examples/	@options + option_domain/option_records + semantic_card under semantic_app	cited_project_author_publisher_surface	05c3f465e7987e8d7caa7e214fedddd90415a922		text_offset=2826; matched_terms=age,days,eth,lrn,quine,sex; context_sha256=e26eea7b07a3fcd7	direct population/likelihood route when the family and terms are supported	200	synthetic n=12; positive continuous predictors; integer groups; family-valid outcome	not-run	https://juliastats.org/GLM.jl/stable/examples/	The retrieved official/primary source contains the normalized claimed formula text.	explicit	ordinary_brm			713	-12.0	already-expressible-verbatim	direct	086445e455a33df3f0fc23a695a4ebe5bb9c5c227ae3ab3badec53d11579d536	explicit_token_present		9882102699f34ca7	ready	d523a82afe66b728d8a585fbebdbf0d1d0aa825933e80eb8b9fd0382b2e00939	glm_jl		pass	glm_jl:quine_poisson	bridgestan-finite-density-gradient	name_or_key_present	pass	pass		e5e436866661a4ec93c4edd1db82ba3036d62cc1b73d535e4039ae47a13b7adf		Quine — Poisson GLM (vs. Negative Binomial)	Days ~ Eth + Sex + Age + Lrn	true	SbPMX origin/main@a8fd3c02e1e2305683a56c91384701bfeba6b528:design/{ASKS.md,SbPMX.jl,mock_runtime.jl},compat/check-semantic-model-pipeline.jl	false	poisson	2026-07-28T21:07:09.463977+00:00	quine_poisson	true		explicit log-link Poisson likelihood; offset(...) becomes ordinary log exposure	inherited-identical-probe		already-expressible-verbatim	https://vincentarelbundock.github.io/Rdatasets/csv/MASS/quine.csv		Days ~ Eth + Sex + Age + Lrn		poisson	bridgestan-finite-density-gradient	357
unverifiable	explicit Normal likelihood; named log-scale sigma predictor uses native linked-predictor syntax		unverifiable		126	explicit_metadata	e731e0197d671976	gaussian	none			insufficient_terms:0/3		3		authoritative brm_descriptor/brm_execute; experimental SbPMX semantic_app mount adapter	scripts/examples/glm_jl.jl	true			pass	trees	loc ~ Height + Girth\nlog(sigma) ~ 1\nVolume ~ Normal(loc, sigma)		reachable-data-or-description	false		false	pass				pass	loc ~ Height + Girth\nlog(sigma) ~ 1\nVolume ~ Normal(loc, sigma)	pass	ready	https://juliastats.org/GLM.jl/stable/	@options + option_domain/option_records + semantic_card under semantic_app	cited_project_author_publisher_surface	05c3f465e7987e8d7caa7e214fedddd90415a922		text_offset=7; matched_terms=glm; context_sha256=42f93c971c469193	direct population/likelihood route when the family and terms are supported	200	synthetic n=12; positive continuous predictors; integer groups; family-valid outcome	not-run	https://juliastats.org/GLM.jl/stable/	Retrieved source does not expose enough formula-specific evidence to confirm or refute the catalog claim conservatively.	explicit	ordinary_brm			715	-3.8069883206128132	already-expressible-verbatim	direct	64b9b2531fab9dee134ff0367630619eee96681815e6f05db658a457753112cf	not_observed		e731e0197d671976	ready	35b84b6f638f1f33a1e883e060b32634715336773a0594050f511a3c9e1f7e56	glm_jl		pass	glm_jl:trees_lm	bridgestan-finite-density-gradient	name_or_key_present	pass	pass		954fc8535fb8540c62021ab015eafc4034b64696efb14e481a68910b6e5cfe5a		Trees — Gaussian GLM (OLS)	Volume ~ Height + Girth	true	SbPMX origin/main@a8fd3c02e1e2305683a56c91384701bfeba6b528:design/{ASKS.md,SbPMX.jl,mock_runtime.jl},compat/check-semantic-model-pipeline.jl	false	gaussian	2026-07-28T21:07:09.444117+00:00	trees_lm	true		explicit Normal likelihood; named log-scale sigma predictor uses native linked-predictor syntax	inherited-identical-probe		already-expressible-verbatim	https://vincentarelbundock.github.io/Rdatasets/csv/datasets/trees.csv		Volume ~ Height + Girth		gaussian	bridgestan-finite-density-gradient	358
unverifiable	binomial size is absent; refusing to guess Bernoulli versus grouped Binomial		unverifiable		146	explicit_metadata		binomial	none			insufficient_terms:1/6				no executable descriptor until translation is resolved	scripts/examples/glm_jl.jl	true			not-run	pima_tr			reachable-data-or-description	false		false	not-run				not-run		not-run	unsupported	https://juliastats.org/GLM.jl/stable/	@options + option_domain/option_records + semantic_card under semantic_app	cited_project_author_publisher_surface	05c3f465e7987e8d7caa7e214fedddd90415a922		text_offset=1687; matched_terms=regression,type; context_sha256=e6b15a3188779530	direct population/likelihood route when the family and terms are supported	200	synthetic n=12; positive continuous predictors; integer groups; family-valid outcome	not-run	https://juliastats.org/GLM.jl/stable/	Retrieved source does not expose enough formula-specific evidence to confirm or refute the catalog claim conservatively.	explicit	ordinary_brm					historical-semantics-unresolved	not-probed		explicit_token_present			unsupported	35b84b6f638f1f33a1e883e060b32634715336773a0594050f511a3c9e1f7e56	glm_jl		not-run	glm_jl:pima_logistic	unsupported	name_or_key_present	not-run	not-run				Pima Diabetes — Logistic Regression	type ~ npreg + glu + bp + bmi + ped + age	not-run	SbPMX origin/main@a8fd3c02e1e2305683a56c91384701bfeba6b528:design/{ASKS.md,SbPMX.jl,mock_runtime.jl},compat/check-semantic-model-pipeline.jl	false	binomial	2026-07-28T21:07:09.444117+00:00	pima_logistic	true		binomial size is absent; refusing to guess Bernoulli versus grouped Binomial	not-probed		historical-semantics-unresolved	https://vincentarelbundock.github.io/Rdatasets/csv/MASS/Pima.tr.csv		type ~ npreg + glu + bp + bmi + ped + age		binomial	unsupported	359
unverifiable	explicit Normal likelihood; named log-scale sigma predictor uses native linked-predictor syntax		unverifiable		168	explicit_metadata	fa4d82f86fb6f5fe	gaussian	none			insufficient_terms:0/4		5		authoritative brm_descriptor/brm_execute; experimental SbPMX semantic_app mount adapter	scripts/examples/glm_jl.jl	true			pass	lifecycle_savings	loc ~ Pop15 + Pop75 + DPI + DDPI\nlog(sigma) ~ 1\nSR ~ Normal(loc, sigma)		reachable-data-or-description	false		false	pass				pass	loc ~ Pop15 + Pop75 + DPI + DDPI\nlog(sigma) ~ 1\nSR ~ Normal(loc, sigma)	pass	ready	https://juliastats.org/GLM.jl/stable/	@options + option_domain/option_records + semantic_card under semantic_app	cited_project_author_publisher_surface	05c3f465e7987e8d7caa7e214fedddd90415a922		text_offset=249; matched_terms=linear; context_sha256=3e356054f539c110	direct population/likelihood route when the family and terms are supported	200	synthetic n=12; positive continuous predictors; integer groups; family-valid outcome	not-run	https://juliastats.org/GLM.jl/stable/	Retrieved source does not expose enough formula-specific evidence to confirm or refute the catalog claim conservatively.	explicit	ordinary_brm			719	-5.690109601815348	already-expressible-verbatim	direct	40009ed228ce07e0071b0f76ad3c4d7e3a3efbd6ebf190129968114592894360	not_observed		fa4d82f86fb6f5fe	ready	35b84b6f638f1f33a1e883e060b32634715336773a0594050f511a3c9e1f7e56	glm_jl		pass	glm_jl:savings_ols	bridgestan-finite-density-gradient	name_or_key_present	pass	pass		6655827d730104e43e54cb75c5f014f66709872d0d219d580fced92cb3813ddf		Life-Cycle Savings — Multiple Linear Regression	SR ~ Pop15 + Pop75 + DPI + DDPI	true	SbPMX origin/main@a8fd3c02e1e2305683a56c91384701bfeba6b528:design/{ASKS.md,SbPMX.jl,mock_runtime.jl},compat/check-semantic-model-pipeline.jl	false	gaussian	2026-07-28T21:07:09.444117+00:00	savings_ols	true		explicit Normal likelihood; named log-scale sigma predictor uses native linked-predictor syntax	inherited-identical-probe		already-expressible-verbatim	https://vincentarelbundock.github.io/Rdatasets/csv/datasets/LifeCycleSavings.csv		SR ~ Pop15 + Pop75 + DPI + DDPI		gaussian	bridgestan-finite-density-gradient	360
