key	deployed	family_text_claim	dataset_source_claim	row_source_claim	hidden_claim	historical_sha	source_line	example_claim	source	source_path	formula_claim	formula_match	name_claim	formula_return	family_claim_provenance	row_index	verified_claim	family_claim	dataset_claim	variant	family_selected	family_selected_provenance	semantic_route	route_note	translation_status	current_brm_body	translation_note	data_columns	group_columns	data_shape_assumptions
escs	true	gaussian	https://ndownloader.figshare.com/files/28870722	https://bambinos.github.io/bambi/notebooks/ESCS_multiple_regression.html	false	05c3f465e7987e8d7caa7e214fedddd90415a922	17	escs	bambi	scripts/examples/bambi.jl	drugs ~ o + c + e + a + n	true	Multiple Linear Regression	drugs ~ o + c + e + a + n	inferred-from-description	1	true		escs	exact-metadata		unresolved	ordinary_brm	direct population/likelihood route when the family and terms are supported	unresolved-family		family is not explicit or defensibly inferred	drugs,o,c,e,a,n		synthetic n=12; positive continuous predictors; integer groups; family-valid outcome
escs	true	gaussian	https://ndownloader.figshare.com/files/28870722	https://bambinos.github.io/bambi/notebooks/ESCS_multiple_regression.html	false	05c3f465e7987e8d7caa7e214fedddd90415a922	17	escs	bambi	scripts/examples/bambi.jl	drugs ~ o + c + e + a + n	true	Multiple Linear Regression	drugs ~ o + c + e + a + n	inferred-from-description	1	true		escs	inferred-family	gaussian	inferred-from-description	ordinary_brm	direct population/likelihood route when the family and terms are supported	ready	loc ~ o + c + e + a + n\nlog(sigma) ~ 1\ndrugs ~ Normal(loc, sigma)	explicit Normal likelihood; residual scale estimated on log scale	drugs,o,c,e,a,n		synthetic n=12; positive continuous predictors; integer groups; family-valid outcome
cherry_blossoms_explicit	true	gaussian	https://ndownloader.figshare.com/files/31072807	https://bambinos.github.io/bambi/notebooks/splines_cherry_blossoms.html	false	05c3f465e7987e8d7caa7e214fedddd90415a922	46	cherry_blossoms	bambi	scripts/examples/bambi.jl	doy ~ bs(year, knots=iknots, intercept=True)	true	Regression Splines — Explicit Intercept	doy ~ bs(year, knots=iknots, intercept=True)	inferred-from-description	2	false		cherry_blossoms	exact-metadata		unresolved	ordinary_brm	direct population/likelihood route when the family and terms are supported	unresolved-family		family is not explicit or defensibly inferred	doy,year,iknots,True		synthetic n=12; positive continuous predictors; integer groups; family-valid outcome
cherry_blossoms_explicit	true	gaussian	https://ndownloader.figshare.com/files/31072807	https://bambinos.github.io/bambi/notebooks/splines_cherry_blossoms.html	false	05c3f465e7987e8d7caa7e214fedddd90415a922	46	cherry_blossoms	bambi	scripts/examples/bambi.jl	doy ~ bs(year, knots=iknots, intercept=True)	true	Regression Splines — Explicit Intercept	doy ~ bs(year, knots=iknots, intercept=True)	inferred-from-description	2	false		cherry_blossoms	inferred-family	gaussian	inferred-from-description	ordinary_brm	direct population/likelihood route when the family and terms are supported	unsupported		bs(...) arguments do not map mechanically to current s(...) semantics	doy,year,iknots,True		synthetic n=12; positive continuous predictors; integer groups; family-valid outcome
cherry_blossoms_absorbed	true	gaussian	https://ndownloader.figshare.com/files/31072807	https://bambinos.github.io/bambi/notebooks/splines_cherry_blossoms.html	false	05c3f465e7987e8d7caa7e214fedddd90415a922	63	cherry_blossoms	bambi	scripts/examples/bambi.jl	doy ~ bs(year, knots=iknots)	true	Regression Splines — Absorbed Intercept	doy ~ bs(year, knots=iknots)	inferred-from-description	3	false		cherry_blossoms	exact-metadata		unresolved	ordinary_brm	direct population/likelihood route when the family and terms are supported	unresolved-family		family is not explicit or defensibly inferred	doy,year,iknots		synthetic n=12; positive continuous predictors; integer groups; family-valid outcome
cherry_blossoms_absorbed	true	gaussian	https://ndownloader.figshare.com/files/31072807	https://bambinos.github.io/bambi/notebooks/splines_cherry_blossoms.html	false	05c3f465e7987e8d7caa7e214fedddd90415a922	63	cherry_blossoms	bambi	scripts/examples/bambi.jl	doy ~ bs(year, knots=iknots)	true	Regression Splines — Absorbed Intercept	doy ~ bs(year, knots=iknots)	inferred-from-description	3	false		cherry_blossoms	inferred-family	gaussian	inferred-from-description	ordinary_brm	direct population/likelihood route when the family and terms are supported	unsupported		bs(...) arguments do not map mechanically to current s(...) semantics	doy,year,iknots		synthetic n=12; positive continuous predictors; integer groups; family-valid outcome
dietox	true	gaussian	https://vincentarelbundock.github.io/Rdatasets/csv/geepack/dietox.csv	https://bambinos.github.io/bambi/notebooks/multi-level_regression.html	false	05c3f465e7987e8d7caa7e214fedddd90415a922	92	dietox	bambi	scripts/examples/bambi.jl	Weight ~ Time + (Time|Pig)	true	Hierarchical Linear Regression — Pig Growth	Weight ~ Time + (Time|Pig)	inferred-from-description	4	false		dietox	exact-metadata		unresolved	ordinary_brm	direct population/likelihood route when the family and terms are supported	unresolved-family		family is not explicit or defensibly inferred	Weight,Time,Pig	Pig	synthetic n=12; positive continuous predictors; integer groups; family-valid outcome
dietox	true	gaussian	https://vincentarelbundock.github.io/Rdatasets/csv/geepack/dietox.csv	https://bambinos.github.io/bambi/notebooks/multi-level_regression.html	false	05c3f465e7987e8d7caa7e214fedddd90415a922	92	dietox	bambi	scripts/examples/bambi.jl	Weight ~ Time + (Time|Pig)	true	Hierarchical Linear Regression — Pig Growth	Weight ~ Time + (Time|Pig)	inferred-from-description	4	false		dietox	inferred-family	gaussian	inferred-from-description	ordinary_brm	direct population/likelihood route when the family and terms are supported	ready	loc ~ Time + (Time|Pig)\nlog(sigma) ~ 1\nWeight ~ Normal(loc, sigma)	explicit Normal likelihood; residual scale estimated on log scale	Weight,Time,Pig	Pig	synthetic n=12; positive continuous predictors; integer groups; family-valid outcome
sleepstudy	true	gaussian	https://ndownloader.figshare.com/files/31181002	https://bambinos.github.io/bambi/notebooks/sleepstudy.html	false	05c3f465e7987e8d7caa7e214fedddd90415a922	121	sleepstudy	bambi	scripts/examples/bambi.jl	Reaction ~ 1 + Days + (Days | Subject)	true	Hierarchical Linear Regression — Sleep Deprivation	Reaction ~ 1 + Days + (Days | Subject)	inferred-from-description	5	false		sleepstudy	exact-metadata		unresolved	ordinary_brm	direct population/likelihood route when the family and terms are supported	unresolved-family		family is not explicit or defensibly inferred	Reaction,Days,Subject	Subject	synthetic n=12; positive continuous predictors; integer groups; family-valid outcome
sleepstudy	true	gaussian	https://ndownloader.figshare.com/files/31181002	https://bambinos.github.io/bambi/notebooks/sleepstudy.html	false	05c3f465e7987e8d7caa7e214fedddd90415a922	121	sleepstudy	bambi	scripts/examples/bambi.jl	Reaction ~ 1 + Days + (Days | Subject)	true	Hierarchical Linear Regression — Sleep Deprivation	Reaction ~ 1 + Days + (Days | Subject)	inferred-from-description	5	false		sleepstudy	inferred-family	gaussian	inferred-from-description	ordinary_brm	direct population/likelihood route when the family and terms are supported	ready	loc ~ 1 + Days + (Days | Subject)\nlog(sigma) ~ 1\nReaction ~ Normal(loc, sigma)	explicit Normal likelihood; residual scale estimated on log scale	Reaction,Days,Subject	Subject	synthetic n=12; positive continuous predictors; integer groups; family-valid outcome
radon_pooled	true	gaussian	https://raw.githubusercontent.com/pymc-devs/pymc-examples/main/examples/data/srrs2.dat	https://bambinos.github.io/bambi/notebooks/radon_example.html	false	05c3f465e7987e8d7caa7e214fedddd90415a922	162	radon	bambi	scripts/examples/bambi.jl	log_radon ~ 0 + floor	true	Radon — Complete Pooling	log_radon ~ 0 + floor	inferred-from-description	6	false		radon	exact-metadata		unresolved	ordinary_brm	direct population/likelihood route when the family and terms are supported	unresolved-family		family is not explicit or defensibly inferred	log_radon,floor		synthetic n=12; positive continuous predictors; integer groups; family-valid outcome
radon_pooled	true	gaussian	https://raw.githubusercontent.com/pymc-devs/pymc-examples/main/examples/data/srrs2.dat	https://bambinos.github.io/bambi/notebooks/radon_example.html	false	05c3f465e7987e8d7caa7e214fedddd90415a922	162	radon	bambi	scripts/examples/bambi.jl	log_radon ~ 0 + floor	true	Radon — Complete Pooling	log_radon ~ 0 + floor	inferred-from-description	6	false		radon	inferred-family	gaussian	inferred-from-description	ordinary_brm	direct population/likelihood route when the family and terms are supported	ready	loc ~ 0 + floor\nlog(sigma) ~ 1\nlog_radon ~ Normal(loc, sigma)	explicit Normal likelihood; residual scale estimated on log scale	log_radon,floor		synthetic n=12; positive continuous predictors; integer groups; family-valid outcome
radon_nopooling	true	gaussian	https://raw.githubusercontent.com/pymc-devs/pymc-examples/main/examples/data/srrs2.dat	https://bambinos.github.io/bambi/notebooks/radon_example.html	false	05c3f465e7987e8d7caa7e214fedddd90415a922	178	radon	bambi	scripts/examples/bambi.jl	log_radon ~ 0 + county:floor	true	Radon — No Pooling	log_radon ~ 0 + county:floor	inferred-from-description	7	false		radon	exact-metadata		unresolved	ordinary_brm	direct population/likelihood route when the family and terms are supported	unresolved-family		family is not explicit or defensibly inferred	log_radon,county,floor		synthetic n=12; positive continuous predictors; integer groups; family-valid outcome
radon_nopooling	true	gaussian	https://raw.githubusercontent.com/pymc-devs/pymc-examples/main/examples/data/srrs2.dat	https://bambinos.github.io/bambi/notebooks/radon_example.html	false	05c3f465e7987e8d7caa7e214fedddd90415a922	178	radon	bambi	scripts/examples/bambi.jl	log_radon ~ 0 + county:floor	true	Radon — No Pooling	log_radon ~ 0 + county:floor	inferred-from-description	7	false		radon	inferred-family	gaussian	inferred-from-description	ordinary_brm	direct population/likelihood route when the family and terms are supported	ready	loc ~ 0 + county & floor\nlog(sigma) ~ 1\nlog_radon ~ Normal(loc, sigma)	explicit Normal likelihood; residual scale estimated on log scale	log_radon,county,floor		synthetic n=12; positive continuous predictors; integer groups; family-valid outcome
radon_partial	true	gaussian	https://raw.githubusercontent.com/pymc-devs/pymc-examples/main/examples/data/srrs2.dat	https://bambinos.github.io/bambi/notebooks/radon_example.html	false	05c3f465e7987e8d7caa7e214fedddd90415a922	194	radon	bambi	scripts/examples/bambi.jl	log_radon ~ 1 + (1|county)	true	Radon — Partial Pooling (Intercept Only)	log_radon ~ 1 + (1|county)	inferred-from-description	8	false		radon	exact-metadata		unresolved	ordinary_brm	direct population/likelihood route when the family and terms are supported	unresolved-family		family is not explicit or defensibly inferred	log_radon,county	county	synthetic n=12; positive continuous predictors; integer groups; family-valid outcome
radon_partial	true	gaussian	https://raw.githubusercontent.com/pymc-devs/pymc-examples/main/examples/data/srrs2.dat	https://bambinos.github.io/bambi/notebooks/radon_example.html	false	05c3f465e7987e8d7caa7e214fedddd90415a922	194	radon	bambi	scripts/examples/bambi.jl	log_radon ~ 1 + (1|county)	true	Radon — Partial Pooling (Intercept Only)	log_radon ~ 1 + (1|county)	inferred-from-description	8	false		radon	inferred-family	gaussian	inferred-from-description	ordinary_brm	direct population/likelihood route when the family and terms are supported	ready	loc ~ 1 + (1|county)\nlog(sigma) ~ 1\nlog_radon ~ Normal(loc, sigma)	explicit Normal likelihood; residual scale estimated on log scale	log_radon,county	county	synthetic n=12; positive continuous predictors; integer groups; family-valid outcome
radon_floor	true	gaussian	https://raw.githubusercontent.com/pymc-devs/pymc-examples/main/examples/data/srrs2.dat	https://bambinos.github.io/bambi/notebooks/radon_example.html	false	05c3f465e7987e8d7caa7e214fedddd90415a922	209	radon	bambi	scripts/examples/bambi.jl	log_radon ~ 1 + floor + (1|county)	true	Radon — Partial Pooling with Floor	log_radon ~ 1 + floor + (1|county)	inferred-from-description	9	false		radon	exact-metadata		unresolved	ordinary_brm	direct population/likelihood route when the family and terms are supported	unresolved-family		family is not explicit or defensibly inferred	log_radon,floor,county	county	synthetic n=12; positive continuous predictors; integer groups; family-valid outcome
radon_floor	true	gaussian	https://raw.githubusercontent.com/pymc-devs/pymc-examples/main/examples/data/srrs2.dat	https://bambinos.github.io/bambi/notebooks/radon_example.html	false	05c3f465e7987e8d7caa7e214fedddd90415a922	209	radon	bambi	scripts/examples/bambi.jl	log_radon ~ 1 + floor + (1|county)	true	Radon — Partial Pooling with Floor	log_radon ~ 1 + floor + (1|county)	inferred-from-description	9	false		radon	inferred-family	gaussian	inferred-from-description	ordinary_brm	direct population/likelihood route when the family and terms are supported	ready	loc ~ 1 + floor + (1|county)\nlog(sigma) ~ 1\nlog_radon ~ Normal(loc, sigma)	explicit Normal likelihood; residual scale estimated on log scale	log_radon,floor,county	county	synthetic n=12; positive continuous predictors; integer groups; family-valid outcome
radon_slopes	true	gaussian	https://raw.githubusercontent.com/pymc-devs/pymc-examples/main/examples/data/srrs2.dat	https://bambinos.github.io/bambi/notebooks/radon_example.html	false	05c3f465e7987e8d7caa7e214fedddd90415a922	224	radon	bambi	scripts/examples/bambi.jl	log_radon ~ floor + (floor|county)	true	Radon — Varying Slopes	log_radon ~ floor + (floor|county)	inferred-from-description	10	false		radon	exact-metadata		unresolved	ordinary_brm	direct population/likelihood route when the family and terms are supported	unresolved-family		family is not explicit or defensibly inferred	log_radon,floor,county	county	synthetic n=12; positive continuous predictors; integer groups; family-valid outcome
radon_slopes	true	gaussian	https://raw.githubusercontent.com/pymc-devs/pymc-examples/main/examples/data/srrs2.dat	https://bambinos.github.io/bambi/notebooks/radon_example.html	false	05c3f465e7987e8d7caa7e214fedddd90415a922	224	radon	bambi	scripts/examples/bambi.jl	log_radon ~ floor + (floor|county)	true	Radon — Varying Slopes	log_radon ~ floor + (floor|county)	inferred-from-description	10	false		radon	inferred-family	gaussian	inferred-from-description	ordinary_brm	direct population/likelihood route when the family and terms are supported	ready	loc ~ floor + (floor|county)\nlog(sigma) ~ 1\nlog_radon ~ Normal(loc, sigma)	explicit Normal likelihood; residual scale estimated on log scale	log_radon,floor,county	county	synthetic n=12; positive continuous predictors; integer groups; family-valid outcome
radon_county_pred	true	gaussian	https://raw.githubusercontent.com/pymc-devs/pymc-examples/main/examples/data/srrs2.dat	https://bambinos.github.io/bambi/notebooks/radon_example.html	false	05c3f465e7987e8d7caa7e214fedddd90415a922	239	radon	bambi	scripts/examples/bambi.jl	log_radon ~ floor + log_u + (1|county)	true	Radon — County-Level Uranium Predictor	log_radon ~ floor + log_u + (1|county)	inferred-from-description	11	false		radon	exact-metadata		unresolved	ordinary_brm	direct population/likelihood route when the family and terms are supported	unresolved-family		family is not explicit or defensibly inferred	log_radon,floor,log_u,county	county	synthetic n=12; positive continuous predictors; integer groups; family-valid outcome
radon_county_pred	true	gaussian	https://raw.githubusercontent.com/pymc-devs/pymc-examples/main/examples/data/srrs2.dat	https://bambinos.github.io/bambi/notebooks/radon_example.html	false	05c3f465e7987e8d7caa7e214fedddd90415a922	239	radon	bambi	scripts/examples/bambi.jl	log_radon ~ floor + log_u + (1|county)	true	Radon — County-Level Uranium Predictor	log_radon ~ floor + log_u + (1|county)	inferred-from-description	11	false		radon	inferred-family	gaussian	inferred-from-description	ordinary_brm	direct population/likelihood route when the family and terms are supported	ready	loc ~ floor + log_u + (1|county)\nlog(sigma) ~ 1\nlog_radon ~ Normal(loc, sigma)	explicit Normal likelihood; residual scale estimated on log scale	log_radon,floor,log_u,county	county	synthetic n=12; positive continuous predictors; integer groups; family-valid outcome
strack_rrr_simple	true	gaussian	https://github.com/bambinos/bambi	https://bambinos.github.io/bambi/notebooks/Strack_RRR_re_analysis.html	false	05c3f465e7987e8d7caa7e214fedddd90415a922	272	strack_rrr	bambi	scripts/examples/bambi.jl	value ~ condition + (1|uid)	true	Strack RRR — Simple Random Effects	value ~ condition + (1|uid)	inferred-from-description	12	false		strack_rrr	exact-metadata		unresolved	ordinary_brm	direct population/likelihood route when the family and terms are supported	unresolved-family		family is not explicit or defensibly inferred	value,condition,uid	uid	synthetic n=12; positive continuous predictors; integer groups; family-valid outcome
strack_rrr_simple	true	gaussian	https://github.com/bambinos/bambi	https://bambinos.github.io/bambi/notebooks/Strack_RRR_re_analysis.html	false	05c3f465e7987e8d7caa7e214fedddd90415a922	272	strack_rrr	bambi	scripts/examples/bambi.jl	value ~ condition + (1|uid)	true	Strack RRR — Simple Random Effects	value ~ condition + (1|uid)	inferred-from-description	12	false		strack_rrr	inferred-family	gaussian	inferred-from-description	ordinary_brm	direct population/likelihood route when the family and terms are supported	ready	loc ~ condition + (1|uid)\nlog(sigma) ~ 1\nvalue ~ Normal(loc, sigma)	explicit Normal likelihood; residual scale estimated on log scale	value,condition,uid	uid	synthetic n=12; positive continuous predictors; integer groups; family-valid outcome
strack_rrr_full	true	gaussian	https://github.com/bambinos/bambi	https://bambinos.github.io/bambi/notebooks/Strack_RRR_re_analysis.html	false	05c3f465e7987e8d7caa7e214fedddd90415a922	288	strack_rrr	bambi	scripts/examples/bambi.jl	value ~ condition + age + gender + (1|uid) + (condition|study) + (condition|stimulus)	true	Strack RRR — Full Crossed Random Effects	value ~ condition + age + gender + (1|uid) + (condition|study) + (condition|stimulus)	inferred-from-description	13	false		strack_rrr	exact-metadata		unresolved	ordinary_brm	direct population/likelihood route when the family and terms are supported	unresolved-family		family is not explicit or defensibly inferred	value,condition,age,gender,uid,study,stimulus	uid,study,stimulus	synthetic n=12; positive continuous predictors; integer groups; family-valid outcome
strack_rrr_full	true	gaussian	https://github.com/bambinos/bambi	https://bambinos.github.io/bambi/notebooks/Strack_RRR_re_analysis.html	false	05c3f465e7987e8d7caa7e214fedddd90415a922	288	strack_rrr	bambi	scripts/examples/bambi.jl	value ~ condition + age + gender + (1|uid) + (condition|study) + (condition|stimulus)	true	Strack RRR — Full Crossed Random Effects	value ~ condition + age + gender + (1|uid) + (condition|study) + (condition|stimulus)	inferred-from-description	13	false		strack_rrr	inferred-family	gaussian	inferred-from-description	ordinary_brm	direct population/likelihood route when the family and terms are supported	ready	loc ~ condition + age + gender + (1|uid) + (condition|study) + (condition|stimulus)\nlog(sigma) ~ 1\nvalue ~ Normal(loc, sigma)	explicit Normal likelihood; residual scale estimated on log scale	value,condition,age,gender,uid,study,stimulus	uid,study,stimulus	synthetic n=12; positive continuous predictors; integer groups; family-valid outcome
shooter_rate_simple	true	gaussian	https://raw.githubusercontent.com/bambinos/bambi/main/docs/notebooks/data/shooter.csv	https://bambinos.github.io/bambi/notebooks/shooter_crossed_random_ANOVA.html	false	05c3f465e7987e8d7caa7e214fedddd90415a922	321	shooter	bambi	scripts/examples/bambi.jl	rate ~ S(race) * S(object) + (S(race) * S(object) | subject)	true	Shooter Task — Rate (No Target Effect)	rate ~ S(race) * S(object) + (S(race) * S(object) | subject)	inferred-from-description	14	false		shooter	exact-metadata		unresolved	ordinary_brm	direct population/likelihood route when the family and terms are supported	unresolved-family		family is not explicit or defensibly inferred	rate,race,object,subject	subject	synthetic n=12; positive continuous predictors; integer groups; family-valid outcome
shooter_rate_simple	true	gaussian	https://raw.githubusercontent.com/bambinos/bambi/main/docs/notebooks/data/shooter.csv	https://bambinos.github.io/bambi/notebooks/shooter_crossed_random_ANOVA.html	false	05c3f465e7987e8d7caa7e214fedddd90415a922	321	shooter	bambi	scripts/examples/bambi.jl	rate ~ S(race) * S(object) + (S(race) * S(object) | subject)	true	Shooter Task — Rate (No Target Effect)	rate ~ S(race) * S(object) + (S(race) * S(object) | subject)	inferred-from-description	14	false		shooter	inferred-family	gaussian	inferred-from-description	ordinary_brm	direct population/likelihood route when the family and terms are supported	unsupported		three-way/chained `*` expansion cannot be represented by current binary raw-column `&`	rate,race,object,subject	subject	synthetic n=12; positive continuous predictors; integer groups; family-valid outcome
shooter_rate_target	true	gaussian	https://raw.githubusercontent.com/bambinos/bambi/main/docs/notebooks/data/shooter.csv	https://bambinos.github.io/bambi/notebooks/shooter_crossed_random_ANOVA.html	false	05c3f465e7987e8d7caa7e214fedddd90415a922	337	shooter	bambi	scripts/examples/bambi.jl	rate ~ S(race) * S(object) + (S(race) * S(object) | subject) + (S(object) | target)	true	Shooter Task — Rate (With Target Effect)	rate ~ S(race) * S(object) + (S(race) * S(object) | subject) + (S(object) | target)	inferred-from-description	15	false		shooter	exact-metadata		unresolved	ordinary_brm	direct population/likelihood route when the family and terms are supported	unresolved-family		family is not explicit or defensibly inferred	rate,race,object,subject,target	subject,target	synthetic n=12; positive continuous predictors; integer groups; family-valid outcome
shooter_rate_target	true	gaussian	https://raw.githubusercontent.com/bambinos/bambi/main/docs/notebooks/data/shooter.csv	https://bambinos.github.io/bambi/notebooks/shooter_crossed_random_ANOVA.html	false	05c3f465e7987e8d7caa7e214fedddd90415a922	337	shooter	bambi	scripts/examples/bambi.jl	rate ~ S(race) * S(object) + (S(race) * S(object) | subject) + (S(object) | target)	true	Shooter Task — Rate (With Target Effect)	rate ~ S(race) * S(object) + (S(race) * S(object) | subject) + (S(object) | target)	inferred-from-description	15	false		shooter	inferred-family	gaussian	inferred-from-description	ordinary_brm	direct population/likelihood route when the family and terms are supported	unsupported		three-way/chained `*` expansion cannot be represented by current binary raw-column `&`	rate,race,object,subject,target	subject,target	synthetic n=12; positive continuous predictors; integer groups; family-valid outcome
shooter_binary	true	bernoulli	https://raw.githubusercontent.com/bambinos/bambi/main/docs/notebooks/data/shooter.csv	https://bambinos.github.io/bambi/notebooks/shooter_crossed_random_ANOVA.html	false	05c3f465e7987e8d7caa7e214fedddd90415a922	353	shooter	bambi	scripts/examples/bambi.jl	shoot_or_not[shoot] ~ S(race)*S(object) + (S(race)*S(object) | subject) + (S(object) | target)	true	Shooter Task — Binary Shoot Decision	shoot_or_not[shoot] ~ S(race)*S(object) + (S(race)*S(object) | subject) + (S(object) | target)	inferred-from-description	16	false		shooter	exact-metadata		unresolved	ordinary_brm	direct population/likelihood route when the family and terms are supported	unresolved-family		family is not explicit or defensibly inferred	shoot_or_not,shoot,race,object,subject,target	subject,target	synthetic n=12; positive continuous predictors; integer groups; family-valid outcome
shooter_binary	true	bernoulli	https://raw.githubusercontent.com/bambinos/bambi/main/docs/notebooks/data/shooter.csv	https://bambinos.github.io/bambi/notebooks/shooter_crossed_random_ANOVA.html	false	05c3f465e7987e8d7caa7e214fedddd90415a922	353	shooter	bambi	scripts/examples/bambi.jl	shoot_or_not[shoot] ~ S(race)*S(object) + (S(race)*S(object) | subject) + (S(object) | target)	true	Shooter Task — Binary Shoot Decision	shoot_or_not[shoot] ~ S(race)*S(object) + (S(race)*S(object) | subject) + (S(object) | target)	inferred-from-description	16	false		shooter	inferred-family	bernoulli	inferred-from-description	ordinary_brm	direct population/likelihood route when the family and terms are supported	unsupported		three-way/chained `*` expansion cannot be represented by current binary raw-column `&`	shoot_or_not,shoot,race,object,subject,target	subject,target	synthetic n=12; positive continuous predictors; integer groups; family-valid outcome
fixed_random_naive	true	bernoulli	synthetic	https://bambinos.github.io/bambi/notebooks/fixed_random.html	false	05c3f465e7987e8d7caa7e214fedddd90415a922	390	fixed_random	bambi	scripts/examples/bambi.jl	y ~ x + z	true	Fixed/Random Effects — Naive Model	y ~ x + z	inferred-from-description	17	false		fixed_random	exact-metadata		unresolved	ordinary_brm	direct population/likelihood route when the family and terms are supported	unresolved-family		family is not explicit or defensibly inferred	y,x,z		synthetic n=12; positive continuous predictors; integer groups; family-valid outcome
fixed_random_naive	true	bernoulli	synthetic	https://bambinos.github.io/bambi/notebooks/fixed_random.html	false	05c3f465e7987e8d7caa7e214fedddd90415a922	390	fixed_random	bambi	scripts/examples/bambi.jl	y ~ x + z	true	Fixed/Random Effects — Naive Model	y ~ x + z	inferred-from-description	17	false		fixed_random	inferred-family	bernoulli	inferred-from-description	ordinary_brm	direct population/likelihood route when the family and terms are supported	ready	log_odds ~ x + z\ny ~ BernoulliLogit(log_odds)	explicit Bernoulli-logit likelihood	y,x,z		synthetic n=12; positive continuous predictors; integer groups; family-valid outcome
fixed_random_fe	true	bernoulli	synthetic	https://bambinos.github.io/bambi/notebooks/fixed_random.html	false	05c3f465e7987e8d7caa7e214fedddd90415a922	405	fixed_random	bambi	scripts/examples/bambi.jl	y ~ 0 + C(group) + x + z	true	Fixed/Random Effects — Fixed Effects Model	y ~ 0 + C(group) + x + z	inferred-from-description	18	false		fixed_random	exact-metadata		unresolved	ordinary_brm	direct population/likelihood route when the family and terms are supported	unresolved-family		family is not explicit or defensibly inferred	y,group,x,z		synthetic n=12; positive continuous predictors; integer groups; family-valid outcome
fixed_random_fe	true	bernoulli	synthetic	https://bambinos.github.io/bambi/notebooks/fixed_random.html	false	05c3f465e7987e8d7caa7e214fedddd90415a922	405	fixed_random	bambi	scripts/examples/bambi.jl	y ~ 0 + C(group) + x + z	true	Fixed/Random Effects — Fixed Effects Model	y ~ 0 + C(group) + x + z	inferred-from-description	18	false		fixed_random	inferred-family	bernoulli	inferred-from-description	ordinary_brm	direct population/likelihood route when the family and terms are supported	ready	log_odds ~ 0 + group + x + z\ny ~ BernoulliLogit(log_odds)	explicit Bernoulli-logit likelihood	y,group,x,z		synthetic n=12; positive continuous predictors; integer groups; family-valid outcome
fixed_random_re	true	bernoulli	synthetic	https://bambinos.github.io/bambi/notebooks/fixed_random.html	false	05c3f465e7987e8d7caa7e214fedddd90415a922	420	fixed_random	bambi	scripts/examples/bambi.jl	y ~ x + z + (1|group)	true	Fixed/Random Effects — Random Effects Model	y ~ x + z + (1|group)	inferred-from-description	19	false		fixed_random	exact-metadata		unresolved	ordinary_brm	direct population/likelihood route when the family and terms are supported	unresolved-family		family is not explicit or defensibly inferred	y,x,z,group	group	synthetic n=12; positive continuous predictors; integer groups; family-valid outcome
fixed_random_re	true	bernoulli	synthetic	https://bambinos.github.io/bambi/notebooks/fixed_random.html	false	05c3f465e7987e8d7caa7e214fedddd90415a922	420	fixed_random	bambi	scripts/examples/bambi.jl	y ~ x + z + (1|group)	true	Fixed/Random Effects — Random Effects Model	y ~ x + z + (1|group)	inferred-from-description	19	false		fixed_random	inferred-family	bernoulli	inferred-from-description	ordinary_brm	direct population/likelihood route when the family and terms are supported	ready	log_odds ~ x + z + (1|group)\ny ~ BernoulliLogit(log_odds)	explicit Bernoulli-logit likelihood	y,x,z,group	group	synthetic n=12; positive continuous predictors; integer groups; family-valid outcome
fixed_random_mundlak	true	bernoulli	synthetic	https://bambinos.github.io/bambi/notebooks/fixed_random.html	false	05c3f465e7987e8d7caa7e214fedddd90415a922	435	fixed_random	bambi	scripts/examples/bambi.jl	y ~ x + z + xbar + (1|group)	true	Fixed/Random Effects — Mundlak Machine	y ~ x + z + xbar + (1|group)	inferred-from-description	20	false		fixed_random	exact-metadata		unresolved	ordinary_brm	direct population/likelihood route when the family and terms are supported	unresolved-family		family is not explicit or defensibly inferred	y,x,z,xbar,group	group	synthetic n=12; positive continuous predictors; integer groups; family-valid outcome
fixed_random_mundlak	true	bernoulli	synthetic	https://bambinos.github.io/bambi/notebooks/fixed_random.html	false	05c3f465e7987e8d7caa7e214fedddd90415a922	435	fixed_random	bambi	scripts/examples/bambi.jl	y ~ x + z + xbar + (1|group)	true	Fixed/Random Effects — Mundlak Machine	y ~ x + z + xbar + (1|group)	inferred-from-description	20	false		fixed_random	inferred-family	bernoulli	inferred-from-description	ordinary_brm	direct population/likelihood route when the family and terms are supported	ready	log_odds ~ x + z + xbar + (1|group)\ny ~ BernoulliLogit(log_odds)	explicit Bernoulli-logit likelihood	y,x,z,xbar,group	group	synthetic n=12; positive continuous predictors; integer groups; family-valid outcome
t_regression_gaussian	true	gaussian	synthetic	https://bambinos.github.io/bambi/notebooks/t_regression.html	false	05c3f465e7987e8d7caa7e214fedddd90415a922	467	t_regression	bambi	scripts/examples/bambi.jl	y ~ x	true	Robust Regression — Gaussian Family	y ~ x	inferred-from-description	21	false		t_regression	exact-metadata		unresolved	ordinary_brm	direct population/likelihood route when the family and terms are supported	unresolved-family		family is not explicit or defensibly inferred	y,x		synthetic n=12; positive continuous predictors; integer groups; family-valid outcome
t_regression_gaussian	true	gaussian	synthetic	https://bambinos.github.io/bambi/notebooks/t_regression.html	false	05c3f465e7987e8d7caa7e214fedddd90415a922	467	t_regression	bambi	scripts/examples/bambi.jl	y ~ x	true	Robust Regression — Gaussian Family	y ~ x	inferred-from-description	21	false		t_regression	inferred-family	gaussian	inferred-from-description	ordinary_brm	direct population/likelihood route when the family and terms are supported	ready	loc ~ x\nlog(sigma) ~ 1\ny ~ Normal(loc, sigma)	explicit Normal likelihood; residual scale estimated on log scale	y,x		synthetic n=12; positive continuous predictors; integer groups; family-valid outcome
t_regression_t	true	t	synthetic	https://bambinos.github.io/bambi/notebooks/t_regression.html	false	05c3f465e7987e8d7caa7e214fedddd90415a922	482	t_regression	bambi	scripts/examples/bambi.jl	y ~ x	true	Robust Regression — Student's t Family	y ~ x	inferred-from-description	22	false		t_regression	exact-metadata		unresolved	ordinary_brm	direct population/likelihood route when the family and terms are supported	unresolved-family		family is not explicit or defensibly inferred	y,x		synthetic n=12; positive continuous predictors; integer groups; family-valid outcome
t_regression_t	true	t	synthetic	https://bambinos.github.io/bambi/notebooks/t_regression.html	false	05c3f465e7987e8d7caa7e214fedddd90415a922	482	t_regression	bambi	scripts/examples/bambi.jl	y ~ x	true	Robust Regression — Student's t Family	y ~ x	inferred-from-description	22	false		t_regression	inferred-family	t	inferred-from-description	ordinary_brm	direct population/likelihood route when the family and terms are supported	unsupported		likelihood family `t` has no semantics-preserving current translation	y,x		synthetic n=12; positive continuous predictors; integer groups; family-valid outcome
predict_new_groups	true	gaussian	https://gist.githubusercontent.com/ucals/2cf9d101992cb1b78c2cdd6e3bac6a4b/raw/43034c39052dcf97d4b894d2ec1bc3f90f3623d9/osic_pulmonary_fibrosis.csv	https://bambinos.github.io/bambi/notebooks/predict_new_groups.html	false	05c3f465e7987e8d7caa7e214fedddd90415a922	519	predict_new_groups	bambi	scripts/examples/bambi.jl	fvc ~ 0 + weeks + smoking_status + (0 + weeks | patient)	true	Predict New Groups	fvc ~ 0 + weeks + smoking_status + (0 + weeks | patient)	inferred-from-description	23	false		predict_new_groups	exact-metadata		unresolved	ordinary_brm	direct population/likelihood route when the family and terms are supported	unresolved-family		family is not explicit or defensibly inferred	fvc,weeks,smoking_status,patient	patient	synthetic n=12; positive continuous predictors; integer groups; family-valid outcome
predict_new_groups	true	gaussian	https://gist.githubusercontent.com/ucals/2cf9d101992cb1b78c2cdd6e3bac6a4b/raw/43034c39052dcf97d4b894d2ec1bc3f90f3623d9/osic_pulmonary_fibrosis.csv	https://bambinos.github.io/bambi/notebooks/predict_new_groups.html	false	05c3f465e7987e8d7caa7e214fedddd90415a922	519	predict_new_groups	bambi	scripts/examples/bambi.jl	fvc ~ 0 + weeks + smoking_status + (0 + weeks | patient)	true	Predict New Groups	fvc ~ 0 + weeks + smoking_status + (0 + weeks | patient)	inferred-from-description	23	false		predict_new_groups	inferred-family	gaussian	inferred-from-description	ordinary_brm	direct population/likelihood route when the family and terms are supported	ready	loc ~ 0 + weeks + smoking_status + (0 + weeks | patient)\nlog(sigma) ~ 1\nfvc ~ Normal(loc, sigma)	explicit Normal likelihood; residual scale estimated on log scale	fvc,weeks,smoking_status,patient	patient	synthetic n=12; positive continuous predictors; integer groups; family-valid outcome
poly_falling_explicit	true	gaussian	synthetic	https://bambinos.github.io/bambi/notebooks/polynomial_regression.html	false	05c3f465e7987e8d7caa7e214fedddd90415a922	590	polynomial_regression	bambi	scripts/examples/bambi.jl	x ~ I(t**2) + 1	true	Polynomial Regression — Falling Ball (Explicit)	x ~ I(t**2) + 1	inferred-from-description	24	false		poly_falling	exact-metadata		unresolved	ordinary_brm	direct population/likelihood route when the family and terms are supported	unresolved-family		family is not explicit or defensibly inferred	x,t		synthetic n=12; positive continuous predictors; integer groups; family-valid outcome
poly_falling_explicit	true	gaussian	synthetic	https://bambinos.github.io/bambi/notebooks/polynomial_regression.html	false	05c3f465e7987e8d7caa7e214fedddd90415a922	590	polynomial_regression	bambi	scripts/examples/bambi.jl	x ~ I(t**2) + 1	true	Polynomial Regression — Falling Ball (Explicit)	x ~ I(t**2) + 1	inferred-from-description	24	false		poly_falling	inferred-family	gaussian	inferred-from-description	ordinary_brm	direct population/likelihood route when the family and terms are supported	ready	loc ~ protect(t^2) + 1\nlog(sigma) ~ 1\nx ~ Normal(loc, sigma)	explicit Normal likelihood; residual scale estimated on log scale	x,t		synthetic n=12; positive continuous predictors; integer groups; family-valid outcome
poly_falling_alt	true	gaussian	synthetic	https://bambinos.github.io/bambi/notebooks/polynomial_regression.html	false	05c3f465e7987e8d7caa7e214fedddd90415a922	606	polynomial_regression	bambi	scripts/examples/bambi.jl	x ~ {t**2} + 1	true	Polynomial Regression — Falling Ball (Curly-Brace Syntax)	x ~ {t**2} + 1	inferred-from-description	25	false		poly_falling	exact-metadata		unresolved	ordinary_brm	direct population/likelihood route when the family and terms are supported	unresolved-family		family is not explicit or defensibly inferred	x,t		synthetic n=12; positive continuous predictors; integer groups; family-valid outcome
poly_falling_alt	true	gaussian	synthetic	https://bambinos.github.io/bambi/notebooks/polynomial_regression.html	false	05c3f465e7987e8d7caa7e214fedddd90415a922	606	polynomial_regression	bambi	scripts/examples/bambi.jl	x ~ {t**2} + 1	true	Polynomial Regression — Falling Ball (Curly-Brace Syntax)	x ~ {t**2} + 1	inferred-from-description	25	false		poly_falling	inferred-family	gaussian	inferred-from-description	ordinary_brm	direct population/likelihood route when the family and terms are supported	ready	loc ~ protect(t^2) + 1\nlog(sigma) ~ 1\nx ~ Normal(loc, sigma)	explicit Normal likelihood; residual scale estimated on log scale	x,t		synthetic n=12; positive continuous predictors; integer groups; family-valid outcome
poly_falling_precomp	true	gaussian	synthetic	https://bambinos.github.io/bambi/notebooks/polynomial_regression.html	false	05c3f465e7987e8d7caa7e214fedddd90415a922	622	polynomial_regression	bambi	scripts/examples/bambi.jl	x ~ tsquared + 1	true	Polynomial Regression — Falling Ball (Pre-Computed Column)	x ~ tsquared + 1	inferred-from-description	26	false		poly_falling	exact-metadata		unresolved	ordinary_brm	direct population/likelihood route when the family and terms are supported	unresolved-family		family is not explicit or defensibly inferred	x,tsquared		synthetic n=12; positive continuous predictors; integer groups; family-valid outcome
poly_falling_precomp	true	gaussian	synthetic	https://bambinos.github.io/bambi/notebooks/polynomial_regression.html	false	05c3f465e7987e8d7caa7e214fedddd90415a922	622	polynomial_regression	bambi	scripts/examples/bambi.jl	x ~ tsquared + 1	true	Polynomial Regression — Falling Ball (Pre-Computed Column)	x ~ tsquared + 1	inferred-from-description	26	false		poly_falling	inferred-family	gaussian	inferred-from-description	ordinary_brm	direct population/likelihood route when the family and terms are supported	ready	loc ~ tsquared + 1\nlog(sigma) ~ 1\nx ~ Normal(loc, sigma)	explicit Normal likelihood; residual scale estimated on log scale	x,tsquared		synthetic n=12; positive continuous predictors; integer groups; family-valid outcome
poly_projectile_power	true	gaussian	synthetic	https://bambinos.github.io/bambi/notebooks/polynomial_regression.html	false	05c3f465e7987e8d7caa7e214fedddd90415a922	638	polynomial_regression	bambi	scripts/examples/bambi.jl	x ~ I(t**2) + t + 1	true	Polynomial Regression — Projectile (Power Basis)	x ~ I(t**2) + t + 1	inferred-from-description	27	false		poly_projectile	exact-metadata		unresolved	ordinary_brm	direct population/likelihood route when the family and terms are supported	unresolved-family		family is not explicit or defensibly inferred	x,t		synthetic n=12; positive continuous predictors; integer groups; family-valid outcome
poly_projectile_power	true	gaussian	synthetic	https://bambinos.github.io/bambi/notebooks/polynomial_regression.html	false	05c3f465e7987e8d7caa7e214fedddd90415a922	638	polynomial_regression	bambi	scripts/examples/bambi.jl	x ~ I(t**2) + t + 1	true	Polynomial Regression — Projectile (Power Basis)	x ~ I(t**2) + t + 1	inferred-from-description	27	false		poly_projectile	inferred-family	gaussian	inferred-from-description	ordinary_brm	direct population/likelihood route when the family and terms are supported	ready	loc ~ protect(t^2) + t + 1\nlog(sigma) ~ 1\nx ~ Normal(loc, sigma)	explicit Normal likelihood; residual scale estimated on log scale	x,t		synthetic n=12; positive continuous predictors; integer groups; family-valid outcome
poly_projectile_poly	true	gaussian	synthetic	https://bambinos.github.io/bambi/notebooks/polynomial_regression.html	false	05c3f465e7987e8d7caa7e214fedddd90415a922	654	polynomial_regression	bambi	scripts/examples/bambi.jl	x ~ poly(t, 2, raw=True)	true	Polynomial Regression — Projectile (poly() Syntax)	x ~ poly(t, 2, raw=True)	inferred-from-description	28	false		poly_projectile	exact-metadata		unresolved	ordinary_brm	direct population/likelihood route when the family and terms are supported	unresolved-family		family is not explicit or defensibly inferred	x,t,True		synthetic n=12; positive continuous predictors; integer groups; family-valid outcome
poly_projectile_poly	true	gaussian	synthetic	https://bambinos.github.io/bambi/notebooks/polynomial_regression.html	false	05c3f465e7987e8d7caa7e214fedddd90415a922	654	polynomial_regression	bambi	scripts/examples/bambi.jl	x ~ poly(t, 2, raw=True)	true	Polynomial Regression — Projectile (poly() Syntax)	x ~ poly(t, 2, raw=True)	inferred-from-description	28	false		poly_projectile	inferred-family	gaussian	inferred-from-description	ordinary_brm	direct population/likelihood route when the family and terms are supported	unsupported		term has no semantics-preserving mechanical alias	x,t,True		synthetic n=12; positive continuous predictors; integer groups; family-valid outcome
poly_planets	true	gaussian	synthetic	https://bambinos.github.io/bambi/notebooks/polynomial_regression.html	false	05c3f465e7987e8d7caa7e214fedddd90415a922	670	polynomial_regression	bambi	scripts/examples/bambi.jl	Height ~ I(Time**2):Planet + Time + 0	true	Polynomial Regression — Multi-Planet	Height ~ I(Time**2):Planet + Time + 0	inferred-from-description	29	false		poly_planets	exact-metadata		unresolved	ordinary_brm	direct population/likelihood route when the family and terms are supported	unresolved-family		family is not explicit or defensibly inferred	Height,Time,Planet		synthetic n=12; positive continuous predictors; integer groups; family-valid outcome
poly_planets	true	gaussian	synthetic	https://bambinos.github.io/bambi/notebooks/polynomial_regression.html	false	05c3f465e7987e8d7caa7e214fedddd90415a922	670	polynomial_regression	bambi	scripts/examples/bambi.jl	Height ~ I(Time**2):Planet + Time + 0	true	Polynomial Regression — Multi-Planet	Height ~ I(Time**2):Planet + Time + 0	inferred-from-description	29	false		poly_planets	inferred-family	gaussian	inferred-from-description	ordinary_brm	direct population/likelihood route when the family and terms are supported	unsupported		source `:` interaction has a transformed/non-atomic operand; current `&` accepts raw columns only	Height,Time,Planet		synthetic n=12; positive continuous predictors; integer groups; family-valid outcome
logistic_anes	true	bernoulli	https://ndownloader.figshare.com/files/28870740	https://bambinos.github.io/bambi/notebooks/logistic_regression.html	false	05c3f465e7987e8d7caa7e214fedddd90415a922	701	logistic_anes	bambi	scripts/examples/bambi.jl	vote['clinton'] ~ party_id + party_id:age	true	Logistic Regression — Vote Intention	vote['clinton'] ~ party_id + party_id:age	inferred-from-description	30	false		logistic_anes	exact-metadata		unresolved	ordinary_brm	direct population/likelihood route when the family and terms are supported	unresolved-family		family is not explicit or defensibly inferred	vote,clinton,party_id,age		synthetic n=12; positive continuous predictors; integer groups; family-valid outcome
logistic_anes	true	bernoulli	https://ndownloader.figshare.com/files/28870740	https://bambinos.github.io/bambi/notebooks/logistic_regression.html	false	05c3f465e7987e8d7caa7e214fedddd90415a922	701	logistic_anes	bambi	scripts/examples/bambi.jl	vote['clinton'] ~ party_id + party_id:age	true	Logistic Regression — Vote Intention	vote['clinton'] ~ party_id + party_id:age	inferred-from-description	30	false		logistic_anes	inferred-family	bernoulli	inferred-from-description	ordinary_brm	direct population/likelihood route when the family and terms are supported	unsupported		response expression needs an explicit data-derivation step	vote,clinton,party_id,age		synthetic n=12; positive continuous predictors; integer groups; family-valid outcome
model_comparison_linear	true	bernoulli	https://ndownloader.figshare.com/files/28870743	https://bambinos.github.io/bambi/notebooks/model_comparison.html	false	05c3f465e7987e8d7caa7e214fedddd90415a922	734	model_comparison	bambi	scripts/examples/bambi.jl	income['>50K'] ~ sex + race + scale(age) + scale(hs_week)	true	Model Comparison — Linear	income['>50K'] ~ sex + race + scale(age) + scale(hs_week)	inferred-from-description	31	false		model_comparison	exact-metadata		unresolved	ordinary_brm	direct population/likelihood route when the family and terms are supported	unresolved-family		family is not explicit or defensibly inferred	income,sex,race,age,hs_week		synthetic n=12; positive continuous predictors; integer groups; family-valid outcome
model_comparison_linear	true	bernoulli	https://ndownloader.figshare.com/files/28870743	https://bambinos.github.io/bambi/notebooks/model_comparison.html	false	05c3f465e7987e8d7caa7e214fedddd90415a922	734	model_comparison	bambi	scripts/examples/bambi.jl	income['>50K'] ~ sex + race + scale(age) + scale(hs_week)	true	Model Comparison — Linear	income['>50K'] ~ sex + race + scale(age) + scale(hs_week)	inferred-from-description	31	false		model_comparison	inferred-family	bernoulli	inferred-from-description	ordinary_brm	direct population/likelihood route when the family and terms are supported	unsupported		response expression needs an explicit data-derivation step	income,sex,race,age,hs_week		synthetic n=12; positive continuous predictors; integer groups; family-valid outcome
model_comparison_quad	true	bernoulli	https://ndownloader.figshare.com/files/28870743	https://bambinos.github.io/bambi/notebooks/model_comparison.html	false	05c3f465e7987e8d7caa7e214fedddd90415a922	750	model_comparison	bambi	scripts/examples/bambi.jl	income['>50K'] ~ sex + race + scale(age) + I(scale(age)**2) + scale(hs_week) + I(scale(hs_week)**2)	true	Model Comparison — Quadratic	income['>50K'] ~ sex + race + scale(age) + I(scale(age)**2) + scale(hs_week) + I(scale(hs_week)**2)	inferred-from-description	32	false		model_comparison	exact-metadata		unresolved	ordinary_brm	direct population/likelihood route when the family and terms are supported	unresolved-family		family is not explicit or defensibly inferred	income,sex,race,age,hs_week		synthetic n=12; positive continuous predictors; integer groups; family-valid outcome
model_comparison_quad	true	bernoulli	https://ndownloader.figshare.com/files/28870743	https://bambinos.github.io/bambi/notebooks/model_comparison.html	false	05c3f465e7987e8d7caa7e214fedddd90415a922	750	model_comparison	bambi	scripts/examples/bambi.jl	income['>50K'] ~ sex + race + scale(age) + I(scale(age)**2) + scale(hs_week) + I(scale(hs_week)**2)	true	Model Comparison — Quadratic	income['>50K'] ~ sex + race + scale(age) + I(scale(age)**2) + scale(hs_week) + I(scale(hs_week)**2)	inferred-from-description	32	false		model_comparison	inferred-family	bernoulli	inferred-from-description	ordinary_brm	direct population/likelihood route when the family and terms are supported	unsupported		response expression needs an explicit data-derivation step	income,sex,race,age,hs_week		synthetic n=12; positive continuous predictors; integer groups; family-valid outcome
model_comparison_cubic	true	bernoulli	https://ndownloader.figshare.com/files/28870743	https://bambinos.github.io/bambi/notebooks/model_comparison.html	false	05c3f465e7987e8d7caa7e214fedddd90415a922	765	model_comparison	bambi	scripts/examples/bambi.jl	income['>50K'] ~ sex + race + scale(age) + I(scale(age)**2) + I(scale(age)**3) + scale(hs_week) + I(scale(hs_week)**2) + I(scale(hs_week)**3)	true	Model Comparison — Cubic	income['>50K'] ~ sex + race + scale(age) + I(scale(age)**2) + I(scale(age)**3) + scale(hs_week) + I(scale(hs_week)**2) + I(scale(hs_week)**3)	inferred-from-description	33	false		model_comparison	exact-metadata		unresolved	ordinary_brm	direct population/likelihood route when the family and terms are supported	unresolved-family		family is not explicit or defensibly inferred	income,sex,race,age,hs_week		synthetic n=12; positive continuous predictors; integer groups; family-valid outcome
model_comparison_cubic	true	bernoulli	https://ndownloader.figshare.com/files/28870743	https://bambinos.github.io/bambi/notebooks/model_comparison.html	false	05c3f465e7987e8d7caa7e214fedddd90415a922	765	model_comparison	bambi	scripts/examples/bambi.jl	income['>50K'] ~ sex + race + scale(age) + I(scale(age)**2) + I(scale(age)**3) + scale(hs_week) + I(scale(hs_week)**2) + I(scale(hs_week)**3)	true	Model Comparison — Cubic	income['>50K'] ~ sex + race + scale(age) + I(scale(age)**2) + I(scale(age)**3) + scale(hs_week) + I(scale(hs_week)**2) + I(scale(hs_week)**3)	inferred-from-description	33	false		model_comparison	inferred-family	bernoulli	inferred-from-description	ordinary_brm	direct population/likelihood route when the family and terms are supported	unsupported		response expression needs an explicit data-derivation step	income,sex,race,age,hs_week		synthetic n=12; positive continuous predictors; integer groups; family-valid outcome
hierarchical_binomial_nopooling	true	binomial	https://ndownloader.figshare.com/files/29749140	https://bambinos.github.io/bambi/notebooks/hierarchical_binomial_bambi.html	false	05c3f465e7987e8d7caa7e214fedddd90415a922	799	hierarchical_binomial	bambi	scripts/examples/bambi.jl	p(H, AB) ~ 0 + playerID	true	Hierarchical Binomial — No Pooling	p(H, AB) ~ 0 + playerID	inferred-from-description	34	false		hierarchical_binomial	exact-metadata		unresolved	ordinary_brm	direct population/likelihood route when the family and terms are supported	unresolved-family		family is not explicit or defensibly inferred	H,AB,playerID		synthetic n=12; positive continuous predictors; integer groups; family-valid outcome
hierarchical_binomial_nopooling	true	binomial	https://ndownloader.figshare.com/files/29749140	https://bambinos.github.io/bambi/notebooks/hierarchical_binomial_bambi.html	false	05c3f465e7987e8d7caa7e214fedddd90415a922	799	hierarchical_binomial	bambi	scripts/examples/bambi.jl	p(H, AB) ~ 0 + playerID	true	Hierarchical Binomial — No Pooling	p(H, AB) ~ 0 + playerID	inferred-from-description	34	false		hierarchical_binomial	inferred-family	binomial	inferred-from-description	ordinary_brm	direct population/likelihood route when the family and terms are supported	ready	log_odds ~ 0 + playerID\nH ~ BinomialLogit(AB, log_odds)	trials/cbind response lowered to explicit BinomialLogit	H,AB,playerID		synthetic n=12; positive continuous predictors; integer groups; family-valid outcome
hierarchical_binomial_partial	true	binomial	https://ndownloader.figshare.com/files/29749140	https://bambinos.github.io/bambi/notebooks/hierarchical_binomial_bambi.html	false	05c3f465e7987e8d7caa7e214fedddd90415a922	814	hierarchical_binomial	bambi	scripts/examples/bambi.jl	p(H, AB) ~ 1 + (1|playerID)	true	Hierarchical Binomial — Partial Pooling	p(H, AB) ~ 1 + (1|playerID)	inferred-from-description	35	false		hierarchical_binomial	exact-metadata		unresolved	ordinary_brm	direct population/likelihood route when the family and terms are supported	unresolved-family		family is not explicit or defensibly inferred	H,AB,playerID	playerID	synthetic n=12; positive continuous predictors; integer groups; family-valid outcome
hierarchical_binomial_partial	true	binomial	https://ndownloader.figshare.com/files/29749140	https://bambinos.github.io/bambi/notebooks/hierarchical_binomial_bambi.html	false	05c3f465e7987e8d7caa7e214fedddd90415a922	814	hierarchical_binomial	bambi	scripts/examples/bambi.jl	p(H, AB) ~ 1 + (1|playerID)	true	Hierarchical Binomial — Partial Pooling	p(H, AB) ~ 1 + (1|playerID)	inferred-from-description	35	false		hierarchical_binomial	inferred-family	binomial	inferred-from-description	ordinary_brm	direct population/likelihood route when the family and terms are supported	ready	log_odds ~ 1 + (1|playerID)\nH ~ BinomialLogit(AB, log_odds)	trials/cbind response lowered to explicit BinomialLogit	H,AB,playerID	playerID	synthetic n=12; positive continuous predictors; integer groups; family-valid outcome
alternative_links_logit	true	binomial	synthetic	https://bambinos.github.io/bambi/notebooks/alternative_links_binary.html	false	05c3f465e7987e8d7caa7e214fedddd90415a922	845	alternative_links	bambi	scripts/examples/bambi.jl	p(y, n) ~ x	true	Alternative Links — Logit	p(y, n) ~ x	inferred-from-description	36	false		alternative_links	exact-metadata		unresolved	ordinary_brm	direct population/likelihood route when the family and terms are supported	unresolved-family		family is not explicit or defensibly inferred	y,n,x		synthetic n=12; positive continuous predictors; integer groups; family-valid outcome
alternative_links_logit	true	binomial	synthetic	https://bambinos.github.io/bambi/notebooks/alternative_links_binary.html	false	05c3f465e7987e8d7caa7e214fedddd90415a922	845	alternative_links	bambi	scripts/examples/bambi.jl	p(y, n) ~ x	true	Alternative Links — Logit	p(y, n) ~ x	inferred-from-description	36	false		alternative_links	inferred-family	binomial	inferred-from-description	ordinary_brm	direct population/likelihood route when the family and terms are supported	ready	log_odds ~ x\ny ~ BinomialLogit(n, log_odds)	trials/cbind response lowered to explicit BinomialLogit	y,n,x		synthetic n=12; positive continuous predictors; integer groups; family-valid outcome
alternative_links_probit	true	binomial	synthetic	https://bambinos.github.io/bambi/notebooks/alternative_links_binary.html	false	05c3f465e7987e8d7caa7e214fedddd90415a922	860	alternative_links	bambi	scripts/examples/bambi.jl	p(y, n) ~ x	true	Alternative Links — Probit	p(y, n) ~ x	inferred-from-description	37	false		alternative_links	exact-metadata		unresolved	ordinary_brm	direct population/likelihood route when the family and terms are supported	unresolved-family		family is not explicit or defensibly inferred	y,n,x		synthetic n=12; positive continuous predictors; integer groups; family-valid outcome
alternative_links_probit	true	binomial	synthetic	https://bambinos.github.io/bambi/notebooks/alternative_links_binary.html	false	05c3f465e7987e8d7caa7e214fedddd90415a922	860	alternative_links	bambi	scripts/examples/bambi.jl	p(y, n) ~ x	true	Alternative Links — Probit	p(y, n) ~ x	inferred-from-description	37	false		alternative_links	inferred-family	binomial	inferred-from-description	ordinary_brm	direct population/likelihood route when the family and terms are supported	ready	log_odds ~ x\ny ~ BinomialLogit(n, log_odds)	trials/cbind response lowered to explicit BinomialLogit	y,n,x		synthetic n=12; positive continuous predictors; integer groups; family-valid outcome
alternative_links_cloglog	true	binomial	synthetic	https://bambinos.github.io/bambi/notebooks/alternative_links_binary.html	false	05c3f465e7987e8d7caa7e214fedddd90415a922	875	alternative_links	bambi	scripts/examples/bambi.jl	p(y, n) ~ x	true	Alternative Links — Complementary Log-Log	p(y, n) ~ x	inferred-from-description	38	false		alternative_links	exact-metadata		unresolved	ordinary_brm	direct population/likelihood route when the family and terms are supported	unresolved-family		family is not explicit or defensibly inferred	y,n,x		synthetic n=12; positive continuous predictors; integer groups; family-valid outcome
alternative_links_cloglog	true	binomial	synthetic	https://bambinos.github.io/bambi/notebooks/alternative_links_binary.html	false	05c3f465e7987e8d7caa7e214fedddd90415a922	875	alternative_links	bambi	scripts/examples/bambi.jl	p(y, n) ~ x	true	Alternative Links — Complementary Log-Log	p(y, n) ~ x	inferred-from-description	38	false		alternative_links	inferred-family	binomial	inferred-from-description	ordinary_brm	direct population/likelihood route when the family and terms are supported	ready	log_odds ~ x\ny ~ BinomialLogit(n, log_odds)	trials/cbind response lowered to explicit BinomialLogit	y,n,x		synthetic n=12; positive continuous predictors; integer groups; family-valid outcome
wald_gamma_wald	true	wald	https://ndownloader.figshare.com/files/28870713	https://bambinos.github.io/bambi/notebooks/wald_gamma_glm.html	false	05c3f465e7987e8d7caa7e214fedddd90415a922	905	wald_gamma	bambi	scripts/examples/bambi.jl	claimcst0 ~ C(agecat) + gender + area	true	Wald Regression — Insurance Claims (Wald Family)	claimcst0 ~ C(agecat) + gender + area	inferred-from-description	39	false		wald_gamma	exact-metadata		unresolved	ordinary_brm	direct population/likelihood route when the family and terms are supported	unresolved-family		family is not explicit or defensibly inferred	claimcst0,agecat,gender,area		synthetic n=12; positive continuous predictors; integer groups; family-valid outcome
wald_gamma_wald	true	wald	https://ndownloader.figshare.com/files/28870713	https://bambinos.github.io/bambi/notebooks/wald_gamma_glm.html	false	05c3f465e7987e8d7caa7e214fedddd90415a922	905	wald_gamma	bambi	scripts/examples/bambi.jl	claimcst0 ~ C(agecat) + gender + area	true	Wald Regression — Insurance Claims (Wald Family)	claimcst0 ~ C(agecat) + gender + area	inferred-from-description	39	false		wald_gamma	inferred-family	wald	inferred-from-description	ordinary_brm	direct population/likelihood route when the family and terms are supported	unsupported		likelihood family `wald` has no semantics-preserving current translation	claimcst0,agecat,gender,area		synthetic n=12; positive continuous predictors; integer groups; family-valid outcome
wald_gamma_gamma	true	gamma	https://ndownloader.figshare.com/files/28870713	https://bambinos.github.io/bambi/notebooks/wald_gamma_glm.html	false	05c3f465e7987e8d7caa7e214fedddd90415a922	921	wald_gamma	bambi	scripts/examples/bambi.jl	claimcst0 ~ agecat + gender + area	true	Gamma Regression — Insurance Claims (Gamma Family)	claimcst0 ~ agecat + gender + area	inferred-from-description	40	false		wald_gamma	exact-metadata		unresolved	ordinary_brm	direct population/likelihood route when the family and terms are supported	unresolved-family		family is not explicit or defensibly inferred	claimcst0,agecat,gender,area		synthetic n=12; positive continuous predictors; integer groups; family-valid outcome
wald_gamma_gamma	true	gamma	https://ndownloader.figshare.com/files/28870713	https://bambinos.github.io/bambi/notebooks/wald_gamma_glm.html	false	05c3f465e7987e8d7caa7e214fedddd90415a922	921	wald_gamma	bambi	scripts/examples/bambi.jl	claimcst0 ~ agecat + gender + area	true	Gamma Regression — Insurance Claims (Gamma Family)	claimcst0 ~ agecat + gender + area	inferred-from-description	40	false		wald_gamma	inferred-family	gamma	inferred-from-description	ordinary_brm	direct population/likelihood route when the family and terms are supported	ready	log(mu) ~ agecat + gender + area\nlog(shape) ~ 1\nrate = shape / mu\nclaimcst0 ~ Gamma(shape, rate)	mean/shape gamma model converted to Distributions shape/rate	claimcst0,agecat,gender,area		synthetic n=12; positive continuous predictors; integer groups; family-valid outcome
negative_binomial_main	true	negativebinomial	https://stats.idre.ucla.edu/stat/stata/dae/nb_data.dta	https://bambinos.github.io/bambi/notebooks/negative_binomial.html	false	05c3f465e7987e8d7caa7e214fedddd90415a922	956	negative_binomial	bambi	scripts/examples/bambi.jl	daysabs ~ 0 + prog + scale(math)	true	Negative Binomial — Main Effects	daysabs ~ 0 + prog + scale(math)	inferred-from-description	41	false		negative_binomial	exact-metadata		unresolved	ordinary_brm	direct population/likelihood route when the family and terms are supported	unresolved-family		family is not explicit or defensibly inferred	daysabs,prog,math		synthetic n=12; positive continuous predictors; integer groups; family-valid outcome
negative_binomial_main	true	negativebinomial	https://stats.idre.ucla.edu/stat/stata/dae/nb_data.dta	https://bambinos.github.io/bambi/notebooks/negative_binomial.html	false	05c3f465e7987e8d7caa7e214fedddd90415a922	956	negative_binomial	bambi	scripts/examples/bambi.jl	daysabs ~ 0 + prog + scale(math)	true	Negative Binomial — Main Effects	daysabs ~ 0 + prog + scale(math)	inferred-from-description	41	false		negative_binomial	inferred-family	negativebinomial	inferred-from-description	ordinary_brm	direct population/likelihood route when the family and terms are supported	unsupported		current NegativeBinomial Julia/Stan parameterizations are documented as non-identical	daysabs,prog,math		synthetic n=12; positive continuous predictors; integer groups; family-valid outcome
negative_binomial_interaction	true	negativebinomial	https://stats.idre.ucla.edu/stat/stata/dae/nb_data.dta	https://bambinos.github.io/bambi/notebooks/negative_binomial.html	false	05c3f465e7987e8d7caa7e214fedddd90415a922	972	negative_binomial	bambi	scripts/examples/bambi.jl	daysabs ~ 0 + prog + scale(math) + prog:scale(math)	true	Negative Binomial — Interaction	daysabs ~ 0 + prog + scale(math) + prog:scale(math)	inferred-from-description	42	false		negative_binomial	exact-metadata		unresolved	ordinary_brm	direct population/likelihood route when the family and terms are supported	unresolved-family		family is not explicit or defensibly inferred	daysabs,prog,math		synthetic n=12; positive continuous predictors; integer groups; family-valid outcome
negative_binomial_interaction	true	negativebinomial	https://stats.idre.ucla.edu/stat/stata/dae/nb_data.dta	https://bambinos.github.io/bambi/notebooks/negative_binomial.html	false	05c3f465e7987e8d7caa7e214fedddd90415a922	972	negative_binomial	bambi	scripts/examples/bambi.jl	daysabs ~ 0 + prog + scale(math) + prog:scale(math)	true	Negative Binomial — Interaction	daysabs ~ 0 + prog + scale(math) + prog:scale(math)	inferred-from-description	42	false		negative_binomial	inferred-family	negativebinomial	inferred-from-description	ordinary_brm	direct population/likelihood route when the family and terms are supported	unsupported		current NegativeBinomial Julia/Stan parameterizations are documented as non-identical	daysabs,prog,math		synthetic n=12; positive continuous predictors; integer groups; family-valid outcome
count_roaches_poisson	true	poisson	https://raw.githubusercontent.com/bambinos/bambi/main/docs/notebooks/data/roaches.csv	https://bambinos.github.io/bambi/notebooks/count_roaches.html	false	05c3f465e7987e8d7caa7e214fedddd90415a922	1004	count_roaches	bambi	scripts/examples/bambi.jl	y ~ roach1 + treatment + senior + offset(log(exposure2))	true	Count Regression with Offset — Poisson	y ~ roach1 + treatment + senior + offset(log(exposure2))	inferred-from-description	43	false		count_roaches	exact-metadata		unresolved	ordinary_brm	direct population/likelihood route when the family and terms are supported	unresolved-family		family is not explicit or defensibly inferred	y,roach1,treatment,senior,exposure2		synthetic n=12; positive continuous predictors; integer groups; family-valid outcome
count_roaches_poisson	true	poisson	https://raw.githubusercontent.com/bambinos/bambi/main/docs/notebooks/data/roaches.csv	https://bambinos.github.io/bambi/notebooks/count_roaches.html	false	05c3f465e7987e8d7caa7e214fedddd90415a922	1004	count_roaches	bambi	scripts/examples/bambi.jl	y ~ roach1 + treatment + senior + offset(log(exposure2))	true	Count Regression with Offset — Poisson	y ~ roach1 + treatment + senior + offset(log(exposure2))	inferred-from-description	43	false		count_roaches	inferred-family	poisson	inferred-from-description	ordinary_brm	direct population/likelihood route when the family and terms are supported	ready	log_rate ~ roach1 + treatment + senior + log(exposure2)\ny ~ Poisson(exp(log_rate))	explicit log-link Poisson likelihood; offset(...) becomes ordinary log exposure	y,roach1,treatment,senior,exposure2		synthetic n=12; positive continuous predictors; integer groups; family-valid outcome
count_roaches_nb	true	negativebinomial	https://raw.githubusercontent.com/bambinos/bambi/main/docs/notebooks/data/roaches.csv	https://bambinos.github.io/bambi/notebooks/count_roaches.html	false	05c3f465e7987e8d7caa7e214fedddd90415a922	1020	count_roaches	bambi	scripts/examples/bambi.jl	y ~ roach1 + treatment + senior + offset(log(exposure2))	true	Count Regression with Offset — Negative Binomial	y ~ roach1 + treatment + senior + offset(log(exposure2))	inferred-from-description	44	false		count_roaches	exact-metadata		unresolved	ordinary_brm	direct population/likelihood route when the family and terms are supported	unresolved-family		family is not explicit or defensibly inferred	y,roach1,treatment,senior,exposure2		synthetic n=12; positive continuous predictors; integer groups; family-valid outcome
count_roaches_nb	true	negativebinomial	https://raw.githubusercontent.com/bambinos/bambi/main/docs/notebooks/data/roaches.csv	https://bambinos.github.io/bambi/notebooks/count_roaches.html	false	05c3f465e7987e8d7caa7e214fedddd90415a922	1020	count_roaches	bambi	scripts/examples/bambi.jl	y ~ roach1 + treatment + senior + offset(log(exposure2))	true	Count Regression with Offset — Negative Binomial	y ~ roach1 + treatment + senior + offset(log(exposure2))	inferred-from-description	44	false		count_roaches	inferred-family	negativebinomial	inferred-from-description	ordinary_brm	direct population/likelihood route when the family and terms are supported	unsupported		current NegativeBinomial Julia/Stan parameterizations are documented as non-identical	y,roach1,treatment,senior,exposure2		synthetic n=12; positive continuous predictors; integer groups; family-valid outcome
beta_probs_intercept	true	beta	synthetic	https://bambinos.github.io/bambi/notebooks/beta_regression.html	false	05c3f465e7987e8d7caa7e214fedddd90415a922	1098	beta_regression	bambi	scripts/examples/bambi.jl	probabilities ~ 1	true	Beta Regression — Intercept Only (Probabilities)	probabilities ~ 1	inferred-from-description	45	false		beta_probs	exact-metadata		unresolved	ordinary_brm	direct population/likelihood route when the family and terms are supported	unresolved-family		family is not explicit or defensibly inferred	probabilities		synthetic n=12; positive continuous predictors; integer groups; family-valid outcome
beta_probs_intercept	true	beta	synthetic	https://bambinos.github.io/bambi/notebooks/beta_regression.html	false	05c3f465e7987e8d7caa7e214fedddd90415a922	1098	beta_regression	bambi	scripts/examples/bambi.jl	probabilities ~ 1	true	Beta Regression — Intercept Only (Probabilities)	probabilities ~ 1	inferred-from-description	45	false		beta_probs	inferred-family	beta	inferred-from-description	ordinary_brm	direct population/likelihood route when the family and terms are supported	ready	logit(mu) ~ 1\nlog(phi) ~ 1\nprobabilities ~ Beta(mu * phi, (1 - mu) * phi)	mean/precision beta parameterization written explicitly with inline shape expressions	probabilities		synthetic n=12; positive continuous predictors; integer groups; family-valid outcome
beta_coin	true	beta	synthetic	https://bambinos.github.io/bambi/notebooks/beta_regression.html	false	05c3f465e7987e8d7caa7e214fedddd90415a922	1113	beta_regression	bambi	scripts/examples/bambi.jl	p ~ delta_d	true	Beta Regression — Coin Dirt	p ~ delta_d	inferred-from-description	46	false		beta_coin	exact-metadata		unresolved	ordinary_brm	direct population/likelihood route when the family and terms are supported	unresolved-family		family is not explicit or defensibly inferred	p,delta_d		synthetic n=12; positive continuous predictors; integer groups; family-valid outcome
beta_coin	true	beta	synthetic	https://bambinos.github.io/bambi/notebooks/beta_regression.html	false	05c3f465e7987e8d7caa7e214fedddd90415a922	1113	beta_regression	bambi	scripts/examples/bambi.jl	p ~ delta_d	true	Beta Regression — Coin Dirt	p ~ delta_d	inferred-from-description	46	false		beta_coin	inferred-family	beta	inferred-from-description	ordinary_brm	direct population/likelihood route when the family and terms are supported	ready	logit(mu) ~ delta_d\nlog(phi) ~ 1\np ~ Beta(mu * phi, (1 - mu) * phi)	mean/precision beta parameterization written explicitly with inline shape expressions	p,delta_d		synthetic n=12; positive continuous predictors; integer groups; family-valid outcome
beta_batting_intercept	true	beta	https://ndownloader.figshare.com/files/29749140	https://bambinos.github.io/bambi/notebooks/beta_regression.html	false	05c3f465e7987e8d7caa7e214fedddd90415a922	1128	beta_regression	bambi	scripts/examples/bambi.jl	batting_avg ~ 1	true	Beta Regression — Batting Average Intercept Only	batting_avg ~ 1	inferred-from-description	47	false		beta_batting	exact-metadata		unresolved	ordinary_brm	direct population/likelihood route when the family and terms are supported	unresolved-family		family is not explicit or defensibly inferred	batting_avg		synthetic n=12; positive continuous predictors; integer groups; family-valid outcome
beta_batting_intercept	true	beta	https://ndownloader.figshare.com/files/29749140	https://bambinos.github.io/bambi/notebooks/beta_regression.html	false	05c3f465e7987e8d7caa7e214fedddd90415a922	1128	beta_regression	bambi	scripts/examples/bambi.jl	batting_avg ~ 1	true	Beta Regression — Batting Average Intercept Only	batting_avg ~ 1	inferred-from-description	47	false		beta_batting	inferred-family	beta	inferred-from-description	ordinary_brm	direct population/likelihood route when the family and terms are supported	ready	logit(mu) ~ 1\nlog(phi) ~ 1\nbatting_avg ~ Beta(mu * phi, (1 - mu) * phi)	mean/precision beta parameterization written explicitly with inline shape expressions	batting_avg		synthetic n=12; positive continuous predictors; integer groups; family-valid outcome
beta_batting_shift	true	beta	https://ndownloader.figshare.com/files/29749140	https://bambinos.github.io/bambi/notebooks/beta_regression.html	false	05c3f465e7987e8d7caa7e214fedddd90415a922	1143	beta_regression	bambi	scripts/examples/bambi.jl	batting_avg ~ batting_avg_shift	true	Beta Regression — Batting Average with Shift Predictor	batting_avg ~ batting_avg_shift	inferred-from-description	48	false		beta_batting	exact-metadata		unresolved	ordinary_brm	direct population/likelihood route when the family and terms are supported	unresolved-family		family is not explicit or defensibly inferred	batting_avg,batting_avg_shift		synthetic n=12; positive continuous predictors; integer groups; family-valid outcome
beta_batting_shift	true	beta	https://ndownloader.figshare.com/files/29749140	https://bambinos.github.io/bambi/notebooks/beta_regression.html	false	05c3f465e7987e8d7caa7e214fedddd90415a922	1143	beta_regression	bambi	scripts/examples/bambi.jl	batting_avg ~ batting_avg_shift	true	Beta Regression — Batting Average with Shift Predictor	batting_avg ~ batting_avg_shift	inferred-from-description	48	false		beta_batting	inferred-family	beta	inferred-from-description	ordinary_brm	direct population/likelihood route when the family and terms are supported	ready	logit(mu) ~ batting_avg_shift\nlog(phi) ~ 1\nbatting_avg ~ Beta(mu * phi, (1 - mu) * phi)	mean/precision beta parameterization written explicitly with inline shape expressions	batting_avg,batting_avg_shift		synthetic n=12; positive continuous predictors; integer groups; family-valid outcome
categorical_toy	true	categorical	synthetic	https://bambinos.github.io/bambi/notebooks/categorical_regression.html	false	05c3f465e7987e8d7caa7e214fedddd90415a922	1222	categorical_regression	bambi	scripts/examples/bambi.jl	y ~ x	true	Categorical Regression — Toy Dataset	y ~ x	inferred-from-description	49	false		categorical_toy	exact-metadata		unresolved	ordinary_brm	direct population/likelihood route when the family and terms are supported	unresolved-family		family is not explicit or defensibly inferred	y,x		synthetic n=12; positive continuous predictors; integer groups; family-valid outcome
categorical_toy	true	categorical	synthetic	https://bambinos.github.io/bambi/notebooks/categorical_regression.html	false	05c3f465e7987e8d7caa7e214fedddd90415a922	1222	categorical_regression	bambi	scripts/examples/bambi.jl	y ~ x	true	Categorical Regression — Toy Dataset	y ~ x	inferred-from-description	49	false		categorical_toy	inferred-family	categorical	inferred-from-description	ordinary_brm	direct population/likelihood route when the family and terms are supported	unsupported		likelihood family `categorical` has no semantics-preserving current translation	y,x		synthetic n=12; positive continuous predictors; integer groups; family-valid outcome
categorical_iris	true	categorical	https://vincentarelbundock.github.io/Rdatasets/csv/datasets/iris.csv	https://bambinos.github.io/bambi/notebooks/categorical_regression.html	false	05c3f465e7987e8d7caa7e214fedddd90415a922	1237	categorical_regression	bambi	scripts/examples/bambi.jl	species ~ sepal_length + sepal_width + petal_length + petal_width	true	Categorical Regression — Iris Species	species ~ sepal_length + sepal_width + petal_length + petal_width	inferred-from-description	50	false		categorical_regression	exact-metadata		unresolved	ordinary_brm	direct population/likelihood route when the family and terms are supported	unresolved-family		family is not explicit or defensibly inferred	species,sepal_length,sepal_width,petal_length,petal_width		synthetic n=12; positive continuous predictors; integer groups; family-valid outcome
categorical_iris	true	categorical	https://vincentarelbundock.github.io/Rdatasets/csv/datasets/iris.csv	https://bambinos.github.io/bambi/notebooks/categorical_regression.html	false	05c3f465e7987e8d7caa7e214fedddd90415a922	1237	categorical_regression	bambi	scripts/examples/bambi.jl	species ~ sepal_length + sepal_width + petal_length + petal_width	true	Categorical Regression — Iris Species	species ~ sepal_length + sepal_width + petal_length + petal_width	inferred-from-description	50	false		categorical_regression	inferred-family	categorical	inferred-from-description	ordinary_brm	direct population/likelihood route when the family and terms are supported	unsupported		likelihood family `categorical` has no semantics-preserving current translation	species,sepal_length,sepal_width,petal_length,petal_width		synthetic n=12; positive continuous predictors; integer groups; family-valid outcome
categorical_alligator	true	categorical	synthetic	https://bambinos.github.io/bambi/notebooks/categorical_regression.html	false	05c3f465e7987e8d7caa7e214fedddd90415a922	1256	categorical_regression	bambi	scripts/examples/bambi.jl	choice ~ length + sex	true	Categorical Regression — Alligator Food Choice	choice ~ length + sex	inferred-from-description	51	false		categorical_alligator	exact-metadata		unresolved	ordinary_brm	direct population/likelihood route when the family and terms are supported	unresolved-family		family is not explicit or defensibly inferred	choice,length,sex		synthetic n=12; positive continuous predictors; integer groups; family-valid outcome
categorical_alligator	true	categorical	synthetic	https://bambinos.github.io/bambi/notebooks/categorical_regression.html	false	05c3f465e7987e8d7caa7e214fedddd90415a922	1256	categorical_regression	bambi	scripts/examples/bambi.jl	choice ~ length + sex	true	Categorical Regression — Alligator Food Choice	choice ~ length + sex	inferred-from-description	51	false		categorical_alligator	inferred-family	categorical	inferred-from-description	ordinary_brm	direct population/likelihood route when the family and terms are supported	unsupported		likelihood family `categorical` has no semantics-preserving current translation	choice,length,sex		synthetic n=12; positive continuous predictors; integer groups; family-valid outcome
circular_vonmises	true	vonmises	https://ndownloader.figshare.com/files/34446077	https://bambinos.github.io/bambi/notebooks/circular_regression.html	false	05c3f465e7987e8d7caa7e214fedddd90415a922	1288	circular_regression	bambi	scripts/examples/bambi.jl	direction ~ distance	true	Circular Regression — Von Mises Family	direction ~ distance	inferred-from-description	52	false		circular_regression	exact-metadata		unresolved	ordinary_brm	direct population/likelihood route when the family and terms are supported	unresolved-family		family is not explicit or defensibly inferred	direction,distance		synthetic n=12; positive continuous predictors; integer groups; family-valid outcome
circular_vonmises	true	vonmises	https://ndownloader.figshare.com/files/34446077	https://bambinos.github.io/bambi/notebooks/circular_regression.html	false	05c3f465e7987e8d7caa7e214fedddd90415a922	1288	circular_regression	bambi	scripts/examples/bambi.jl	direction ~ distance	true	Circular Regression — Von Mises Family	direction ~ distance	inferred-from-description	52	false		circular_regression	inferred-family	vonmises	inferred-from-description	ordinary_brm	direct population/likelihood route when the family and terms are supported	unsupported		likelihood family `vonmises` has no semantics-preserving current translation	direction,distance		synthetic n=12; positive continuous predictors; integer groups; family-valid outcome
circular_gaussian	true	gaussian	https://ndownloader.figshare.com/files/34446077	https://bambinos.github.io/bambi/notebooks/circular_regression.html	false	05c3f465e7987e8d7caa7e214fedddd90415a922	1304	circular_regression	bambi	scripts/examples/bambi.jl	direction ~ distance	true	Circular Regression — Gaussian Comparison	direction ~ distance	inferred-from-description	53	false		circular_regression	exact-metadata		unresolved	ordinary_brm	direct population/likelihood route when the family and terms are supported	unresolved-family		family is not explicit or defensibly inferred	direction,distance		synthetic n=12; positive continuous predictors; integer groups; family-valid outcome
circular_gaussian	true	gaussian	https://ndownloader.figshare.com/files/34446077	https://bambinos.github.io/bambi/notebooks/circular_regression.html	false	05c3f465e7987e8d7caa7e214fedddd90415a922	1304	circular_regression	bambi	scripts/examples/bambi.jl	direction ~ distance	true	Circular Regression — Gaussian Comparison	direction ~ distance	inferred-from-description	53	false		circular_regression	inferred-family	gaussian	inferred-from-description	ordinary_brm	direct population/likelihood route when the family and terms are supported	ready	loc ~ distance\nlog(sigma) ~ 1\ndirection ~ Normal(loc, sigma)	explicit Normal likelihood; residual scale estimated on log scale	direction,distance		synthetic n=12; positive continuous predictors; integer groups; family-valid outcome
quantile_p10	true	asymmetriclaplace	https://raw.githubusercontent.com/bambinos/bambi/main/docs/notebooks/data/bmi.csv	https://bambinos.github.io/bambi/notebooks/quantile_regression.html	false	05c3f465e7987e8d7caa7e214fedddd90415a922	1332	quantile_regression	bambi	scripts/examples/bambi.jl	bmi ~ bs(age, knots=knots)	true	Quantile Regression — p10 (Asymmetric Laplace)	bmi ~ bs(age, knots=knots)	inferred-from-description	54	false		quantile_regression	exact-metadata		unresolved	ordinary_brm	direct population/likelihood route when the family and terms are supported	unresolved-family		family is not explicit or defensibly inferred	bmi,age		synthetic n=12; positive continuous predictors; integer groups; family-valid outcome
quantile_p10	true	asymmetriclaplace	https://raw.githubusercontent.com/bambinos/bambi/main/docs/notebooks/data/bmi.csv	https://bambinos.github.io/bambi/notebooks/quantile_regression.html	false	05c3f465e7987e8d7caa7e214fedddd90415a922	1332	quantile_regression	bambi	scripts/examples/bambi.jl	bmi ~ bs(age, knots=knots)	true	Quantile Regression — p10 (Asymmetric Laplace)	bmi ~ bs(age, knots=knots)	inferred-from-description	54	false		quantile_regression	inferred-family	asymmetriclaplace	inferred-from-description	ordinary_brm	direct population/likelihood route when the family and terms are supported	unsupported		bs(...) arguments do not map mechanically to current s(...) semantics	bmi,age		synthetic n=12; positive continuous predictors; integer groups; family-valid outcome
quantile_p50	true	asymmetriclaplace	https://raw.githubusercontent.com/bambinos/bambi/main/docs/notebooks/data/bmi.csv	https://bambinos.github.io/bambi/notebooks/quantile_regression.html	false	05c3f465e7987e8d7caa7e214fedddd90415a922	1347	quantile_regression	bambi	scripts/examples/bambi.jl	bmi ~ bs(age, knots=knots)	true	Quantile Regression — p50 (Asymmetric Laplace)	bmi ~ bs(age, knots=knots)	inferred-from-description	55	false		quantile_regression	exact-metadata		unresolved	ordinary_brm	direct population/likelihood route when the family and terms are supported	unresolved-family		family is not explicit or defensibly inferred	bmi,age		synthetic n=12; positive continuous predictors; integer groups; family-valid outcome
quantile_p50	true	asymmetriclaplace	https://raw.githubusercontent.com/bambinos/bambi/main/docs/notebooks/data/bmi.csv	https://bambinos.github.io/bambi/notebooks/quantile_regression.html	false	05c3f465e7987e8d7caa7e214fedddd90415a922	1347	quantile_regression	bambi	scripts/examples/bambi.jl	bmi ~ bs(age, knots=knots)	true	Quantile Regression — p50 (Asymmetric Laplace)	bmi ~ bs(age, knots=knots)	inferred-from-description	55	false		quantile_regression	inferred-family	asymmetriclaplace	inferred-from-description	ordinary_brm	direct population/likelihood route when the family and terms are supported	unsupported		bs(...) arguments do not map mechanically to current s(...) semantics	bmi,age		synthetic n=12; positive continuous predictors; integer groups; family-valid outcome
quantile_p90	true	asymmetriclaplace	https://raw.githubusercontent.com/bambinos/bambi/main/docs/notebooks/data/bmi.csv	https://bambinos.github.io/bambi/notebooks/quantile_regression.html	false	05c3f465e7987e8d7caa7e214fedddd90415a922	1363	quantile_regression	bambi	scripts/examples/bambi.jl	bmi ~ bs(age, knots=knots)	true	Quantile Regression — p90 (Asymmetric Laplace)	bmi ~ bs(age, knots=knots)	inferred-from-description	56	false		quantile_regression	exact-metadata		unresolved	ordinary_brm	direct population/likelihood route when the family and terms are supported	unresolved-family		family is not explicit or defensibly inferred	bmi,age		synthetic n=12; positive continuous predictors; integer groups; family-valid outcome
quantile_p90	true	asymmetriclaplace	https://raw.githubusercontent.com/bambinos/bambi/main/docs/notebooks/data/bmi.csv	https://bambinos.github.io/bambi/notebooks/quantile_regression.html	false	05c3f465e7987e8d7caa7e214fedddd90415a922	1363	quantile_regression	bambi	scripts/examples/bambi.jl	bmi ~ bs(age, knots=knots)	true	Quantile Regression — p90 (Asymmetric Laplace)	bmi ~ bs(age, knots=knots)	inferred-from-description	56	false		quantile_regression	inferred-family	asymmetriclaplace	inferred-from-description	ordinary_brm	direct population/likelihood route when the family and terms are supported	unsupported		bs(...) arguments do not map mechanically to current s(...) semantics	bmi,age		synthetic n=12; positive continuous predictors; integer groups; family-valid outcome
quantile_gaussian	true	gaussian	https://raw.githubusercontent.com/bambinos/bambi/main/docs/notebooks/data/bmi.csv	https://bambinos.github.io/bambi/notebooks/quantile_regression.html	false	05c3f465e7987e8d7caa7e214fedddd90415a922	1378	quantile_regression	bambi	scripts/examples/bambi.jl	bmi ~ bs(age, knots=knots)	true	Quantile Regression — Gaussian Comparison	bmi ~ bs(age, knots=knots)	inferred-from-description	57	false		quantile_regression	exact-metadata		unresolved	ordinary_brm	direct population/likelihood route when the family and terms are supported	unresolved-family		family is not explicit or defensibly inferred	bmi,age		synthetic n=12; positive continuous predictors; integer groups; family-valid outcome
quantile_gaussian	true	gaussian	https://raw.githubusercontent.com/bambinos/bambi/main/docs/notebooks/data/bmi.csv	https://bambinos.github.io/bambi/notebooks/quantile_regression.html	false	05c3f465e7987e8d7caa7e214fedddd90415a922	1378	quantile_regression	bambi	scripts/examples/bambi.jl	bmi ~ bs(age, knots=knots)	true	Quantile Regression — Gaussian Comparison	bmi ~ bs(age, knots=knots)	inferred-from-description	57	false		quantile_regression	inferred-family	gaussian	inferred-from-description	ordinary_brm	direct population/likelihood route when the family and terms are supported	unsupported		bs(...) arguments do not map mechanically to current s(...) semantics	bmi,age		synthetic n=12; positive continuous predictors; integer groups; family-valid outcome
mister_p	true	binomial	https://dataverse.harvard.edu/	https://bambinos.github.io/bambi/notebooks/mister_p.html	false	05c3f465e7987e8d7caa7e214fedddd90415a922	1412	mister_p	bambi	scripts/examples/bambi.jl	p(abortion, n) ~ male + repvote + (1|state) + (1|eth) + (1|edu) + (1|male:eth) + (1|edu:age) + (1|edu:eth)	true	MrP — Multilevel Regression and Post-Stratification	p(abortion, n) ~ male + repvote + (1|state) + (1|eth) + (1|edu) + (1|male:eth) + (1|edu:age) + (1|edu:eth)	inferred-from-description	58	false		mister_p	exact-metadata		unresolved	ordinary_brm	direct population/likelihood route when the family and terms are supported	unresolved-family		family is not explicit or defensibly inferred	abortion,n,male,repvote,state,eth,edu,age	state,eth,edu,male	synthetic n=12; positive continuous predictors; integer groups; family-valid outcome
mister_p	true	binomial	https://dataverse.harvard.edu/	https://bambinos.github.io/bambi/notebooks/mister_p.html	false	05c3f465e7987e8d7caa7e214fedddd90415a922	1412	mister_p	bambi	scripts/examples/bambi.jl	p(abortion, n) ~ male + repvote + (1|state) + (1|eth) + (1|edu) + (1|male:eth) + (1|edu:age) + (1|edu:eth)	true	MrP — Multilevel Regression and Post-Stratification	p(abortion, n) ~ male + repvote + (1|state) + (1|eth) + (1|edu) + (1|male:eth) + (1|edu:age) + (1|edu:eth)	inferred-from-description	58	false		mister_p	inferred-family	binomial	inferred-from-description	ordinary_brm	direct population/likelihood route when the family and terms are supported	unsupported		nested/composite grouping factors require an explicit derived group id or reviewed gr(...; by=...) design	abortion,n,male,repvote,state,eth,edu,age	state,eth,edu,male	synthetic n=12; positive continuous predictors; integer groups; family-valid outcome
zip_mu	true	zero_inflated_poisson	https://stats.idre.ucla.edu/stat/data/fish.csv	https://bambinos.github.io/bambi/notebooks/zero_inflated_regression.html	false	05c3f465e7987e8d7caa7e214fedddd90415a922	1443	zero_inflated	bambi	scripts/examples/bambi.jl	count ~ livebait + camper + persons + child	true	Zero Inflated Poisson — Mu Component	count ~ livebait + camper + persons + child	inferred-from-description	59	false		zero_inflated	exact-metadata		unresolved	ordinary_brm	direct population/likelihood route when the family and terms are supported	unresolved-family		family is not explicit or defensibly inferred	count,livebait,camper,persons,child		synthetic n=12; positive continuous predictors; integer groups; family-valid outcome
zip_mu	true	zero_inflated_poisson	https://stats.idre.ucla.edu/stat/data/fish.csv	https://bambinos.github.io/bambi/notebooks/zero_inflated_regression.html	false	05c3f465e7987e8d7caa7e214fedddd90415a922	1443	zero_inflated	bambi	scripts/examples/bambi.jl	count ~ livebait + camper + persons + child	true	Zero Inflated Poisson — Mu Component	count ~ livebait + camper + persons + child	inferred-from-description	59	false		zero_inflated	inferred-family	zero_inflated_poisson	inferred-from-description	ordinary_brm	direct population/likelihood route when the family and terms are supported	unsupported		row does not authoritatively pair the mean and zero-inflation submodels	count,livebait,camper,persons,child		synthetic n=12; positive continuous predictors; integer groups; family-valid outcome
zip_psi	true	zero_inflated_poisson	https://stats.idre.ucla.edu/stat/data/fish.csv	https://bambinos.github.io/bambi/notebooks/zero_inflated_regression.html	false	05c3f465e7987e8d7caa7e214fedddd90415a922	1458	zero_inflated	bambi	scripts/examples/bambi.jl	psi ~ livebait + camper + persons + child	true	Zero Inflated Poisson — Psi Component	psi ~ livebait + camper + persons + child	inferred-from-description	60	false		zero_inflated	exact-metadata		unresolved	ordinary_brm	direct population/likelihood route when the family and terms are supported	unresolved-family		family is not explicit or defensibly inferred	psi,livebait,camper,persons,child		synthetic n=12; positive continuous predictors; integer groups; family-valid outcome
zip_psi	true	zero_inflated_poisson	https://stats.idre.ucla.edu/stat/data/fish.csv	https://bambinos.github.io/bambi/notebooks/zero_inflated_regression.html	false	05c3f465e7987e8d7caa7e214fedddd90415a922	1458	zero_inflated	bambi	scripts/examples/bambi.jl	psi ~ livebait + camper + persons + child	true	Zero Inflated Poisson — Psi Component	psi ~ livebait + camper + persons + child	inferred-from-description	60	false		zero_inflated	inferred-family	zero_inflated_poisson	inferred-from-description	ordinary_brm	direct population/likelihood route when the family and terms are supported	unsupported		row does not authoritatively pair the mean and zero-inflation submodels	psi,livebait,camper,persons,child		synthetic n=12; positive continuous predictors; integer groups; family-valid outcome
hurdle_mu	true	hurdle_poisson	https://stats.idre.ucla.edu/stat/data/fish.csv	https://bambinos.github.io/bambi/notebooks/zero_inflated_regression.html	false	05c3f465e7987e8d7caa7e214fedddd90415a922	1473	zero_inflated	bambi	scripts/examples/bambi.jl	count ~ livebait + camper + persons + child	true	Hurdle Poisson — Mu Component	count ~ livebait + camper + persons + child	inferred-from-description	61	false		zero_inflated	exact-metadata		unresolved	ordinary_brm	direct population/likelihood route when the family and terms are supported	unresolved-family		family is not explicit or defensibly inferred	count,livebait,camper,persons,child		synthetic n=12; positive continuous predictors; integer groups; family-valid outcome
hurdle_mu	true	hurdle_poisson	https://stats.idre.ucla.edu/stat/data/fish.csv	https://bambinos.github.io/bambi/notebooks/zero_inflated_regression.html	false	05c3f465e7987e8d7caa7e214fedddd90415a922	1473	zero_inflated	bambi	scripts/examples/bambi.jl	count ~ livebait + camper + persons + child	true	Hurdle Poisson — Mu Component	count ~ livebait + camper + persons + child	inferred-from-description	61	false		zero_inflated	inferred-family	hurdle_poisson	inferred-from-description	ordinary_brm	direct population/likelihood route when the family and terms are supported	unsupported		likelihood family `hurdle_poisson` has no semantics-preserving current translation	count,livebait,camper,persons,child		synthetic n=12; positive continuous predictors; integer groups; family-valid outcome
hurdle_psi	true	hurdle_poisson	https://stats.idre.ucla.edu/stat/data/fish.csv	https://bambinos.github.io/bambi/notebooks/zero_inflated_regression.html	false	05c3f465e7987e8d7caa7e214fedddd90415a922	1488	zero_inflated	bambi	scripts/examples/bambi.jl	psi ~ livebait + camper + persons + child	true	Hurdle Poisson — Psi Component	psi ~ livebait + camper + persons + child	inferred-from-description	62	false		zero_inflated	exact-metadata		unresolved	ordinary_brm	direct population/likelihood route when the family and terms are supported	unresolved-family		family is not explicit or defensibly inferred	psi,livebait,camper,persons,child		synthetic n=12; positive continuous predictors; integer groups; family-valid outcome
hurdle_psi	true	hurdle_poisson	https://stats.idre.ucla.edu/stat/data/fish.csv	https://bambinos.github.io/bambi/notebooks/zero_inflated_regression.html	false	05c3f465e7987e8d7caa7e214fedddd90415a922	1488	zero_inflated	bambi	scripts/examples/bambi.jl	psi ~ livebait + camper + persons + child	true	Hurdle Poisson — Psi Component	psi ~ livebait + camper + persons + child	inferred-from-description	62	false		zero_inflated	inferred-family	hurdle_poisson	inferred-from-description	ordinary_brm	direct population/likelihood route when the family and terms are supported	unsupported		likelihood family `hurdle_poisson` has no semantics-preserving current translation	psi,livebait,camper,persons,child		synthetic n=12; positive continuous predictors; integer groups; family-valid outcome
ordinal_trolley_intercept	true	cumulative	https://raw.githubusercontent.com/rmcelreath/rethinking/master/data/Trolley.csv	https://bambinos.github.io/bambi/notebooks/ordinal_regression.html	false	05c3f465e7987e8d7caa7e214fedddd90415a922	1536	ordinal_regression	bambi	scripts/examples/bambi.jl	response ~ 0	true	Ordinal Regression — Trolley Intercept Only	response ~ 0	inferred-from-description	63	false		ordinal_regression	exact-metadata		unresolved	ordinary_brm	direct population/likelihood route when the family and terms are supported	unresolved-family		family is not explicit or defensibly inferred	response		synthetic n=12; positive continuous predictors; integer groups; family-valid outcome
ordinal_trolley_intercept	true	cumulative	https://raw.githubusercontent.com/rmcelreath/rethinking/master/data/Trolley.csv	https://bambinos.github.io/bambi/notebooks/ordinal_regression.html	false	05c3f465e7987e8d7caa7e214fedddd90415a922	1536	ordinal_regression	bambi	scripts/examples/bambi.jl	response ~ 0	true	Ordinal Regression — Trolley Intercept Only	response ~ 0	inferred-from-description	63	false		ordinal_regression	inferred-family	cumulative	inferred-from-description	ordinary_brm	direct population/likelihood route when the family and terms are supported	unsupported		likelihood family `cumulative` has no semantics-preserving current translation	response		synthetic n=12; positive continuous predictors; integer groups; family-valid outcome
ordinal_trolley_effects	true	cumulative	https://raw.githubusercontent.com/rmcelreath/rethinking/master/data/Trolley.csv	https://bambinos.github.io/bambi/notebooks/ordinal_regression.html	false	05c3f465e7987e8d7caa7e214fedddd90415a922	1552	ordinal_regression	bambi	scripts/examples/bambi.jl	response ~ 0 + action + intention + contact + action:intention + contact:intention	true	Ordinal Regression — Trolley Action/Intention/Contact	response ~ 0 + action + intention + contact + action:intention + contact:intention	inferred-from-description	64	false		ordinal_regression	exact-metadata		unresolved	ordinary_brm	direct population/likelihood route when the family and terms are supported	unresolved-family		family is not explicit or defensibly inferred	response,action,intention,contact		synthetic n=12; positive continuous predictors; integer groups; family-valid outcome
ordinal_trolley_effects	true	cumulative	https://raw.githubusercontent.com/rmcelreath/rethinking/master/data/Trolley.csv	https://bambinos.github.io/bambi/notebooks/ordinal_regression.html	false	05c3f465e7987e8d7caa7e214fedddd90415a922	1552	ordinal_regression	bambi	scripts/examples/bambi.jl	response ~ 0 + action + intention + contact + action:intention + contact:intention	true	Ordinal Regression — Trolley Action/Intention/Contact	response ~ 0 + action + intention + contact + action:intention + contact:intention	inferred-from-description	64	false		ordinal_regression	inferred-family	cumulative	inferred-from-description	ordinary_brm	direct population/likelihood route when the family and terms are supported	unsupported		likelihood family `cumulative` has no semantics-preserving current translation	response,action,intention,contact		synthetic n=12; positive continuous predictors; integer groups; family-valid outcome
ordinal_hr_years	true	sratio	https://raw.githubusercontent.com/bambinos/bambi/main/docs/notebooks/data/hr_employee_attrition.tsv.txt	https://bambinos.github.io/bambi/notebooks/ordinal_regression.html	false	05c3f465e7987e8d7caa7e214fedddd90415a922	1568	ordinal_regression	bambi	scripts/examples/bambi.jl	YearsAtCompany ~ 0 + TotalWorkingYears	true	Ordinal Regression — HR Years at Company	YearsAtCompany ~ 0 + TotalWorkingYears	inferred-from-description	65	false		hr_attrition	exact-metadata		unresolved	ordinary_brm	direct population/likelihood route when the family and terms are supported	unresolved-family		family is not explicit or defensibly inferred	YearsAtCompany,TotalWorkingYears		synthetic n=12; positive continuous predictors; integer groups; family-valid outcome
ordinal_hr_years	true	sratio	https://raw.githubusercontent.com/bambinos/bambi/main/docs/notebooks/data/hr_employee_attrition.tsv.txt	https://bambinos.github.io/bambi/notebooks/ordinal_regression.html	false	05c3f465e7987e8d7caa7e214fedddd90415a922	1568	ordinal_regression	bambi	scripts/examples/bambi.jl	YearsAtCompany ~ 0 + TotalWorkingYears	true	Ordinal Regression — HR Years at Company	YearsAtCompany ~ 0 + TotalWorkingYears	inferred-from-description	65	false		hr_attrition	inferred-family	sratio	inferred-from-description	ordinary_brm	direct population/likelihood route when the family and terms are supported	unsupported		likelihood family `sratio` has no semantics-preserving current translation	YearsAtCompany,TotalWorkingYears		synthetic n=12; positive continuous predictors; integer groups; family-valid outcome
distributional_const_alpha	true	gamma	synthetic	https://bambinos.github.io/bambi/notebooks/distributional_models.html	false	05c3f465e7987e8d7caa7e214fedddd90415a922	1614	distributional_models	bambi	scripts/examples/bambi.jl	y ~ x	true	Distributional Models — Constant Alpha	y ~ x	inferred-from-description	66	false		distributional_synth	exact-metadata		unresolved	ordinary_brm	direct population/likelihood route when the family and terms are supported	unresolved-family		family is not explicit or defensibly inferred	y,x		synthetic n=12; positive continuous predictors; integer groups; family-valid outcome
distributional_const_alpha	true	gamma	synthetic	https://bambinos.github.io/bambi/notebooks/distributional_models.html	false	05c3f465e7987e8d7caa7e214fedddd90415a922	1614	distributional_models	bambi	scripts/examples/bambi.jl	y ~ x	true	Distributional Models — Constant Alpha	y ~ x	inferred-from-description	66	false		distributional_synth	inferred-family	gamma	inferred-from-description	ordinary_brm	direct population/likelihood route when the family and terms are supported	ready	log(mu) ~ x\nlog(shape) ~ 1\nrate = shape / mu\ny ~ Gamma(shape, rate)	mean/shape gamma model converted to Distributions shape/rate	y,x		synthetic n=12; positive continuous predictors; integer groups; family-valid outcome
distributional_var_alpha	true	gamma	synthetic	https://bambinos.github.io/bambi/notebooks/distributional_models.html	false	05c3f465e7987e8d7caa7e214fedddd90415a922	1629	distributional_models	bambi	scripts/examples/bambi.jl	y ~ x  +  alpha ~ x	true	Distributional Models — Varying Alpha	y ~ x  +  alpha ~ x	inferred-from-description	67	false		distributional_synth	exact-metadata		unresolved	ordinary_brm	direct population/likelihood route when the family and terms are supported	unresolved-family		family is not explicit or defensibly inferred	y,x,alpha		synthetic n=12; positive continuous predictors; integer groups; family-valid outcome
distributional_var_alpha	true	gamma	synthetic	https://bambinos.github.io/bambi/notebooks/distributional_models.html	false	05c3f465e7987e8d7caa7e214fedddd90415a922	1629	distributional_models	bambi	scripts/examples/bambi.jl	y ~ x  +  alpha ~ x	true	Distributional Models — Varying Alpha	y ~ x  +  alpha ~ x	inferred-from-description	67	false		distributional_synth	inferred-family	gamma	inferred-from-description	ordinary_brm	direct population/likelihood route when the family and terms are supported	unsupported		formula is not one top-level response formula	y,x,alpha		synthetic n=12; positive continuous predictors; integer groups; family-valid outcome
distributional_bikes	true	gamma	https://ndownloader.figshare.com/files/38737026	https://bambinos.github.io/bambi/notebooks/distributional_models.html	false	05c3f465e7987e8d7caa7e214fedddd90415a922	1645	distributional_models	bambi	scripts/examples/bambi.jl	count ~ 0 + bs(hour, 8, intercept=True)  +  alpha ~ 0 + bs(hour, 8, intercept=True)	true	Distributional Models — Bikes Spline	count ~ 0 + bs(hour, 8, intercept=True)  +  alpha ~ 0 + bs(hour, 8, intercept=True)	inferred-from-description	68	false		distributional_models	exact-metadata		unresolved	ordinary_brm	direct population/likelihood route when the family and terms are supported	unresolved-family		family is not explicit or defensibly inferred	count,hour,True,alpha		synthetic n=12; positive continuous predictors; integer groups; family-valid outcome
distributional_bikes	true	gamma	https://ndownloader.figshare.com/files/38737026	https://bambinos.github.io/bambi/notebooks/distributional_models.html	false	05c3f465e7987e8d7caa7e214fedddd90415a922	1645	distributional_models	bambi	scripts/examples/bambi.jl	count ~ 0 + bs(hour, 8, intercept=True)  +  alpha ~ 0 + bs(hour, 8, intercept=True)	true	Distributional Models — Bikes Spline	count ~ 0 + bs(hour, 8, intercept=True)  +  alpha ~ 0 + bs(hour, 8, intercept=True)	inferred-from-description	68	false		distributional_models	inferred-family	gamma	inferred-from-description	ordinary_brm	direct population/likelihood route when the family and terms are supported	unsupported		formula is not one top-level response formula	count,hour,True,alpha		synthetic n=12; positive continuous predictors; integer groups; family-valid outcome
hsgp_1d_basic	true	gaussian	synthetic	https://bambinos.github.io/bambi/notebooks/hsgp_1d.html	false	05c3f465e7987e8d7caa7e214fedddd90415a922	1693	hsgp_1d	bambi	scripts/examples/bambi.jl	y ~ 0 + hsgp(x, m=10, c=2)	true	HSGP 1D — Basic	y ~ 0 + hsgp(x, m=10, c=2)	inferred-from-description	69	false		hsgp_1d	exact-metadata		unresolved	ordinary_brm	direct population/likelihood route when the family and terms are supported	unresolved-family		family is not explicit or defensibly inferred	y,x		synthetic n=12; positive continuous predictors; integer groups; family-valid outcome
hsgp_1d_basic	true	gaussian	synthetic	https://bambinos.github.io/bambi/notebooks/hsgp_1d.html	false	05c3f465e7987e8d7caa7e214fedddd90415a922	1693	hsgp_1d	bambi	scripts/examples/bambi.jl	y ~ 0 + hsgp(x, m=10, c=2)	true	HSGP 1D — Basic	y ~ 0 + hsgp(x, m=10, c=2)	inferred-from-description	69	false		hsgp_1d	inferred-family	gaussian	inferred-from-description	ordinary_brm	direct population/likelihood route when the family and terms are supported	unsupported		multi-axis/multi-argument hsgp does not map to current one-input gp(...)	y,x		synthetic n=12; positive continuous predictors; integer groups; family-valid outcome
hsgp_1d_centered	true	gaussian	synthetic	https://bambinos.github.io/bambi/notebooks/hsgp_1d.html	false	05c3f465e7987e8d7caa7e214fedddd90415a922	1708	hsgp_1d	bambi	scripts/examples/bambi.jl	y ~ 0 + hsgp(x, m=10, c=2, centered=True)	true	HSGP 1D — Centered Parameterization	y ~ 0 + hsgp(x, m=10, c=2, centered=True)	inferred-from-description	70	false		hsgp_1d	exact-metadata		unresolved	ordinary_brm	direct population/likelihood route when the family and terms are supported	unresolved-family		family is not explicit or defensibly inferred	y,x,True		synthetic n=12; positive continuous predictors; integer groups; family-valid outcome
hsgp_1d_centered	true	gaussian	synthetic	https://bambinos.github.io/bambi/notebooks/hsgp_1d.html	false	05c3f465e7987e8d7caa7e214fedddd90415a922	1708	hsgp_1d	bambi	scripts/examples/bambi.jl	y ~ 0 + hsgp(x, m=10, c=2, centered=True)	true	HSGP 1D — Centered Parameterization	y ~ 0 + hsgp(x, m=10, c=2, centered=True)	inferred-from-description	70	false		hsgp_1d	inferred-family	gaussian	inferred-from-description	ordinary_brm	direct population/likelihood route when the family and terms are supported	unsupported		multi-axis/multi-argument hsgp does not map to current one-input gp(...)	y,x,True		synthetic n=12; positive continuous predictors; integer groups; family-valid outcome
hsgp_1d_by_group	true	gaussian	https://raw.githubusercontent.com/bambinos/bambi/main/docs/notebooks/data/gam_data.csv	https://bambinos.github.io/bambi/notebooks/hsgp_1d.html	false	05c3f465e7987e8d7caa7e214fedddd90415a922	1723	hsgp_1d	bambi	scripts/examples/bambi.jl	y ~ 0 + hsgp(x2, by=fac, m=12, c=1.5)	true	HSGP 1D — By Group (Shared Covariance)	y ~ 0 + hsgp(x2, by=fac, m=12, c=1.5)	inferred-from-description	71	false		gam_data	exact-metadata		unresolved	ordinary_brm	direct population/likelihood route when the family and terms are supported	unresolved-family		family is not explicit or defensibly inferred	y,x2,fac		synthetic n=12; positive continuous predictors; integer groups; family-valid outcome
hsgp_1d_by_group	true	gaussian	https://raw.githubusercontent.com/bambinos/bambi/main/docs/notebooks/data/gam_data.csv	https://bambinos.github.io/bambi/notebooks/hsgp_1d.html	false	05c3f465e7987e8d7caa7e214fedddd90415a922	1723	hsgp_1d	bambi	scripts/examples/bambi.jl	y ~ 0 + hsgp(x2, by=fac, m=12, c=1.5)	true	HSGP 1D — By Group (Shared Covariance)	y ~ 0 + hsgp(x2, by=fac, m=12, c=1.5)	inferred-from-description	71	false		gam_data	inferred-family	gaussian	inferred-from-description	ordinary_brm	direct population/likelihood route when the family and terms are supported	unsupported		multi-axis/multi-argument hsgp does not map to current one-input gp(...)	y,x2,fac		synthetic n=12; positive continuous predictors; integer groups; family-valid outcome
hsgp_1d_nocov	true	gaussian	https://raw.githubusercontent.com/bambinos/bambi/main/docs/notebooks/data/gam_data.csv	https://bambinos.github.io/bambi/notebooks/hsgp_1d.html	false	05c3f465e7987e8d7caa7e214fedddd90415a922	1739	hsgp_1d	bambi	scripts/examples/bambi.jl	y ~ 0 + hsgp(x2, by=fac, m=12, c=1.5, share_cov=False)	true	HSGP 1D — By Group (No Shared Covariance)	y ~ 0 + hsgp(x2, by=fac, m=12, c=1.5, share_cov=False)	inferred-from-description	72	false		gam_data	exact-metadata		unresolved	ordinary_brm	direct population/likelihood route when the family and terms are supported	unresolved-family		family is not explicit or defensibly inferred	y,x2,fac,False		synthetic n=12; positive continuous predictors; integer groups; family-valid outcome
hsgp_1d_nocov	true	gaussian	https://raw.githubusercontent.com/bambinos/bambi/main/docs/notebooks/data/gam_data.csv	https://bambinos.github.io/bambi/notebooks/hsgp_1d.html	false	05c3f465e7987e8d7caa7e214fedddd90415a922	1739	hsgp_1d	bambi	scripts/examples/bambi.jl	y ~ 0 + hsgp(x2, by=fac, m=12, c=1.5, share_cov=False)	true	HSGP 1D — By Group (No Shared Covariance)	y ~ 0 + hsgp(x2, by=fac, m=12, c=1.5, share_cov=False)	inferred-from-description	72	false		gam_data	inferred-family	gaussian	inferred-from-description	ordinary_brm	direct population/likelihood route when the family and terms are supported	unsupported		multi-axis/multi-argument hsgp does not map to current one-input gp(...)	y,x2,fac,False		synthetic n=12; positive continuous predictors; integer groups; family-valid outcome
hsgp_2d_iso	true	gaussian	synthetic	https://bambinos.github.io/bambi/notebooks/hsgp_2d.html	false	05c3f465e7987e8d7caa7e214fedddd90415a922	1789	hsgp_2d	bambi	scripts/examples/bambi.jl	outcome ~ 0 + hsgp(x, y, c=1.5, m=10)	true	HSGP 2D — Isotropic	outcome ~ 0 + hsgp(x, y, c=1.5, m=10)	inferred-from-description	73	false		hsgp_2d	exact-metadata		unresolved	ordinary_brm	direct population/likelihood route when the family and terms are supported	unresolved-family		family is not explicit or defensibly inferred	outcome,x,y		synthetic n=12; positive continuous predictors; integer groups; family-valid outcome
hsgp_2d_iso	true	gaussian	synthetic	https://bambinos.github.io/bambi/notebooks/hsgp_2d.html	false	05c3f465e7987e8d7caa7e214fedddd90415a922	1789	hsgp_2d	bambi	scripts/examples/bambi.jl	outcome ~ 0 + hsgp(x, y, c=1.5, m=10)	true	HSGP 2D — Isotropic	outcome ~ 0 + hsgp(x, y, c=1.5, m=10)	inferred-from-description	73	false		hsgp_2d	inferred-family	gaussian	inferred-from-description	ordinary_brm	direct population/likelihood route when the family and terms are supported	unsupported		multi-axis/multi-argument hsgp does not map to current one-input gp(...)	outcome,x,y		synthetic n=12; positive continuous predictors; integer groups; family-valid outcome
hsgp_2d_by_group	true	gaussian	synthetic	https://bambinos.github.io/bambi/notebooks/hsgp_2d.html	false	05c3f465e7987e8d7caa7e214fedddd90415a922	1804	hsgp_2d	bambi	scripts/examples/bambi.jl	outcome ~ 0 + hsgp(x, y, by=group, c=1.5, m=10)	true	HSGP 2D — By Group (Shared Covariance)	outcome ~ 0 + hsgp(x, y, by=group, c=1.5, m=10)	inferred-from-description	74	false		hsgp_2d	exact-metadata		unresolved	ordinary_brm	direct population/likelihood route when the family and terms are supported	unresolved-family		family is not explicit or defensibly inferred	outcome,x,y,group		synthetic n=12; positive continuous predictors; integer groups; family-valid outcome
hsgp_2d_by_group	true	gaussian	synthetic	https://bambinos.github.io/bambi/notebooks/hsgp_2d.html	false	05c3f465e7987e8d7caa7e214fedddd90415a922	1804	hsgp_2d	bambi	scripts/examples/bambi.jl	outcome ~ 0 + hsgp(x, y, by=group, c=1.5, m=10)	true	HSGP 2D — By Group (Shared Covariance)	outcome ~ 0 + hsgp(x, y, by=group, c=1.5, m=10)	inferred-from-description	74	false		hsgp_2d	inferred-family	gaussian	inferred-from-description	ordinary_brm	direct population/likelihood route when the family and terms are supported	unsupported		multi-axis/multi-argument hsgp does not map to current one-input gp(...)	outcome,x,y,group		synthetic n=12; positive continuous predictors; integer groups; family-valid outcome
hsgp_2d_nocov	true	gaussian	synthetic	https://bambinos.github.io/bambi/notebooks/hsgp_2d.html	false	05c3f465e7987e8d7caa7e214fedddd90415a922	1819	hsgp_2d	bambi	scripts/examples/bambi.jl	outcome ~ 0 + hsgp(x, y, by=group, c=1.5, m=10, share_cov=False)	true	HSGP 2D — By Group (No Shared Covariance)	outcome ~ 0 + hsgp(x, y, by=group, c=1.5, m=10, share_cov=False)	inferred-from-description	75	false		hsgp_2d	exact-metadata		unresolved	ordinary_brm	direct population/likelihood route when the family and terms are supported	unresolved-family		family is not explicit or defensibly inferred	outcome,x,y,group,False		synthetic n=12; positive continuous predictors; integer groups; family-valid outcome
hsgp_2d_nocov	true	gaussian	synthetic	https://bambinos.github.io/bambi/notebooks/hsgp_2d.html	false	05c3f465e7987e8d7caa7e214fedddd90415a922	1819	hsgp_2d	bambi	scripts/examples/bambi.jl	outcome ~ 0 + hsgp(x, y, by=group, c=1.5, m=10, share_cov=False)	true	HSGP 2D — By Group (No Shared Covariance)	outcome ~ 0 + hsgp(x, y, by=group, c=1.5, m=10, share_cov=False)	inferred-from-description	75	false		hsgp_2d	inferred-family	gaussian	inferred-from-description	ordinary_brm	direct population/likelihood route when the family and terms are supported	unsupported		multi-axis/multi-argument hsgp does not map to current one-input gp(...)	outcome,x,y,group,False		synthetic n=12; positive continuous predictors; integer groups; family-valid outcome
hsgp_2d_aniso	true	gaussian	synthetic	https://bambinos.github.io/bambi/notebooks/hsgp_2d.html	false	05c3f465e7987e8d7caa7e214fedddd90415a922	1835	hsgp_2d	bambi	scripts/examples/bambi.jl	outcome ~ 0 + hsgp(x, y, c=1.5, m=10, iso=False)	true	HSGP 2D — Anisotropic	outcome ~ 0 + hsgp(x, y, c=1.5, m=10, iso=False)	inferred-from-description	76	false		hsgp_2d	exact-metadata		unresolved	ordinary_brm	direct population/likelihood route when the family and terms are supported	unresolved-family		family is not explicit or defensibly inferred	outcome,x,y,False		synthetic n=12; positive continuous predictors; integer groups; family-valid outcome
hsgp_2d_aniso	true	gaussian	synthetic	https://bambinos.github.io/bambi/notebooks/hsgp_2d.html	false	05c3f465e7987e8d7caa7e214fedddd90415a922	1835	hsgp_2d	bambi	scripts/examples/bambi.jl	outcome ~ 0 + hsgp(x, y, c=1.5, m=10, iso=False)	true	HSGP 2D — Anisotropic	outcome ~ 0 + hsgp(x, y, c=1.5, m=10, iso=False)	inferred-from-description	76	false		hsgp_2d	inferred-family	gaussian	inferred-from-description	ordinary_brm	direct population/likelihood route when the family and terms are supported	unsupported		multi-axis/multi-argument hsgp does not map to current one-input gp(...)	outcome,x,y,False		synthetic n=12; positive continuous predictors; integer groups; family-valid outcome
hsgp_2d_poisson	true	poisson	https://raw.githubusercontent.com/bambinos/bambi/main/docs/notebooks/data/poisson_data.csv	https://bambinos.github.io/bambi/notebooks/hsgp_2d.html	false	05c3f465e7987e8d7caa7e214fedddd90415a922	1850	hsgp_2d	bambi	scripts/examples/bambi.jl	Count ~ 0 + Year + X1:Year + (1|Site) + hsgp(Lon, Lat, by=Year, m=5, c=1.5)	true	HSGP 2D — Spatial Poisson Count Data	Count ~ 0 + Year + X1:Year + (1|Site) + hsgp(Lon, Lat, by=Year, m=5, c=1.5)	inferred-from-description	77	false		poisson_data	exact-metadata		unresolved	ordinary_brm	direct population/likelihood route when the family and terms are supported	unresolved-family		family is not explicit or defensibly inferred	Count,Year,X1,Site,Lon,Lat	Site	synthetic n=12; positive continuous predictors; integer groups; family-valid outcome
hsgp_2d_poisson	true	poisson	https://raw.githubusercontent.com/bambinos/bambi/main/docs/notebooks/data/poisson_data.csv	https://bambinos.github.io/bambi/notebooks/hsgp_2d.html	false	05c3f465e7987e8d7caa7e214fedddd90415a922	1850	hsgp_2d	bambi	scripts/examples/bambi.jl	Count ~ 0 + Year + X1:Year + (1|Site) + hsgp(Lon, Lat, by=Year, m=5, c=1.5)	true	HSGP 2D — Spatial Poisson Count Data	Count ~ 0 + Year + X1:Year + (1|Site) + hsgp(Lon, Lat, by=Year, m=5, c=1.5)	inferred-from-description	77	false		poisson_data	inferred-family	poisson	inferred-from-description	ordinary_brm	direct population/likelihood route when the family and terms are supported	unsupported		multi-axis/multi-argument hsgp does not map to current one-input gp(...)	Count,Year,X1,Site,Lon,Lat	Site	synthetic n=12; positive continuous predictors; integer groups; family-valid outcome
survival_intercept	true	exponential	https://raw.githubusercontent.com/rmcelreath/rethinking/master/data/AustinCats.csv	https://bambinos.github.io/bambi/notebooks/survival_model.html	false	05c3f465e7987e8d7caa7e214fedddd90415a922	1884	survival_model	bambi	scripts/examples/bambi.jl	censored(days_to_event / 31, adopt) ~ 1	true	Survival Model — Intercept Only	censored(days_to_event / 31, adopt) ~ 1	inferred-from-description	78	false		survival_model	exact-metadata		unresolved	ordinary_brm	direct population/likelihood route when the family and terms are supported	unresolved-family		family is not explicit or defensibly inferred	days_to_event,adopt		synthetic n=12; positive continuous predictors; integer groups; family-valid outcome
survival_intercept	true	exponential	https://raw.githubusercontent.com/rmcelreath/rethinking/master/data/AustinCats.csv	https://bambinos.github.io/bambi/notebooks/survival_model.html	false	05c3f465e7987e8d7caa7e214fedddd90415a922	1884	survival_model	bambi	scripts/examples/bambi.jl	censored(days_to_event / 31, adopt) ~ 1	true	Survival Model — Intercept Only	censored(days_to_event / 31, adopt) ~ 1	inferred-from-description	78	false		survival_model	inferred-family	exponential	inferred-from-description	ordinary_brm	direct population/likelihood route when the family and terms are supported	unsupported		censored/truncated response	days_to_event,adopt		synthetic n=12; positive continuous predictors; integer groups; family-valid outcome
survival_color	true	exponential	https://raw.githubusercontent.com/rmcelreath/rethinking/master/data/AustinCats.csv	https://bambinos.github.io/bambi/notebooks/survival_model.html	false	05c3f465e7987e8d7caa7e214fedddd90415a922	1900	survival_model	bambi	scripts/examples/bambi.jl	censored(days_to_event / 31, adopt) ~ 0 + color_id	true	Survival Model — Color Effect	censored(days_to_event / 31, adopt) ~ 0 + color_id	inferred-from-description	79	false		survival_model	exact-metadata		unresolved	ordinary_brm	direct population/likelihood route when the family and terms are supported	unresolved-family		family is not explicit or defensibly inferred	days_to_event,adopt,color_id		synthetic n=12; positive continuous predictors; integer groups; family-valid outcome
survival_color	true	exponential	https://raw.githubusercontent.com/rmcelreath/rethinking/master/data/AustinCats.csv	https://bambinos.github.io/bambi/notebooks/survival_model.html	false	05c3f465e7987e8d7caa7e214fedddd90415a922	1900	survival_model	bambi	scripts/examples/bambi.jl	censored(days_to_event / 31, adopt) ~ 0 + color_id	true	Survival Model — Color Effect	censored(days_to_event / 31, adopt) ~ 0 + color_id	inferred-from-description	79	false		survival_model	inferred-family	exponential	inferred-from-description	ordinary_brm	direct population/likelihood route when the family and terms are supported	unsupported		censored/truncated response	days_to_event,adopt,color_id		synthetic n=12; positive continuous predictors; integer groups; family-valid outcome
survival_disc_sim	true	bernoulli	synthetic	https://bambinos.github.io/bambi/notebooks/survival_discrete_time_notebook.html	false	05c3f465e7987e8d7caa7e214fedddd90415a922	1948	survival_discrete_time	bambi	scripts/examples/bambi.jl	event ~ treatment + age + time	true	Discrete Time Survival — Simulated Data	event ~ treatment + age + time	inferred-from-description	80	false		survival_discrete_time	exact-metadata		unresolved	ordinary_brm	direct population/likelihood route when the family and terms are supported	unresolved-family		family is not explicit or defensibly inferred	event,treatment,age,time		synthetic n=12; positive continuous predictors; integer groups; family-valid outcome
survival_disc_sim	true	bernoulli	synthetic	https://bambinos.github.io/bambi/notebooks/survival_discrete_time_notebook.html	false	05c3f465e7987e8d7caa7e214fedddd90415a922	1948	survival_discrete_time	bambi	scripts/examples/bambi.jl	event ~ treatment + age + time	true	Discrete Time Survival — Simulated Data	event ~ treatment + age + time	inferred-from-description	80	false		survival_discrete_time	inferred-family	bernoulli	inferred-from-description	ordinary_brm	direct population/likelihood route when the family and terms are supported	ready	log_odds ~ treatment + age + time\nevent ~ BernoulliLogit(log_odds)	explicit Bernoulli-logit likelihood	event,treatment,age,time		synthetic n=12; positive continuous predictors; integer groups; family-valid outcome
survival_disc_binomial	true	binomial	https://raw.githubusercontent.com/bambinos/bambi/main/docs/notebooks/data/child.csv	https://bambinos.github.io/bambi/notebooks/survival_discrete_time_notebook.html	false	05c3f465e7987e8d7caa7e214fedddd90415a922	1964	survival_discrete_time	bambi	scripts/examples/bambi.jl	p(events, at_risk) ~ sex + socBranch + period + scale(birth_decade)	true	Discrete Time Survival — Binomial Child Mortality	p(events, at_risk) ~ sex + socBranch + period + scale(birth_decade)	inferred-from-description	81	false		child_mortality	exact-metadata		unresolved	ordinary_brm	direct population/likelihood route when the family and terms are supported	unresolved-family		family is not explicit or defensibly inferred	events,at_risk,sex,socBranch,period,birth_decade		synthetic n=12; positive continuous predictors; integer groups; family-valid outcome
survival_disc_binomial	true	binomial	https://raw.githubusercontent.com/bambinos/bambi/main/docs/notebooks/data/child.csv	https://bambinos.github.io/bambi/notebooks/survival_discrete_time_notebook.html	false	05c3f465e7987e8d7caa7e214fedddd90415a922	1964	survival_discrete_time	bambi	scripts/examples/bambi.jl	p(events, at_risk) ~ sex + socBranch + period + scale(birth_decade)	true	Discrete Time Survival — Binomial Child Mortality	p(events, at_risk) ~ sex + socBranch + period + scale(birth_decade)	inferred-from-description	81	false		child_mortality	inferred-family	binomial	inferred-from-description	ordinary_brm	direct population/likelihood route when the family and terms are supported	ready	log_odds ~ sex + socBranch + period + zscale(birth_decade)\nevents ~ BinomialLogit(at_risk, log_odds)	trials/cbind response lowered to explicit BinomialLogit	events,at_risk,sex,socBranch,period,birth_decade		synthetic n=12; positive continuous predictors; integer groups; family-valid outcome
survival_disc_spline	true	binomial	https://raw.githubusercontent.com/bambinos/bambi/main/docs/notebooks/data/child.csv	https://bambinos.github.io/bambi/notebooks/survival_discrete_time_notebook.html	false	05c3f465e7987e8d7caa7e214fedddd90415a922	1980	survival_discrete_time	bambi	scripts/examples/bambi.jl	p(events, at_risk) ~ sex + socBranch + bs(period, df=4) + scale(birth_decade)	true	Discrete Time Survival — Spline Baseline Hazard	p(events, at_risk) ~ sex + socBranch + bs(period, df=4) + scale(birth_decade)	inferred-from-description	82	false		child_mortality	exact-metadata		unresolved	ordinary_brm	direct population/likelihood route when the family and terms are supported	unresolved-family		family is not explicit or defensibly inferred	events,at_risk,sex,socBranch,period,birth_decade		synthetic n=12; positive continuous predictors; integer groups; family-valid outcome
survival_disc_spline	true	binomial	https://raw.githubusercontent.com/bambinos/bambi/main/docs/notebooks/data/child.csv	https://bambinos.github.io/bambi/notebooks/survival_discrete_time_notebook.html	false	05c3f465e7987e8d7caa7e214fedddd90415a922	1980	survival_discrete_time	bambi	scripts/examples/bambi.jl	p(events, at_risk) ~ sex + socBranch + bs(period, df=4) + scale(birth_decade)	true	Discrete Time Survival — Spline Baseline Hazard	p(events, at_risk) ~ sex + socBranch + bs(period, df=4) + scale(birth_decade)	inferred-from-description	82	false		child_mortality	inferred-family	binomial	inferred-from-description	ordinary_brm	direct population/likelihood route when the family and terms are supported	unsupported		bs(...) arguments do not map mechanically to current s(...) semantics	events,at_risk,sex,socBranch,period,birth_decade		synthetic n=12; positive continuous predictors; integer groups; family-valid outcome
survival_disc_poisson	true	poisson	https://raw.githubusercontent.com/bambinos/bambi/main/docs/notebooks/data/child.csv	https://bambinos.github.io/bambi/notebooks/survival_discrete_time_notebook.html	false	05c3f465e7987e8d7caa7e214fedddd90415a922	1995	survival_discrete_time	bambi	scripts/examples/bambi.jl	events ~ sex + socBranch + period + scale(birth_decade) + offset(log(at_risk))	true	Discrete Time Survival — Poisson Alternative	events ~ sex + socBranch + period + scale(birth_decade) + offset(log(at_risk))	inferred-from-description	83	false		child_mortality	exact-metadata		unresolved	ordinary_brm	direct population/likelihood route when the family and terms are supported	unresolved-family		family is not explicit or defensibly inferred	events,sex,socBranch,period,birth_decade,at_risk		synthetic n=12; positive continuous predictors; integer groups; family-valid outcome
survival_disc_poisson	true	poisson	https://raw.githubusercontent.com/bambinos/bambi/main/docs/notebooks/data/child.csv	https://bambinos.github.io/bambi/notebooks/survival_discrete_time_notebook.html	false	05c3f465e7987e8d7caa7e214fedddd90415a922	1995	survival_discrete_time	bambi	scripts/examples/bambi.jl	events ~ sex + socBranch + period + scale(birth_decade) + offset(log(at_risk))	true	Discrete Time Survival — Poisson Alternative	events ~ sex + socBranch + period + scale(birth_decade) + offset(log(at_risk))	inferred-from-description	83	false		child_mortality	inferred-family	poisson	inferred-from-description	ordinary_brm	direct population/likelihood route when the family and terms are supported	ready	log_rate ~ sex + socBranch + period + zscale(birth_decade) + log(at_risk)\nevents ~ Poisson(exp(log_rate))	explicit log-link Poisson likelihood; offset(...) becomes ordinary log exposure	events,sex,socBranch,period,birth_decade,at_risk		synthetic n=12; positive continuous predictors; integer groups; family-valid outcome
survival_cont_weibull	true	weibull	synthetic	https://bambinos.github.io/bambi/notebooks/survival_continuous_time_notebook.html	false	05c3f465e7987e8d7caa7e214fedddd90415a922	2045	survival_continuous_time	bambi	scripts/examples/bambi.jl	censored(time, censoring) ~ treatment + age	true	Continuous Time Survival — Weibull	censored(time, censoring) ~ treatment + age	inferred-from-description	84	false		survival_continuous_time	exact-metadata		unresolved	ordinary_brm	direct population/likelihood route when the family and terms are supported	unresolved-family		family is not explicit or defensibly inferred	time,censoring,treatment,age		synthetic n=12; positive continuous predictors; integer groups; family-valid outcome
survival_cont_weibull	true	weibull	synthetic	https://bambinos.github.io/bambi/notebooks/survival_continuous_time_notebook.html	false	05c3f465e7987e8d7caa7e214fedddd90415a922	2045	survival_continuous_time	bambi	scripts/examples/bambi.jl	censored(time, censoring) ~ treatment + age	true	Continuous Time Survival — Weibull	censored(time, censoring) ~ treatment + age	inferred-from-description	84	false		survival_continuous_time	inferred-family	weibull	inferred-from-description	ordinary_brm	direct population/likelihood route when the family and terms are supported	unsupported		censored/truncated response	time,censoring,treatment,age		synthetic n=12; positive continuous predictors; integer groups; family-valid outcome
survival_cont_retention_fe	true	weibull	https://raw.githubusercontent.com/bambinos/bambi/main/docs/notebooks/data/retention.csv	https://bambinos.github.io/bambi/notebooks/survival_continuous_time_notebook.html	false	05c3f465e7987e8d7caa7e214fedddd90415a922	2061	survival_continuous_time	bambi	scripts/examples/bambi.jl	censored(month, censoring) ~ C(gender) + C(level) + C(field) + sentiment + intention	true	Continuous Time Survival — Retention Fixed Effects	censored(month, censoring) ~ C(gender) + C(level) + C(field) + sentiment + intention	inferred-from-description	85	false		retention	exact-metadata		unresolved	ordinary_brm	direct population/likelihood route when the family and terms are supported	unresolved-family		family is not explicit or defensibly inferred	month,censoring,gender,level,field,sentiment,intention		synthetic n=12; positive continuous predictors; integer groups; family-valid outcome
survival_cont_retention_fe	true	weibull	https://raw.githubusercontent.com/bambinos/bambi/main/docs/notebooks/data/retention.csv	https://bambinos.github.io/bambi/notebooks/survival_continuous_time_notebook.html	false	05c3f465e7987e8d7caa7e214fedddd90415a922	2061	survival_continuous_time	bambi	scripts/examples/bambi.jl	censored(month, censoring) ~ C(gender) + C(level) + C(field) + sentiment + intention	true	Continuous Time Survival — Retention Fixed Effects	censored(month, censoring) ~ C(gender) + C(level) + C(field) + sentiment + intention	inferred-from-description	85	false		retention	inferred-family	weibull	inferred-from-description	ordinary_brm	direct population/likelihood route when the family and terms are supported	unsupported		censored/truncated response	month,censoring,gender,level,field,sentiment,intention		synthetic n=12; positive continuous predictors; integer groups; family-valid outcome
survival_cont_retention_re	true	weibull	https://raw.githubusercontent.com/bambinos/bambi/main/docs/notebooks/data/retention.csv	https://bambinos.github.io/bambi/notebooks/survival_continuous_time_notebook.html	false	05c3f465e7987e8d7caa7e214fedddd90415a922	2077	survival_continuous_time	bambi	scripts/examples/bambi.jl	censored(month, censoring) ~ C(gender) + C(level) + sentiment + intention + (1|field)	true	Continuous Time Survival — Retention Random Effects	censored(month, censoring) ~ C(gender) + C(level) + sentiment + intention + (1|field)	inferred-from-description	86	false		retention	exact-metadata		unresolved	ordinary_brm	direct population/likelihood route when the family and terms are supported	unresolved-family		family is not explicit or defensibly inferred	month,censoring,gender,level,sentiment,intention,field	field	synthetic n=12; positive continuous predictors; integer groups; family-valid outcome
survival_cont_retention_re	true	weibull	https://raw.githubusercontent.com/bambinos/bambi/main/docs/notebooks/data/retention.csv	https://bambinos.github.io/bambi/notebooks/survival_continuous_time_notebook.html	false	05c3f465e7987e8d7caa7e214fedddd90415a922	2077	survival_continuous_time	bambi	scripts/examples/bambi.jl	censored(month, censoring) ~ C(gender) + C(level) + sentiment + intention + (1|field)	true	Continuous Time Survival — Retention Random Effects	censored(month, censoring) ~ C(gender) + C(level) + sentiment + intention + (1|field)	inferred-from-description	86	false		retention	inferred-family	weibull	inferred-from-description	ordinary_brm	direct population/likelihood route when the family and terms are supported	unsupported		censored/truncated response	month,censoring,gender,level,sentiment,intention,field	field	synthetic n=12; positive continuous predictors; integer groups; family-valid outcome
orthopoly_explicit	true	gaussian	synthetic	https://bambinos.github.io/bambi/notebooks/orthogonal_polynomial_reg.html	false	05c3f465e7987e8d7caa7e214fedddd90415a922	2121	orthogonal_polynomial	bambi	scripts/examples/bambi.jl	x ~ I(t**2) + t + 1	true	Orthogonal Polynomial — Explicit Quadratic	x ~ I(t**2) + t + 1	inferred-from-description	87	false		orthopoly_projectile	exact-metadata		unresolved	ordinary_brm	direct population/likelihood route when the family and terms are supported	unresolved-family		family is not explicit or defensibly inferred	x,t		synthetic n=12; positive continuous predictors; integer groups; family-valid outcome
orthopoly_explicit	true	gaussian	synthetic	https://bambinos.github.io/bambi/notebooks/orthogonal_polynomial_reg.html	false	05c3f465e7987e8d7caa7e214fedddd90415a922	2121	orthogonal_polynomial	bambi	scripts/examples/bambi.jl	x ~ I(t**2) + t + 1	true	Orthogonal Polynomial — Explicit Quadratic	x ~ I(t**2) + t + 1	inferred-from-description	87	false		orthopoly_projectile	inferred-family	gaussian	inferred-from-description	ordinary_brm	direct population/likelihood route when the family and terms are supported	ready	loc ~ protect(t^2) + t + 1\nlog(sigma) ~ 1\nx ~ Normal(loc, sigma)	explicit Normal likelihood; residual scale estimated on log scale	x,t		synthetic n=12; positive continuous predictors; integer groups; family-valid outcome
orthopoly_poly	true	gaussian	synthetic	https://bambinos.github.io/bambi/notebooks/orthogonal_polynomial_reg.html	false	05c3f465e7987e8d7caa7e214fedddd90415a922	2136	orthogonal_polynomial	bambi	scripts/examples/bambi.jl	x ~ poly(t, 2) + 1	true	Orthogonal Polynomial — poly() Degree 2	x ~ poly(t, 2) + 1	inferred-from-description	88	false		orthopoly_projectile	exact-metadata		unresolved	ordinary_brm	direct population/likelihood route when the family and terms are supported	unresolved-family		family is not explicit or defensibly inferred	x,t		synthetic n=12; positive continuous predictors; integer groups; family-valid outcome
orthopoly_poly	true	gaussian	synthetic	https://bambinos.github.io/bambi/notebooks/orthogonal_polynomial_reg.html	false	05c3f465e7987e8d7caa7e214fedddd90415a922	2136	orthogonal_polynomial	bambi	scripts/examples/bambi.jl	x ~ poly(t, 2) + 1	true	Orthogonal Polynomial — poly() Degree 2	x ~ poly(t, 2) + 1	inferred-from-description	88	false		orthopoly_projectile	inferred-family	gaussian	inferred-from-description	ordinary_brm	direct population/likelihood route when the family and terms are supported	unsupported		term has no semantics-preserving mechanical alias	x,t		synthetic n=12; positive continuous predictors; integer groups; family-valid outcome
orthopoly_linear	true	gaussian	https://raw.githubusercontent.com/mwaskom/seaborn-data/master/mpg.csv	https://bambinos.github.io/bambi/notebooks/orthogonal_polynomial_reg.html	false	05c3f465e7987e8d7caa7e214fedddd90415a922	2151	orthogonal_polynomial	bambi	scripts/examples/bambi.jl	mpg ~ horsepower	true	Orthogonal Polynomial — MPG Linear	mpg ~ horsepower	inferred-from-description	89	false		orthogonal_polynomial	exact-metadata		unresolved	ordinary_brm	direct population/likelihood route when the family and terms are supported	unresolved-family		family is not explicit or defensibly inferred	mpg,horsepower		synthetic n=12; positive continuous predictors; integer groups; family-valid outcome
orthopoly_linear	true	gaussian	https://raw.githubusercontent.com/mwaskom/seaborn-data/master/mpg.csv	https://bambinos.github.io/bambi/notebooks/orthogonal_polynomial_reg.html	false	05c3f465e7987e8d7caa7e214fedddd90415a922	2151	orthogonal_polynomial	bambi	scripts/examples/bambi.jl	mpg ~ horsepower	true	Orthogonal Polynomial — MPG Linear	mpg ~ horsepower	inferred-from-description	89	false		orthogonal_polynomial	inferred-family	gaussian	inferred-from-description	ordinary_brm	direct population/likelihood route when the family and terms are supported	ready	loc ~ horsepower\nlog(sigma) ~ 1\nmpg ~ Normal(loc, sigma)	explicit Normal likelihood; residual scale estimated on log scale	mpg,horsepower		synthetic n=12; positive continuous predictors; integer groups; family-valid outcome
orthopoly_quad	true	gaussian	https://raw.githubusercontent.com/mwaskom/seaborn-data/master/mpg.csv	https://bambinos.github.io/bambi/notebooks/orthogonal_polynomial_reg.html	false	05c3f465e7987e8d7caa7e214fedddd90415a922	2166	orthogonal_polynomial	bambi	scripts/examples/bambi.jl	mpg ~ poly(horsepower, 2)	true	Orthogonal Polynomial — MPG Quadratic	mpg ~ poly(horsepower, 2)	inferred-from-description	90	false		orthogonal_polynomial	exact-metadata		unresolved	ordinary_brm	direct population/likelihood route when the family and terms are supported	unresolved-family		family is not explicit or defensibly inferred	mpg,horsepower		synthetic n=12; positive continuous predictors; integer groups; family-valid outcome
orthopoly_quad	true	gaussian	https://raw.githubusercontent.com/mwaskom/seaborn-data/master/mpg.csv	https://bambinos.github.io/bambi/notebooks/orthogonal_polynomial_reg.html	false	05c3f465e7987e8d7caa7e214fedddd90415a922	2166	orthogonal_polynomial	bambi	scripts/examples/bambi.jl	mpg ~ poly(horsepower, 2)	true	Orthogonal Polynomial — MPG Quadratic	mpg ~ poly(horsepower, 2)	inferred-from-description	90	false		orthogonal_polynomial	inferred-family	gaussian	inferred-from-description	ordinary_brm	direct population/likelihood route when the family and terms are supported	unsupported		term has no semantics-preserving mechanical alias	mpg,horsepower		synthetic n=12; positive continuous predictors; integer groups; family-valid outcome
orthopoly_compare	true	gaussian	https://raw.githubusercontent.com/mwaskom/seaborn-data/master/mpg.csv	https://bambinos.github.io/bambi/notebooks/orthogonal_polynomial_reg.html	false	05c3f465e7987e8d7caa7e214fedddd90415a922	2181	orthogonal_polynomial	bambi	scripts/examples/bambi.jl	mpg ~ poly(horsepower, degree)	true	Orthogonal Polynomial — MPG Degree Comparison	mpg ~ poly(horsepower, degree)	inferred-from-description	91	false		orthogonal_polynomial	exact-metadata		unresolved	ordinary_brm	direct population/likelihood route when the family and terms are supported	unresolved-family		family is not explicit or defensibly inferred	mpg,horsepower,degree		synthetic n=12; positive continuous predictors; integer groups; family-valid outcome
orthopoly_compare	true	gaussian	https://raw.githubusercontent.com/mwaskom/seaborn-data/master/mpg.csv	https://bambinos.github.io/bambi/notebooks/orthogonal_polynomial_reg.html	false	05c3f465e7987e8d7caa7e214fedddd90415a922	2181	orthogonal_polynomial	bambi	scripts/examples/bambi.jl	mpg ~ poly(horsepower, degree)	true	Orthogonal Polynomial — MPG Degree Comparison	mpg ~ poly(horsepower, degree)	inferred-from-description	91	false		orthogonal_polynomial	inferred-family	gaussian	inferred-from-description	ordinary_brm	direct population/likelihood route when the family and terms are supported	unsupported		term has no semantics-preserving mechanical alias	mpg,horsepower,degree		synthetic n=12; positive continuous predictors; integer groups; family-valid outcome
plot_pred_linear	true	gaussian	https://ndownloader.figshare.com/files/40208785	https://bambinos.github.io/bambi/notebooks/plot_predictions.html	false	05c3f465e7987e8d7caa7e214fedddd90415a922	2227	plot_predictions	bambi	scripts/examples/bambi.jl	mpg ~ 0 + hp * wt + cyl + gear	true	Plot Predictions — Linear Regression (mtcars)	mpg ~ 0 + hp * wt + cyl + gear	inferred-from-description	92	false		plot_predictions	exact-metadata		unresolved	ordinary_brm	direct population/likelihood route when the family and terms are supported	unresolved-family		family is not explicit or defensibly inferred	mpg,hp,wt,cyl,gear		synthetic n=12; positive continuous predictors; integer groups; family-valid outcome
plot_pred_linear	true	gaussian	https://ndownloader.figshare.com/files/40208785	https://bambinos.github.io/bambi/notebooks/plot_predictions.html	false	05c3f465e7987e8d7caa7e214fedddd90415a922	2227	plot_predictions	bambi	scripts/examples/bambi.jl	mpg ~ 0 + hp * wt + cyl + gear	true	Plot Predictions — Linear Regression (mtcars)	mpg ~ 0 + hp * wt + cyl + gear	inferred-from-description	92	false		plot_predictions	inferred-family	gaussian	inferred-from-description	ordinary_brm	direct population/likelihood route when the family and terms are supported	ready	loc ~ 0 + hp + wt + (hp & wt) + cyl + gear\nlog(sigma) ~ 1\nmpg ~ Normal(loc, sigma)	explicit Normal likelihood; residual scale estimated on log scale	mpg,hp,wt,cyl,gear		synthetic n=12; positive continuous predictors; integer groups; family-valid outcome
plot_pred_nb	true	negativebinomial	https://stats.idre.ucla.edu/stat/stata/dae/nb_data.dta	https://bambinos.github.io/bambi/notebooks/plot_predictions.html	false	05c3f465e7987e8d7caa7e214fedddd90415a922	2246	plot_predictions	bambi	scripts/examples/bambi.jl	daysabs ~ 0 + prog + scale(math) + prog:scale(math)	true	Plot Predictions — Negative Binomial (Student Absences)	daysabs ~ 0 + prog + scale(math) + prog:scale(math)	inferred-from-description	93	false		negative_binomial	exact-metadata		unresolved	ordinary_brm	direct population/likelihood route when the family and terms are supported	unresolved-family		family is not explicit or defensibly inferred	daysabs,prog,math		synthetic n=12; positive continuous predictors; integer groups; family-valid outcome
plot_pred_nb	true	negativebinomial	https://stats.idre.ucla.edu/stat/stata/dae/nb_data.dta	https://bambinos.github.io/bambi/notebooks/plot_predictions.html	false	05c3f465e7987e8d7caa7e214fedddd90415a922	2246	plot_predictions	bambi	scripts/examples/bambi.jl	daysabs ~ 0 + prog + scale(math) + prog:scale(math)	true	Plot Predictions — Negative Binomial (Student Absences)	daysabs ~ 0 + prog + scale(math) + prog:scale(math)	inferred-from-description	93	false		negative_binomial	inferred-family	negativebinomial	inferred-from-description	ordinary_brm	direct population/likelihood route when the family and terms are supported	unsupported		current NegativeBinomial Julia/Stan parameterizations are documented as non-identical	daysabs,prog,math		synthetic n=12; positive continuous predictors; integer groups; family-valid outcome
plot_pred_logistic	true	bernoulli	https://vincentarelbundock.github.io/Rdatasets/csv/ggplot2movies/movies.csv	https://bambinos.github.io/bambi/notebooks/plot_predictions.html	false	05c3f465e7987e8d7caa7e214fedddd90415a922	2261	plot_predictions	bambi	scripts/examples/bambi.jl	certified_fresh ~ 0 + scale(length) * style	true	Plot Predictions — Logistic Regression (Movies)	certified_fresh ~ 0 + scale(length) * style	inferred-from-description	94	false		plot_pred_movies	exact-metadata		unresolved	ordinary_brm	direct population/likelihood route when the family and terms are supported	unresolved-family		family is not explicit or defensibly inferred	certified_fresh,length,style		synthetic n=12; positive continuous predictors; integer groups; family-valid outcome
plot_pred_logistic	true	bernoulli	https://vincentarelbundock.github.io/Rdatasets/csv/ggplot2movies/movies.csv	https://bambinos.github.io/bambi/notebooks/plot_predictions.html	false	05c3f465e7987e8d7caa7e214fedddd90415a922	2261	plot_predictions	bambi	scripts/examples/bambi.jl	certified_fresh ~ 0 + scale(length) * style	true	Plot Predictions — Logistic Regression (Movies)	certified_fresh ~ 0 + scale(length) * style	inferred-from-description	94	false		plot_pred_movies	inferred-family	bernoulli	inferred-from-description	ordinary_brm	direct population/likelihood route when the family and terms are supported	unsupported		current `&` interactions require raw columns; transformed/non-atomic `*` operands need a data-derivation step	certified_fresh,length,style		synthetic n=12; positive continuous predictors; integer groups; family-valid outcome
plot_pred_distr	true	gamma	synthetic	https://bambinos.github.io/bambi/notebooks/plot_predictions.html	false	05c3f465e7987e8d7caa7e214fedddd90415a922	2277	plot_predictions	bambi	scripts/examples/bambi.jl	y ~ x  +  alpha ~ x	true	Plot Predictions — Distributional Gamma	y ~ x  +  alpha ~ x	inferred-from-description	95	false		distributional_synth	exact-metadata		unresolved	ordinary_brm	direct population/likelihood route when the family and terms are supported	unresolved-family		family is not explicit or defensibly inferred	y,x,alpha		synthetic n=12; positive continuous predictors; integer groups; family-valid outcome
plot_pred_distr	true	gamma	synthetic	https://bambinos.github.io/bambi/notebooks/plot_predictions.html	false	05c3f465e7987e8d7caa7e214fedddd90415a922	2277	plot_predictions	bambi	scripts/examples/bambi.jl	y ~ x  +  alpha ~ x	true	Plot Predictions — Distributional Gamma	y ~ x  +  alpha ~ x	inferred-from-description	95	false		distributional_synth	inferred-family	gamma	inferred-from-description	ordinary_brm	direct population/likelihood route when the family and terms are supported	unsupported		formula is not one top-level response formula	y,x,alpha		synthetic n=12; positive continuous predictors; integer groups; family-valid outcome
plot_comp_zip	true	zero_inflated_poisson	https://stats.idre.ucla.edu/stat/data/fish.csv	https://bambinos.github.io/bambi/notebooks/plot_comparisons.html	false	05c3f465e7987e8d7caa7e214fedddd90415a922	2320	plot_comparisons	bambi	scripts/examples/bambi.jl	count ~ livebait + camper + persons + child	true	Plot Comparisons — ZIP Fish Count	count ~ livebait + camper + persons + child	inferred-from-description	96	false		plot_comparisons	exact-metadata		unresolved	ordinary_brm	direct population/likelihood route when the family and terms are supported	unresolved-family		family is not explicit or defensibly inferred	count,livebait,camper,persons,child		synthetic n=12; positive continuous predictors; integer groups; family-valid outcome
plot_comp_zip	true	zero_inflated_poisson	https://stats.idre.ucla.edu/stat/data/fish.csv	https://bambinos.github.io/bambi/notebooks/plot_comparisons.html	false	05c3f465e7987e8d7caa7e214fedddd90415a922	2320	plot_comparisons	bambi	scripts/examples/bambi.jl	count ~ livebait + camper + persons + child	true	Plot Comparisons — ZIP Fish Count	count ~ livebait + camper + persons + child	inferred-from-description	96	false		plot_comparisons	inferred-family	zero_inflated_poisson	inferred-from-description	ordinary_brm	direct population/likelihood route when the family and terms are supported	unsupported		row does not authoritatively pair the mean and zero-inflation submodels	count,livebait,camper,persons,child		synthetic n=12; positive continuous predictors; integer groups; family-valid outcome
plot_comp_logistic	true	bernoulli	https://vincentarelbundock.github.io/Rdatasets/csv/Stat2Data/Titanic.csv	https://bambinos.github.io/bambi/notebooks/plot_comparisons.html	false	05c3f465e7987e8d7caa7e214fedddd90415a922	2335	plot_comparisons	bambi	scripts/examples/bambi.jl	Survived ~ PClass * SexCode * Age	true	Plot Comparisons — Logistic Titanic Survival	Survived ~ PClass * SexCode * Age	inferred-from-description	97	false		titanic	exact-metadata		unresolved	ordinary_brm	direct population/likelihood route when the family and terms are supported	unresolved-family		family is not explicit or defensibly inferred	Survived,PClass,SexCode,Age		synthetic n=12; positive continuous predictors; integer groups; family-valid outcome
plot_comp_logistic	true	bernoulli	https://vincentarelbundock.github.io/Rdatasets/csv/Stat2Data/Titanic.csv	https://bambinos.github.io/bambi/notebooks/plot_comparisons.html	false	05c3f465e7987e8d7caa7e214fedddd90415a922	2335	plot_comparisons	bambi	scripts/examples/bambi.jl	Survived ~ PClass * SexCode * Age	true	Plot Comparisons — Logistic Titanic Survival	Survived ~ PClass * SexCode * Age	inferred-from-description	97	false		titanic	inferred-family	bernoulli	inferred-from-description	ordinary_brm	direct population/likelihood route when the family and terms are supported	unsupported		three-way/chained `*` expansion cannot be represented by current binary raw-column `&`	Survived,PClass,SexCode,Age		synthetic n=12; positive continuous predictors; integer groups; family-valid outcome
plot_slopes_main	true	bernoulli	https://vincentarelbundock.github.io/Rdatasets/csv/carData/Wells.csv	https://bambinos.github.io/bambi/notebooks/plot_slopes.html	false	05c3f465e7987e8d7caa7e214fedddd90415a922	2369	plot_slopes	bambi	scripts/examples/bambi.jl	switch ~ dist100 + arsenic + educ4	true	Plot Slopes — Main Effects	switch ~ dist100 + arsenic + educ4	inferred-from-description	98	false		plot_slopes	exact-metadata		unresolved	ordinary_brm	direct population/likelihood route when the family and terms are supported	unresolved-family		family is not explicit or defensibly inferred	switch,dist100,arsenic,educ4		synthetic n=12; positive continuous predictors; integer groups; family-valid outcome
plot_slopes_main	true	bernoulli	https://vincentarelbundock.github.io/Rdatasets/csv/carData/Wells.csv	https://bambinos.github.io/bambi/notebooks/plot_slopes.html	false	05c3f465e7987e8d7caa7e214fedddd90415a922	2369	plot_slopes	bambi	scripts/examples/bambi.jl	switch ~ dist100 + arsenic + educ4	true	Plot Slopes — Main Effects	switch ~ dist100 + arsenic + educ4	inferred-from-description	98	false		plot_slopes	inferred-family	bernoulli	inferred-from-description	ordinary_brm	direct population/likelihood route when the family and terms are supported	ready	log_odds ~ dist100 + arsenic + educ4\nswitch ~ BernoulliLogit(log_odds)	explicit Bernoulli-logit likelihood	switch,dist100,arsenic,educ4		synthetic n=12; positive continuous predictors; integer groups; family-valid outcome
plot_slopes_interaction	true	bernoulli	https://vincentarelbundock.github.io/Rdatasets/csv/carData/Wells.csv	https://bambinos.github.io/bambi/notebooks/plot_slopes.html	false	05c3f465e7987e8d7caa7e214fedddd90415a922	2385	plot_slopes	bambi	scripts/examples/bambi.jl	switch ~ dist100 + arsenic + educ4 + dist100:educ4 + arsenic:educ4	true	Plot Slopes — With Interactions	switch ~ dist100 + arsenic + educ4 + dist100:educ4 + arsenic:educ4	inferred-from-description	99	false		plot_slopes	exact-metadata		unresolved	ordinary_brm	direct population/likelihood route when the family and terms are supported	unresolved-family		family is not explicit or defensibly inferred	switch,dist100,arsenic,educ4		synthetic n=12; positive continuous predictors; integer groups; family-valid outcome
plot_slopes_interaction	true	bernoulli	https://vincentarelbundock.github.io/Rdatasets/csv/carData/Wells.csv	https://bambinos.github.io/bambi/notebooks/plot_slopes.html	false	05c3f465e7987e8d7caa7e214fedddd90415a922	2385	plot_slopes	bambi	scripts/examples/bambi.jl	switch ~ dist100 + arsenic + educ4 + dist100:educ4 + arsenic:educ4	true	Plot Slopes — With Interactions	switch ~ dist100 + arsenic + educ4 + dist100:educ4 + arsenic:educ4	inferred-from-description	99	false		plot_slopes	inferred-family	bernoulli	inferred-from-description	ordinary_brm	direct population/likelihood route when the family and terms are supported	ready	log_odds ~ dist100 + arsenic + educ4 + dist100 & educ4 + arsenic & educ4\nswitch ~ BernoulliLogit(log_odds)	explicit Bernoulli-logit likelihood	switch,dist100,arsenic,educ4		synthetic n=12; positive continuous predictors; integer groups; family-valid outcome
alternative_samplers	true	gaussian	synthetic	https://bambinos.github.io/bambi/notebooks/alternative_samplers.html	false	05c3f465e7987e8d7caa7e214fedddd90415a922	2416	alternative_samplers	bambi	scripts/examples/bambi.jl	y ~ x	true	Using Other Samplers — JAX-Based Samplers	y ~ x	inferred-from-description	100	false		alternative_samplers	exact-metadata		unresolved	ordinary_brm	direct population/likelihood route when the family and terms are supported	unresolved-family		family is not explicit or defensibly inferred	y,x		synthetic n=12; positive continuous predictors; integer groups; family-valid outcome
alternative_samplers	true	gaussian	synthetic	https://bambinos.github.io/bambi/notebooks/alternative_samplers.html	false	05c3f465e7987e8d7caa7e214fedddd90415a922	2416	alternative_samplers	bambi	scripts/examples/bambi.jl	y ~ x	true	Using Other Samplers — JAX-Based Samplers	y ~ x	inferred-from-description	100	false		alternative_samplers	inferred-family	gaussian	inferred-from-description	ordinary_brm	direct population/likelihood route when the family and terms are supported	ready	loc ~ x\nlog(sigma) ~ 1\ny ~ Normal(loc, sigma)	explicit Normal likelihood; residual scale estimated on log scale	y,x		synthetic n=12; positive continuous predictors; integer groups; family-valid outcome
cbpp_binomial	true		https://vincentarelbundock.github.io/Rdatasets/csv/lme4/cbpp.csv	https://paulbuerkner.com/brms/articles/brms_customfamilies.html	false	05c3f465e7987e8d7caa7e214fedddd90415a922	16	cbpp	brms	scripts/examples/brms.jl	incidence | trials(size) ~ period + (1|herd)	true	Custom Families — Standard Binomial GLMM	incidence | trials(size) ~ period + (1|herd)	unresolved	101	false		cbpp	exact-metadata		unresolved	ordinary_brm	direct population/likelihood route when the family and terms are supported	unresolved-family		family is not explicit or defensibly inferred	incidence,size,period,herd	trials,herd	synthetic n=12; positive continuous predictors; integer groups; family-valid outcome
cbpp_binomial	true		https://vincentarelbundock.github.io/Rdatasets/csv/lme4/cbpp.csv	https://paulbuerkner.com/brms/articles/brms_customfamilies.html	false	05c3f465e7987e8d7caa7e214fedddd90415a922	16	cbpp	brms	scripts/examples/brms.jl	incidence | trials(size) ~ period + (1|herd)	true	Custom Families — Standard Binomial GLMM	incidence | trials(size) ~ period + (1|herd)	unresolved	101	false		cbpp	inferred-family	binomial	inferred-from-response-syntax	ordinary_brm	direct population/likelihood route when the family and terms are supported	ready	log_odds ~ period + (1|herd)\nincidence ~ BinomialLogit(size, log_odds)	trials/cbind response lowered to explicit BinomialLogit	incidence,size,period,herd	trials,herd	synthetic n=12; positive continuous predictors; integer groups; family-valid outcome
cbpp_beta_binomial	true		https://vincentarelbundock.github.io/Rdatasets/csv/lme4/cbpp.csv	https://paulbuerkner.com/brms/articles/brms_customfamilies.html	false	05c3f465e7987e8d7caa7e214fedddd90415a922	32	cbpp	brms	scripts/examples/brms.jl	incidence | vint(size) ~ period + (1|herd)	true	Custom Families — Beta-Binomial GLMM	incidence | vint(size) ~ period + (1|herd)	unresolved	102	false		cbpp	exact-metadata		unresolved	ordinary_brm	direct population/likelihood route when the family and terms are supported	unresolved-family		family is not explicit or defensibly inferred	incidence,size,period,herd	vint,herd	synthetic n=12; positive continuous predictors; integer groups; family-valid outcome
cbpp_beta_binomial	true		https://vincentarelbundock.github.io/Rdatasets/csv/lme4/cbpp.csv	https://paulbuerkner.com/brms/articles/brms_customfamilies.html	false	05c3f465e7987e8d7caa7e214fedddd90415a922	32	cbpp	brms	scripts/examples/brms.jl	incidence | vint(size) ~ period + (1|herd)	true	Custom Families — Beta-Binomial GLMM	incidence | vint(size) ~ period + (1|herd)	unresolved	102	false		cbpp	inferred-family		unresolved	ordinary_brm	direct population/likelihood route when the family and terms are supported	unresolved-family		family is not explicit or defensibly inferred	incidence,size,period,herd	vint,herd	synthetic n=12; positive continuous predictors; integer groups; family-valid outcome
distreg_normal	true		synthetic	https://paulbuerkner.com/brms/articles/brms_distreg.html	false	05c3f465e7987e8d7caa7e214fedddd90415a922	102	distreg	brms	scripts/examples/brms.jl	bf(symptom_post ~ group, sigma ~ group)	true	Distributional Regression — Location-Scale Normal	bf(symptom_post ~ group, sigma ~ group)	unresolved	103	false		distreg_dat1	exact-metadata		unresolved	ordinary_brm	direct population/likelihood route when the family and terms are supported	unresolved-family		family is not explicit or defensibly inferred	symptom_post,group		synthetic n=12; positive continuous predictors; integer groups; family-valid outcome
distreg_normal	true		synthetic	https://paulbuerkner.com/brms/articles/brms_distreg.html	false	05c3f465e7987e8d7caa7e214fedddd90415a922	102	distreg	brms	scripts/examples/brms.jl	bf(symptom_post ~ group, sigma ~ group)	true	Distributional Regression — Location-Scale Normal	bf(symptom_post ~ group, sigma ~ group)	unresolved	103	false		distreg_dat1	inferred-family		unresolved	ordinary_brm	direct population/likelihood route when the family and terms are supported	unresolved-family		family is not explicit or defensibly inferred	symptom_post,group		synthetic n=12; positive continuous predictors; integer groups; family-valid outcome
distreg_nb	true		http://paulbuerkner.com/data/fish.csv	https://paulbuerkner.com/brms/articles/brms_distreg.html	false	05c3f465e7987e8d7caa7e214fedddd90415a922	118	distreg	brms	scripts/examples/brms.jl	count ~ persons + child + camper	true	Distributional Regression — Negative Binomial Counts	count ~ persons + child + camper	unresolved	104	false		distreg_fish	exact-metadata		unresolved	ordinary_brm	direct population/likelihood route when the family and terms are supported	unresolved-family		family is not explicit or defensibly inferred	count,persons,child,camper		synthetic n=12; positive continuous predictors; integer groups; family-valid outcome
distreg_nb	true		http://paulbuerkner.com/data/fish.csv	https://paulbuerkner.com/brms/articles/brms_distreg.html	false	05c3f465e7987e8d7caa7e214fedddd90415a922	118	distreg	brms	scripts/examples/brms.jl	count ~ persons + child + camper	true	Distributional Regression — Negative Binomial Counts	count ~ persons + child + camper	unresolved	104	false		distreg_fish	inferred-family	negativebinomial	inferred-from-name	ordinary_brm	direct population/likelihood route when the family and terms are supported	unsupported		current NegativeBinomial Julia/Stan parameterizations are documented as non-identical	count,persons,child,camper		synthetic n=12; positive continuous predictors; integer groups; family-valid outcome
distreg_zip	true		http://paulbuerkner.com/data/fish.csv	https://paulbuerkner.com/brms/articles/brms_distreg.html	false	05c3f465e7987e8d7caa7e214fedddd90415a922	133	distreg	brms	scripts/examples/brms.jl	bf(count ~ persons + child + camper, zi ~ child)	true	Distributional Regression — Zero-Inflated Poisson	bf(count ~ persons + child + camper, zi ~ child)	unresolved	105	false		distreg_fish	exact-metadata		unresolved	ordinary_brm	direct population/likelihood route when the family and terms are supported	unresolved-family		family is not explicit or defensibly inferred	count,persons,child,camper		synthetic n=12; positive continuous predictors; integer groups; family-valid outcome
distreg_zip	true		http://paulbuerkner.com/data/fish.csv	https://paulbuerkner.com/brms/articles/brms_distreg.html	false	05c3f465e7987e8d7caa7e214fedddd90415a922	133	distreg	brms	scripts/examples/brms.jl	bf(count ~ persons + child + camper, zi ~ child)	true	Distributional Regression — Zero-Inflated Poisson	bf(count ~ persons + child + camper, zi ~ child)	unresolved	105	false		distreg_fish	inferred-family	poisson	inferred-from-name	ordinary_brm	direct population/likelihood route when the family and terms are supported	unsupported		multi-formula/nonlinear brms declaration	count,persons,child,camper		synthetic n=12; positive continuous predictors; integer groups; family-valid outcome
distreg_gam	true		synthetic	https://paulbuerkner.com/brms/articles/brms_distreg.html	false	05c3f465e7987e8d7caa7e214fedddd90415a922	148	distreg	brms	scripts/examples/brms.jl	bf(y ~ s(x1) + s(x2) + (1|fac), sigma ~ s(x0) + (1|fac))	true	Distributional Regression — Smooth GAM	bf(y ~ s(x1) + s(x2) + (1|fac), sigma ~ s(x0) + (1|fac))	unresolved	106	false		distreg_gam	exact-metadata		unresolved	ordinary_brm	direct population/likelihood route when the family and terms are supported	unresolved-family		family is not explicit or defensibly inferred	y,x1,x2,fac,x0	fac	synthetic n=12; positive continuous predictors; integer groups; family-valid outcome
distreg_gam	true		synthetic	https://paulbuerkner.com/brms/articles/brms_distreg.html	false	05c3f465e7987e8d7caa7e214fedddd90415a922	148	distreg	brms	scripts/examples/brms.jl	bf(y ~ s(x1) + s(x2) + (1|fac), sigma ~ s(x0) + (1|fac))	true	Distributional Regression — Smooth GAM	bf(y ~ s(x1) + s(x2) + (1|fac), sigma ~ s(x0) + (1|fac))	unresolved	106	false		distreg_gam	inferred-family		unresolved	ordinary_brm	direct population/likelihood route when the family and terms are supported	unresolved-family		family is not explicit or defensibly inferred	y,x1,x2,fac,x0	fac	synthetic n=12; positive continuous predictors; integer groups; family-valid outcome
nhanes_imputed	true		https://vincentarelbundock.github.io/Rdatasets/csv/mice/nhanes.csv	https://paulbuerkner.com/brms/articles/brms_missings.html	false	05c3f465e7987e8d7caa7e214fedddd90415a922	176	nhanes	brms	scripts/examples/brms.jl	bmi ~ age * chl	true	Handle Missing Values — Multiple Imputation	bmi ~ age * chl	unresolved	107	false		nhanes	exact-metadata		unresolved	ordinary_brm	direct population/likelihood route when the family and terms are supported	unresolved-family		family is not explicit or defensibly inferred	bmi,age,chl		synthetic n=12; positive continuous predictors; integer groups; family-valid outcome
nhanes_imputed	true		https://vincentarelbundock.github.io/Rdatasets/csv/mice/nhanes.csv	https://paulbuerkner.com/brms/articles/brms_missings.html	false	05c3f465e7987e8d7caa7e214fedddd90415a922	176	nhanes	brms	scripts/examples/brms.jl	bmi ~ age * chl	true	Handle Missing Values — Multiple Imputation	bmi ~ age * chl	unresolved	107	false		nhanes	inferred-family		unresolved	ordinary_brm	direct population/likelihood route when the family and terms are supported	unresolved-family		family is not explicit or defensibly inferred	bmi,age,chl		synthetic n=12; positive continuous predictors; integer groups; family-valid outcome
nhanes_joint	true		https://vincentarelbundock.github.io/Rdatasets/csv/mice/nhanes.csv	https://paulbuerkner.com/brms/articles/brms_missings.html	false	05c3f465e7987e8d7caa7e214fedddd90415a922	192	nhanes	brms	scripts/examples/brms.jl	bf(bmi | mi() ~ age * mi(chl)) + bf(chl | mi() ~ age) + set_rescor(FALSE)	true	Handle Missing Values — Joint Imputation Model	bf(bmi | mi() ~ age * mi(chl)) + bf(chl | mi() ~ age) + set_rescor(FALSE)	unresolved	108	false		nhanes	exact-metadata		unresolved	ordinary_brm	direct population/likelihood route when the family and terms are supported	unresolved-family		family is not explicit or defensibly inferred	bmi,age,chl,FALSE	mi	synthetic n=12; positive continuous predictors; integer groups; family-valid outcome
nhanes_joint	true		https://vincentarelbundock.github.io/Rdatasets/csv/mice/nhanes.csv	https://paulbuerkner.com/brms/articles/brms_missings.html	false	05c3f465e7987e8d7caa7e214fedddd90415a922	192	nhanes	brms	scripts/examples/brms.jl	bf(bmi | mi() ~ age * mi(chl)) + bf(chl | mi() ~ age) + set_rescor(FALSE)	true	Handle Missing Values — Joint Imputation Model	bf(bmi | mi() ~ age * mi(chl)) + bf(chl | mi() ~ age) + set_rescor(FALSE)	unresolved	108	false		nhanes	inferred-family		unresolved	ordinary_brm	direct population/likelihood route when the family and terms are supported	unresolved-family		family is not explicit or defensibly inferred	bmi,age,chl,FALSE	mi	synthetic n=12; positive continuous predictors; integer groups; family-valid outcome
nhanes_error	true		https://vincentarelbundock.github.io/Rdatasets/csv/mice/nhanes.csv	https://paulbuerkner.com/brms/articles/brms_missings.html	false	05c3f465e7987e8d7caa7e214fedddd90415a922	208	nhanes	brms	scripts/examples/brms.jl	bf(bmi | mi() ~ age * mi(chl)) + bf(chl | mi(se = se_chl) ~ age) + set_rescor(FALSE)	true	Handle Missing Values — Measurement Error Variant	bf(bmi | mi() ~ age * mi(chl)) + bf(chl | mi(se = se_chl) ~ age) + set_rescor(FALSE)	unresolved	109	false		nhanes	exact-metadata		unresolved	ordinary_brm	direct population/likelihood route when the family and terms are supported	unresolved-family		family is not explicit or defensibly inferred	bmi,age,chl,se_chl,FALSE	mi	synthetic n=12; positive continuous predictors; integer groups; family-valid outcome
nhanes_error	true		https://vincentarelbundock.github.io/Rdatasets/csv/mice/nhanes.csv	https://paulbuerkner.com/brms/articles/brms_missings.html	false	05c3f465e7987e8d7caa7e214fedddd90415a922	208	nhanes	brms	scripts/examples/brms.jl	bf(bmi | mi() ~ age * mi(chl)) + bf(chl | mi(se = se_chl) ~ age) + set_rescor(FALSE)	true	Handle Missing Values — Measurement Error Variant	bf(bmi | mi() ~ age * mi(chl)) + bf(chl | mi(se = se_chl) ~ age) + set_rescor(FALSE)	unresolved	109	false		nhanes	inferred-family		unresolved	ordinary_brm	direct population/likelihood route when the family and terms are supported	unresolved-family		family is not explicit or defensibly inferred	bmi,age,chl,se_chl,FALSE	mi	synthetic n=12; positive continuous predictors; integer groups; family-valid outcome
income_mo	true		synthetic	https://paulbuerkner.com/brms/articles/brms_monotonic.html	false	05c3f465e7987e8d7caa7e214fedddd90415a922	252	income	brms	scripts/examples/brms.jl	ls ~ mo(income)	true	Monotonic Effects — Main Effect	ls ~ mo(income)	unresolved	110	false		income	exact-metadata		unresolved	ordinary_brm	direct population/likelihood route when the family and terms are supported	unresolved-family		family is not explicit or defensibly inferred	ls,income		synthetic n=12; positive continuous predictors; integer groups; family-valid outcome
income_mo	true		synthetic	https://paulbuerkner.com/brms/articles/brms_monotonic.html	false	05c3f465e7987e8d7caa7e214fedddd90415a922	252	income	brms	scripts/examples/brms.jl	ls ~ mo(income)	true	Monotonic Effects — Main Effect	ls ~ mo(income)	unresolved	110	false		income	inferred-family		unresolved	ordinary_brm	direct population/likelihood route when the family and terms are supported	unresolved-family		family is not explicit or defensibly inferred	ls,income		synthetic n=12; positive continuous predictors; integer groups; family-valid outcome
income_num	true		synthetic	https://paulbuerkner.com/brms/articles/brms_monotonic.html	false	05c3f465e7987e8d7caa7e214fedddd90415a922	268	income	brms	scripts/examples/brms.jl	ls ~ income_num	true	Monotonic Effects — Numeric Comparison	ls ~ income_num	unresolved	111	false		income	exact-metadata		unresolved	ordinary_brm	direct population/likelihood route when the family and terms are supported	unresolved-family		family is not explicit or defensibly inferred	ls,income_num		synthetic n=12; positive continuous predictors; integer groups; family-valid outcome
income_num	true		synthetic	https://paulbuerkner.com/brms/articles/brms_monotonic.html	false	05c3f465e7987e8d7caa7e214fedddd90415a922	268	income	brms	scripts/examples/brms.jl	ls ~ income_num	true	Monotonic Effects — Numeric Comparison	ls ~ income_num	unresolved	111	false		income	inferred-family		unresolved	ordinary_brm	direct population/likelihood route when the family and terms are supported	unresolved-family		family is not explicit or defensibly inferred	ls,income_num		synthetic n=12; positive continuous predictors; integer groups; family-valid outcome
income_nominal	true		synthetic	https://paulbuerkner.com/brms/articles/brms_monotonic.html	false	05c3f465e7987e8d7caa7e214fedddd90415a922	283	income	brms	scripts/examples/brms.jl	ls ~ income	true	Monotonic Effects — Nominal Factor Comparison	ls ~ income	unresolved	112	false		income	exact-metadata		unresolved	ordinary_brm	direct population/likelihood route when the family and terms are supported	unresolved-family		family is not explicit or defensibly inferred	ls,income		synthetic n=12; positive continuous predictors; integer groups; family-valid outcome
income_nominal	true		synthetic	https://paulbuerkner.com/brms/articles/brms_monotonic.html	false	05c3f465e7987e8d7caa7e214fedddd90415a922	283	income	brms	scripts/examples/brms.jl	ls ~ income	true	Monotonic Effects — Nominal Factor Comparison	ls ~ income	unresolved	112	false		income	inferred-family		unresolved	ordinary_brm	direct population/likelihood route when the family and terms are supported	unresolved-family		family is not explicit or defensibly inferred	ls,income		synthetic n=12; positive continuous predictors; integer groups; family-valid outcome
income_mo_age	true		synthetic	https://paulbuerkner.com/brms/articles/brms_monotonic.html	false	05c3f465e7987e8d7caa7e214fedddd90415a922	298	income	brms	scripts/examples/brms.jl	ls ~ mo(income) * age	true	Monotonic Effects — Interaction with Age	ls ~ mo(income) * age	unresolved	113	false		income	exact-metadata		unresolved	ordinary_brm	direct population/likelihood route when the family and terms are supported	unresolved-family		family is not explicit or defensibly inferred	ls,income,age		synthetic n=12; positive continuous predictors; integer groups; family-valid outcome
income_mo_age	true		synthetic	https://paulbuerkner.com/brms/articles/brms_monotonic.html	false	05c3f465e7987e8d7caa7e214fedddd90415a922	298	income	brms	scripts/examples/brms.jl	ls ~ mo(income) * age	true	Monotonic Effects — Interaction with Age	ls ~ mo(income) * age	unresolved	113	false		income	inferred-family		unresolved	ordinary_brm	direct population/likelihood route when the family and terms are supported	unresolved-family		family is not explicit or defensibly inferred	ls,income,age		synthetic n=12; positive continuous predictors; integer groups; family-valid outcome
income_mo_city	true		synthetic	https://paulbuerkner.com/brms/articles/brms_monotonic.html	false	05c3f465e7987e8d7caa7e214fedddd90415a922	313	income	brms	scripts/examples/brms.jl	ls ~ mo(income) * age + (mo(income) | city)	true	Monotonic Effects — City-Level Random Slopes	ls ~ mo(income) * age + (mo(income) | city)	unresolved	114	false		income	exact-metadata		unresolved	ordinary_brm	direct population/likelihood route when the family and terms are supported	unresolved-family		family is not explicit or defensibly inferred	ls,income,age,city	city	synthetic n=12; positive continuous predictors; integer groups; family-valid outcome
income_mo_city	true		synthetic	https://paulbuerkner.com/brms/articles/brms_monotonic.html	false	05c3f465e7987e8d7caa7e214fedddd90415a922	313	income	brms	scripts/examples/brms.jl	ls ~ mo(income) * age + (mo(income) | city)	true	Monotonic Effects — City-Level Random Slopes	ls ~ mo(income) * age + (mo(income) | city)	unresolved	114	false		income	inferred-family		unresolved	ordinary_brm	direct population/likelihood route when the family and terms are supported	unresolved-family		family is not explicit or defensibly inferred	ls,income,age,city	city	synthetic n=12; positive continuous predictors; integer groups; family-valid outcome
btdata_compact	true		https://vincentarelbundock.github.io/Rdatasets/csv/MCMCglmm/BTdata.csv	https://paulbuerkner.com/brms/articles/brms_multivariate.html	false	05c3f465e7987e8d7caa7e214fedddd90415a922	341	btdata	brms	scripts/examples/brms.jl	bf(mvbind(tarsus, back) ~ sex + hatchdate + (1|p|fosternest) + (1|q|dam)) + set_rescor(TRUE)	true	Multivariate Models — Compact mvbind Syntax	bf(mvbind(tarsus, back) ~ sex + hatchdate + (1|p|fosternest) + (1|q|dam)) + set_rescor(TRUE)	unresolved	115	false		btdata	exact-metadata		unresolved	ordinary_brm	direct population/likelihood route when the family and terms are supported	unresolved-family		family is not explicit or defensibly inferred	tarsus,back,sex,hatchdate,fosternest,dam,TRUE	fosternest,dam	synthetic n=12; positive continuous predictors; integer groups; family-valid outcome
btdata_compact	true		https://vincentarelbundock.github.io/Rdatasets/csv/MCMCglmm/BTdata.csv	https://paulbuerkner.com/brms/articles/brms_multivariate.html	false	05c3f465e7987e8d7caa7e214fedddd90415a922	341	btdata	brms	scripts/examples/brms.jl	bf(mvbind(tarsus, back) ~ sex + hatchdate + (1|p|fosternest) + (1|q|dam)) + set_rescor(TRUE)	true	Multivariate Models — Compact mvbind Syntax	bf(mvbind(tarsus, back) ~ sex + hatchdate + (1|p|fosternest) + (1|q|dam)) + set_rescor(TRUE)	unresolved	115	false		btdata	inferred-family		unresolved	ordinary_brm	direct population/likelihood route when the family and terms are supported	unresolved-family		family is not explicit or defensibly inferred	tarsus,back,sex,hatchdate,fosternest,dam,TRUE	fosternest,dam	synthetic n=12; positive continuous predictors; integer groups; family-valid outcome
btdata_explicit	true		https://vincentarelbundock.github.io/Rdatasets/csv/MCMCglmm/BTdata.csv	https://paulbuerkner.com/brms/articles/brms_multivariate.html	false	05c3f465e7987e8d7caa7e214fedddd90415a922	357	btdata	brms	scripts/examples/brms.jl	bf(tarsus ~ sex + hatchdate + (1|p|fosternest) + (1|q|dam)) + bf(back ~ sex + hatchdate + (1|p|fosternest) + (1|q|dam)) + set_rescor(TRUE)	true	Multivariate Models — Explicit Separate Formulas	bf(tarsus ~ sex + hatchdate + (1|p|fosternest) + (1|q|dam)) + bf(back ~ sex + hatchdate + (1|p|fosternest) + (1|q|dam)) + set_rescor(TRUE)	unresolved	116	false		btdata	exact-metadata		unresolved	ordinary_brm	direct population/likelihood route when the family and terms are supported	unresolved-family		family is not explicit or defensibly inferred	tarsus,sex,hatchdate,fosternest,dam,back,TRUE	fosternest,dam	synthetic n=12; positive continuous predictors; integer groups; family-valid outcome
btdata_explicit	true		https://vincentarelbundock.github.io/Rdatasets/csv/MCMCglmm/BTdata.csv	https://paulbuerkner.com/brms/articles/brms_multivariate.html	false	05c3f465e7987e8d7caa7e214fedddd90415a922	357	btdata	brms	scripts/examples/brms.jl	bf(tarsus ~ sex + hatchdate + (1|p|fosternest) + (1|q|dam)) + bf(back ~ sex + hatchdate + (1|p|fosternest) + (1|q|dam)) + set_rescor(TRUE)	true	Multivariate Models — Explicit Separate Formulas	bf(tarsus ~ sex + hatchdate + (1|p|fosternest) + (1|q|dam)) + bf(back ~ sex + hatchdate + (1|p|fosternest) + (1|q|dam)) + set_rescor(TRUE)	unresolved	116	false		btdata	inferred-family		unresolved	ordinary_brm	direct population/likelihood route when the family and terms are supported	unresolved-family		family is not explicit or defensibly inferred	tarsus,sex,hatchdate,fosternest,dam,back,TRUE	fosternest,dam	synthetic n=12; positive continuous predictors; integer groups; family-valid outcome
btdata_spline	true		https://vincentarelbundock.github.io/Rdatasets/csv/MCMCglmm/BTdata.csv	https://paulbuerkner.com/brms/articles/brms_multivariate.html	false	05c3f465e7987e8d7caa7e214fedddd90415a922	373	btdata	brms	scripts/examples/brms.jl	bf(tarsus ~ sex + s(hatchdate, k=5) + (1|p|fosternest) + (1|q|dam), family = skew_normal()) + bf(back ~ sex + s(hatchdate, k=5) + (1|p|fosternest) + (1|q|dam)) + set_rescor(TRUE)	true	Multivariate Models — Skew-Normal with Splines	bf(tarsus ~ sex + s(hatchdate, k=5) + (1|p|fosternest) + (1|q|dam), family = skew_normal()) + bf(back ~ sex + s(hatchdate, k=5) + (1|p|fosternest) + (1|q|dam)) + set_rescor(TRUE)	unresolved	117	false		btdata	exact-metadata		unresolved	ordinary_brm	direct population/likelihood route when the family and terms are supported	unresolved-family		family is not explicit or defensibly inferred	tarsus,sex,hatchdate,fosternest,dam,back,TRUE	fosternest,dam	synthetic n=12; positive continuous predictors; integer groups; family-valid outcome
btdata_spline	true		https://vincentarelbundock.github.io/Rdatasets/csv/MCMCglmm/BTdata.csv	https://paulbuerkner.com/brms/articles/brms_multivariate.html	false	05c3f465e7987e8d7caa7e214fedddd90415a922	373	btdata	brms	scripts/examples/brms.jl	bf(tarsus ~ sex + s(hatchdate, k=5) + (1|p|fosternest) + (1|q|dam), family = skew_normal()) + bf(back ~ sex + s(hatchdate, k=5) + (1|p|fosternest) + (1|q|dam)) + set_rescor(TRUE)	true	Multivariate Models — Skew-Normal with Splines	bf(tarsus ~ sex + s(hatchdate, k=5) + (1|p|fosternest) + (1|q|dam), family = skew_normal()) + bf(back ~ sex + s(hatchdate, k=5) + (1|p|fosternest) + (1|q|dam)) + set_rescor(TRUE)	unresolved	117	false		btdata	inferred-family		unresolved	ordinary_brm	direct population/likelihood route when the family and terms are supported	unresolved-family		family is not explicit or defensibly inferred	tarsus,sex,hatchdate,fosternest,dam,back,TRUE	fosternest,dam	synthetic n=12; positive continuous predictors; integer groups; family-valid outcome
nonlinear_exp	true		synthetic	https://paulbuerkner.com/brms/articles/brms_nonlinear.html	false	05c3f465e7987e8d7caa7e214fedddd90415a922	434	nonlinear	brms	scripts/examples/brms.jl	bf(y ~ b1 * exp(b2 * x), b1 + b2 ~ 1, nl = TRUE)	true	Nonlinear Models — Exponential Decay	bf(y ~ b1 * exp(b2 * x), b1 + b2 ~ 1, nl = TRUE)	unresolved	118	false		nonlinear_dat	exact-metadata		unresolved	ordinary_brm	direct population/likelihood route when the family and terms are supported	unresolved-family		family is not explicit or defensibly inferred	y,b1,b2,x,TRUE		synthetic n=12; positive continuous predictors; integer groups; family-valid outcome
nonlinear_exp	true		synthetic	https://paulbuerkner.com/brms/articles/brms_nonlinear.html	false	05c3f465e7987e8d7caa7e214fedddd90415a922	434	nonlinear	brms	scripts/examples/brms.jl	bf(y ~ b1 * exp(b2 * x), b1 + b2 ~ 1, nl = TRUE)	true	Nonlinear Models — Exponential Decay	bf(y ~ b1 * exp(b2 * x), b1 + b2 ~ 1, nl = TRUE)	unresolved	118	false		nonlinear_dat	inferred-family		unresolved	ordinary_brm	direct population/likelihood route when the family and terms are supported	unresolved-family		family is not explicit or defensibly inferred	y,b1,b2,x,TRUE		synthetic n=12; positive continuous predictors; integer groups; family-valid outcome
nonlinear_linear	true		synthetic	https://paulbuerkner.com/brms/articles/brms_nonlinear.html	false	05c3f465e7987e8d7caa7e214fedddd90415a922	450	nonlinear	brms	scripts/examples/brms.jl	y ~ x	true	Nonlinear Models — Linear Comparison	y ~ x	unresolved	119	false		nonlinear_dat	exact-metadata		unresolved	ordinary_brm	direct population/likelihood route when the family and terms are supported	unresolved-family		family is not explicit or defensibly inferred	y,x		synthetic n=12; positive continuous predictors; integer groups; family-valid outcome
nonlinear_linear	true		synthetic	https://paulbuerkner.com/brms/articles/brms_nonlinear.html	false	05c3f465e7987e8d7caa7e214fedddd90415a922	450	nonlinear	brms	scripts/examples/brms.jl	y ~ x	true	Nonlinear Models — Linear Comparison	y ~ x	unresolved	119	false		nonlinear_dat	inferred-family		unresolved	ordinary_brm	direct population/likelihood route when the family and terms are supported	unresolved-family		family is not explicit or defensibly inferred	y,x		synthetic n=12; positive continuous predictors; integer groups; family-valid outcome
nonlinear_loss	true		synthetic	https://paulbuerkner.com/brms/articles/brms_nonlinear.html	false	05c3f465e7987e8d7caa7e214fedddd90415a922	465	nonlinear	brms	scripts/examples/brms.jl	bf(cum ~ ult * (1 - exp(-(dev/theta)^omega)), ult ~ 1 + (1|AY), omega ~ 1, theta ~ 1, nl = TRUE)	true	Nonlinear Models — Weibull Loss Development	bf(cum ~ ult * (1 - exp(-(dev/theta)^omega)), ult ~ 1 + (1|AY), omega ~ 1, theta ~ 1, nl = TRUE)	unresolved	120	false		loss	exact-metadata		unresolved	ordinary_brm	direct population/likelihood route when the family and terms are supported	unresolved-family		family is not explicit or defensibly inferred	cum,ult,dev,theta,omega,AY,TRUE	AY	synthetic n=12; positive continuous predictors; integer groups; family-valid outcome
nonlinear_loss	true		synthetic	https://paulbuerkner.com/brms/articles/brms_nonlinear.html	false	05c3f465e7987e8d7caa7e214fedddd90415a922	465	nonlinear	brms	scripts/examples/brms.jl	bf(cum ~ ult * (1 - exp(-(dev/theta)^omega)), ult ~ 1 + (1|AY), omega ~ 1, theta ~ 1, nl = TRUE)	true	Nonlinear Models — Weibull Loss Development	bf(cum ~ ult * (1 - exp(-(dev/theta)^omega)), ult ~ 1 + (1|AY), omega ~ 1, theta ~ 1, nl = TRUE)	unresolved	120	false		loss	inferred-family	weibull	inferred-from-name	ordinary_brm	direct population/likelihood route when the family and terms are supported	unsupported		multi-formula/nonlinear brms declaration	cum,ult,dev,theta,omega,AY,TRUE	AY	synthetic n=12; positive continuous predictors; integer groups; family-valid outcome
phylo_simple_re	true		http://paulbuerkner.com/data/data_simple.txt	https://paulbuerkner.com/brms/articles/brms_phylogenetics.html	false	05c3f465e7987e8d7caa7e214fedddd90415a922	532	phylogenetics	brms	scripts/examples/brms.jl	phen ~ cofactor + (1|gr(phylo, cov = A))	true	Phylogenetic Models — Simple Random Effect	phen ~ cofactor + (1|gr(phylo, cov = A))	unresolved	121	false		phylo_simple	exact-metadata		unresolved	stanblocks_plate	faithful-candidate: structured covariance is not an ordinary IID group effect	unresolved-family		family is not explicit or defensibly inferred	phen,cofactor,phylo,A	gr	synthetic n=12; positive continuous predictors; integer groups; family-valid outcome
phylo_simple_re	true		http://paulbuerkner.com/data/data_simple.txt	https://paulbuerkner.com/brms/articles/brms_phylogenetics.html	false	05c3f465e7987e8d7caa7e214fedddd90415a922	532	phylogenetics	brms	scripts/examples/brms.jl	phen ~ cofactor + (1|gr(phylo, cov = A))	true	Phylogenetic Models — Simple Random Effect	phen ~ cofactor + (1|gr(phylo, cov = A))	unresolved	121	false		phylo_simple	inferred-family		unresolved	stanblocks_plate	faithful-candidate: structured covariance is not an ordinary IID group effect	unresolved-family		family is not explicit or defensibly inferred	phen,cofactor,phylo,A	gr	synthetic n=12; positive continuous predictors; integer groups; family-valid outcome
phylo_simple_resid	true		http://paulbuerkner.com/data/data_simple.txt	https://paulbuerkner.com/brms/articles/brms_phylogenetics.html	false	05c3f465e7987e8d7caa7e214fedddd90415a922	547	phylogenetics	brms	scripts/examples/brms.jl	phen ~ cofactor + (1|gr(phylo, cov = A)) + (1|phylo)	true	Phylogenetic Models — Additional Residual Effect	phen ~ cofactor + (1|gr(phylo, cov = A)) + (1|phylo)	unresolved	122	false		phylo_simple	exact-metadata		unresolved	stanblocks_plate	faithful-candidate: structured covariance is not an ordinary IID group effect	unresolved-family		family is not explicit or defensibly inferred	phen,cofactor,phylo,A	gr,phylo	synthetic n=12; positive continuous predictors; integer groups; family-valid outcome
phylo_simple_resid	true		http://paulbuerkner.com/data/data_simple.txt	https://paulbuerkner.com/brms/articles/brms_phylogenetics.html	false	05c3f465e7987e8d7caa7e214fedddd90415a922	547	phylogenetics	brms	scripts/examples/brms.jl	phen ~ cofactor + (1|gr(phylo, cov = A)) + (1|phylo)	true	Phylogenetic Models — Additional Residual Effect	phen ~ cofactor + (1|gr(phylo, cov = A)) + (1|phylo)	unresolved	122	false		phylo_simple	inferred-family		unresolved	stanblocks_plate	faithful-candidate: structured covariance is not an ordinary IID group effect	unresolved-family		family is not explicit or defensibly inferred	phen,cofactor,phylo,A	gr,phylo	synthetic n=12; positive continuous predictors; integer groups; family-valid outcome
phylo_repeat_re	true		http://paulbuerkner.com/data/data_repeat.txt	https://paulbuerkner.com/brms/articles/brms_phylogenetics.html	false	05c3f465e7987e8d7caa7e214fedddd90415a922	563	phylogenetics	brms	scripts/examples/brms.jl	phen ~ cofactor + (1|gr(phylo, cov = A)) + (1|species)	true	Phylogenetic Models — Repeated Observations	phen ~ cofactor + (1|gr(phylo, cov = A)) + (1|species)	unresolved	123	false		phylo_repeat	exact-metadata		unresolved	stanblocks_plate	faithful-candidate: structured covariance is not an ordinary IID group effect	unresolved-family		family is not explicit or defensibly inferred	phen,cofactor,phylo,A,species	gr,species	synthetic n=12; positive continuous predictors; integer groups; family-valid outcome
phylo_repeat_re	true		http://paulbuerkner.com/data/data_repeat.txt	https://paulbuerkner.com/brms/articles/brms_phylogenetics.html	false	05c3f465e7987e8d7caa7e214fedddd90415a922	563	phylogenetics	brms	scripts/examples/brms.jl	phen ~ cofactor + (1|gr(phylo, cov = A)) + (1|species)	true	Phylogenetic Models — Repeated Observations	phen ~ cofactor + (1|gr(phylo, cov = A)) + (1|species)	unresolved	123	false		phylo_repeat	inferred-family		unresolved	stanblocks_plate	faithful-candidate: structured covariance is not an ordinary IID group effect	unresolved-family		family is not explicit or defensibly inferred	phen,cofactor,phylo,A,species	gr,species	synthetic n=12; positive continuous predictors; integer groups; family-valid outcome
phylo_effect	true		http://paulbuerkner.com/data/data_effect.txt	https://paulbuerkner.com/brms/articles/brms_phylogenetics.html	false	05c3f465e7987e8d7caa7e214fedddd90415a922	579	phylogenetics	brms	scripts/examples/brms.jl	Zr | se(sqrt(1/(N-3))) ~ 1 + (1|gr(phylo, cov = A))	true	Phylogenetic Models — Meta-Analysis	Zr | se(sqrt(1/(N-3))) ~ 1 + (1|gr(phylo, cov = A))	unresolved	124	false		phylo_effect	exact-metadata		unresolved	stanblocks_plate	faithful-candidate: structured covariance is not an ordinary IID group effect	unresolved-family		family is not explicit or defensibly inferred	Zr,N,phylo,A	se,gr	synthetic n=12; positive continuous predictors; integer groups; family-valid outcome
phylo_effect	true		http://paulbuerkner.com/data/data_effect.txt	https://paulbuerkner.com/brms/articles/brms_phylogenetics.html	false	05c3f465e7987e8d7caa7e214fedddd90415a922	579	phylogenetics	brms	scripts/examples/brms.jl	Zr | se(sqrt(1/(N-3))) ~ 1 + (1|gr(phylo, cov = A))	true	Phylogenetic Models — Meta-Analysis	Zr | se(sqrt(1/(N-3))) ~ 1 + (1|gr(phylo, cov = A))	unresolved	124	false		phylo_effect	inferred-family		unresolved	stanblocks_plate	faithful-candidate: structured covariance is not an ordinary IID group effect	unresolved-family		family is not explicit or defensibly inferred	Zr,N,phylo,A	se,gr	synthetic n=12; positive continuous predictors; integer groups; family-valid outcome
phylo_pois	true		http://paulbuerkner.com/data/data_pois.txt	https://paulbuerkner.com/brms/articles/brms_phylogenetics.html	false	05c3f465e7987e8d7caa7e214fedddd90415a922	595	phylogenetics	brms	scripts/examples/brms.jl	phen_pois ~ cofactor + (1|gr(phylo, cov = A))	true	Phylogenetic Models — Poisson Family	phen_pois ~ cofactor + (1|gr(phylo, cov = A))	unresolved	125	false		phylo_pois	exact-metadata		unresolved	stanblocks_plate	faithful-candidate: structured covariance is not an ordinary IID group effect	unresolved-family		family is not explicit or defensibly inferred	phen_pois,cofactor,phylo,A	gr	synthetic n=12; positive continuous predictors; integer groups; family-valid outcome
phylo_pois	true		http://paulbuerkner.com/data/data_pois.txt	https://paulbuerkner.com/brms/articles/brms_phylogenetics.html	false	05c3f465e7987e8d7caa7e214fedddd90415a922	595	phylogenetics	brms	scripts/examples/brms.jl	phen_pois ~ cofactor + (1|gr(phylo, cov = A))	true	Phylogenetic Models — Poisson Family	phen_pois ~ cofactor + (1|gr(phylo, cov = A))	unresolved	125	false		phylo_pois	inferred-family	poisson	inferred-from-name	stanblocks_plate	faithful-candidate: structured covariance is not an ordinary IID group effect	route-specific		requires a faithful stanblocks_plate implementation; no ordinary-formula substitute	phen_pois,cofactor,phylo,A	gr	synthetic n=12; positive continuous predictors; integer groups; family-valid outcome
globe	true		synthetic	synthetic	false	05c3f465e7987e8d7caa7e214fedddd90415a922	21	globe	mcelreath	scripts/examples/mcelreath.jl	w | trials(n) ~ 0 + Intercept	true	Globe Tossing	w | trials(n) ~ 0 + Intercept	unresolved	126	false		globe	exact-metadata		unresolved	ordinary_brm	direct population/likelihood route when the family and terms are supported	unresolved-family		family is not explicit or defensibly inferred	w,n,Intercept	trials	synthetic n=12; positive continuous predictors; integer groups; family-valid outcome
globe	true		synthetic	synthetic	false	05c3f465e7987e8d7caa7e214fedddd90415a922	21	globe	mcelreath	scripts/examples/mcelreath.jl	w | trials(n) ~ 0 + Intercept	true	Globe Tossing	w | trials(n) ~ 0 + Intercept	unresolved	126	false		globe	inferred-family	binomial	inferred-from-response-syntax	ordinary_brm	direct population/likelihood route when the family and terms are supported	ready	log_odds ~ 0 + Intercept\nw ~ BinomialLogit(n, log_odds)	trials/cbind response lowered to explicit BinomialLogit	w,n,Intercept	trials	synthetic n=12; positive continuous predictors; integer groups; family-valid outcome
howell1_intercept	true		https://github.com/rmcelreath/rethinking/blob/master/data/Howell1.csv	https://github.com/rmcelreath/rethinking/blob/master/data/Howell1.csv	false	05c3f465e7987e8d7caa7e214fedddd90415a922	50	howell1	mcelreath	scripts/examples/mcelreath.jl	height ~ 1	true	Heights and Weights — Intercept Only	height ~ 1	unresolved	127	false		howell1	exact-metadata		unresolved	ordinary_brm	direct population/likelihood route when the family and terms are supported	unresolved-family		family is not explicit or defensibly inferred	height		synthetic n=12; positive continuous predictors; integer groups; family-valid outcome
howell1_intercept	true		https://github.com/rmcelreath/rethinking/blob/master/data/Howell1.csv	https://github.com/rmcelreath/rethinking/blob/master/data/Howell1.csv	false	05c3f465e7987e8d7caa7e214fedddd90415a922	50	howell1	mcelreath	scripts/examples/mcelreath.jl	height ~ 1	true	Heights and Weights — Intercept Only	height ~ 1	unresolved	127	false		howell1	inferred-family	gaussian	inferred-from-name	ordinary_brm	direct population/likelihood route when the family and terms are supported	ready	loc ~ 1\nlog(sigma) ~ 1\nheight ~ Normal(loc, sigma)	explicit Normal likelihood; residual scale estimated on log scale	height		synthetic n=12; positive continuous predictors; integer groups; family-valid outcome
howell1_linear	true		https://github.com/rmcelreath/rethinking/blob/master/data/Howell1.csv	https://github.com/rmcelreath/rethinking/blob/master/data/Howell1.csv	false	05c3f465e7987e8d7caa7e214fedddd90415a922	69	howell1	mcelreath	scripts/examples/mcelreath.jl	height ~ 1 + weight_c	true	Heights and Weights — Linear Regression	height ~ 1 + weight_c	unresolved	128	false		howell1	exact-metadata		unresolved	ordinary_brm	direct population/likelihood route when the family and terms are supported	unresolved-family		family is not explicit or defensibly inferred	height,weight_c		synthetic n=12; positive continuous predictors; integer groups; family-valid outcome
howell1_linear	true		https://github.com/rmcelreath/rethinking/blob/master/data/Howell1.csv	https://github.com/rmcelreath/rethinking/blob/master/data/Howell1.csv	false	05c3f465e7987e8d7caa7e214fedddd90415a922	69	howell1	mcelreath	scripts/examples/mcelreath.jl	height ~ 1 + weight_c	true	Heights and Weights — Linear Regression	height ~ 1 + weight_c	unresolved	128	false		howell1	inferred-family	gaussian	inferred-from-name	ordinary_brm	direct population/likelihood route when the family and terms are supported	ready	loc ~ 1 + weight_c\nlog(sigma) ~ 1\nheight ~ Normal(loc, sigma)	explicit Normal likelihood; residual scale estimated on log scale	height,weight_c		synthetic n=12; positive continuous predictors; integer groups; family-valid outcome
howell1_quad	true		https://github.com/rmcelreath/rethinking/blob/master/data/Howell1.csv	https://github.com/rmcelreath/rethinking/blob/master/data/Howell1.csv	false	05c3f465e7987e8d7caa7e214fedddd90415a922	88	howell1	mcelreath	scripts/examples/mcelreath.jl	height ~ 1 + weight_s + weight_s2	true	Heights and Weights — Quadratic Polynomial	height ~ 1 + weight_s + weight_s2	unresolved	129	false		howell1	exact-metadata		unresolved	ordinary_brm	direct population/likelihood route when the family and terms are supported	unresolved-family		family is not explicit or defensibly inferred	height,weight_s,weight_s2		synthetic n=12; positive continuous predictors; integer groups; family-valid outcome
howell1_quad	true		https://github.com/rmcelreath/rethinking/blob/master/data/Howell1.csv	https://github.com/rmcelreath/rethinking/blob/master/data/Howell1.csv	false	05c3f465e7987e8d7caa7e214fedddd90415a922	88	howell1	mcelreath	scripts/examples/mcelreath.jl	height ~ 1 + weight_s + weight_s2	true	Heights and Weights — Quadratic Polynomial	height ~ 1 + weight_s + weight_s2	unresolved	129	false		howell1	inferred-family	gaussian	inferred-from-name	ordinary_brm	direct population/likelihood route when the family and terms are supported	ready	loc ~ 1 + weight_s + weight_s2\nlog(sigma) ~ 1\nheight ~ Normal(loc, sigma)	explicit Normal likelihood; residual scale estimated on log scale	height,weight_s,weight_s2		synthetic n=12; positive continuous predictors; integer groups; family-valid outcome
howell1_cubic	true		https://github.com/rmcelreath/rethinking/blob/master/data/Howell1.csv	https://github.com/rmcelreath/rethinking/blob/master/data/Howell1.csv	false	05c3f465e7987e8d7caa7e214fedddd90415a922	108	howell1	mcelreath	scripts/examples/mcelreath.jl	height ~ 1 + weight_s + weight_s2 + weight_s3	true	Heights and Weights — Cubic Polynomial	height ~ 1 + weight_s + weight_s2 + weight_s3	unresolved	130	false		howell1	exact-metadata		unresolved	ordinary_brm	direct population/likelihood route when the family and terms are supported	unresolved-family		family is not explicit or defensibly inferred	height,weight_s,weight_s2,weight_s3		synthetic n=12; positive continuous predictors; integer groups; family-valid outcome
howell1_cubic	true		https://github.com/rmcelreath/rethinking/blob/master/data/Howell1.csv	https://github.com/rmcelreath/rethinking/blob/master/data/Howell1.csv	false	05c3f465e7987e8d7caa7e214fedddd90415a922	108	howell1	mcelreath	scripts/examples/mcelreath.jl	height ~ 1 + weight_s + weight_s2 + weight_s3	true	Heights and Weights — Cubic Polynomial	height ~ 1 + weight_s + weight_s2 + weight_s3	unresolved	130	false		howell1	inferred-family	gaussian	inferred-from-name	ordinary_brm	direct population/likelihood route when the family and terms are supported	ready	loc ~ 1 + weight_s + weight_s2 + weight_s3\nlog(sigma) ~ 1\nheight ~ Normal(loc, sigma)	explicit Normal likelihood; residual scale estimated on log scale	height,weight_s,weight_s2,weight_s3		synthetic n=12; positive continuous predictors; integer groups; family-valid outcome
howell1_nl	true		https://github.com/rmcelreath/rethinking/blob/master/data/Howell1.csv	https://github.com/rmcelreath/rethinking/blob/master/data/Howell1.csv	false	05c3f465e7987e8d7caa7e214fedddd90415a922	128	howell1	mcelreath	scripts/examples/mcelreath.jl	bf(height ~ a + exp(lb) * weight_c, a ~ 1, lb ~ 1, nl = TRUE)	true	Heights and Weights — Nonlinear Exponential Growth	bf(height ~ a + exp(lb) * weight_c, a ~ 1, lb ~ 1, nl = TRUE)	unresolved	131	false		howell1	exact-metadata		unresolved	ordinary_brm	direct population/likelihood route when the family and terms are supported	unresolved-family		family is not explicit or defensibly inferred	height,a,lb,weight_c,TRUE		synthetic n=12; positive continuous predictors; integer groups; family-valid outcome
howell1_nl	true		https://github.com/rmcelreath/rethinking/blob/master/data/Howell1.csv	https://github.com/rmcelreath/rethinking/blob/master/data/Howell1.csv	false	05c3f465e7987e8d7caa7e214fedddd90415a922	128	howell1	mcelreath	scripts/examples/mcelreath.jl	bf(height ~ a + exp(lb) * weight_c, a ~ 1, lb ~ 1, nl = TRUE)	true	Heights and Weights — Nonlinear Exponential Growth	bf(height ~ a + exp(lb) * weight_c, a ~ 1, lb ~ 1, nl = TRUE)	unresolved	131	false		howell1	inferred-family	gaussian	inferred-from-name	ordinary_brm	direct population/likelihood route when the family and terms are supported	unsupported		multi-formula/nonlinear brms declaration	height,a,lb,weight_c,TRUE		synthetic n=12; positive continuous predictors; integer groups; family-valid outcome
howell1_volume	true		https://github.com/rmcelreath/rethinking/blob/master/data/Howell1.csv	https://github.com/rmcelreath/rethinking/blob/master/data/Howell1.csv	false	05c3f465e7987e8d7caa7e214fedddd90415a922	147	howell1	mcelreath	scripts/examples/mcelreath.jl	bf(w ~ log(3.141593 * k * p^2 * h^3), k + p ~ 1, nl = TRUE)	true	Heights and Weights — Nonlinear Volume Model	bf(w ~ log(3.141593 * k * p^2 * h^3), k + p ~ 1, nl = TRUE)	unresolved	132	false		howell1	exact-metadata		unresolved	ordinary_brm	direct population/likelihood route when the family and terms are supported	unresolved-family		family is not explicit or defensibly inferred	w,k,p,h,TRUE		synthetic n=12; positive continuous predictors; integer groups; family-valid outcome
howell1_volume	true		https://github.com/rmcelreath/rethinking/blob/master/data/Howell1.csv	https://github.com/rmcelreath/rethinking/blob/master/data/Howell1.csv	false	05c3f465e7987e8d7caa7e214fedddd90415a922	147	howell1	mcelreath	scripts/examples/mcelreath.jl	bf(w ~ log(3.141593 * k * p^2 * h^3), k + p ~ 1, nl = TRUE)	true	Heights and Weights — Nonlinear Volume Model	bf(w ~ log(3.141593 * k * p^2 * h^3), k + p ~ 1, nl = TRUE)	unresolved	132	false		howell1	inferred-family	gaussian	inferred-from-name	ordinary_brm	direct population/likelihood route when the family and terms are supported	unsupported		multi-formula/nonlinear brms declaration	w,k,p,h,TRUE		synthetic n=12; positive continuous predictors; integer groups; family-valid outcome
cherry_blossoms	true		https://github.com/rmcelreath/rethinking/blob/master/data/cherry_blossoms.csv	https://github.com/rmcelreath/rethinking/blob/master/data/cherry_blossoms.csv	false	05c3f465e7987e8d7caa7e214fedddd90415a922	178	cherry_blossoms	mcelreath	scripts/examples/mcelreath.jl	doy ~ 1 + B	true	Cherry Blossoms — B-Spline Regression	doy ~ 1 + B	unresolved	133	false		cherry_blossoms	exact-metadata		unresolved	ordinary_brm	direct population/likelihood route when the family and terms are supported	unresolved-family		family is not explicit or defensibly inferred	doy,B		synthetic n=12; positive continuous predictors; integer groups; family-valid outcome
cherry_blossoms	true		https://github.com/rmcelreath/rethinking/blob/master/data/cherry_blossoms.csv	https://github.com/rmcelreath/rethinking/blob/master/data/cherry_blossoms.csv	false	05c3f465e7987e8d7caa7e214fedddd90415a922	178	cherry_blossoms	mcelreath	scripts/examples/mcelreath.jl	doy ~ 1 + B	true	Cherry Blossoms — B-Spline Regression	doy ~ 1 + B	unresolved	133	false		cherry_blossoms	inferred-family		unresolved	ordinary_brm	direct population/likelihood route when the family and terms are supported	unresolved-family		family is not explicit or defensibly inferred	doy,B		synthetic n=12; positive continuous predictors; integer groups; family-valid outcome
waffle_divorce_a	true		https://github.com/rmcelreath/rethinking/blob/master/data/WaffleDivorce.csv	https://github.com/rmcelreath/rethinking/blob/master/data/WaffleDivorce.csv	false	05c3f465e7987e8d7caa7e214fedddd90415a922	209	waffle_divorce	mcelreath	scripts/examples/mcelreath.jl	D ~ 1 + A	true	Waffle Divorce — Age Predicts Divorce	D ~ 1 + A	unresolved	134	false		waffle_divorce	exact-metadata		unresolved	ordinary_brm	direct population/likelihood route when the family and terms are supported	unresolved-family		family is not explicit or defensibly inferred	D,A		synthetic n=12; positive continuous predictors; integer groups; family-valid outcome
waffle_divorce_a	true		https://github.com/rmcelreath/rethinking/blob/master/data/WaffleDivorce.csv	https://github.com/rmcelreath/rethinking/blob/master/data/WaffleDivorce.csv	false	05c3f465e7987e8d7caa7e214fedddd90415a922	209	waffle_divorce	mcelreath	scripts/examples/mcelreath.jl	D ~ 1 + A	true	Waffle Divorce — Age Predicts Divorce	D ~ 1 + A	unresolved	134	false		waffle_divorce	inferred-family		unresolved	ordinary_brm	direct population/likelihood route when the family and terms are supported	unresolved-family		family is not explicit or defensibly inferred	D,A		synthetic n=12; positive continuous predictors; integer groups; family-valid outcome
waffle_divorce_m	true		https://github.com/rmcelreath/rethinking/blob/master/data/WaffleDivorce.csv	https://github.com/rmcelreath/rethinking/blob/master/data/WaffleDivorce.csv	false	05c3f465e7987e8d7caa7e214fedddd90415a922	231	waffle_divorce	mcelreath	scripts/examples/mcelreath.jl	D ~ 1 + M	true	Waffle Divorce — Marriage Rate Predicts Divorce	D ~ 1 + M	unresolved	135	false		waffle_divorce	exact-metadata		unresolved	ordinary_brm	direct population/likelihood route when the family and terms are supported	unresolved-family		family is not explicit or defensibly inferred	D,M		synthetic n=12; positive continuous predictors; integer groups; family-valid outcome
waffle_divorce_m	true		https://github.com/rmcelreath/rethinking/blob/master/data/WaffleDivorce.csv	https://github.com/rmcelreath/rethinking/blob/master/data/WaffleDivorce.csv	false	05c3f465e7987e8d7caa7e214fedddd90415a922	231	waffle_divorce	mcelreath	scripts/examples/mcelreath.jl	D ~ 1 + M	true	Waffle Divorce — Marriage Rate Predicts Divorce	D ~ 1 + M	unresolved	135	false		waffle_divorce	inferred-family		unresolved	ordinary_brm	direct population/likelihood route when the family and terms are supported	unresolved-family		family is not explicit or defensibly inferred	D,M		synthetic n=12; positive continuous predictors; integer groups; family-valid outcome
waffle_divorce_am	true		https://github.com/rmcelreath/rethinking/blob/master/data/WaffleDivorce.csv	https://github.com/rmcelreath/rethinking/blob/master/data/WaffleDivorce.csv	false	05c3f465e7987e8d7caa7e214fedddd90415a922	253	waffle_divorce	mcelreath	scripts/examples/mcelreath.jl	D ~ 1 + M + A	true	Waffle Divorce — Multiple Regression (M's effect vanishes)	D ~ 1 + M + A	unresolved	136	false		waffle_divorce	exact-metadata		unresolved	ordinary_brm	direct population/likelihood route when the family and terms are supported	unresolved-family		family is not explicit or defensibly inferred	D,M,A		synthetic n=12; positive continuous predictors; integer groups; family-valid outcome
waffle_divorce_am	true		https://github.com/rmcelreath/rethinking/blob/master/data/WaffleDivorce.csv	https://github.com/rmcelreath/rethinking/blob/master/data/WaffleDivorce.csv	false	05c3f465e7987e8d7caa7e214fedddd90415a922	253	waffle_divorce	mcelreath	scripts/examples/mcelreath.jl	D ~ 1 + M + A	true	Waffle Divorce — Multiple Regression (M's effect vanishes)	D ~ 1 + M + A	unresolved	136	false		waffle_divorce	inferred-family		unresolved	ordinary_brm	direct population/likelihood route when the family and terms are supported	unresolved-family		family is not explicit or defensibly inferred	D,M,A		synthetic n=12; positive continuous predictors; integer groups; family-valid outcome
waffle_divorce_mediator	true		https://github.com/rmcelreath/rethinking/blob/master/data/WaffleDivorce.csv	https://github.com/rmcelreath/rethinking/blob/master/data/WaffleDivorce.csv	false	05c3f465e7987e8d7caa7e214fedddd90415a922	275	waffle_divorce	mcelreath	scripts/examples/mcelreath.jl	M ~ 1 + A	true	Waffle Divorce — Mediator Regression (A predicts M)	M ~ 1 + A	unresolved	137	false		waffle_divorce	exact-metadata		unresolved	ordinary_brm	direct population/likelihood route when the family and terms are supported	unresolved-family		family is not explicit or defensibly inferred	M,A		synthetic n=12; positive continuous predictors; integer groups; family-valid outcome
waffle_divorce_mediator	true		https://github.com/rmcelreath/rethinking/blob/master/data/WaffleDivorce.csv	https://github.com/rmcelreath/rethinking/blob/master/data/WaffleDivorce.csv	false	05c3f465e7987e8d7caa7e214fedddd90415a922	275	waffle_divorce	mcelreath	scripts/examples/mcelreath.jl	M ~ 1 + A	true	Waffle Divorce — Mediator Regression (A predicts M)	M ~ 1 + A	unresolved	137	false		waffle_divorce	inferred-family		unresolved	ordinary_brm	direct population/likelihood route when the family and terms are supported	unresolved-family		family is not explicit or defensibly inferred	M,A		synthetic n=12; positive continuous predictors; integer groups; family-valid outcome
waffle_divorce_multivariate	true		https://github.com/rmcelreath/rethinking/blob/master/data/WaffleDivorce.csv	https://github.com/rmcelreath/rethinking/blob/master/data/WaffleDivorce.csv	false	05c3f465e7987e8d7caa7e214fedddd90415a922	297	waffle_divorce	mcelreath	scripts/examples/mcelreath.jl	bf(D ~ 1 + M + A) + bf(M ~ 1 + A) + set_rescor(FALSE)	true	Waffle Divorce — Multivariate Simultaneous Causal Model	bf(D ~ 1 + M + A) + bf(M ~ 1 + A) + set_rescor(FALSE)	unresolved	138	false		waffle_divorce	exact-metadata		unresolved	ordinary_brm	direct population/likelihood route when the family and terms are supported	unresolved-family		family is not explicit or defensibly inferred	D,M,A,FALSE		synthetic n=12; positive continuous predictors; integer groups; family-valid outcome
waffle_divorce_multivariate	true		https://github.com/rmcelreath/rethinking/blob/master/data/WaffleDivorce.csv	https://github.com/rmcelreath/rethinking/blob/master/data/WaffleDivorce.csv	false	05c3f465e7987e8d7caa7e214fedddd90415a922	297	waffle_divorce	mcelreath	scripts/examples/mcelreath.jl	bf(D ~ 1 + M + A) + bf(M ~ 1 + A) + set_rescor(FALSE)	true	Waffle Divorce — Multivariate Simultaneous Causal Model	bf(D ~ 1 + M + A) + bf(M ~ 1 + A) + set_rescor(FALSE)	unresolved	138	false		waffle_divorce	inferred-family		unresolved	ordinary_brm	direct population/likelihood route when the family and terms are supported	unresolved-family		family is not explicit or defensibly inferred	D,M,A,FALSE		synthetic n=12; positive continuous predictors; integer groups; family-valid outcome
waffle_divorce_meas_err	true		https://github.com/rmcelreath/rethinking/blob/master/data/WaffleDivorce.csv	https://github.com/rmcelreath/rethinking/blob/master/data/WaffleDivorce.csv	false	05c3f465e7987e8d7caa7e214fedddd90415a922	319	waffle_divorce	mcelreath	scripts/examples/mcelreath.jl	D_obs | mi(D_sd) ~ 1 + A + M	true	Waffle Divorce — Measurement Error Model	D_obs | mi(D_sd) ~ 1 + A + M	unresolved	139	false		waffle_divorce	exact-metadata		unresolved	ordinary_brm	direct population/likelihood route when the family and terms are supported	unresolved-family		family is not explicit or defensibly inferred	D_obs,D_sd,A,M	mi	synthetic n=12; positive continuous predictors; integer groups; family-valid outcome
waffle_divorce_meas_err	true		https://github.com/rmcelreath/rethinking/blob/master/data/WaffleDivorce.csv	https://github.com/rmcelreath/rethinking/blob/master/data/WaffleDivorce.csv	false	05c3f465e7987e8d7caa7e214fedddd90415a922	319	waffle_divorce	mcelreath	scripts/examples/mcelreath.jl	D_obs | mi(D_sd) ~ 1 + A + M	true	Waffle Divorce — Measurement Error Model	D_obs | mi(D_sd) ~ 1 + A + M	unresolved	139	false		waffle_divorce	inferred-family		unresolved	ordinary_brm	direct population/likelihood route when the family and terms are supported	unresolved-family		family is not explicit or defensibly inferred	D_obs,D_sd,A,M	mi	synthetic n=12; positive continuous predictors; integer groups; family-valid outcome
milk_neo	true		https://github.com/rmcelreath/rethinking/blob/master/data/milk.csv	https://github.com/rmcelreath/rethinking/blob/master/data/milk.csv	false	05c3f465e7987e8d7caa7e214fedddd90415a922	354	milk	mcelreath	scripts/examples/mcelreath.jl	kcal_s ~ 1 + neo_s	true	Milk Energy — Neocortex Predictor	kcal_s ~ 1 + neo_s	unresolved	140	false		milk	exact-metadata		unresolved	ordinary_brm	direct population/likelihood route when the family and terms are supported	unresolved-family		family is not explicit or defensibly inferred	kcal_s,neo_s		synthetic n=12; positive continuous predictors; integer groups; family-valid outcome
milk_neo	true		https://github.com/rmcelreath/rethinking/blob/master/data/milk.csv	https://github.com/rmcelreath/rethinking/blob/master/data/milk.csv	false	05c3f465e7987e8d7caa7e214fedddd90415a922	354	milk	mcelreath	scripts/examples/mcelreath.jl	kcal_s ~ 1 + neo_s	true	Milk Energy — Neocortex Predictor	kcal_s ~ 1 + neo_s	unresolved	140	false		milk	inferred-family		unresolved	ordinary_brm	direct population/likelihood route when the family and terms are supported	unresolved-family		family is not explicit or defensibly inferred	kcal_s,neo_s		synthetic n=12; positive continuous predictors; integer groups; family-valid outcome
milk_mass	true		https://github.com/rmcelreath/rethinking/blob/master/data/milk.csv	https://github.com/rmcelreath/rethinking/blob/master/data/milk.csv	false	05c3f465e7987e8d7caa7e214fedddd90415a922	381	milk	mcelreath	scripts/examples/mcelreath.jl	kcal_s ~ 1 + logmass_s	true	Milk Energy — Log Body Mass Predictor	kcal_s ~ 1 + logmass_s	unresolved	141	false		milk	exact-metadata		unresolved	ordinary_brm	direct population/likelihood route when the family and terms are supported	unresolved-family		family is not explicit or defensibly inferred	kcal_s,logmass_s		synthetic n=12; positive continuous predictors; integer groups; family-valid outcome
milk_mass	true		https://github.com/rmcelreath/rethinking/blob/master/data/milk.csv	https://github.com/rmcelreath/rethinking/blob/master/data/milk.csv	false	05c3f465e7987e8d7caa7e214fedddd90415a922	381	milk	mcelreath	scripts/examples/mcelreath.jl	kcal_s ~ 1 + logmass_s	true	Milk Energy — Log Body Mass Predictor	kcal_s ~ 1 + logmass_s	unresolved	141	false		milk	inferred-family		unresolved	ordinary_brm	direct population/likelihood route when the family and terms are supported	unresolved-family		family is not explicit or defensibly inferred	kcal_s,logmass_s		synthetic n=12; positive continuous predictors; integer groups; family-valid outcome
milk_both	true		https://github.com/rmcelreath/rethinking/blob/master/data/milk.csv	https://github.com/rmcelreath/rethinking/blob/master/data/milk.csv	false	05c3f465e7987e8d7caa7e214fedddd90415a922	408	milk	mcelreath	scripts/examples/mcelreath.jl	kcal_s ~ 1 + neo_s + logmass_s	true	Milk Energy — Neocortex and Mass (Masked Association)	kcal_s ~ 1 + neo_s + logmass_s	unresolved	142	false		milk	exact-metadata		unresolved	ordinary_brm	direct population/likelihood route when the family and terms are supported	unresolved-family		family is not explicit or defensibly inferred	kcal_s,neo_s,logmass_s		synthetic n=12; positive continuous predictors; integer groups; family-valid outcome
milk_both	true		https://github.com/rmcelreath/rethinking/blob/master/data/milk.csv	https://github.com/rmcelreath/rethinking/blob/master/data/milk.csv	false	05c3f465e7987e8d7caa7e214fedddd90415a922	408	milk	mcelreath	scripts/examples/mcelreath.jl	kcal_s ~ 1 + neo_s + logmass_s	true	Milk Energy — Neocortex and Mass (Masked Association)	kcal_s ~ 1 + neo_s + logmass_s	unresolved	142	false		milk	inferred-family		unresolved	ordinary_brm	direct population/likelihood route when the family and terms are supported	unresolved-family		family is not explicit or defensibly inferred	kcal_s,neo_s,logmass_s		synthetic n=12; positive continuous predictors; integer groups; family-valid outcome
milk_clade	true		https://github.com/rmcelreath/rethinking/blob/master/data/milk.csv	https://github.com/rmcelreath/rethinking/blob/master/data/milk.csv	false	05c3f465e7987e8d7caa7e214fedddd90415a922	435	milk	mcelreath	scripts/examples/mcelreath.jl	kcal_s ~ 0 + clade	true	Milk Energy — Clade Index Model	kcal_s ~ 0 + clade	unresolved	143	false		milk	exact-metadata		unresolved	ordinary_brm	direct population/likelihood route when the family and terms are supported	unresolved-family		family is not explicit or defensibly inferred	kcal_s,clade		synthetic n=12; positive continuous predictors; integer groups; family-valid outcome
milk_clade	true		https://github.com/rmcelreath/rethinking/blob/master/data/milk.csv	https://github.com/rmcelreath/rethinking/blob/master/data/milk.csv	false	05c3f465e7987e8d7caa7e214fedddd90415a922	435	milk	mcelreath	scripts/examples/mcelreath.jl	kcal_s ~ 0 + clade	true	Milk Energy — Clade Index Model	kcal_s ~ 0 + clade	unresolved	143	false		milk	inferred-family		unresolved	ordinary_brm	direct population/likelihood route when the family and terms are supported	unresolved-family		family is not explicit or defensibly inferred	kcal_s,clade		synthetic n=12; positive continuous predictors; integer groups; family-valid outcome
milk_mi	true		https://github.com/rmcelreath/rethinking/blob/master/data/milk.csv	https://github.com/rmcelreath/rethinking/blob/master/data/milk.csv	false	05c3f465e7987e8d7caa7e214fedddd90415a922	462	milk	mcelreath	scripts/examples/mcelreath.jl	bf(k ~ 1 + mi(b) + m) + bf(b | mi() ~ 1) + set_rescor(FALSE)	true	Milk Energy — Joint Missing-Data Model	bf(k ~ 1 + mi(b) + m) + bf(b | mi() ~ 1) + set_rescor(FALSE)	unresolved	144	false		milk	exact-metadata		unresolved	ordinary_brm	direct population/likelihood route when the family and terms are supported	unresolved-family		family is not explicit or defensibly inferred	k,b,m,FALSE	mi	synthetic n=12; positive continuous predictors; integer groups; family-valid outcome
milk_mi	true		https://github.com/rmcelreath/rethinking/blob/master/data/milk.csv	https://github.com/rmcelreath/rethinking/blob/master/data/milk.csv	false	05c3f465e7987e8d7caa7e214fedddd90415a922	462	milk	mcelreath	scripts/examples/mcelreath.jl	bf(k ~ 1 + mi(b) + m) + bf(b | mi() ~ 1) + set_rescor(FALSE)	true	Milk Energy — Joint Missing-Data Model	bf(k ~ 1 + mi(b) + m) + bf(b | mi() ~ 1) + set_rescor(FALSE)	unresolved	144	false		milk	inferred-family		unresolved	ordinary_brm	direct population/likelihood route when the family and terms are supported	unresolved-family		family is not explicit or defensibly inferred	k,b,m,FALSE	mi	synthetic n=12; positive continuous predictors; integer groups; family-valid outcome
plant_growth_baseline	true		synthetic	synthetic	false	05c3f465e7987e8d7caa7e214fedddd90415a922	514	plant_growth	mcelreath	scripts/examples/mcelreath.jl	h1 ~ 0 + h0	true	Plant Growth — Baseline (No Treatment Effect)	h1 ~ 0 + h0	unresolved	145	false		plant_growth	exact-metadata		unresolved	ordinary_brm	direct population/likelihood route when the family and terms are supported	unresolved-family		family is not explicit or defensibly inferred	h1,h0		synthetic n=12; positive continuous predictors; integer groups; family-valid outcome
plant_growth_baseline	true		synthetic	synthetic	false	05c3f465e7987e8d7caa7e214fedddd90415a922	514	plant_growth	mcelreath	scripts/examples/mcelreath.jl	h1 ~ 0 + h0	true	Plant Growth — Baseline (No Treatment Effect)	h1 ~ 0 + h0	unresolved	145	false		plant_growth	inferred-family		unresolved	ordinary_brm	direct population/likelihood route when the family and terms are supported	unresolved-family		family is not explicit or defensibly inferred	h1,h0		synthetic n=12; positive continuous predictors; integer groups; family-valid outcome
plant_growth_biased	true		synthetic	synthetic	false	05c3f465e7987e8d7caa7e214fedddd90415a922	530	plant_growth	mcelreath	scripts/examples/mcelreath.jl	bf(h1 ~ h0 * (a + t * treatment + f * fungus), a + t + f ~ 1, nl = TRUE)	true	Plant Growth — Post-Treatment Bias	bf(h1 ~ h0 * (a + t * treatment + f * fungus), a + t + f ~ 1, nl = TRUE)	unresolved	146	false		plant_growth	exact-metadata		unresolved	ordinary_brm	direct population/likelihood route when the family and terms are supported	unresolved-family		family is not explicit or defensibly inferred	h1,h0,a,t,treatment,f,fungus,TRUE		synthetic n=12; positive continuous predictors; integer groups; family-valid outcome
plant_growth_biased	true		synthetic	synthetic	false	05c3f465e7987e8d7caa7e214fedddd90415a922	530	plant_growth	mcelreath	scripts/examples/mcelreath.jl	bf(h1 ~ h0 * (a + t * treatment + f * fungus), a + t + f ~ 1, nl = TRUE)	true	Plant Growth — Post-Treatment Bias	bf(h1 ~ h0 * (a + t * treatment + f * fungus), a + t + f ~ 1, nl = TRUE)	unresolved	146	false		plant_growth	inferred-family		unresolved	ordinary_brm	direct population/likelihood route when the family and terms are supported	unresolved-family		family is not explicit or defensibly inferred	h1,h0,a,t,treatment,f,fungus,TRUE		synthetic n=12; positive continuous predictors; integer groups; family-valid outcome
plant_growth_causal	true		synthetic	synthetic	false	05c3f465e7987e8d7caa7e214fedddd90415a922	547	plant_growth	mcelreath	scripts/examples/mcelreath.jl	bf(h1 ~ h0 * (a + t * treatment), a + t ~ 1, nl = TRUE)	true	Plant Growth — Causal Model (Excluding Mediator)	bf(h1 ~ h0 * (a + t * treatment), a + t ~ 1, nl = TRUE)	unresolved	147	false		plant_growth	exact-metadata		unresolved	ordinary_brm	direct population/likelihood route when the family and terms are supported	unresolved-family		family is not explicit or defensibly inferred	h1,h0,a,t,treatment,TRUE		synthetic n=12; positive continuous predictors; integer groups; family-valid outcome
plant_growth_causal	true		synthetic	synthetic	false	05c3f465e7987e8d7caa7e214fedddd90415a922	547	plant_growth	mcelreath	scripts/examples/mcelreath.jl	bf(h1 ~ h0 * (a + t * treatment), a + t ~ 1, nl = TRUE)	true	Plant Growth — Causal Model (Excluding Mediator)	bf(h1 ~ h0 * (a + t * treatment), a + t ~ 1, nl = TRUE)	unresolved	147	false		plant_growth	inferred-family		unresolved	ordinary_brm	direct population/likelihood route when the family and terms are supported	unresolved-family		family is not explicit or defensibly inferred	h1,h0,a,t,treatment,TRUE		synthetic n=12; positive continuous predictors; integer groups; family-valid outcome
happiness_collider	true		synthetic	synthetic	false	05c3f465e7987e8d7caa7e214fedddd90415a922	594	happiness	mcelreath	scripts/examples/mcelreath.jl	happiness ~ 0 + mid + a	true	Happiness — Collider Bias (Spurious Age Effect)	happiness ~ 0 + mid + a	unresolved	148	false		happiness	exact-metadata		unresolved	ordinary_brm	direct population/likelihood route when the family and terms are supported	unresolved-family		family is not explicit or defensibly inferred	happiness,mid,a		synthetic n=12; positive continuous predictors; integer groups; family-valid outcome
happiness_collider	true		synthetic	synthetic	false	05c3f465e7987e8d7caa7e214fedddd90415a922	594	happiness	mcelreath	scripts/examples/mcelreath.jl	happiness ~ 0 + mid + a	true	Happiness — Collider Bias (Spurious Age Effect)	happiness ~ 0 + mid + a	unresolved	148	false		happiness	inferred-family		unresolved	ordinary_brm	direct population/likelihood route when the family and terms are supported	unresolved-family		family is not explicit or defensibly inferred	happiness,mid,a		synthetic n=12; positive continuous predictors; integer groups; family-valid outcome
happiness_causal	true		synthetic	synthetic	false	05c3f465e7987e8d7caa7e214fedddd90415a922	611	happiness	mcelreath	scripts/examples/mcelreath.jl	happiness ~ 0 + Intercept + a	true	Happiness — Causal Model (No Age Effect)	happiness ~ 0 + Intercept + a	unresolved	149	false		happiness	exact-metadata		unresolved	ordinary_brm	direct population/likelihood route when the family and terms are supported	unresolved-family		family is not explicit or defensibly inferred	happiness,Intercept,a		synthetic n=12; positive continuous predictors; integer groups; family-valid outcome
happiness_causal	true		synthetic	synthetic	false	05c3f465e7987e8d7caa7e214fedddd90415a922	611	happiness	mcelreath	scripts/examples/mcelreath.jl	happiness ~ 0 + Intercept + a	true	Happiness — Causal Model (No Age Effect)	happiness ~ 0 + Intercept + a	unresolved	149	false		happiness	inferred-family		unresolved	ordinary_brm	direct population/likelihood route when the family and terms are supported	unresolved-family		family is not explicit or defensibly inferred	happiness,Intercept,a		synthetic n=12; positive continuous predictors; integer groups; family-valid outcome
rugged_pooled	true		https://github.com/rmcelreath/rethinking/blob/master/data/rugged.csv	https://github.com/rmcelreath/rethinking/blob/master/data/rugged.csv	false	05c3f465e7987e8d7caa7e214fedddd90415a922	640	rugged	mcelreath	scripts/examples/mcelreath.jl	log_gdp_std ~ 1 + rugged_std_c	true	Terrain Ruggedness — Pooled Model	log_gdp_std ~ 1 + rugged_std_c	unresolved	150	false		rugged	exact-metadata		unresolved	ordinary_brm	direct population/likelihood route when the family and terms are supported	unresolved-family		family is not explicit or defensibly inferred	log_gdp_std,rugged_std_c		synthetic n=12; positive continuous predictors; integer groups; family-valid outcome
rugged_pooled	true		https://github.com/rmcelreath/rethinking/blob/master/data/rugged.csv	https://github.com/rmcelreath/rethinking/blob/master/data/rugged.csv	false	05c3f465e7987e8d7caa7e214fedddd90415a922	640	rugged	mcelreath	scripts/examples/mcelreath.jl	log_gdp_std ~ 1 + rugged_std_c	true	Terrain Ruggedness — Pooled Model	log_gdp_std ~ 1 + rugged_std_c	unresolved	150	false		rugged	inferred-family		unresolved	ordinary_brm	direct population/likelihood route when the family and terms are supported	unresolved-family		family is not explicit or defensibly inferred	log_gdp_std,rugged_std_c		synthetic n=12; positive continuous predictors; integer groups; family-valid outcome
rugged_continent	true		https://github.com/rmcelreath/rethinking/blob/master/data/rugged.csv	https://github.com/rmcelreath/rethinking/blob/master/data/rugged.csv	false	05c3f465e7987e8d7caa7e214fedddd90415a922	662	rugged	mcelreath	scripts/examples/mcelreath.jl	log_gdp_std ~ 0 + cid + rugged_std_c	true	Terrain Ruggedness — Continent Intercepts	log_gdp_std ~ 0 + cid + rugged_std_c	unresolved	151	false		rugged	exact-metadata		unresolved	ordinary_brm	direct population/likelihood route when the family and terms are supported	unresolved-family		family is not explicit or defensibly inferred	log_gdp_std,cid,rugged_std_c		synthetic n=12; positive continuous predictors; integer groups; family-valid outcome
rugged_continent	true		https://github.com/rmcelreath/rethinking/blob/master/data/rugged.csv	https://github.com/rmcelreath/rethinking/blob/master/data/rugged.csv	false	05c3f465e7987e8d7caa7e214fedddd90415a922	662	rugged	mcelreath	scripts/examples/mcelreath.jl	log_gdp_std ~ 0 + cid + rugged_std_c	true	Terrain Ruggedness — Continent Intercepts	log_gdp_std ~ 0 + cid + rugged_std_c	unresolved	151	false		rugged	inferred-family		unresolved	ordinary_brm	direct population/likelihood route when the family and terms are supported	unresolved-family		family is not explicit or defensibly inferred	log_gdp_std,cid,rugged_std_c		synthetic n=12; positive continuous predictors; integer groups; family-valid outcome
rugged_nl	true		https://github.com/rmcelreath/rethinking/blob/master/data/rugged.csv	https://github.com/rmcelreath/rethinking/blob/master/data/rugged.csv	false	05c3f465e7987e8d7caa7e214fedddd90415a922	684	rugged	mcelreath	scripts/examples/mcelreath.jl	bf(log_gdp_std ~ 0 + a + b * rugged_std_c, a ~ 0 + cid, b ~ 0 + cid, nl = TRUE)	true	Terrain Ruggedness — Nonlinear Continent Slopes	bf(log_gdp_std ~ 0 + a + b * rugged_std_c, a ~ 0 + cid, b ~ 0 + cid, nl = TRUE)	unresolved	152	false		rugged	exact-metadata		unresolved	ordinary_brm	direct population/likelihood route when the family and terms are supported	unresolved-family		family is not explicit or defensibly inferred	log_gdp_std,a,b,rugged_std_c,cid,TRUE		synthetic n=12; positive continuous predictors; integer groups; family-valid outcome
rugged_nl	true		https://github.com/rmcelreath/rethinking/blob/master/data/rugged.csv	https://github.com/rmcelreath/rethinking/blob/master/data/rugged.csv	false	05c3f465e7987e8d7caa7e214fedddd90415a922	684	rugged	mcelreath	scripts/examples/mcelreath.jl	bf(log_gdp_std ~ 0 + a + b * rugged_std_c, a ~ 0 + cid, b ~ 0 + cid, nl = TRUE)	true	Terrain Ruggedness — Nonlinear Continent Slopes	bf(log_gdp_std ~ 0 + a + b * rugged_std_c, a ~ 0 + cid, b ~ 0 + cid, nl = TRUE)	unresolved	152	false		rugged	inferred-family		unresolved	ordinary_brm	direct population/likelihood route when the family and terms are supported	unresolved-family		family is not explicit or defensibly inferred	log_gdp_std,a,b,rugged_std_c,cid,TRUE		synthetic n=12; positive continuous predictors; integer groups; family-valid outcome
tulips_additive	true		https://github.com/rmcelreath/rethinking/blob/master/data/tulips.csv	https://github.com/rmcelreath/rethinking/blob/master/data/tulips.csv	false	05c3f465e7987e8d7caa7e214fedddd90415a922	718	tulips	mcelreath	scripts/examples/mcelreath.jl	blooms_std ~ 1 + water_cent + shade_cent	true	Tulips — Additive Water and Shade Effects	blooms_std ~ 1 + water_cent + shade_cent	unresolved	153	false		tulips	exact-metadata		unresolved	ordinary_brm	direct population/likelihood route when the family and terms are supported	unresolved-family		family is not explicit or defensibly inferred	blooms_std,water_cent,shade_cent		synthetic n=12; positive continuous predictors; integer groups; family-valid outcome
tulips_additive	true		https://github.com/rmcelreath/rethinking/blob/master/data/tulips.csv	https://github.com/rmcelreath/rethinking/blob/master/data/tulips.csv	false	05c3f465e7987e8d7caa7e214fedddd90415a922	718	tulips	mcelreath	scripts/examples/mcelreath.jl	blooms_std ~ 1 + water_cent + shade_cent	true	Tulips — Additive Water and Shade Effects	blooms_std ~ 1 + water_cent + shade_cent	unresolved	153	false		tulips	inferred-family		unresolved	ordinary_brm	direct population/likelihood route when the family and terms are supported	unresolved-family		family is not explicit or defensibly inferred	blooms_std,water_cent,shade_cent		synthetic n=12; positive continuous predictors; integer groups; family-valid outcome
tulips_interaction	true		https://github.com/rmcelreath/rethinking/blob/master/data/tulips.csv	https://github.com/rmcelreath/rethinking/blob/master/data/tulips.csv	false	05c3f465e7987e8d7caa7e214fedddd90415a922	737	tulips	mcelreath	scripts/examples/mcelreath.jl	blooms_std ~ 1 + water_cent + shade_cent + water_cent:shade_cent	true	Tulips — Water × Shade Interaction	blooms_std ~ 1 + water_cent + shade_cent + water_cent:shade_cent	unresolved	154	false		tulips	exact-metadata		unresolved	ordinary_brm	direct population/likelihood route when the family and terms are supported	unresolved-family		family is not explicit or defensibly inferred	blooms_std,water_cent,shade_cent		synthetic n=12; positive continuous predictors; integer groups; family-valid outcome
tulips_interaction	true		https://github.com/rmcelreath/rethinking/blob/master/data/tulips.csv	https://github.com/rmcelreath/rethinking/blob/master/data/tulips.csv	false	05c3f465e7987e8d7caa7e214fedddd90415a922	737	tulips	mcelreath	scripts/examples/mcelreath.jl	blooms_std ~ 1 + water_cent + shade_cent + water_cent:shade_cent	true	Tulips — Water × Shade Interaction	blooms_std ~ 1 + water_cent + shade_cent + water_cent:shade_cent	unresolved	154	false		tulips	inferred-family		unresolved	ordinary_brm	direct population/likelihood route when the family and terms are supported	unresolved-family		family is not explicit or defensibly inferred	blooms_std,water_cent,shade_cent		synthetic n=12; positive continuous predictors; integer groups; family-valid outcome
hetero	true		synthetic	synthetic	false	05c3f465e7987e8d7caa7e214fedddd90415a922	773	hetero	mcelreath	scripts/examples/mcelreath.jl	bf(y ~ 1, sigma ~ 1 + x)	true	Distributional Model — Heteroscedastic Gaussian	bf(y ~ 1, sigma ~ 1 + x)	unresolved	155	false		hetero	exact-metadata		unresolved	ordinary_brm	direct population/likelihood route when the family and terms are supported	unresolved-family		family is not explicit or defensibly inferred	y,x		synthetic n=12; positive continuous predictors; integer groups; family-valid outcome
hetero	true		synthetic	synthetic	false	05c3f465e7987e8d7caa7e214fedddd90415a922	773	hetero	mcelreath	scripts/examples/mcelreath.jl	bf(y ~ 1, sigma ~ 1 + x)	true	Distributional Model — Heteroscedastic Gaussian	bf(y ~ 1, sigma ~ 1 + x)	unresolved	155	false		hetero	inferred-family	gaussian	inferred-from-name	ordinary_brm	direct population/likelihood route when the family and terms are supported	unsupported		multi-formula/nonlinear brms declaration	y,x		synthetic n=12; positive continuous predictors; integer groups; family-valid outcome
chimpanzees_intercept	true		https://github.com/rmcelreath/rethinking/blob/master/data/chimpanzees.csv	https://github.com/rmcelreath/rethinking/blob/master/data/chimpanzees.csv	false	05c3f465e7987e8d7caa7e214fedddd90415a922	803	chimpanzees	mcelreath	scripts/examples/mcelreath.jl	pulled_left | trials(1) ~ 1	true	Chimpanzees — Intercept Only	pulled_left | trials(1) ~ 1	unresolved	156	false		chimpanzees	exact-metadata		unresolved	ordinary_brm	direct population/likelihood route when the family and terms are supported	unresolved-family		family is not explicit or defensibly inferred	pulled_left	trials	synthetic n=12; positive continuous predictors; integer groups; family-valid outcome
chimpanzees_intercept	true		https://github.com/rmcelreath/rethinking/blob/master/data/chimpanzees.csv	https://github.com/rmcelreath/rethinking/blob/master/data/chimpanzees.csv	false	05c3f465e7987e8d7caa7e214fedddd90415a922	803	chimpanzees	mcelreath	scripts/examples/mcelreath.jl	pulled_left | trials(1) ~ 1	true	Chimpanzees — Intercept Only	pulled_left | trials(1) ~ 1	unresolved	156	false		chimpanzees	inferred-family	binomial	inferred-from-response-syntax	ordinary_brm	direct population/likelihood route when the family and terms are supported	ready	log_odds ~ 1\npulled_left ~ BinomialLogit(1, log_odds)	trials/cbind response lowered to explicit BinomialLogit	pulled_left	trials	synthetic n=12; positive continuous predictors; integer groups; family-valid outcome
chimpanzees_actors	true		https://github.com/rmcelreath/rethinking/blob/master/data/chimpanzees.csv	https://github.com/rmcelreath/rethinking/blob/master/data/chimpanzees.csv	false	05c3f465e7987e8d7caa7e214fedddd90415a922	823	chimpanzees	mcelreath	scripts/examples/mcelreath.jl	bf(pulled_left | trials(1) ~ a + b, a ~ 0 + actor, b ~ 0 + treatment, nl = TRUE)	true	Chimpanzees — Actor-Indexed Intercepts and Treatment Effects	bf(pulled_left | trials(1) ~ a + b, a ~ 0 + actor, b ~ 0 + treatment, nl = TRUE)	unresolved	157	false		chimpanzees	exact-metadata		unresolved	ordinary_brm	direct population/likelihood route when the family and terms are supported	unresolved-family		family is not explicit or defensibly inferred	pulled_left,a,b,actor,treatment,TRUE	trials	synthetic n=12; positive continuous predictors; integer groups; family-valid outcome
chimpanzees_actors	true		https://github.com/rmcelreath/rethinking/blob/master/data/chimpanzees.csv	https://github.com/rmcelreath/rethinking/blob/master/data/chimpanzees.csv	false	05c3f465e7987e8d7caa7e214fedddd90415a922	823	chimpanzees	mcelreath	scripts/examples/mcelreath.jl	bf(pulled_left | trials(1) ~ a + b, a ~ 0 + actor, b ~ 0 + treatment, nl = TRUE)	true	Chimpanzees — Actor-Indexed Intercepts and Treatment Effects	bf(pulled_left | trials(1) ~ a + b, a ~ 0 + actor, b ~ 0 + treatment, nl = TRUE)	unresolved	157	false		chimpanzees	inferred-family	binomial	inferred-from-response-syntax	ordinary_brm	direct population/likelihood route when the family and terms are supported	unsupported		multi-formula/nonlinear brms declaration	pulled_left,a,b,actor,treatment,TRUE	trials	synthetic n=12; positive continuous predictors; integer groups; family-valid outcome
chimpanzees_multilevel	true		https://github.com/rmcelreath/rethinking/blob/master/data/chimpanzees.csv	https://github.com/rmcelreath/rethinking/blob/master/data/chimpanzees.csv	false	05c3f465e7987e8d7caa7e214fedddd90415a922	842	chimpanzees	mcelreath	scripts/examples/mcelreath.jl	bf(pulled_left | trials(1) ~ a + b, a ~ 1 + (1 | actor) + (1 | block), b ~ 0 + treatment, nl = TRUE)	true	Chimpanzees — Multilevel Partial Pooling	bf(pulled_left | trials(1) ~ a + b, a ~ 1 + (1 | actor) + (1 | block), b ~ 0 + treatment, nl = TRUE)	unresolved	158	false		chimpanzees	exact-metadata		unresolved	ordinary_brm	direct population/likelihood route when the family and terms are supported	unresolved-family		family is not explicit or defensibly inferred	pulled_left,a,b,actor,block,treatment,TRUE	trials,actor,block	synthetic n=12; positive continuous predictors; integer groups; family-valid outcome
chimpanzees_multilevel	true		https://github.com/rmcelreath/rethinking/blob/master/data/chimpanzees.csv	https://github.com/rmcelreath/rethinking/blob/master/data/chimpanzees.csv	false	05c3f465e7987e8d7caa7e214fedddd90415a922	842	chimpanzees	mcelreath	scripts/examples/mcelreath.jl	bf(pulled_left | trials(1) ~ a + b, a ~ 1 + (1 | actor) + (1 | block), b ~ 0 + treatment, nl = TRUE)	true	Chimpanzees — Multilevel Partial Pooling	bf(pulled_left | trials(1) ~ a + b, a ~ 1 + (1 | actor) + (1 | block), b ~ 0 + treatment, nl = TRUE)	unresolved	158	false		chimpanzees	inferred-family	binomial	inferred-from-response-syntax	ordinary_brm	direct population/likelihood route when the family and terms are supported	unsupported		multi-formula/nonlinear brms declaration	pulled_left,a,b,actor,block,treatment,TRUE	trials,actor,block	synthetic n=12; positive continuous predictors; integer groups; family-valid outcome
chimpanzees_slopes	true		https://github.com/rmcelreath/rethinking/blob/master/data/chimpanzees.csv	https://github.com/rmcelreath/rethinking/blob/master/data/chimpanzees.csv	false	05c3f465e7987e8d7caa7e214fedddd90415a922	862	chimpanzees	mcelreath	scripts/examples/mcelreath.jl	pulled_left | trials(1) ~ 0 + treatment + (0 + treatment | actor) + (0 + treatment | block)	true	Chimpanzees — Varying Slopes by Treatment	pulled_left | trials(1) ~ 0 + treatment + (0 + treatment | actor) + (0 + treatment | block)	unresolved	159	false		chimpanzees	exact-metadata		unresolved	ordinary_brm	direct population/likelihood route when the family and terms are supported	unresolved-family		family is not explicit or defensibly inferred	pulled_left,treatment,actor,block	trials,actor,block	synthetic n=12; positive continuous predictors; integer groups; family-valid outcome
chimpanzees_slopes	true		https://github.com/rmcelreath/rethinking/blob/master/data/chimpanzees.csv	https://github.com/rmcelreath/rethinking/blob/master/data/chimpanzees.csv	false	05c3f465e7987e8d7caa7e214fedddd90415a922	862	chimpanzees	mcelreath	scripts/examples/mcelreath.jl	pulled_left | trials(1) ~ 0 + treatment + (0 + treatment | actor) + (0 + treatment | block)	true	Chimpanzees — Varying Slopes by Treatment	pulled_left | trials(1) ~ 0 + treatment + (0 + treatment | actor) + (0 + treatment | block)	unresolved	159	false		chimpanzees	inferred-family	binomial	inferred-from-response-syntax	ordinary_brm	direct population/likelihood route when the family and terms are supported	ready	log_odds ~ 0 + treatment + (0 + treatment | actor) + (0 + treatment | block)\npulled_left ~ BinomialLogit(1, log_odds)	trials/cbind response lowered to explicit BinomialLogit	pulled_left,treatment,actor,block	trials,actor,block	synthetic n=12; positive continuous predictors; integer groups; family-valid outcome
ucbadmit_gender	true		https://github.com/rmcelreath/rethinking/blob/master/data/UCBadmit.csv	https://github.com/rmcelreath/rethinking/blob/master/data/UCBadmit.csv	false	05c3f465e7987e8d7caa7e214fedddd90415a922	893	ucbadmit	mcelreath	scripts/examples/mcelreath.jl	admit | trials(applications) ~ 0 + gid	true	UC Berkeley Admissions — Gender Gap	admit | trials(applications) ~ 0 + gid	unresolved	160	false		ucbadmit	exact-metadata		unresolved	ordinary_brm	direct population/likelihood route when the family and terms are supported	unresolved-family		family is not explicit or defensibly inferred	admit,applications,gid	trials	synthetic n=12; positive continuous predictors; integer groups; family-valid outcome
ucbadmit_gender	true		https://github.com/rmcelreath/rethinking/blob/master/data/UCBadmit.csv	https://github.com/rmcelreath/rethinking/blob/master/data/UCBadmit.csv	false	05c3f465e7987e8d7caa7e214fedddd90415a922	893	ucbadmit	mcelreath	scripts/examples/mcelreath.jl	admit | trials(applications) ~ 0 + gid	true	UC Berkeley Admissions — Gender Gap	admit | trials(applications) ~ 0 + gid	unresolved	160	false		ucbadmit	inferred-family	binomial	inferred-from-response-syntax	ordinary_brm	direct population/likelihood route when the family and terms are supported	ready	log_odds ~ 0 + gid\nadmit ~ BinomialLogit(applications, log_odds)	trials/cbind response lowered to explicit BinomialLogit	admit,applications,gid	trials	synthetic n=12; positive continuous predictors; integer groups; family-valid outcome
ucbadmit_dept	true		https://github.com/rmcelreath/rethinking/blob/master/data/UCBadmit.csv	https://github.com/rmcelreath/rethinking/blob/master/data/UCBadmit.csv	false	05c3f465e7987e8d7caa7e214fedddd90415a922	911	ucbadmit	mcelreath	scripts/examples/mcelreath.jl	bf(admit | trials(applications) ~ a + d, a ~ 0 + gid, d ~ 0 + dept, nl = TRUE)	true	UC Berkeley Admissions — Gender + Department	bf(admit | trials(applications) ~ a + d, a ~ 0 + gid, d ~ 0 + dept, nl = TRUE)	unresolved	161	false		ucbadmit	exact-metadata		unresolved	ordinary_brm	direct population/likelihood route when the family and terms are supported	unresolved-family		family is not explicit or defensibly inferred	admit,applications,a,d,gid,dept,TRUE	trials	synthetic n=12; positive continuous predictors; integer groups; family-valid outcome
ucbadmit_dept	true		https://github.com/rmcelreath/rethinking/blob/master/data/UCBadmit.csv	https://github.com/rmcelreath/rethinking/blob/master/data/UCBadmit.csv	false	05c3f465e7987e8d7caa7e214fedddd90415a922	911	ucbadmit	mcelreath	scripts/examples/mcelreath.jl	bf(admit | trials(applications) ~ a + d, a ~ 0 + gid, d ~ 0 + dept, nl = TRUE)	true	UC Berkeley Admissions — Gender + Department	bf(admit | trials(applications) ~ a + d, a ~ 0 + gid, d ~ 0 + dept, nl = TRUE)	unresolved	161	false		ucbadmit	inferred-family	binomial	inferred-from-response-syntax	ordinary_brm	direct population/likelihood route when the family and terms are supported	unsupported		multi-formula/nonlinear brms declaration	admit,applications,a,d,gid,dept,TRUE	trials	synthetic n=12; positive continuous predictors; integer groups; family-valid outcome
ucbadmit_beta_binomial	true		https://github.com/rmcelreath/rethinking/blob/master/data/UCBadmit.csv	https://github.com/rmcelreath/rethinking/blob/master/data/UCBadmit.csv	false	05c3f465e7987e8d7caa7e214fedddd90415a922	929	ucbadmit	mcelreath	scripts/examples/mcelreath.jl	admit | vint(applications) ~ 0 + gid	true	UC Berkeley Admissions — Beta-Binomial	admit | vint(applications) ~ 0 + gid	unresolved	162	false		ucbadmit	exact-metadata		unresolved	ordinary_brm	direct population/likelihood route when the family and terms are supported	unresolved-family		family is not explicit or defensibly inferred	admit,applications,gid	vint	synthetic n=12; positive continuous predictors; integer groups; family-valid outcome
ucbadmit_beta_binomial	true		https://github.com/rmcelreath/rethinking/blob/master/data/UCBadmit.csv	https://github.com/rmcelreath/rethinking/blob/master/data/UCBadmit.csv	false	05c3f465e7987e8d7caa7e214fedddd90415a922	929	ucbadmit	mcelreath	scripts/examples/mcelreath.jl	admit | vint(applications) ~ 0 + gid	true	UC Berkeley Admissions — Beta-Binomial	admit | vint(applications) ~ 0 + gid	unresolved	162	false		ucbadmit	inferred-family		unresolved	ordinary_brm	direct population/likelihood route when the family and terms are supported	unresolved-family		family is not explicit or defensibly inferred	admit,applications,gid	vint	synthetic n=12; positive continuous predictors; integer groups; family-valid outcome
kline_intercept	true		https://github.com/rmcelreath/rethinking/blob/master/data/Kline.csv	https://github.com/rmcelreath/rethinking/blob/master/data/Kline.csv	false	05c3f465e7987e8d7caa7e214fedddd90415a922	969	kline	mcelreath	scripts/examples/mcelreath.jl	total_tools ~ 1	true	Kline Island — Intercept-Only Poisson	total_tools ~ 1	unresolved	163	false		kline	exact-metadata		unresolved	ordinary_brm	direct population/likelihood route when the family and terms are supported	unresolved-family		family is not explicit or defensibly inferred	total_tools		synthetic n=12; positive continuous predictors; integer groups; family-valid outcome
kline_intercept	true		https://github.com/rmcelreath/rethinking/blob/master/data/Kline.csv	https://github.com/rmcelreath/rethinking/blob/master/data/Kline.csv	false	05c3f465e7987e8d7caa7e214fedddd90415a922	969	kline	mcelreath	scripts/examples/mcelreath.jl	total_tools ~ 1	true	Kline Island — Intercept-Only Poisson	total_tools ~ 1	unresolved	163	false		kline	inferred-family	poisson	inferred-from-name	ordinary_brm	direct population/likelihood route when the family and terms are supported	ready	log_rate ~ 1\ntotal_tools ~ Poisson(exp(log_rate))	explicit log-link Poisson likelihood; offset(...) becomes ordinary log exposure	total_tools		synthetic n=12; positive continuous predictors; integer groups; family-valid outcome
kline_contact	true		https://github.com/rmcelreath/rethinking/blob/master/data/Kline.csv	https://github.com/rmcelreath/rethinking/blob/master/data/Kline.csv	false	05c3f465e7987e8d7caa7e214fedddd90415a922	988	kline	mcelreath	scripts/examples/mcelreath.jl	bf(total_tools ~ a + b * log_pop_std, a + b ~ 0 + cid, nl = TRUE)	true	Kline Island — Contact-Indexed Intercepts and Log-Population Slopes	bf(total_tools ~ a + b * log_pop_std, a + b ~ 0 + cid, nl = TRUE)	unresolved	164	false		kline	exact-metadata		unresolved	ordinary_brm	direct population/likelihood route when the family and terms are supported	unresolved-family		family is not explicit or defensibly inferred	total_tools,a,b,log_pop_std,cid,TRUE		synthetic n=12; positive continuous predictors; integer groups; family-valid outcome
kline_contact	true		https://github.com/rmcelreath/rethinking/blob/master/data/Kline.csv	https://github.com/rmcelreath/rethinking/blob/master/data/Kline.csv	false	05c3f465e7987e8d7caa7e214fedddd90415a922	988	kline	mcelreath	scripts/examples/mcelreath.jl	bf(total_tools ~ a + b * log_pop_std, a + b ~ 0 + cid, nl = TRUE)	true	Kline Island — Contact-Indexed Intercepts and Log-Population Slopes	bf(total_tools ~ a + b * log_pop_std, a + b ~ 0 + cid, nl = TRUE)	unresolved	164	false		kline	inferred-family		unresolved	ordinary_brm	direct population/likelihood route when the family and terms are supported	unresolved-family		family is not explicit or defensibly inferred	total_tools,a,b,log_pop_std,cid,TRUE		synthetic n=12; positive continuous predictors; integer groups; family-valid outcome
kline_power	true		https://github.com/rmcelreath/rethinking/blob/master/data/Kline.csv	https://github.com/rmcelreath/rethinking/blob/master/data/Kline.csv	false	05c3f465e7987e8d7caa7e214fedddd90415a922	1007	kline	mcelreath	scripts/examples/mcelreath.jl	bf(total_tools ~ exp(a) * population^b / g, a + b ~ 0 + cid, g ~ 1, nl = TRUE)	true	Kline Island — Scientific Power-Law Model	bf(total_tools ~ exp(a) * population^b / g, a + b ~ 0 + cid, g ~ 1, nl = TRUE)	unresolved	165	false		kline	exact-metadata		unresolved	ordinary_brm	direct population/likelihood route when the family and terms are supported	unresolved-family		family is not explicit or defensibly inferred	total_tools,a,population,b,g,cid,TRUE		synthetic n=12; positive continuous predictors; integer groups; family-valid outcome
kline_power	true		https://github.com/rmcelreath/rethinking/blob/master/data/Kline.csv	https://github.com/rmcelreath/rethinking/blob/master/data/Kline.csv	false	05c3f465e7987e8d7caa7e214fedddd90415a922	1007	kline	mcelreath	scripts/examples/mcelreath.jl	bf(total_tools ~ exp(a) * population^b / g, a + b ~ 0 + cid, g ~ 1, nl = TRUE)	true	Kline Island — Scientific Power-Law Model	bf(total_tools ~ exp(a) * population^b / g, a + b ~ 0 + cid, g ~ 1, nl = TRUE)	unresolved	165	false		kline	inferred-family		unresolved	ordinary_brm	direct population/likelihood route when the family and terms are supported	unresolved-family		family is not explicit or defensibly inferred	total_tools,a,population,b,g,cid,TRUE		synthetic n=12; positive continuous predictors; integer groups; family-valid outcome
kline2	true		https://github.com/rmcelreath/rethinking/blob/master/data/Kline2.csv	https://github.com/rmcelreath/rethinking/blob/master/data/Kline2.csv	false	05c3f465e7987e8d7caa7e214fedddd90415a922	1026	kline2	mcelreath	scripts/examples/mcelreath.jl	bf(total_tools ~ exp(a) * population^b / g, a ~ 1 + gp(lat_adj, lon2_adj, scale=FALSE), b + g ~ 1, nl = TRUE)	true	Kline Island — Gaussian Process over Geography	bf(total_tools ~ exp(a) * population^b / g, a ~ 1 + gp(lat_adj, lon2_adj, scale=FALSE), b + g ~ 1, nl = TRUE)	unresolved	166	false		kline2	exact-metadata		unresolved	ordinary_brm	direct population/likelihood route when the family and terms are supported	unresolved-family		family is not explicit or defensibly inferred	total_tools,a,population,b,g,lat_adj,lon2_adj,FALSE,TRUE		synthetic n=12; positive continuous predictors; integer groups; family-valid outcome
kline2	true		https://github.com/rmcelreath/rethinking/blob/master/data/Kline2.csv	https://github.com/rmcelreath/rethinking/blob/master/data/Kline2.csv	false	05c3f465e7987e8d7caa7e214fedddd90415a922	1026	kline2	mcelreath	scripts/examples/mcelreath.jl	bf(total_tools ~ exp(a) * population^b / g, a ~ 1 + gp(lat_adj, lon2_adj, scale=FALSE), b + g ~ 1, nl = TRUE)	true	Kline Island — Gaussian Process over Geography	bf(total_tools ~ exp(a) * population^b / g, a ~ 1 + gp(lat_adj, lon2_adj, scale=FALSE), b + g ~ 1, nl = TRUE)	unresolved	166	false		kline2	inferred-family	gaussian	inferred-from-name	ordinary_brm	direct population/likelihood route when the family and terms are supported	unsupported		multi-formula/nonlinear brms declaration	total_tools,a,population,b,g,lat_adj,lon2_adj,FALSE,TRUE		synthetic n=12; positive continuous predictors; integer groups; family-valid outcome
trolley_intercept	true		https://github.com/rmcelreath/rethinking/blob/master/data/Trolley.csv	https://github.com/rmcelreath/rethinking/blob/master/data/Trolley.csv	false	05c3f465e7987e8d7caa7e214fedddd90415a922	1060	trolley	mcelreath	scripts/examples/mcelreath.jl	response ~ 1	true	Trolley — Intercept Only (6 Thresholds)	response ~ 1	unresolved	167	false		trolley	exact-metadata		unresolved	ordinary_brm	direct population/likelihood route when the family and terms are supported	unresolved-family		family is not explicit or defensibly inferred	response		synthetic n=12; positive continuous predictors; integer groups; family-valid outcome
trolley_intercept	true		https://github.com/rmcelreath/rethinking/blob/master/data/Trolley.csv	https://github.com/rmcelreath/rethinking/blob/master/data/Trolley.csv	false	05c3f465e7987e8d7caa7e214fedddd90415a922	1060	trolley	mcelreath	scripts/examples/mcelreath.jl	response ~ 1	true	Trolley — Intercept Only (6 Thresholds)	response ~ 1	unresolved	167	false		trolley	inferred-family	ordered_logistic	inferred-from-name	ordinary_brm	direct population/likelihood route when the family and terms are supported	ready	loc ~ 1\nresponse ~ OrderedLogistic(loc)	current proportional-odds likelihood; non-logit historical links need separate review	response		synthetic n=12; positive continuous predictors; integer groups; family-valid outcome
trolley_effects	true		https://github.com/rmcelreath/rethinking/blob/master/data/Trolley.csv	https://github.com/rmcelreath/rethinking/blob/master/data/Trolley.csv	false	05c3f465e7987e8d7caa7e214fedddd90415a922	1082	trolley	mcelreath	scripts/examples/mcelreath.jl	response ~ 1 + action + contact + intention + intention:action + intention:contact	true	Trolley — Action, Contact, and Intention Effects	response ~ 1 + action + contact + intention + intention:action + intention:contact	unresolved	168	false		trolley	exact-metadata		unresolved	ordinary_brm	direct population/likelihood route when the family and terms are supported	unresolved-family		family is not explicit or defensibly inferred	response,action,contact,intention		synthetic n=12; positive continuous predictors; integer groups; family-valid outcome
trolley_effects	true		https://github.com/rmcelreath/rethinking/blob/master/data/Trolley.csv	https://github.com/rmcelreath/rethinking/blob/master/data/Trolley.csv	false	05c3f465e7987e8d7caa7e214fedddd90415a922	1082	trolley	mcelreath	scripts/examples/mcelreath.jl	response ~ 1 + action + contact + intention + intention:action + intention:contact	true	Trolley — Action, Contact, and Intention Effects	response ~ 1 + action + contact + intention + intention:action + intention:contact	unresolved	168	false		trolley	inferred-family	ordered_logistic	inferred-from-name	ordinary_brm	direct population/likelihood route when the family and terms are supported	ready	loc ~ 1 + action + contact + intention + intention & action + intention & contact\nresponse ~ OrderedLogistic(loc)	current proportional-odds likelihood; non-logit historical links need separate review	response,action,contact,intention		synthetic n=12; positive continuous predictors; integer groups; family-valid outcome
trolley_edu	true		https://github.com/rmcelreath/rethinking/blob/master/data/Trolley.csv	https://github.com/rmcelreath/rethinking/blob/master/data/Trolley.csv	false	05c3f465e7987e8d7caa7e214fedddd90415a922	1103	trolley	mcelreath	scripts/examples/mcelreath.jl	response ~ 1 + action + contact + intention + mo(edu_new)	true	Trolley — Monotonic Education Effect	response ~ 1 + action + contact + intention + mo(edu_new)	unresolved	169	false		trolley	exact-metadata		unresolved	ordinary_brm	direct population/likelihood route when the family and terms are supported	unresolved-family		family is not explicit or defensibly inferred	response,action,contact,intention,edu_new		synthetic n=12; positive continuous predictors; integer groups; family-valid outcome
trolley_edu	true		https://github.com/rmcelreath/rethinking/blob/master/data/Trolley.csv	https://github.com/rmcelreath/rethinking/blob/master/data/Trolley.csv	false	05c3f465e7987e8d7caa7e214fedddd90415a922	1103	trolley	mcelreath	scripts/examples/mcelreath.jl	response ~ 1 + action + contact + intention + mo(edu_new)	true	Trolley — Monotonic Education Effect	response ~ 1 + action + contact + intention + mo(edu_new)	unresolved	169	false		trolley	inferred-family	ordered_logistic	inferred-from-name	ordinary_brm	direct population/likelihood route when the family and terms are supported	ready	loc ~ 1 + action + contact + intention + mo(edu_new)\nresponse ~ OrderedLogistic(loc)	current proportional-odds likelihood; non-logit historical links need separate review	response,action,contact,intention,edu_new		synthetic n=12; positive continuous predictors; integer groups; family-valid outcome
reedfrogs_nopooling	true		https://github.com/rmcelreath/rethinking/blob/master/data/reedfrogs.csv	https://github.com/rmcelreath/rethinking/blob/master/data/reedfrogs.csv	false	05c3f465e7987e8d7caa7e214fedddd90415a922	1138	reedfrogs	mcelreath	scripts/examples/mcelreath.jl	surv | trials(density) ~ 0 + factor(tank)	true	Reed Frogs — No-Pooling Model	surv | trials(density) ~ 0 + factor(tank)	unresolved	170	false		reedfrogs	exact-metadata		unresolved	ordinary_brm	direct population/likelihood route when the family and terms are supported	unresolved-family		family is not explicit or defensibly inferred	surv,density,tank	trials	synthetic n=12; positive continuous predictors; integer groups; family-valid outcome
reedfrogs_nopooling	true		https://github.com/rmcelreath/rethinking/blob/master/data/reedfrogs.csv	https://github.com/rmcelreath/rethinking/blob/master/data/reedfrogs.csv	false	05c3f465e7987e8d7caa7e214fedddd90415a922	1138	reedfrogs	mcelreath	scripts/examples/mcelreath.jl	surv | trials(density) ~ 0 + factor(tank)	true	Reed Frogs — No-Pooling Model	surv | trials(density) ~ 0 + factor(tank)	unresolved	170	false		reedfrogs	inferred-family	binomial	inferred-from-response-syntax	ordinary_brm	direct population/likelihood route when the family and terms are supported	ready	log_odds ~ 0 + factor(tank)\nsurv ~ BinomialLogit(density, log_odds)	trials/cbind response lowered to explicit BinomialLogit	surv,density,tank	trials	synthetic n=12; positive continuous predictors; integer groups; family-valid outcome
reedfrogs_partial	true		https://github.com/rmcelreath/rethinking/blob/master/data/reedfrogs.csv	https://github.com/rmcelreath/rethinking/blob/master/data/reedfrogs.csv	false	05c3f465e7987e8d7caa7e214fedddd90415a922	1156	reedfrogs	mcelreath	scripts/examples/mcelreath.jl	surv | trials(density) ~ 1 + (1 | tank)	true	Reed Frogs — Partial Pooling via Multilevel Model	surv | trials(density) ~ 1 + (1 | tank)	unresolved	171	false		reedfrogs	exact-metadata		unresolved	ordinary_brm	direct population/likelihood route when the family and terms are supported	unresolved-family		family is not explicit or defensibly inferred	surv,density,tank	trials,tank	synthetic n=12; positive continuous predictors; integer groups; family-valid outcome
reedfrogs_partial	true		https://github.com/rmcelreath/rethinking/blob/master/data/reedfrogs.csv	https://github.com/rmcelreath/rethinking/blob/master/data/reedfrogs.csv	false	05c3f465e7987e8d7caa7e214fedddd90415a922	1156	reedfrogs	mcelreath	scripts/examples/mcelreath.jl	surv | trials(density) ~ 1 + (1 | tank)	true	Reed Frogs — Partial Pooling via Multilevel Model	surv | trials(density) ~ 1 + (1 | tank)	unresolved	171	false		reedfrogs	inferred-family	binomial	inferred-from-response-syntax	ordinary_brm	direct population/likelihood route when the family and terms are supported	ready	log_odds ~ 1 + (1 | tank)\nsurv ~ BinomialLogit(density, log_odds)	trials/cbind response lowered to explicit BinomialLogit	surv,density,tank	trials,tank	synthetic n=12; positive continuous predictors; integer groups; family-valid outcome
cafe	true		synthetic	synthetic	false	05c3f465e7987e8d7caa7e214fedddd90415a922	1202	cafe	mcelreath	scripts/examples/mcelreath.jl	wait ~ 1 + afternoon + (1 + afternoon | cafe)	true	Café Visit Times — Varying Slopes	wait ~ 1 + afternoon + (1 + afternoon | cafe)	unresolved	172	false		cafe	exact-metadata		unresolved	ordinary_brm	direct population/likelihood route when the family and terms are supported	unresolved-family		family is not explicit or defensibly inferred	wait,afternoon,cafe	cafe	synthetic n=12; positive continuous predictors; integer groups; family-valid outcome
cafe	true		synthetic	synthetic	false	05c3f465e7987e8d7caa7e214fedddd90415a922	1202	cafe	mcelreath	scripts/examples/mcelreath.jl	wait ~ 1 + afternoon + (1 + afternoon | cafe)	true	Café Visit Times — Varying Slopes	wait ~ 1 + afternoon + (1 + afternoon | cafe)	unresolved	172	false		cafe	inferred-family		unresolved	ordinary_brm	direct population/likelihood route when the family and terms are supported	unresolved-family		family is not explicit or defensibly inferred	wait,afternoon,cafe	cafe	synthetic n=12; positive continuous predictors; integer groups; family-valid outcome
primates301_ols	true		https://github.com/rmcelreath/rethinking/blob/master/data/Primates301.csv	https://github.com/rmcelreath/rethinking/blob/master/data/Primates301.csv	false	05c3f465e7987e8d7caa7e214fedddd90415a922	1232	primates301	mcelreath	scripts/examples/mcelreath.jl	b ~ 1 + m + g	true	Primates — OLS Without Phylogeny	b ~ 1 + m + g	unresolved	173	false		primates301	exact-metadata		unresolved	ordinary_brm	direct population/likelihood route when the family and terms are supported	unresolved-family		family is not explicit or defensibly inferred	b,m,g		synthetic n=12; positive continuous predictors; integer groups; family-valid outcome
primates301_ols	true		https://github.com/rmcelreath/rethinking/blob/master/data/Primates301.csv	https://github.com/rmcelreath/rethinking/blob/master/data/Primates301.csv	false	05c3f465e7987e8d7caa7e214fedddd90415a922	1232	primates301	mcelreath	scripts/examples/mcelreath.jl	b ~ 1 + m + g	true	Primates — OLS Without Phylogeny	b ~ 1 + m + g	unresolved	173	false		primates301	inferred-family	gaussian	inferred-from-name	ordinary_brm	direct population/likelihood route when the family and terms are supported	ready	loc ~ 1 + m + g\nlog(sigma) ~ 1\nb ~ Normal(loc, sigma)	explicit Normal likelihood; residual scale estimated on log scale	b,m,g		synthetic n=12; positive continuous predictors; integer groups; family-valid outcome
primates301_phylo	true		https://github.com/rmcelreath/rethinking/blob/master/data/Primates301.csv	https://github.com/rmcelreath/rethinking/blob/master/data/Primates301.csv	false	05c3f465e7987e8d7caa7e214fedddd90415a922	1251	primates301	mcelreath	scripts/examples/mcelreath.jl	b ~ 1 + m + g + fcor(R)	true	Primates — Phylogenetic Regression	b ~ 1 + m + g + fcor(R)	unresolved	174	false		primates301	exact-metadata		unresolved	stanblocks_plate	faithful-candidate: structured covariance is not an ordinary IID group effect	unresolved-family		family is not explicit or defensibly inferred	b,m,g,R		synthetic n=12; positive continuous predictors; integer groups; family-valid outcome
primates301_phylo	true		https://github.com/rmcelreath/rethinking/blob/master/data/Primates301.csv	https://github.com/rmcelreath/rethinking/blob/master/data/Primates301.csv	false	05c3f465e7987e8d7caa7e214fedddd90415a922	1251	primates301	mcelreath	scripts/examples/mcelreath.jl	b ~ 1 + m + g + fcor(R)	true	Primates — Phylogenetic Regression	b ~ 1 + m + g + fcor(R)	unresolved	174	false		primates301	inferred-family		unresolved	stanblocks_plate	faithful-candidate: structured covariance is not an ordinary IID group effect	unresolved-family		family is not explicit or defensibly inferred	b,m,g,R		synthetic n=12; positive continuous predictors; integer groups; family-valid outcome
moralizing_gods	true		https://github.com/rmcelreath/rethinking/blob/master/data/Moralizing_gods.csv	https://github.com/rmcelreath/rethinking/blob/master/data/Moralizing_gods.csv	false	05c3f465e7987e8d7caa7e214fedddd90415a922	1284	moralizing_gods	mcelreath	scripts/examples/mcelreath.jl	moralizing_gods | trials(1) ~ 1 + writing	true	Moralizing Gods — Missing-Data Handling	moralizing_gods | trials(1) ~ 1 + writing	unresolved	175	false		moralizing_gods	exact-metadata		unresolved	ordinary_brm	direct population/likelihood route when the family and terms are supported	unresolved-family		family is not explicit or defensibly inferred	moralizing_gods,writing	trials	synthetic n=12; positive continuous predictors; integer groups; family-valid outcome
moralizing_gods	true		https://github.com/rmcelreath/rethinking/blob/master/data/Moralizing_gods.csv	https://github.com/rmcelreath/rethinking/blob/master/data/Moralizing_gods.csv	false	05c3f465e7987e8d7caa7e214fedddd90415a922	1284	moralizing_gods	mcelreath	scripts/examples/mcelreath.jl	moralizing_gods | trials(1) ~ 1 + writing	true	Moralizing Gods — Missing-Data Handling	moralizing_gods | trials(1) ~ 1 + writing	unresolved	175	false		moralizing_gods	inferred-family	binomial	inferred-from-response-syntax	ordinary_brm	direct population/likelihood route when the family and terms are supported	ready	log_odds ~ 1 + writing\nmoralizing_gods ~ BinomialLogit(1, log_odds)	trials/cbind response lowered to explicit BinomialLogit	moralizing_gods,writing	trials	synthetic n=12; positive continuous predictors; integer groups; family-valid outcome
panda_nuts	true		https://github.com/rmcelreath/rethinking/blob/master/data/Panda_nuts.csv	https://github.com/rmcelreath/rethinking/blob/master/data/Panda_nuts.csv	false	05c3f465e7987e8d7caa7e214fedddd90415a922	1314	panda_nuts	mcelreath	scripts/examples/mcelreath.jl	bf(n_panda ~ seconds * phi * (1 - exp(-k * age_s))^theta, phi + k + theta ~ 1, nl = TRUE)	true	Panda Nuts — Nonlinear Learning-Curve Model	bf(n_panda ~ seconds * phi * (1 - exp(-k * age_s))^theta, phi + k + theta ~ 1, nl = TRUE)	unresolved	176	false		panda_nuts	exact-metadata		unresolved	ordinary_brm	direct population/likelihood route when the family and terms are supported	unresolved-family		family is not explicit or defensibly inferred	n_panda,seconds,phi,k,age_s,theta,TRUE		synthetic n=12; positive continuous predictors; integer groups; family-valid outcome
panda_nuts	true		https://github.com/rmcelreath/rethinking/blob/master/data/Panda_nuts.csv	https://github.com/rmcelreath/rethinking/blob/master/data/Panda_nuts.csv	false	05c3f465e7987e8d7caa7e214fedddd90415a922	1314	panda_nuts	mcelreath	scripts/examples/mcelreath.jl	bf(n_panda ~ seconds * phi * (1 - exp(-k * age_s))^theta, phi + k + theta ~ 1, nl = TRUE)	true	Panda Nuts — Nonlinear Learning-Curve Model	bf(n_panda ~ seconds * phi * (1 - exp(-k * age_s))^theta, phi + k + theta ~ 1, nl = TRUE)	unresolved	176	false		panda_nuts	inferred-family		unresolved	ordinary_brm	direct population/likelihood route when the family and terms are supported	unresolved-family		family is not explicit or defensibly inferred	n_panda,seconds,phi,k,age_s,theta,TRUE		synthetic n=12; positive continuous predictors; integer groups; family-valid outcome
lynx_hare_ar	true		https://github.com/rmcelreath/rethinking/blob/master/data/Lynx_Hare.csv	https://github.com/rmcelreath/rethinking/blob/master/data/Lynx_Hare.csv	false	05c3f465e7987e8d7caa7e214fedddd90415a922	1345	lynx_hare	mcelreath	scripts/examples/mcelreath.jl	Hare ~ 1 + ar(time = Year, p = 1)	true	Lynx and Hare — AR(1) Autoregressive Model	Hare ~ 1 + ar(time = Year, p = 1)	unresolved	177	false		lynx_hare	exact-metadata		unresolved	ordinary_brm	direct population/likelihood route when the family and terms are supported	unresolved-family		family is not explicit or defensibly inferred	Hare,Year		synthetic n=12; positive continuous predictors; integer groups; family-valid outcome
lynx_hare_ar	true		https://github.com/rmcelreath/rethinking/blob/master/data/Lynx_Hare.csv	https://github.com/rmcelreath/rethinking/blob/master/data/Lynx_Hare.csv	false	05c3f465e7987e8d7caa7e214fedddd90415a922	1345	lynx_hare	mcelreath	scripts/examples/mcelreath.jl	Hare ~ 1 + ar(time = Year, p = 1)	true	Lynx and Hare — AR(1) Autoregressive Model	Hare ~ 1 + ar(time = Year, p = 1)	unresolved	177	false		lynx_hare	inferred-family		unresolved	ordinary_brm	direct population/likelihood route when the family and terms are supported	unresolved-family		family is not explicit or defensibly inferred	Hare,Year		synthetic n=12; positive continuous predictors; integer groups; family-valid outcome
lynx_hare_lag	true		https://github.com/rmcelreath/rethinking/blob/master/data/Lynx_Hare.csv	https://github.com/rmcelreath/rethinking/blob/master/data/Lynx_Hare.csv	false	05c3f465e7987e8d7caa7e214fedddd90415a922	1364	lynx_hare	mcelreath	scripts/examples/mcelreath.jl	Hare ~ 1 + Hare_1	true	Lynx and Hare — Lag-1 Regression	Hare ~ 1 + Hare_1	unresolved	178	false		lynx_hare	exact-metadata		unresolved	ordinary_brm	direct population/likelihood route when the family and terms are supported	unresolved-family		family is not explicit or defensibly inferred	Hare,Hare_1		synthetic n=12; positive continuous predictors; integer groups; family-valid outcome
lynx_hare_lag	true		https://github.com/rmcelreath/rethinking/blob/master/data/Lynx_Hare.csv	https://github.com/rmcelreath/rethinking/blob/master/data/Lynx_Hare.csv	false	05c3f465e7987e8d7caa7e214fedddd90415a922	1364	lynx_hare	mcelreath	scripts/examples/mcelreath.jl	Hare ~ 1 + Hare_1	true	Lynx and Hare — Lag-1 Regression	Hare ~ 1 + Hare_1	unresolved	178	false		lynx_hare	inferred-family		unresolved	ordinary_brm	direct population/likelihood route when the family and terms are supported	unresolved-family		family is not explicit or defensibly inferred	Hare,Hare_1		synthetic n=12; positive continuous predictors; integer groups; family-valid outcome
lynx_hare_mi	true		https://github.com/rmcelreath/rethinking/blob/master/data/Lynx_Hare.csv	https://github.com/rmcelreath/rethinking/blob/master/data/Lynx_Hare.csv	false	05c3f465e7987e8d7caa7e214fedddd90415a922	1384	lynx_hare	mcelreath	scripts/examples/mcelreath.jl	bf(Hare ~ 1 + mi(Hare_1)) + bf(Hare_1 | mi() ~ 1) + set_rescor(FALSE)	true	Lynx and Hare — Missing-Data Model for Lagged Hare	bf(Hare ~ 1 + mi(Hare_1)) + bf(Hare_1 | mi() ~ 1) + set_rescor(FALSE)	unresolved	179	false		lynx_hare	exact-metadata		unresolved	ordinary_brm	direct population/likelihood route when the family and terms are supported	unresolved-family		family is not explicit or defensibly inferred	Hare,Hare_1,FALSE	mi	synthetic n=12; positive continuous predictors; integer groups; family-valid outcome
lynx_hare_mi	true		https://github.com/rmcelreath/rethinking/blob/master/data/Lynx_Hare.csv	https://github.com/rmcelreath/rethinking/blob/master/data/Lynx_Hare.csv	false	05c3f465e7987e8d7caa7e214fedddd90415a922	1384	lynx_hare	mcelreath	scripts/examples/mcelreath.jl	bf(Hare ~ 1 + mi(Hare_1)) + bf(Hare_1 | mi() ~ 1) + set_rescor(FALSE)	true	Lynx and Hare — Missing-Data Model for Lagged Hare	bf(Hare ~ 1 + mi(Hare_1)) + bf(Hare_1 | mi() ~ 1) + set_rescor(FALSE)	unresolved	179	false		lynx_hare	inferred-family		unresolved	ordinary_brm	direct population/likelihood route when the family and terms are supported	unresolved-family		family is not explicit or defensibly inferred	Hare,Hare_1,FALSE	mi	synthetic n=12; positive continuous predictors; integer groups; family-valid outcome
lynx_hare_var	true		https://github.com/rmcelreath/rethinking/blob/master/data/Lynx_Hare.csv	https://github.com/rmcelreath/rethinking/blob/master/data/Lynx_Hare.csv	false	05c3f465e7987e8d7caa7e214fedddd90415a922	1403	lynx_hare	mcelreath	scripts/examples/mcelreath.jl	bf(Hare ~ 0 + Intercept + Hare_1 + Lynx_1) + bf(Lynx ~ 0 + Intercept + Lynx_1 + Hare_1) + set_rescor(FALSE)	true	Lynx and Hare — Bivariate VAR(1)	bf(Hare ~ 0 + Intercept + Hare_1 + Lynx_1) + bf(Lynx ~ 0 + Intercept + Lynx_1 + Hare_1) + set_rescor(FALSE)	unresolved	180	false		lynx_hare	exact-metadata		unresolved	ordinary_brm	direct population/likelihood route when the family and terms are supported	unresolved-family		family is not explicit or defensibly inferred	Hare,Intercept,Hare_1,Lynx_1,Lynx,FALSE		synthetic n=12; positive continuous predictors; integer groups; family-valid outcome
lynx_hare_var	true		https://github.com/rmcelreath/rethinking/blob/master/data/Lynx_Hare.csv	https://github.com/rmcelreath/rethinking/blob/master/data/Lynx_Hare.csv	false	05c3f465e7987e8d7caa7e214fedddd90415a922	1403	lynx_hare	mcelreath	scripts/examples/mcelreath.jl	bf(Hare ~ 0 + Intercept + Hare_1 + Lynx_1) + bf(Lynx ~ 0 + Intercept + Lynx_1 + Hare_1) + set_rescor(FALSE)	true	Lynx and Hare — Bivariate VAR(1)	bf(Hare ~ 0 + Intercept + Hare_1 + Lynx_1) + bf(Lynx ~ 0 + Intercept + Lynx_1 + Hare_1) + set_rescor(FALSE)	unresolved	180	false		lynx_hare	inferred-family		unresolved	ordinary_brm	direct population/likelihood route when the family and terms are supported	unresolved-family		family is not explicit or defensibly inferred	Hare,Intercept,Hare_1,Lynx_1,Lynx,FALSE		synthetic n=12; positive continuous predictors; integer groups; family-valid outcome
mcelreath_btdata_intercept	true		https://vincentarelbundock.github.io/Rdatasets/csv/MCMCglmm/BTdata.csv	https://vincentarelbundock.github.io/Rdatasets/csv/MCMCglmm/BTdata.csv	false	05c3f465e7987e8d7caa7e214fedddd90415a922	1437	btdata	mcelreath	scripts/examples/mcelreath.jl	mvbind(tarsus, back) ~ 1	true	Blue Tit Morphology — Intercept Only	mvbind(tarsus, back) ~ 1	unresolved	181	false		btdata	exact-metadata		unresolved	ordinary_brm	direct population/likelihood route when the family and terms are supported	unresolved-family		family is not explicit or defensibly inferred	tarsus,back		synthetic n=12; positive continuous predictors; integer groups; family-valid outcome
mcelreath_btdata_intercept	true		https://vincentarelbundock.github.io/Rdatasets/csv/MCMCglmm/BTdata.csv	https://vincentarelbundock.github.io/Rdatasets/csv/MCMCglmm/BTdata.csv	false	05c3f465e7987e8d7caa7e214fedddd90415a922	1437	btdata	mcelreath	scripts/examples/mcelreath.jl	mvbind(tarsus, back) ~ 1	true	Blue Tit Morphology — Intercept Only	mvbind(tarsus, back) ~ 1	unresolved	181	false		btdata	inferred-family		unresolved	ordinary_brm	direct population/likelihood route when the family and terms are supported	unresolved-family		family is not explicit or defensibly inferred	tarsus,back		synthetic n=12; positive continuous predictors; integer groups; family-valid outcome
mcelreath_btdata_full	true		https://vincentarelbundock.github.io/Rdatasets/csv/MCMCglmm/BTdata.csv	https://vincentarelbundock.github.io/Rdatasets/csv/MCMCglmm/BTdata.csv	false	05c3f465e7987e8d7caa7e214fedddd90415a922	1454	btdata	mcelreath	scripts/examples/mcelreath.jl	mvbind(tarsus, back) ~ sex + hatchdate + (1 | p | fosternest) + (1 | q | dam)	true	Blue Tit Morphology — Full Model	mvbind(tarsus, back) ~ sex + hatchdate + (1 | p | fosternest) + (1 | q | dam)	unresolved	182	false		btdata	exact-metadata		unresolved	ordinary_brm	direct population/likelihood route when the family and terms are supported	unresolved-family		family is not explicit or defensibly inferred	tarsus,back,sex,hatchdate,fosternest,dam	fosternest,dam	synthetic n=12; positive continuous predictors; integer groups; family-valid outcome
mcelreath_btdata_full	true		https://vincentarelbundock.github.io/Rdatasets/csv/MCMCglmm/BTdata.csv	https://vincentarelbundock.github.io/Rdatasets/csv/MCMCglmm/BTdata.csv	false	05c3f465e7987e8d7caa7e214fedddd90415a922	1454	btdata	mcelreath	scripts/examples/mcelreath.jl	mvbind(tarsus, back) ~ sex + hatchdate + (1 | p | fosternest) + (1 | q | dam)	true	Blue Tit Morphology — Full Model	mvbind(tarsus, back) ~ sex + hatchdate + (1 | p | fosternest) + (1 | q | dam)	unresolved	182	false		btdata	inferred-family		unresolved	ordinary_brm	direct population/likelihood route when the family and terms are supported	unresolved-family		family is not explicit or defensibly inferred	tarsus,back,sex,hatchdate,fosternest,dam	fosternest,dam	synthetic n=12; positive continuous predictors; integer groups; family-valid outcome
mcelreath_btdata_interaction	true		https://vincentarelbundock.github.io/Rdatasets/csv/MCMCglmm/BTdata.csv	https://vincentarelbundock.github.io/Rdatasets/csv/MCMCglmm/BTdata.csv	false	05c3f465e7987e8d7caa7e214fedddd90415a922	1471	btdata	mcelreath	scripts/examples/mcelreath.jl	mvbind(tarsus, back) ~ sex * hatchdate + (1 | p | fosternest) + (1 | q | dam)	true	Blue Tit Morphology — Sex × Hatchdate Interaction	mvbind(tarsus, back) ~ sex * hatchdate + (1 | p | fosternest) + (1 | q | dam)	unresolved	183	false		btdata	exact-metadata		unresolved	ordinary_brm	direct population/likelihood route when the family and terms are supported	unresolved-family		family is not explicit or defensibly inferred	tarsus,back,sex,hatchdate,fosternest,dam	fosternest,dam	synthetic n=12; positive continuous predictors; integer groups; family-valid outcome
mcelreath_btdata_interaction	true		https://vincentarelbundock.github.io/Rdatasets/csv/MCMCglmm/BTdata.csv	https://vincentarelbundock.github.io/Rdatasets/csv/MCMCglmm/BTdata.csv	false	05c3f465e7987e8d7caa7e214fedddd90415a922	1471	btdata	mcelreath	scripts/examples/mcelreath.jl	mvbind(tarsus, back) ~ sex * hatchdate + (1 | p | fosternest) + (1 | q | dam)	true	Blue Tit Morphology — Sex × Hatchdate Interaction	mvbind(tarsus, back) ~ sex * hatchdate + (1 | p | fosternest) + (1 | q | dam)	unresolved	183	false		btdata	inferred-family		unresolved	ordinary_brm	direct population/likelihood route when the family and terms are supported	unresolved-family		family is not explicit or defensibly inferred	tarsus,back,sex,hatchdate,fosternest,dam	fosternest,dam	synthetic n=12; positive continuous predictors; integer groups; family-valid outcome
z15n50	true		synthetic	synthetic	false	05c3f465e7987e8d7caa7e214fedddd90415a922	32	z15n50	kruschke	scripts/examples/kruschke.jl	y ~ 1	true	Coin-Flip — Bernoulli Intercept	y ~ 1	unresolved	184	false		z15n50	exact-metadata		unresolved	ordinary_brm	direct population/likelihood route when the family and terms are supported	unresolved-family		family is not explicit or defensibly inferred	y		synthetic n=12; positive continuous predictors; integer groups; family-valid outcome
z15n50	true		synthetic	synthetic	false	05c3f465e7987e8d7caa7e214fedddd90415a922	32	z15n50	kruschke	scripts/examples/kruschke.jl	y ~ 1	true	Coin-Flip — Bernoulli Intercept	y ~ 1	unresolved	184	false		z15n50	inferred-family	bernoulli	inferred-from-name	ordinary_brm	direct population/likelihood route when the family and terms are supported	ready	log_odds ~ 1\ny ~ BernoulliLogit(log_odds)	explicit Bernoulli-logit likelihood	y		synthetic n=12; positive continuous predictors; integer groups; family-valid outcome
z6n8z2n7	true		synthetic	synthetic	false	05c3f465e7987e8d7caa7e214fedddd90415a922	48	z6n8z2n7	kruschke	scripts/examples/kruschke.jl	y ~ 0 + s	true	Coin-Flip — Two-Mint Separate Intercepts	y ~ 0 + s	unresolved	185	false		z6n8z2n7	exact-metadata		unresolved	ordinary_brm	direct population/likelihood route when the family and terms are supported	unresolved-family		family is not explicit or defensibly inferred	y,s		synthetic n=12; positive continuous predictors; integer groups; family-valid outcome
z6n8z2n7	true		synthetic	synthetic	false	05c3f465e7987e8d7caa7e214fedddd90415a922	48	z6n8z2n7	kruschke	scripts/examples/kruschke.jl	y ~ 0 + s	true	Coin-Flip — Two-Mint Separate Intercepts	y ~ 0 + s	unresolved	185	false		z6n8z2n7	inferred-family		unresolved	ordinary_brm	direct population/likelihood route when the family and terms are supported	unresolved-family		family is not explicit or defensibly inferred	y,s		synthetic n=12; positive continuous predictors; integer groups; family-valid outcome
therapeutic_touch	true		https://raw.githubusercontent.com/ASKurz/Doing-Bayesian-Data-Analysis-in-brms-and-the-tidyverse/master/data.R/TherapeuticTouchData.csv	https://raw.githubusercontent.com/ASKurz/Doing-Bayesian-Data-Analysis-in-brms-and-the-tidyverse/master/data.R/TherapeuticTouchData.csv	false	05c3f465e7987e8d7caa7e214fedddd90415a922	86	therapeutic_touch	kruschke	scripts/examples/kruschke.jl	y ~ 1 + (1 | s)	true	Hierarchical Bernoulli — Therapeutic Touch	y ~ 1 + (1 | s)	unresolved	186	false		therapeutic_touch	exact-metadata		unresolved	ordinary_brm	direct population/likelihood route when the family and terms are supported	unresolved-family		family is not explicit or defensibly inferred	y,s	s	synthetic n=12; positive continuous predictors; integer groups; family-valid outcome
therapeutic_touch	true		https://raw.githubusercontent.com/ASKurz/Doing-Bayesian-Data-Analysis-in-brms-and-the-tidyverse/master/data.R/TherapeuticTouchData.csv	https://raw.githubusercontent.com/ASKurz/Doing-Bayesian-Data-Analysis-in-brms-and-the-tidyverse/master/data.R/TherapeuticTouchData.csv	false	05c3f465e7987e8d7caa7e214fedddd90415a922	86	therapeutic_touch	kruschke	scripts/examples/kruschke.jl	y ~ 1 + (1 | s)	true	Hierarchical Bernoulli — Therapeutic Touch	y ~ 1 + (1 | s)	unresolved	186	false		therapeutic_touch	inferred-family	bernoulli	inferred-from-name	ordinary_brm	direct population/likelihood route when the family and terms are supported	ready	log_odds ~ 1 + (1 | s)\ny ~ BernoulliLogit(log_odds)	explicit Bernoulli-logit likelihood	y,s	s	synthetic n=12; positive continuous predictors; integer groups; family-valid outcome
batting_average	true		https://raw.githubusercontent.com/ASKurz/Doing-Bayesian-Data-Analysis-in-brms-and-the-tidyverse/master/data.R/BattingAverage.csv	https://raw.githubusercontent.com/ASKurz/Doing-Bayesian-Data-Analysis-in-brms-and-the-tidyverse/master/data.R/BattingAverage.csv	false	05c3f465e7987e8d7caa7e214fedddd90415a922	102	batting_average	kruschke	scripts/examples/kruschke.jl	Hits | trials(AtBats) ~ 1 + (1 | PriPos) + (1 | PriPos:Player)	true	Hierarchical Binomial — MLB Batting Average	Hits | trials(AtBats) ~ 1 + (1 | PriPos) + (1 | PriPos:Player)	unresolved	187	false		batting_average	exact-metadata		unresolved	ordinary_brm	direct population/likelihood route when the family and terms are supported	unresolved-family		family is not explicit or defensibly inferred	Hits,AtBats,PriPos,Player	trials,PriPos	synthetic n=12; positive continuous predictors; integer groups; family-valid outcome
batting_average	true		https://raw.githubusercontent.com/ASKurz/Doing-Bayesian-Data-Analysis-in-brms-and-the-tidyverse/master/data.R/BattingAverage.csv	https://raw.githubusercontent.com/ASKurz/Doing-Bayesian-Data-Analysis-in-brms-and-the-tidyverse/master/data.R/BattingAverage.csv	false	05c3f465e7987e8d7caa7e214fedddd90415a922	102	batting_average	kruschke	scripts/examples/kruschke.jl	Hits | trials(AtBats) ~ 1 + (1 | PriPos) + (1 | PriPos:Player)	true	Hierarchical Binomial — MLB Batting Average	Hits | trials(AtBats) ~ 1 + (1 | PriPos) + (1 | PriPos:Player)	unresolved	187	false		batting_average	inferred-family	binomial	inferred-from-response-syntax	ordinary_brm	direct population/likelihood route when the family and terms are supported	unsupported		nested/composite grouping factors require an explicit derived group id or reviewed gr(...; by=...) design	Hits,AtBats,PriPos,Player	trials,PriPos	synthetic n=12; positive continuous predictors; integer groups; family-valid outcome
recall_conditions	true		synthetic	synthetic	false	05c3f465e7987e8d7caa7e214fedddd90415a922	139	recall	kruschke	scripts/examples/kruschke.jl	n_recalled | trials(20) ~ 0 + condition	true	Binomial Recall — Separate Probability per Condition	n_recalled | trials(20) ~ 0 + condition	unresolved	188	false		recall	exact-metadata		unresolved	ordinary_brm	direct population/likelihood route when the family and terms are supported	unresolved-family		family is not explicit or defensibly inferred	n_recalled,condition	trials	synthetic n=12; positive continuous predictors; integer groups; family-valid outcome
recall_conditions	true		synthetic	synthetic	false	05c3f465e7987e8d7caa7e214fedddd90415a922	139	recall	kruschke	scripts/examples/kruschke.jl	n_recalled | trials(20) ~ 0 + condition	true	Binomial Recall — Separate Probability per Condition	n_recalled | trials(20) ~ 0 + condition	unresolved	188	false		recall	inferred-family	binomial	inferred-from-response-syntax	ordinary_brm	direct population/likelihood route when the family and terms are supported	ready	log_odds ~ 0 + condition\nn_recalled ~ BinomialLogit(20, log_odds)	trials/cbind response lowered to explicit BinomialLogit	n_recalled,condition	trials	synthetic n=12; positive continuous predictors; integer groups; family-valid outcome
recall_pooled	true		synthetic	synthetic	false	05c3f465e7987e8d7caa7e214fedddd90415a922	155	recall	kruschke	scripts/examples/kruschke.jl	n_recalled | trials(20) ~ 1	true	Binomial Recall — Pooled Single Intercept	n_recalled | trials(20) ~ 1	unresolved	189	false		recall	exact-metadata		unresolved	ordinary_brm	direct population/likelihood route when the family and terms are supported	unresolved-family		family is not explicit or defensibly inferred	n_recalled	trials	synthetic n=12; positive continuous predictors; integer groups; family-valid outcome
recall_pooled	true		synthetic	synthetic	false	05c3f465e7987e8d7caa7e214fedddd90415a922	155	recall	kruschke	scripts/examples/kruschke.jl	n_recalled | trials(20) ~ 1	true	Binomial Recall — Pooled Single Intercept	n_recalled | trials(20) ~ 1	unresolved	189	false		recall	inferred-family	binomial	inferred-from-response-syntax	ordinary_brm	direct population/likelihood route when the family and terms are supported	ready	log_odds ~ 1\nn_recalled ~ BinomialLogit(20, log_odds)	trials/cbind response lowered to explicit BinomialLogit	n_recalled	trials	synthetic n=12; positive continuous predictors; integer groups; family-valid outcome
two_group_iq_baseline	true		https://raw.githubusercontent.com/ASKurz/Doing-Bayesian-Data-Analysis-in-brms-and-the-tidyverse/master/data.R/TwoGroupIQ.csv	https://raw.githubusercontent.com/ASKurz/Doing-Bayesian-Data-Analysis-in-brms-and-the-tidyverse/master/data.R/TwoGroupIQ.csv	false	05c3f465e7987e8d7caa7e214fedddd90415a922	182	two_group_iq	kruschke	scripts/examples/kruschke.jl	Score ~ 1	true	Two-Group IQ — Single-Group Baseline	Score ~ 1	unresolved	190	false		two_group_iq	exact-metadata		unresolved	ordinary_brm	direct population/likelihood route when the family and terms are supported	unresolved-family		family is not explicit or defensibly inferred	Score		synthetic n=12; positive continuous predictors; integer groups; family-valid outcome
two_group_iq_baseline	true		https://raw.githubusercontent.com/ASKurz/Doing-Bayesian-Data-Analysis-in-brms-and-the-tidyverse/master/data.R/TwoGroupIQ.csv	https://raw.githubusercontent.com/ASKurz/Doing-Bayesian-Data-Analysis-in-brms-and-the-tidyverse/master/data.R/TwoGroupIQ.csv	false	05c3f465e7987e8d7caa7e214fedddd90415a922	182	two_group_iq	kruschke	scripts/examples/kruschke.jl	Score ~ 1	true	Two-Group IQ — Single-Group Baseline	Score ~ 1	unresolved	190	false		two_group_iq	inferred-family		unresolved	ordinary_brm	direct population/likelihood route when the family and terms are supported	unresolved-family		family is not explicit or defensibly inferred	Score		synthetic n=12; positive continuous predictors; integer groups; family-valid outcome
two_group_iq_hetero	true		https://raw.githubusercontent.com/ASKurz/Doing-Bayesian-Data-Analysis-in-brms-and-the-tidyverse/master/data.R/TwoGroupIQ.csv	https://raw.githubusercontent.com/ASKurz/Doing-Bayesian-Data-Analysis-in-brms-and-the-tidyverse/master/data.R/TwoGroupIQ.csv	false	05c3f465e7987e8d7caa7e214fedddd90415a922	198	two_group_iq	kruschke	scripts/examples/kruschke.jl	bf(Score ~ 0 + Group, sigma ~ 0 + Group)	true	Two-Group IQ — Heteroscedastic Groups	bf(Score ~ 0 + Group, sigma ~ 0 + Group)	unresolved	191	false		two_group_iq	exact-metadata		unresolved	ordinary_brm	direct population/likelihood route when the family and terms are supported	unresolved-family		family is not explicit or defensibly inferred	Score,Group		synthetic n=12; positive continuous predictors; integer groups; family-valid outcome
two_group_iq_hetero	true		https://raw.githubusercontent.com/ASKurz/Doing-Bayesian-Data-Analysis-in-brms-and-the-tidyverse/master/data.R/TwoGroupIQ.csv	https://raw.githubusercontent.com/ASKurz/Doing-Bayesian-Data-Analysis-in-brms-and-the-tidyverse/master/data.R/TwoGroupIQ.csv	false	05c3f465e7987e8d7caa7e214fedddd90415a922	198	two_group_iq	kruschke	scripts/examples/kruschke.jl	bf(Score ~ 0 + Group, sigma ~ 0 + Group)	true	Two-Group IQ — Heteroscedastic Groups	bf(Score ~ 0 + Group, sigma ~ 0 + Group)	unresolved	191	false		two_group_iq	inferred-family	gaussian	inferred-from-name	ordinary_brm	direct population/likelihood route when the family and terms are supported	unsupported		multi-formula/nonlinear brms declaration	Score,Group		synthetic n=12; positive continuous predictors; integer groups; family-valid outcome
calcium	true		https://jse.amstat.org/datasets/calcium.dat.txt	https://jse.amstat.org/datasets/calcium.dat.txt	false	05c3f465e7987e8d7caa7e214fedddd90415a922	229	calcium	kruschke	scripts/examples/kruschke.jl	decrease ~ 0 + treatment	true	Calcium RCT — Separate Group Means	decrease ~ 0 + treatment	unresolved	192	false		calcium	exact-metadata		unresolved	ordinary_brm	direct population/likelihood route when the family and terms are supported	unresolved-family		family is not explicit or defensibly inferred	decrease,treatment		synthetic n=12; positive continuous predictors; integer groups; family-valid outcome
calcium	true		https://jse.amstat.org/datasets/calcium.dat.txt	https://jse.amstat.org/datasets/calcium.dat.txt	false	05c3f465e7987e8d7caa7e214fedddd90415a922	229	calcium	kruschke	scripts/examples/kruschke.jl	decrease ~ 0 + treatment	true	Calcium RCT — Separate Group Means	decrease ~ 0 + treatment	unresolved	192	false		calcium	inferred-family		unresolved	ordinary_brm	direct population/likelihood route when the family and terms are supported	unresolved-family		family is not explicit or defensibly inferred	decrease,treatment		synthetic n=12; positive continuous predictors; integer groups; family-valid outcome
htwt	true		https://raw.githubusercontent.com/ASKurz/Doing-Bayesian-Data-Analysis-in-brms-and-the-tidyverse/master/data.R/HtWtData300.csv	https://raw.githubusercontent.com/ASKurz/Doing-Bayesian-Data-Analysis-in-brms-and-the-tidyverse/master/data.R/HtWtData300.csv	false	05c3f465e7987e8d7caa7e214fedddd90415a922	297	htwt	kruschke	scripts/examples/kruschke.jl	weight_z ~ 1 + height_z	true	Simple Linear Regression — Height Predicts Weight	weight_z ~ 1 + height_z	unresolved	193	false		htwt	exact-metadata		unresolved	ordinary_brm	direct population/likelihood route when the family and terms are supported	unresolved-family		family is not explicit or defensibly inferred	weight_z,height_z		synthetic n=12; positive continuous predictors; integer groups; family-valid outcome
htwt	true		https://raw.githubusercontent.com/ASKurz/Doing-Bayesian-Data-Analysis-in-brms-and-the-tidyverse/master/data.R/HtWtData300.csv	https://raw.githubusercontent.com/ASKurz/Doing-Bayesian-Data-Analysis-in-brms-and-the-tidyverse/master/data.R/HtWtData300.csv	false	05c3f465e7987e8d7caa7e214fedddd90415a922	297	htwt	kruschke	scripts/examples/kruschke.jl	weight_z ~ 1 + height_z	true	Simple Linear Regression — Height Predicts Weight	weight_z ~ 1 + height_z	unresolved	193	false		htwt	inferred-family	gaussian	inferred-from-name	ordinary_brm	direct population/likelihood route when the family and terms are supported	ready	loc ~ 1 + height_z\nlog(sigma) ~ 1\nweight_z ~ Normal(loc, sigma)	explicit Normal likelihood; residual scale estimated on log scale	weight_z,height_z		synthetic n=12; positive continuous predictors; integer groups; family-valid outcome
hier_linreg	true		https://raw.githubusercontent.com/ASKurz/Doing-Bayesian-Data-Analysis-in-brms-and-the-tidyverse/master/data.R/HierLinRegressData.csv	https://raw.githubusercontent.com/ASKurz/Doing-Bayesian-Data-Analysis-in-brms-and-the-tidyverse/master/data.R/HierLinRegressData.csv	false	05c3f465e7987e8d7caa7e214fedddd90415a922	315	hier_linreg	kruschke	scripts/examples/kruschke.jl	y_z ~ 1 + x_z + (1 + x_z || Subj)	true	Hierarchical Linear Regression — Varying Intercepts and Slopes	y_z ~ 1 + x_z + (1 + x_z || Subj)	unresolved	194	false		hier_linreg	exact-metadata		unresolved	ordinary_brm	direct population/likelihood route when the family and terms are supported	unresolved-family		family is not explicit or defensibly inferred	y_z,x_z,Subj	Subj	synthetic n=12; positive continuous predictors; integer groups; family-valid outcome
hier_linreg	true		https://raw.githubusercontent.com/ASKurz/Doing-Bayesian-Data-Analysis-in-brms-and-the-tidyverse/master/data.R/HierLinRegressData.csv	https://raw.githubusercontent.com/ASKurz/Doing-Bayesian-Data-Analysis-in-brms-and-the-tidyverse/master/data.R/HierLinRegressData.csv	false	05c3f465e7987e8d7caa7e214fedddd90415a922	315	hier_linreg	kruschke	scripts/examples/kruschke.jl	y_z ~ 1 + x_z + (1 + x_z || Subj)	true	Hierarchical Linear Regression — Varying Intercepts and Slopes	y_z ~ 1 + x_z + (1 + x_z || Subj)	unresolved	194	false		hier_linreg	inferred-family	gaussian	inferred-from-name	ordinary_brm	direct population/likelihood route when the family and terms are supported	ready	loc ~ 1 + x_z + (1 + x_z || Subj)\nlog(sigma) ~ 1\ny_z ~ Normal(loc, sigma)	explicit Normal likelihood; residual scale estimated on log scale	y_z,x_z,Subj	Subj	synthetic n=12; positive continuous predictors; integer groups; family-valid outcome
income_famsize	true		https://raw.githubusercontent.com/ASKurz/Doing-Bayesian-Data-Analysis-in-brms-and-the-tidyverse/master/data.R/IncomeFamszState3yr.csv	https://raw.githubusercontent.com/ASKurz/Doing-Bayesian-Data-Analysis-in-brms-and-the-tidyverse/master/data.R/IncomeFamszState3yr.csv	false	05c3f465e7987e8d7caa7e214fedddd90415a922	333	income_famsize	kruschke	scripts/examples/kruschke.jl	median_income_z | se(se_z, sigma = TRUE) ~ 1 + family_size_z + I(family_size_z^2) + (1 + family_size_z + I(family_size_z^2) || State)	true	Income by Family Size — Measurement-Error Model	median_income_z | se(se_z, sigma = TRUE) ~ 1 + family_size_z + I(family_size_z^2) + (1 + family_size_z + I(family_size_z^2) || State)	unresolved	195	false		income_famsize	exact-metadata		unresolved	ordinary_brm	direct population/likelihood route when the family and terms are supported	unresolved-family		family is not explicit or defensibly inferred	median_income_z,se_z,TRUE,family_size_z,State	se,State	synthetic n=12; positive continuous predictors; integer groups; family-valid outcome
income_famsize	true		https://raw.githubusercontent.com/ASKurz/Doing-Bayesian-Data-Analysis-in-brms-and-the-tidyverse/master/data.R/IncomeFamszState3yr.csv	https://raw.githubusercontent.com/ASKurz/Doing-Bayesian-Data-Analysis-in-brms-and-the-tidyverse/master/data.R/IncomeFamszState3yr.csv	false	05c3f465e7987e8d7caa7e214fedddd90415a922	333	income_famsize	kruschke	scripts/examples/kruschke.jl	median_income_z | se(se_z, sigma = TRUE) ~ 1 + family_size_z + I(family_size_z^2) + (1 + family_size_z + I(family_size_z^2) || State)	true	Income by Family Size — Measurement-Error Model	median_income_z | se(se_z, sigma = TRUE) ~ 1 + family_size_z + I(family_size_z^2) + (1 + family_size_z + I(family_size_z^2) || State)	unresolved	195	false		income_famsize	inferred-family		unresolved	ordinary_brm	direct population/likelihood route when the family and terms are supported	unresolved-family		family is not explicit or defensibly inferred	median_income_z,se_z,TRUE,family_size_z,State	se,State	synthetic n=12; positive continuous predictors; integer groups; family-valid outcome
guber1999_base	true		https://raw.githubusercontent.com/ASKurz/Doing-Bayesian-Data-Analysis-in-brms-and-the-tidyverse/master/data.R/Guber1999data.csv	https://raw.githubusercontent.com/ASKurz/Doing-Bayesian-Data-Analysis-in-brms-and-the-tidyverse/master/data.R/Guber1999data.csv	false	05c3f465e7987e8d7caa7e214fedddd90415a922	363	guber1999	kruschke	scripts/examples/kruschke.jl	satt_z ~ 1 + spend_z + prcnt_take_z	true	Guber 1999 — Base Multiple Regression	satt_z ~ 1 + spend_z + prcnt_take_z	unresolved	196	false		guber1999	exact-metadata		unresolved	ordinary_brm	direct population/likelihood route when the family and terms are supported	unresolved-family		family is not explicit or defensibly inferred	satt_z,spend_z,prcnt_take_z		synthetic n=12; positive continuous predictors; integer groups; family-valid outcome
guber1999_base	true		https://raw.githubusercontent.com/ASKurz/Doing-Bayesian-Data-Analysis-in-brms-and-the-tidyverse/master/data.R/Guber1999data.csv	https://raw.githubusercontent.com/ASKurz/Doing-Bayesian-Data-Analysis-in-brms-and-the-tidyverse/master/data.R/Guber1999data.csv	false	05c3f465e7987e8d7caa7e214fedddd90415a922	363	guber1999	kruschke	scripts/examples/kruschke.jl	satt_z ~ 1 + spend_z + prcnt_take_z	true	Guber 1999 — Base Multiple Regression	satt_z ~ 1 + spend_z + prcnt_take_z	unresolved	196	false		guber1999	inferred-family		unresolved	ordinary_brm	direct population/likelihood route when the family and terms are supported	unresolved-family		family is not explicit or defensibly inferred	satt_z,spend_z,prcnt_take_z		synthetic n=12; positive continuous predictors; integer groups; family-valid outcome
guber1999_complement	true		https://raw.githubusercontent.com/ASKurz/Doing-Bayesian-Data-Analysis-in-brms-and-the-tidyverse/master/data.R/Guber1999data.csv	https://raw.githubusercontent.com/ASKurz/Doing-Bayesian-Data-Analysis-in-brms-and-the-tidyverse/master/data.R/Guber1999data.csv	false	05c3f465e7987e8d7caa7e214fedddd90415a922	390	guber1999	kruschke	scripts/examples/kruschke.jl	satt_z ~ 0 + Intercept + spend_z + prcnt_take_z + prop_not_take_z	true	Guber 1999 — Complement Proportion Predictor	satt_z ~ 0 + Intercept + spend_z + prcnt_take_z + prop_not_take_z	unresolved	197	false		guber1999	exact-metadata		unresolved	ordinary_brm	direct population/likelihood route when the family and terms are supported	unresolved-family		family is not explicit or defensibly inferred	satt_z,Intercept,spend_z,prcnt_take_z,prop_not_take_z		synthetic n=12; positive continuous predictors; integer groups; family-valid outcome
guber1999_complement	true		https://raw.githubusercontent.com/ASKurz/Doing-Bayesian-Data-Analysis-in-brms-and-the-tidyverse/master/data.R/Guber1999data.csv	https://raw.githubusercontent.com/ASKurz/Doing-Bayesian-Data-Analysis-in-brms-and-the-tidyverse/master/data.R/Guber1999data.csv	false	05c3f465e7987e8d7caa7e214fedddd90415a922	390	guber1999	kruschke	scripts/examples/kruschke.jl	satt_z ~ 0 + Intercept + spend_z + prcnt_take_z + prop_not_take_z	true	Guber 1999 — Complement Proportion Predictor	satt_z ~ 0 + Intercept + spend_z + prcnt_take_z + prop_not_take_z	unresolved	197	false		guber1999	inferred-family		unresolved	ordinary_brm	direct population/likelihood route when the family and terms are supported	unresolved-family		family is not explicit or defensibly inferred	satt_z,Intercept,spend_z,prcnt_take_z,prop_not_take_z		synthetic n=12; positive continuous predictors; integer groups; family-valid outcome
guber1999_interaction	true		https://raw.githubusercontent.com/ASKurz/Doing-Bayesian-Data-Analysis-in-brms-and-the-tidyverse/master/data.R/Guber1999data.csv	https://raw.githubusercontent.com/ASKurz/Doing-Bayesian-Data-Analysis-in-brms-and-the-tidyverse/master/data.R/Guber1999data.csv	false	05c3f465e7987e8d7caa7e214fedddd90415a922	417	guber1999	kruschke	scripts/examples/kruschke.jl	satt_z ~ 1 + spend_z + prcnt_take_z + interaction_z	true	Guber 1999 — Interaction Term	satt_z ~ 1 + spend_z + prcnt_take_z + interaction_z	unresolved	198	false		guber1999	exact-metadata		unresolved	ordinary_brm	direct population/likelihood route when the family and terms are supported	unresolved-family		family is not explicit or defensibly inferred	satt_z,spend_z,prcnt_take_z,interaction_z		synthetic n=12; positive continuous predictors; integer groups; family-valid outcome
guber1999_interaction	true		https://raw.githubusercontent.com/ASKurz/Doing-Bayesian-Data-Analysis-in-brms-and-the-tidyverse/master/data.R/Guber1999data.csv	https://raw.githubusercontent.com/ASKurz/Doing-Bayesian-Data-Analysis-in-brms-and-the-tidyverse/master/data.R/Guber1999data.csv	false	05c3f465e7987e8d7caa7e214fedddd90415a922	417	guber1999	kruschke	scripts/examples/kruschke.jl	satt_z ~ 1 + spend_z + prcnt_take_z + interaction_z	true	Guber 1999 — Interaction Term	satt_z ~ 1 + spend_z + prcnt_take_z + interaction_z	unresolved	198	false		guber1999	inferred-family		unresolved	ordinary_brm	direct population/likelihood route when the family and terms are supported	unresolved-family		family is not explicit or defensibly inferred	satt_z,spend_z,prcnt_take_z,interaction_z		synthetic n=12; positive continuous predictors; integer groups; family-valid outcome
fruitfly_hierarchical	true		https://raw.githubusercontent.com/ASKurz/Doing-Bayesian-Data-Analysis-in-brms-and-the-tidyverse/master/data.R/FruitflyDataReduced.csv	https://raw.githubusercontent.com/ASKurz/Doing-Bayesian-Data-Analysis-in-brms-and-the-tidyverse/master/data.R/FruitflyDataReduced.csv	false	05c3f465e7987e8d7caa7e214fedddd90415a922	455	fruitfly	kruschke	scripts/examples/kruschke.jl	Longevity ~ 1 + (1 | CompanionNumber)	true	Fruitfly — Hierarchical One-Way ANOVA	Longevity ~ 1 + (1 | CompanionNumber)	unresolved	199	false		fruitfly	exact-metadata		unresolved	ordinary_brm	direct population/likelihood route when the family and terms are supported	unresolved-family		family is not explicit or defensibly inferred	Longevity,CompanionNumber	CompanionNumber	synthetic n=12; positive continuous predictors; integer groups; family-valid outcome
fruitfly_hierarchical	true		https://raw.githubusercontent.com/ASKurz/Doing-Bayesian-Data-Analysis-in-brms-and-the-tidyverse/master/data.R/FruitflyDataReduced.csv	https://raw.githubusercontent.com/ASKurz/Doing-Bayesian-Data-Analysis-in-brms-and-the-tidyverse/master/data.R/FruitflyDataReduced.csv	false	05c3f465e7987e8d7caa7e214fedddd90415a922	455	fruitfly	kruschke	scripts/examples/kruschke.jl	Longevity ~ 1 + (1 | CompanionNumber)	true	Fruitfly — Hierarchical One-Way ANOVA	Longevity ~ 1 + (1 | CompanionNumber)	unresolved	199	false		fruitfly	inferred-family	gaussian	inferred-from-name	ordinary_brm	direct population/likelihood route when the family and terms are supported	ready	loc ~ 1 + (1 | CompanionNumber)\nlog(sigma) ~ 1\nLongevity ~ Normal(loc, sigma)	explicit Normal likelihood; residual scale estimated on log scale	Longevity,CompanionNumber	CompanionNumber	synthetic n=12; positive continuous predictors; integer groups; family-valid outcome
fruitfly_pooled	true		https://raw.githubusercontent.com/ASKurz/Doing-Bayesian-Data-Analysis-in-brms-and-the-tidyverse/master/data.R/FruitflyDataReduced.csv	https://raw.githubusercontent.com/ASKurz/Doing-Bayesian-Data-Analysis-in-brms-and-the-tidyverse/master/data.R/FruitflyDataReduced.csv	false	05c3f465e7987e8d7caa7e214fedddd90415a922	472	fruitfly	kruschke	scripts/examples/kruschke.jl	Longevity ~ 1	true	Fruitfly — Pooled Baseline	Longevity ~ 1	unresolved	200	false		fruitfly	exact-metadata		unresolved	ordinary_brm	direct population/likelihood route when the family and terms are supported	unresolved-family		family is not explicit or defensibly inferred	Longevity		synthetic n=12; positive continuous predictors; integer groups; family-valid outcome
fruitfly_pooled	true		https://raw.githubusercontent.com/ASKurz/Doing-Bayesian-Data-Analysis-in-brms-and-the-tidyverse/master/data.R/FruitflyDataReduced.csv	https://raw.githubusercontent.com/ASKurz/Doing-Bayesian-Data-Analysis-in-brms-and-the-tidyverse/master/data.R/FruitflyDataReduced.csv	false	05c3f465e7987e8d7caa7e214fedddd90415a922	472	fruitfly	kruschke	scripts/examples/kruschke.jl	Longevity ~ 1	true	Fruitfly — Pooled Baseline	Longevity ~ 1	unresolved	200	false		fruitfly	inferred-family		unresolved	ordinary_brm	direct population/likelihood route when the family and terms are supported	unresolved-family		family is not explicit or defensibly inferred	Longevity		synthetic n=12; positive continuous predictors; integer groups; family-valid outcome
fruitfly_robust	true		https://raw.githubusercontent.com/ASKurz/Doing-Bayesian-Data-Analysis-in-brms-and-the-tidyverse/master/data.R/FruitflyDataReduced.csv	https://raw.githubusercontent.com/ASKurz/Doing-Bayesian-Data-Analysis-in-brms-and-the-tidyverse/master/data.R/FruitflyDataReduced.csv	false	05c3f465e7987e8d7caa7e214fedddd90415a922	489	fruitfly	kruschke	scripts/examples/kruschke.jl	bf(Longevity ~ 0 + CompanionNumber, sigma ~ 0 + CompanionNumber)	true	Fruitfly — Robust ANOVA with Heterogeneous Sigma	bf(Longevity ~ 0 + CompanionNumber, sigma ~ 0 + CompanionNumber)	unresolved	201	false		fruitfly	exact-metadata		unresolved	ordinary_brm	direct population/likelihood route when the family and terms are supported	unresolved-family		family is not explicit or defensibly inferred	Longevity,CompanionNumber		synthetic n=12; positive continuous predictors; integer groups; family-valid outcome
fruitfly_robust	true		https://raw.githubusercontent.com/ASKurz/Doing-Bayesian-Data-Analysis-in-brms-and-the-tidyverse/master/data.R/FruitflyDataReduced.csv	https://raw.githubusercontent.com/ASKurz/Doing-Bayesian-Data-Analysis-in-brms-and-the-tidyverse/master/data.R/FruitflyDataReduced.csv	false	05c3f465e7987e8d7caa7e214fedddd90415a922	489	fruitfly	kruschke	scripts/examples/kruschke.jl	bf(Longevity ~ 0 + CompanionNumber, sigma ~ 0 + CompanionNumber)	true	Fruitfly — Robust ANOVA with Heterogeneous Sigma	bf(Longevity ~ 0 + CompanionNumber, sigma ~ 0 + CompanionNumber)	unresolved	201	false		fruitfly	inferred-family	gaussian	inferred-from-name	ordinary_brm	direct population/likelihood route when the family and terms are supported	unsupported		multi-formula/nonlinear brms declaration	Longevity,CompanionNumber		synthetic n=12; positive continuous predictors; integer groups; family-valid outcome
fruitfly_ancova	true		https://raw.githubusercontent.com/ASKurz/Doing-Bayesian-Data-Analysis-in-brms-and-the-tidyverse/master/data.R/FruitflyDataReduced.csv	https://raw.githubusercontent.com/ASKurz/Doing-Bayesian-Data-Analysis-in-brms-and-the-tidyverse/master/data.R/FruitflyDataReduced.csv	false	05c3f465e7987e8d7caa7e214fedddd90415a922	506	fruitfly	kruschke	scripts/examples/kruschke.jl	Longevity ~ 1 + thorax_c + (1 | CompanionNumber)	true	Fruitfly — ANCOVA with Thorax Covariate	Longevity ~ 1 + thorax_c + (1 | CompanionNumber)	unresolved	202	false		fruitfly	exact-metadata		unresolved	ordinary_brm	direct population/likelihood route when the family and terms are supported	unresolved-family		family is not explicit or defensibly inferred	Longevity,thorax_c,CompanionNumber	CompanionNumber	synthetic n=12; positive continuous predictors; integer groups; family-valid outcome
fruitfly_ancova	true		https://raw.githubusercontent.com/ASKurz/Doing-Bayesian-Data-Analysis-in-brms-and-the-tidyverse/master/data.R/FruitflyDataReduced.csv	https://raw.githubusercontent.com/ASKurz/Doing-Bayesian-Data-Analysis-in-brms-and-the-tidyverse/master/data.R/FruitflyDataReduced.csv	false	05c3f465e7987e8d7caa7e214fedddd90415a922	506	fruitfly	kruschke	scripts/examples/kruschke.jl	Longevity ~ 1 + thorax_c + (1 | CompanionNumber)	true	Fruitfly — ANCOVA with Thorax Covariate	Longevity ~ 1 + thorax_c + (1 | CompanionNumber)	unresolved	202	false		fruitfly	inferred-family		unresolved	ordinary_brm	direct population/likelihood route when the family and terms are supported	unresolved-family		family is not explicit or defensibly inferred	Longevity,thorax_c,CompanionNumber	CompanionNumber	synthetic n=12; positive continuous predictors; integer groups; family-valid outcome
fruitfly_anhecova	true		https://raw.githubusercontent.com/ASKurz/Doing-Bayesian-Data-Analysis-in-brms-and-the-tidyverse/master/data.R/FruitflyDataReduced.csv	https://raw.githubusercontent.com/ASKurz/Doing-Bayesian-Data-Analysis-in-brms-and-the-tidyverse/master/data.R/FruitflyDataReduced.csv	false	05c3f465e7987e8d7caa7e214fedddd90415a922	523	fruitfly	kruschke	scripts/examples/kruschke.jl	Longevity ~ 1 + thorax_c + (1 + thorax_c | CompanionNumber)	true	Fruitfly — ANHECOVA with Random Thorax Slope	Longevity ~ 1 + thorax_c + (1 + thorax_c | CompanionNumber)	unresolved	203	false		fruitfly	exact-metadata		unresolved	ordinary_brm	direct population/likelihood route when the family and terms are supported	unresolved-family		family is not explicit or defensibly inferred	Longevity,thorax_c,CompanionNumber	CompanionNumber	synthetic n=12; positive continuous predictors; integer groups; family-valid outcome
fruitfly_anhecova	true		https://raw.githubusercontent.com/ASKurz/Doing-Bayesian-Data-Analysis-in-brms-and-the-tidyverse/master/data.R/FruitflyDataReduced.csv	https://raw.githubusercontent.com/ASKurz/Doing-Bayesian-Data-Analysis-in-brms-and-the-tidyverse/master/data.R/FruitflyDataReduced.csv	false	05c3f465e7987e8d7caa7e214fedddd90415a922	523	fruitfly	kruschke	scripts/examples/kruschke.jl	Longevity ~ 1 + thorax_c + (1 + thorax_c | CompanionNumber)	true	Fruitfly — ANHECOVA with Random Thorax Slope	Longevity ~ 1 + thorax_c + (1 + thorax_c | CompanionNumber)	unresolved	203	false		fruitfly	inferred-family		unresolved	ordinary_brm	direct population/likelihood route when the family and terms are supported	unresolved-family		family is not explicit or defensibly inferred	Longevity,thorax_c,CompanionNumber	CompanionNumber	synthetic n=12; positive continuous predictors; integer groups; family-valid outcome
salary_anova	true		https://raw.githubusercontent.com/ASKurz/Doing-Bayesian-Data-Analysis-in-brms-and-the-tidyverse/master/data.R/Salary.csv	https://raw.githubusercontent.com/ASKurz/Doing-Bayesian-Data-Analysis-in-brms-and-the-tidyverse/master/data.R/Salary.csv	false	05c3f465e7987e8d7caa7e214fedddd90415a922	560	salary	kruschke	scripts/examples/kruschke.jl	Salary ~ 1 + (1 | Pos) + (1 | Org) + (1 | Pos:Org)	true	Salary — Two-Way Random Effects ANOVA	Salary ~ 1 + (1 | Pos) + (1 | Org) + (1 | Pos:Org)	unresolved	204	false		salary	exact-metadata		unresolved	ordinary_brm	direct population/likelihood route when the family and terms are supported	unresolved-family		family is not explicit or defensibly inferred	Salary,Pos,Org	Pos,Org	synthetic n=12; positive continuous predictors; integer groups; family-valid outcome
salary_anova	true		https://raw.githubusercontent.com/ASKurz/Doing-Bayesian-Data-Analysis-in-brms-and-the-tidyverse/master/data.R/Salary.csv	https://raw.githubusercontent.com/ASKurz/Doing-Bayesian-Data-Analysis-in-brms-and-the-tidyverse/master/data.R/Salary.csv	false	05c3f465e7987e8d7caa7e214fedddd90415a922	560	salary	kruschke	scripts/examples/kruschke.jl	Salary ~ 1 + (1 | Pos) + (1 | Org) + (1 | Pos:Org)	true	Salary — Two-Way Random Effects ANOVA	Salary ~ 1 + (1 | Pos) + (1 | Org) + (1 | Pos:Org)	unresolved	204	false		salary	inferred-family	gaussian	inferred-from-name	ordinary_brm	direct population/likelihood route when the family and terms are supported	unsupported		nested/composite grouping factors require an explicit derived group id or reviewed gr(...; by=...) design	Salary,Pos,Org	Pos,Org	synthetic n=12; positive continuous predictors; integer groups; family-valid outcome
salary_robust	true		https://raw.githubusercontent.com/ASKurz/Doing-Bayesian-Data-Analysis-in-brms-and-the-tidyverse/master/data.R/Salary.csv	https://raw.githubusercontent.com/ASKurz/Doing-Bayesian-Data-Analysis-in-brms-and-the-tidyverse/master/data.R/Salary.csv	false	05c3f465e7987e8d7caa7e214fedddd90415a922	576	salary	kruschke	scripts/examples/kruschke.jl	bf(Salary ~ 1 + (1 | Pos) + (1 | Org) + (1 | Pos:Org), sigma ~ 1 + (1 | Pos:Org))	true	Salary — Robust ANOVA with Heterogeneous Residual Variance	bf(Salary ~ 1 + (1 | Pos) + (1 | Org) + (1 | Pos:Org), sigma ~ 1 + (1 | Pos:Org))	unresolved	205	false		salary	exact-metadata		unresolved	ordinary_brm	direct population/likelihood route when the family and terms are supported	unresolved-family		family is not explicit or defensibly inferred	Salary,Pos,Org	Pos,Org	synthetic n=12; positive continuous predictors; integer groups; family-valid outcome
salary_robust	true		https://raw.githubusercontent.com/ASKurz/Doing-Bayesian-Data-Analysis-in-brms-and-the-tidyverse/master/data.R/Salary.csv	https://raw.githubusercontent.com/ASKurz/Doing-Bayesian-Data-Analysis-in-brms-and-the-tidyverse/master/data.R/Salary.csv	false	05c3f465e7987e8d7caa7e214fedddd90415a922	576	salary	kruschke	scripts/examples/kruschke.jl	bf(Salary ~ 1 + (1 | Pos) + (1 | Org) + (1 | Pos:Org), sigma ~ 1 + (1 | Pos:Org))	true	Salary — Robust ANOVA with Heterogeneous Residual Variance	bf(Salary ~ 1 + (1 | Pos) + (1 | Org) + (1 | Pos:Org), sigma ~ 1 + (1 | Pos:Org))	unresolved	205	false		salary	inferred-family	gaussian	inferred-from-name	ordinary_brm	direct population/likelihood route when the family and terms are supported	unsupported		multi-formula/nonlinear brms declaration	Salary,Pos,Org	Pos,Org	synthetic n=12; positive continuous predictors; integer groups; family-valid outcome
splitplot_field	true		https://raw.githubusercontent.com/ASKurz/Doing-Bayesian-Data-Analysis-in-brms-and-the-tidyverse/master/data.R/SplitPlotAgriData.csv	https://raw.githubusercontent.com/ASKurz/Doing-Bayesian-Data-Analysis-in-brms-and-the-tidyverse/master/data.R/SplitPlotAgriData.csv	false	05c3f465e7987e8d7caa7e214fedddd90415a922	592	splitplot	kruschke	scripts/examples/kruschke.jl	Yield ~ 1 + (1 | Till) + (1 | Fert) + (1 | Field) + (1 | Till:Fert)	true	Split-Plot ANOVA — With Field Blocking	Yield ~ 1 + (1 | Till) + (1 | Fert) + (1 | Field) + (1 | Till:Fert)	unresolved	206	false		splitplot	exact-metadata		unresolved	ordinary_brm	direct population/likelihood route when the family and terms are supported	unresolved-family		family is not explicit or defensibly inferred	Yield,Till,Fert,Field	Till,Fert,Field	synthetic n=12; positive continuous predictors; integer groups; family-valid outcome
splitplot_field	true		https://raw.githubusercontent.com/ASKurz/Doing-Bayesian-Data-Analysis-in-brms-and-the-tidyverse/master/data.R/SplitPlotAgriData.csv	https://raw.githubusercontent.com/ASKurz/Doing-Bayesian-Data-Analysis-in-brms-and-the-tidyverse/master/data.R/SplitPlotAgriData.csv	false	05c3f465e7987e8d7caa7e214fedddd90415a922	592	splitplot	kruschke	scripts/examples/kruschke.jl	Yield ~ 1 + (1 | Till) + (1 | Fert) + (1 | Field) + (1 | Till:Fert)	true	Split-Plot ANOVA — With Field Blocking	Yield ~ 1 + (1 | Till) + (1 | Fert) + (1 | Field) + (1 | Till:Fert)	unresolved	206	false		splitplot	inferred-family	gaussian	inferred-from-name	ordinary_brm	direct population/likelihood route when the family and terms are supported	unsupported		nested/composite grouping factors require an explicit derived group id or reviewed gr(...; by=...) design	Yield,Till,Fert,Field	Till,Fert,Field	synthetic n=12; positive continuous predictors; integer groups; family-valid outcome
splitplot_nofield	true		https://raw.githubusercontent.com/ASKurz/Doing-Bayesian-Data-Analysis-in-brms-and-the-tidyverse/master/data.R/SplitPlotAgriData.csv	https://raw.githubusercontent.com/ASKurz/Doing-Bayesian-Data-Analysis-in-brms-and-the-tidyverse/master/data.R/SplitPlotAgriData.csv	false	05c3f465e7987e8d7caa7e214fedddd90415a922	608	splitplot	kruschke	scripts/examples/kruschke.jl	Yield ~ 1 + (1 | Till) + (1 | Fert) + (1 | Till:Fert)	true	Split-Plot ANOVA — Without Field Blocking	Yield ~ 1 + (1 | Till) + (1 | Fert) + (1 | Till:Fert)	unresolved	207	false		splitplot	exact-metadata		unresolved	ordinary_brm	direct population/likelihood route when the family and terms are supported	unresolved-family		family is not explicit or defensibly inferred	Yield,Till,Fert	Till,Fert	synthetic n=12; positive continuous predictors; integer groups; family-valid outcome
splitplot_nofield	true		https://raw.githubusercontent.com/ASKurz/Doing-Bayesian-Data-Analysis-in-brms-and-the-tidyverse/master/data.R/SplitPlotAgriData.csv	https://raw.githubusercontent.com/ASKurz/Doing-Bayesian-Data-Analysis-in-brms-and-the-tidyverse/master/data.R/SplitPlotAgriData.csv	false	05c3f465e7987e8d7caa7e214fedddd90415a922	608	splitplot	kruschke	scripts/examples/kruschke.jl	Yield ~ 1 + (1 | Till) + (1 | Fert) + (1 | Till:Fert)	true	Split-Plot ANOVA — Without Field Blocking	Yield ~ 1 + (1 | Till) + (1 | Fert) + (1 | Till:Fert)	unresolved	207	false		splitplot	inferred-family	gaussian	inferred-from-name	ordinary_brm	direct population/likelihood route when the family and terms are supported	unsupported		nested/composite grouping factors require an explicit derived group id or reviewed gr(...; by=...) design	Yield,Till,Fert	Till,Fert	synthetic n=12; positive continuous predictors; integer groups; family-valid outcome
htwt110_single	true		https://raw.githubusercontent.com/ASKurz/Doing-Bayesian-Data-Analysis-in-brms-and-the-tidyverse/master/data.R/HtWtData110.csv	https://raw.githubusercontent.com/ASKurz/Doing-Bayesian-Data-Analysis-in-brms-and-the-tidyverse/master/data.R/HtWtData110.csv	false	05c3f465e7987e8d7caa7e214fedddd90415a922	635	htwt110	kruschke	scripts/examples/kruschke.jl	male ~ 1 + weight_z	true	Logistic Regression — Single Predictor (Weight)	male ~ 1 + weight_z	unresolved	208	false		htwt110	exact-metadata		unresolved	ordinary_brm	direct population/likelihood route when the family and terms are supported	unresolved-family		family is not explicit or defensibly inferred	male,weight_z		synthetic n=12; positive continuous predictors; integer groups; family-valid outcome
htwt110_single	true		https://raw.githubusercontent.com/ASKurz/Doing-Bayesian-Data-Analysis-in-brms-and-the-tidyverse/master/data.R/HtWtData110.csv	https://raw.githubusercontent.com/ASKurz/Doing-Bayesian-Data-Analysis-in-brms-and-the-tidyverse/master/data.R/HtWtData110.csv	false	05c3f465e7987e8d7caa7e214fedddd90415a922	635	htwt110	kruschke	scripts/examples/kruschke.jl	male ~ 1 + weight_z	true	Logistic Regression — Single Predictor (Weight)	male ~ 1 + weight_z	unresolved	208	false		htwt110	inferred-family	bernoulli	inferred-from-name	ordinary_brm	direct population/likelihood route when the family and terms are supported	ready	log_odds ~ 1 + weight_z\nmale ~ BernoulliLogit(log_odds)	explicit Bernoulli-logit likelihood	male,weight_z		synthetic n=12; positive continuous predictors; integer groups; family-valid outcome
htwt110_two_pred	true		https://raw.githubusercontent.com/ASKurz/Doing-Bayesian-Data-Analysis-in-brms-and-the-tidyverse/master/data.R/HtWtData110.csv	https://raw.githubusercontent.com/ASKurz/Doing-Bayesian-Data-Analysis-in-brms-and-the-tidyverse/master/data.R/HtWtData110.csv	false	05c3f465e7987e8d7caa7e214fedddd90415a922	653	htwt110	kruschke	scripts/examples/kruschke.jl	male ~ 1 + weight_z + height_z	true	Logistic Regression — Two Predictors (Weight and Height)	male ~ 1 + weight_z + height_z	unresolved	209	false		htwt110	exact-metadata		unresolved	ordinary_brm	direct population/likelihood route when the family and terms are supported	unresolved-family		family is not explicit or defensibly inferred	male,weight_z,height_z		synthetic n=12; positive continuous predictors; integer groups; family-valid outcome
htwt110_two_pred	true		https://raw.githubusercontent.com/ASKurz/Doing-Bayesian-Data-Analysis-in-brms-and-the-tidyverse/master/data.R/HtWtData110.csv	https://raw.githubusercontent.com/ASKurz/Doing-Bayesian-Data-Analysis-in-brms-and-the-tidyverse/master/data.R/HtWtData110.csv	false	05c3f465e7987e8d7caa7e214fedddd90415a922	653	htwt110	kruschke	scripts/examples/kruschke.jl	male ~ 1 + weight_z + height_z	true	Logistic Regression — Two Predictors (Weight and Height)	male ~ 1 + weight_z + height_z	unresolved	209	false		htwt110	inferred-family	bernoulli	inferred-from-name	ordinary_brm	direct population/likelihood route when the family and terms are supported	ready	log_odds ~ 1 + weight_z + height_z\nmale ~ BernoulliLogit(log_odds)	explicit Bernoulli-logit likelihood	male,weight_z,height_z		synthetic n=12; positive continuous predictors; integer groups; family-valid outcome
htwt110_robust	true		https://raw.githubusercontent.com/ASKurz/Doing-Bayesian-Data-Analysis-in-brms-and-the-tidyverse/master/data.R/HtWtData110.csv	https://raw.githubusercontent.com/ASKurz/Doing-Bayesian-Data-Analysis-in-brms-and-the-tidyverse/master/data.R/HtWtData110.csv	false	05c3f465e7987e8d7caa7e214fedddd90415a922	671	htwt110	kruschke	scripts/examples/kruschke.jl	bf(male ~ a * 0.5 + (1 - a) * 1 / (1 + exp(-(b0 + b1 * weight_z))), a + b0 + b1 ~ 1, nl = TRUE)	true	Robust Logistic Regression — Mixture with Guessing	bf(male ~ a * 0.5 + (1 - a) * 1 / (1 + exp(-(b0 + b1 * weight_z))), a + b0 + b1 ~ 1, nl = TRUE)	unresolved	210	false		htwt110	exact-metadata		unresolved	ordinary_brm	direct population/likelihood route when the family and terms are supported	unresolved-family		family is not explicit or defensibly inferred	male,a,b0,b1,weight_z,TRUE		synthetic n=12; positive continuous predictors; integer groups; family-valid outcome
htwt110_robust	true		https://raw.githubusercontent.com/ASKurz/Doing-Bayesian-Data-Analysis-in-brms-and-the-tidyverse/master/data.R/HtWtData110.csv	https://raw.githubusercontent.com/ASKurz/Doing-Bayesian-Data-Analysis-in-brms-and-the-tidyverse/master/data.R/HtWtData110.csv	false	05c3f465e7987e8d7caa7e214fedddd90415a922	671	htwt110	kruschke	scripts/examples/kruschke.jl	bf(male ~ a * 0.5 + (1 - a) * 1 / (1 + exp(-(b0 + b1 * weight_z))), a + b0 + b1 ~ 1, nl = TRUE)	true	Robust Logistic Regression — Mixture with Guessing	bf(male ~ a * 0.5 + (1 - a) * 1 / (1 + exp(-(b0 + b1 * weight_z))), a + b0 + b1 ~ 1, nl = TRUE)	unresolved	210	false		htwt110	inferred-family	bernoulli	inferred-from-name	ordinary_brm	direct population/likelihood route when the family and terms are supported	unsupported		multi-formula/nonlinear brms declaration	male,a,b0,b1,weight_z,TRUE		synthetic n=12; positive continuous predictors; integer groups; family-valid outcome
softmax_categorical	true		https://raw.githubusercontent.com/ASKurz/Doing-Bayesian-Data-Analysis-in-brms-and-the-tidyverse/master/data.R/SoftmaxRegData1.csv	https://raw.githubusercontent.com/ASKurz/Doing-Bayesian-Data-Analysis-in-brms-and-the-tidyverse/master/data.R/SoftmaxRegData1.csv	false	05c3f465e7987e8d7caa7e214fedddd90415a922	739	softmax	kruschke	scripts/examples/kruschke.jl	Y ~ 0 + Intercept + X1 + X2	true	Softmax — Categorical Regression with Two Predictors	Y ~ 0 + Intercept + X1 + X2	unresolved	211	false		softmax1	exact-metadata		unresolved	ordinary_brm	direct population/likelihood route when the family and terms are supported	unresolved-family		family is not explicit or defensibly inferred	Y,Intercept,X1,X2		synthetic n=12; positive continuous predictors; integer groups; family-valid outcome
softmax_categorical	true		https://raw.githubusercontent.com/ASKurz/Doing-Bayesian-Data-Analysis-in-brms-and-the-tidyverse/master/data.R/SoftmaxRegData1.csv	https://raw.githubusercontent.com/ASKurz/Doing-Bayesian-Data-Analysis-in-brms-and-the-tidyverse/master/data.R/SoftmaxRegData1.csv	false	05c3f465e7987e8d7caa7e214fedddd90415a922	739	softmax	kruschke	scripts/examples/kruschke.jl	Y ~ 0 + Intercept + X1 + X2	true	Softmax — Categorical Regression with Two Predictors	Y ~ 0 + Intercept + X1 + X2	unresolved	211	false		softmax1	inferred-family	categorical	inferred-from-name	ordinary_brm	direct population/likelihood route when the family and terms are supported	unsupported		likelihood family `categorical` has no semantics-preserving current translation	Y,Intercept,X1,X2		synthetic n=12; positive continuous predictors; integer groups; family-valid outcome
softmax_baseline	true		https://raw.githubusercontent.com/ASKurz/Doing-Bayesian-Data-Analysis-in-brms-and-the-tidyverse/master/data.R/SoftmaxRegData1.csv	https://raw.githubusercontent.com/ASKurz/Doing-Bayesian-Data-Analysis-in-brms-and-the-tidyverse/master/data.R/SoftmaxRegData1.csv	false	05c3f465e7987e8d7caa7e214fedddd90415a922	755	softmax	kruschke	scripts/examples/kruschke.jl	Y ~ 1	true	Softmax — Intercepts-Only Baseline	Y ~ 1	unresolved	212	false		softmax1	exact-metadata		unresolved	ordinary_brm	direct population/likelihood route when the family and terms are supported	unresolved-family		family is not explicit or defensibly inferred	Y		synthetic n=12; positive continuous predictors; integer groups; family-valid outcome
softmax_baseline	true		https://raw.githubusercontent.com/ASKurz/Doing-Bayesian-Data-Analysis-in-brms-and-the-tidyverse/master/data.R/SoftmaxRegData1.csv	https://raw.githubusercontent.com/ASKurz/Doing-Bayesian-Data-Analysis-in-brms-and-the-tidyverse/master/data.R/SoftmaxRegData1.csv	false	05c3f465e7987e8d7caa7e214fedddd90415a922	755	softmax	kruschke	scripts/examples/kruschke.jl	Y ~ 1	true	Softmax — Intercepts-Only Baseline	Y ~ 1	unresolved	212	false		softmax1	inferred-family		unresolved	ordinary_brm	direct population/likelihood route when the family and terms are supported	unresolved-family		family is not explicit or defensibly inferred	Y		synthetic n=12; positive continuous predictors; integer groups; family-valid outcome
condlog1_ordinal	true		https://raw.githubusercontent.com/ASKurz/Doing-Bayesian-Data-Analysis-in-brms-and-the-tidyverse/master/data.R/CondLogistRegData1.csv	https://raw.githubusercontent.com/ASKurz/Doing-Bayesian-Data-Analysis-in-brms-and-the-tidyverse/master/data.R/CondLogistRegData1.csv	false	05c3f465e7987e8d7caa7e214fedddd90415a922	771	softmax	kruschke	scripts/examples/kruschke.jl	Y_ord ~ 1 + cs(X1) + cs(X2)	true	Conditional Logistic — Ordinal Regression (Data Set 1)	Y_ord ~ 1 + cs(X1) + cs(X2)	unresolved	213	false		condlog1	exact-metadata		unresolved	ordinary_brm	direct population/likelihood route when the family and terms are supported	unresolved-family		family is not explicit or defensibly inferred	Y_ord,X1,X2		synthetic n=12; positive continuous predictors; integer groups; family-valid outcome
condlog1_ordinal	true		https://raw.githubusercontent.com/ASKurz/Doing-Bayesian-Data-Analysis-in-brms-and-the-tidyverse/master/data.R/CondLogistRegData1.csv	https://raw.githubusercontent.com/ASKurz/Doing-Bayesian-Data-Analysis-in-brms-and-the-tidyverse/master/data.R/CondLogistRegData1.csv	false	05c3f465e7987e8d7caa7e214fedddd90415a922	771	softmax	kruschke	scripts/examples/kruschke.jl	Y_ord ~ 1 + cs(X1) + cs(X2)	true	Conditional Logistic — Ordinal Regression (Data Set 1)	Y_ord ~ 1 + cs(X1) + cs(X2)	unresolved	213	false		condlog1	inferred-family	bernoulli	inferred-from-name	ordinary_brm	direct population/likelihood route when the family and terms are supported	unsupported		term has no semantics-preserving mechanical alias	Y_ord,X1,X2		synthetic n=12; positive continuous predictors; integer groups; family-valid outcome
condlog2_ordinal	true		https://raw.githubusercontent.com/ASKurz/Doing-Bayesian-Data-Analysis-in-brms-and-the-tidyverse/master/data.R/CondLogistRegData2.csv	https://raw.githubusercontent.com/ASKurz/Doing-Bayesian-Data-Analysis-in-brms-and-the-tidyverse/master/data.R/CondLogistRegData2.csv	false	05c3f465e7987e8d7caa7e214fedddd90415a922	787	softmax	kruschke	scripts/examples/kruschke.jl	Y_ord ~ 1 + cs(X1) + cs(X2)	true	Conditional Logistic — Ordinal Regression (Data Set 2)	Y_ord ~ 1 + cs(X1) + cs(X2)	unresolved	214	false		condlog2	exact-metadata		unresolved	ordinary_brm	direct population/likelihood route when the family and terms are supported	unresolved-family		family is not explicit or defensibly inferred	Y_ord,X1,X2		synthetic n=12; positive continuous predictors; integer groups; family-valid outcome
condlog2_ordinal	true		https://raw.githubusercontent.com/ASKurz/Doing-Bayesian-Data-Analysis-in-brms-and-the-tidyverse/master/data.R/CondLogistRegData2.csv	https://raw.githubusercontent.com/ASKurz/Doing-Bayesian-Data-Analysis-in-brms-and-the-tidyverse/master/data.R/CondLogistRegData2.csv	false	05c3f465e7987e8d7caa7e214fedddd90415a922	787	softmax	kruschke	scripts/examples/kruschke.jl	Y_ord ~ 1 + cs(X1) + cs(X2)	true	Conditional Logistic — Ordinal Regression (Data Set 2)	Y_ord ~ 1 + cs(X1) + cs(X2)	unresolved	214	false		condlog2	inferred-family	bernoulli	inferred-from-name	ordinary_brm	direct population/likelihood route when the family and terms are supported	unsupported		term has no semantics-preserving mechanical alias	Y_ord,X1,X2		synthetic n=12; positive continuous predictors; integer groups; family-valid outcome
ordinal_probit_intercept	true		https://raw.githubusercontent.com/ASKurz/Doing-Bayesian-Data-Analysis-in-brms-and-the-tidyverse/master/data.R/OrdinalProbitData1.csv	https://raw.githubusercontent.com/ASKurz/Doing-Bayesian-Data-Analysis-in-brms-and-the-tidyverse/master/data.R/OrdinalProbitData1.csv	false	05c3f465e7987e8d7caa7e214fedddd90415a922	836	ordinal_probit	kruschke	scripts/examples/kruschke.jl	Y ~ 1	true	Ordinal Probit — Intercept Only	Y ~ 1	unresolved	215	false		ordinal_probit	exact-metadata		unresolved	ordinary_brm	direct population/likelihood route when the family and terms are supported	unresolved-family		family is not explicit or defensibly inferred	Y		synthetic n=12; positive continuous predictors; integer groups; family-valid outcome
ordinal_probit_intercept	true		https://raw.githubusercontent.com/ASKurz/Doing-Bayesian-Data-Analysis-in-brms-and-the-tidyverse/master/data.R/OrdinalProbitData1.csv	https://raw.githubusercontent.com/ASKurz/Doing-Bayesian-Data-Analysis-in-brms-and-the-tidyverse/master/data.R/OrdinalProbitData1.csv	false	05c3f465e7987e8d7caa7e214fedddd90415a922	836	ordinal_probit	kruschke	scripts/examples/kruschke.jl	Y ~ 1	true	Ordinal Probit — Intercept Only	Y ~ 1	unresolved	215	false		ordinal_probit	inferred-family	ordered_logistic	inferred-from-name	ordinary_brm	direct population/likelihood route when the family and terms are supported	ready	loc ~ 1\nY ~ OrderedLogistic(loc)	current proportional-odds likelihood; non-logit historical links need separate review	Y		synthetic n=12; positive continuous predictors; integer groups; family-valid outcome
ordinal_probit_disc	true		https://raw.githubusercontent.com/ASKurz/Doing-Bayesian-Data-Analysis-in-brms-and-the-tidyverse/master/data.R/OrdinalProbitData1.csv	https://raw.githubusercontent.com/ASKurz/Doing-Bayesian-Data-Analysis-in-brms-and-the-tidyverse/master/data.R/OrdinalProbitData1.csv	false	05c3f465e7987e8d7caa7e214fedddd90415a922	852	ordinal_probit	kruschke	scripts/examples/kruschke.jl	bf(Y ~ 1 + X) + lf(disc ~ 0 + X, cmc = FALSE)	true	Ordinal Probit — Discrimination Parameter	bf(Y ~ 1 + X) + lf(disc ~ 0 + X, cmc = FALSE)	unresolved	216	false		ordinal_probit	exact-metadata		unresolved	ordinary_brm	direct population/likelihood route when the family and terms are supported	unresolved-family		family is not explicit or defensibly inferred	Y,X,FALSE		synthetic n=12; positive continuous predictors; integer groups; family-valid outcome
ordinal_probit_disc	true		https://raw.githubusercontent.com/ASKurz/Doing-Bayesian-Data-Analysis-in-brms-and-the-tidyverse/master/data.R/OrdinalProbitData1.csv	https://raw.githubusercontent.com/ASKurz/Doing-Bayesian-Data-Analysis-in-brms-and-the-tidyverse/master/data.R/OrdinalProbitData1.csv	false	05c3f465e7987e8d7caa7e214fedddd90415a922	852	ordinal_probit	kruschke	scripts/examples/kruschke.jl	bf(Y ~ 1 + X) + lf(disc ~ 0 + X, cmc = FALSE)	true	Ordinal Probit — Discrimination Parameter	bf(Y ~ 1 + X) + lf(disc ~ 0 + X, cmc = FALSE)	unresolved	216	false		ordinal_probit	inferred-family	ordered_logistic	inferred-from-name	ordinary_brm	direct population/likelihood route when the family and terms are supported	unsupported		multi-formula/nonlinear brms declaration	Y,X,FALSE		synthetic n=12; positive continuous predictors; integer groups; family-valid outcome
ordinal_probit_hetero	true		https://raw.githubusercontent.com/ASKurz/Doing-Bayesian-Data-Analysis-in-brms-and-the-tidyverse/master/data.R/OrdinalProbitData1.csv	https://raw.githubusercontent.com/ASKurz/Doing-Bayesian-Data-Analysis-in-brms-and-the-tidyverse/master/data.R/OrdinalProbitData1.csv	false	05c3f465e7987e8d7caa7e214fedddd90415a922	868	ordinal_probit	kruschke	scripts/examples/kruschke.jl	bf(Y ~ 0 + X, sigma ~ 0 + X)	true	Ordinal Probit — Heteroscedastic Gaussian Comparison	bf(Y ~ 0 + X, sigma ~ 0 + X)	unresolved	217	false		ordinal_probit	exact-metadata		unresolved	ordinary_brm	direct population/likelihood route when the family and terms are supported	unresolved-family		family is not explicit or defensibly inferred	Y,X		synthetic n=12; positive continuous predictors; integer groups; family-valid outcome
ordinal_probit_hetero	true		https://raw.githubusercontent.com/ASKurz/Doing-Bayesian-Data-Analysis-in-brms-and-the-tidyverse/master/data.R/OrdinalProbitData1.csv	https://raw.githubusercontent.com/ASKurz/Doing-Bayesian-Data-Analysis-in-brms-and-the-tidyverse/master/data.R/OrdinalProbitData1.csv	false	05c3f465e7987e8d7caa7e214fedddd90415a922	868	ordinal_probit	kruschke	scripts/examples/kruschke.jl	bf(Y ~ 0 + X, sigma ~ 0 + X)	true	Ordinal Probit — Heteroscedastic Gaussian Comparison	bf(Y ~ 0 + X, sigma ~ 0 + X)	unresolved	217	false		ordinal_probit	inferred-family	ordered_logistic	inferred-from-name	ordinary_brm	direct population/likelihood route when the family and terms are supported	unsupported		multi-formula/nonlinear brms declaration	Y,X		synthetic n=12; positive continuous predictors; integer groups; family-valid outcome
happiness_assets	true		https://raw.githubusercontent.com/ASKurz/Doing-Bayesian-Data-Analysis-in-brms-and-the-tidyverse/master/data.R/HappinessAssetsDebt.csv	https://raw.githubusercontent.com/ASKurz/Doing-Bayesian-Data-Analysis-in-brms-and-the-tidyverse/master/data.R/HappinessAssetsDebt.csv	false	05c3f465e7987e8d7caa7e214fedddd90415a922	884	happiness_assets	kruschke	scripts/examples/kruschke.jl	Happiness ~ 1 + Assets_s	true	Happiness and Assets — Cumulative Ordinal Probit	Happiness ~ 1 + Assets_s	unresolved	218	false		happiness_assets	exact-metadata		unresolved	ordinary_brm	direct population/likelihood route when the family and terms are supported	unresolved-family		family is not explicit or defensibly inferred	Happiness,Assets_s		synthetic n=12; positive continuous predictors; integer groups; family-valid outcome
happiness_assets	true		https://raw.githubusercontent.com/ASKurz/Doing-Bayesian-Data-Analysis-in-brms-and-the-tidyverse/master/data.R/HappinessAssetsDebt.csv	https://raw.githubusercontent.com/ASKurz/Doing-Bayesian-Data-Analysis-in-brms-and-the-tidyverse/master/data.R/HappinessAssetsDebt.csv	false	05c3f465e7987e8d7caa7e214fedddd90415a922	884	happiness_assets	kruschke	scripts/examples/kruschke.jl	Happiness ~ 1 + Assets_s	true	Happiness and Assets — Cumulative Ordinal Probit	Happiness ~ 1 + Assets_s	unresolved	218	false		happiness_assets	inferred-family	ordered_logistic	inferred-from-name	ordinary_brm	direct population/likelihood route when the family and terms are supported	ready	loc ~ 1 + Assets_s\nHappiness ~ OrderedLogistic(loc)	current proportional-odds likelihood; non-logit historical links need separate review	Happiness,Assets_s		synthetic n=12; positive continuous predictors; integer groups; family-valid outcome
movies	true		https://raw.githubusercontent.com/ASKurz/Doing-Bayesian-Data-Analysis-in-brms-and-the-tidyverse/master/data.R/Movies.csv	https://raw.githubusercontent.com/ASKurz/Doing-Bayesian-Data-Analysis-in-brms-and-the-tidyverse/master/data.R/Movies.csv	false	05c3f465e7987e8d7caa7e214fedddd90415a922	901	movies	kruschke	scripts/examples/kruschke.jl	Rating ~ 1 + Year_s + Length_s	true	Movie Ratings — Cumulative Ordinal Regression	Rating ~ 1 + Year_s + Length_s	unresolved	219	false		movies	exact-metadata		unresolved	ordinary_brm	direct population/likelihood route when the family and terms are supported	unresolved-family		family is not explicit or defensibly inferred	Rating,Year_s,Length_s		synthetic n=12; positive continuous predictors; integer groups; family-valid outcome
movies	true		https://raw.githubusercontent.com/ASKurz/Doing-Bayesian-Data-Analysis-in-brms-and-the-tidyverse/master/data.R/Movies.csv	https://raw.githubusercontent.com/ASKurz/Doing-Bayesian-Data-Analysis-in-brms-and-the-tidyverse/master/data.R/Movies.csv	false	05c3f465e7987e8d7caa7e214fedddd90415a922	901	movies	kruschke	scripts/examples/kruschke.jl	Rating ~ 1 + Year_s + Length_s	true	Movie Ratings — Cumulative Ordinal Regression	Rating ~ 1 + Year_s + Length_s	unresolved	219	false		movies	inferred-family	ordered_logistic	inferred-from-name	ordinary_brm	direct population/likelihood route when the family and terms are supported	ready	loc ~ 1 + Year_s + Length_s\nRating ~ OrderedLogistic(loc)	current proportional-odds likelihood; non-logit historical links need separate review	Rating,Year_s,Length_s		synthetic n=12; positive continuous predictors; integer groups; family-valid outcome
haireye_poisson	true		https://raw.githubusercontent.com/ASKurz/Doing-Bayesian-Data-Analysis-in-brms-and-the-tidyverse/master/data.R/HairEyeColor.csv	https://raw.githubusercontent.com/ASKurz/Doing-Bayesian-Data-Analysis-in-brms-and-the-tidyverse/master/data.R/HairEyeColor.csv	false	05c3f465e7987e8d7caa7e214fedddd90415a922	930	haireye	kruschke	scripts/examples/kruschke.jl	Count ~ 1 + (1 | Hair) + (1 | Eye) + (1 | Hair:Eye)	true	Hair-Eye Color — Poisson Log-Linear	Count ~ 1 + (1 | Hair) + (1 | Eye) + (1 | Hair:Eye)	unresolved	220	false		haireye	exact-metadata		unresolved	ordinary_brm	direct population/likelihood route when the family and terms are supported	unresolved-family		family is not explicit or defensibly inferred	Count,Hair,Eye	Hair,Eye	synthetic n=12; positive continuous predictors; integer groups; family-valid outcome
haireye_poisson	true		https://raw.githubusercontent.com/ASKurz/Doing-Bayesian-Data-Analysis-in-brms-and-the-tidyverse/master/data.R/HairEyeColor.csv	https://raw.githubusercontent.com/ASKurz/Doing-Bayesian-Data-Analysis-in-brms-and-the-tidyverse/master/data.R/HairEyeColor.csv	false	05c3f465e7987e8d7caa7e214fedddd90415a922	930	haireye	kruschke	scripts/examples/kruschke.jl	Count ~ 1 + (1 | Hair) + (1 | Eye) + (1 | Hair:Eye)	true	Hair-Eye Color — Poisson Log-Linear	Count ~ 1 + (1 | Hair) + (1 | Eye) + (1 | Hair:Eye)	unresolved	220	false		haireye	inferred-family	poisson	inferred-from-name	ordinary_brm	direct population/likelihood route when the family and terms are supported	unsupported		nested/composite grouping factors require an explicit derived group id or reviewed gr(...; by=...) design	Count,Hair,Eye	Hair,Eye	synthetic n=12; positive continuous predictors; integer groups; family-valid outcome
haireye_binomial	true		https://raw.githubusercontent.com/ASKurz/Doing-Bayesian-Data-Analysis-in-brms-and-the-tidyverse/master/data.R/HairEyeColor.csv	https://raw.githubusercontent.com/ASKurz/Doing-Bayesian-Data-Analysis-in-brms-and-the-tidyverse/master/data.R/HairEyeColor.csv	false	05c3f465e7987e8d7caa7e214fedddd90415a922	946	haireye	kruschke	scripts/examples/kruschke.jl	Count | trials(264) ~ 1 + (1 | Hair) + (1 | Eye) + (1 | Hair:Eye)	true	Hair-Eye Color — Binomial Version	Count | trials(264) ~ 1 + (1 | Hair) + (1 | Eye) + (1 | Hair:Eye)	unresolved	221	false		haireye	exact-metadata		unresolved	ordinary_brm	direct population/likelihood route when the family and terms are supported	unresolved-family		family is not explicit or defensibly inferred	Count,Hair,Eye	trials,Hair,Eye	synthetic n=12; positive continuous predictors; integer groups; family-valid outcome
haireye_binomial	true		https://raw.githubusercontent.com/ASKurz/Doing-Bayesian-Data-Analysis-in-brms-and-the-tidyverse/master/data.R/HairEyeColor.csv	https://raw.githubusercontent.com/ASKurz/Doing-Bayesian-Data-Analysis-in-brms-and-the-tidyverse/master/data.R/HairEyeColor.csv	false	05c3f465e7987e8d7caa7e214fedddd90415a922	946	haireye	kruschke	scripts/examples/kruschke.jl	Count | trials(264) ~ 1 + (1 | Hair) + (1 | Eye) + (1 | Hair:Eye)	true	Hair-Eye Color — Binomial Version	Count | trials(264) ~ 1 + (1 | Hair) + (1 | Eye) + (1 | Hair:Eye)	unresolved	221	false		haireye	inferred-family	binomial	inferred-from-response-syntax	ordinary_brm	direct population/likelihood route when the family and terms are supported	unsupported		nested/composite grouping factors require an explicit derived group id or reviewed gr(...; by=...) design	Count,Hair,Eye	trials,Hair,Eye	synthetic n=12; positive continuous predictors; integer groups; family-valid outcome
censored_missing	true		synthetic	synthetic	false	05c3f465e7987e8d7caa7e214fedddd90415a922	987	censored	kruschke	scripts/examples/kruschke.jl	y_na ~ 1	true	Censored Data — Missing Values Model	y_na ~ 1	unresolved	222	false		censored	exact-metadata		unresolved	ordinary_brm	direct population/likelihood route when the family and terms are supported	unresolved-family		family is not explicit or defensibly inferred	y_na		synthetic n=12; positive continuous predictors; integer groups; family-valid outcome
censored_missing	true		synthetic	synthetic	false	05c3f465e7987e8d7caa7e214fedddd90415a922	987	censored	kruschke	scripts/examples/kruschke.jl	y_na ~ 1	true	Censored Data — Missing Values Model	y_na ~ 1	unresolved	222	false		censored	inferred-family		unresolved	ordinary_brm	direct population/likelihood route when the family and terms are supported	unresolved-family		family is not explicit or defensibly inferred	y_na		synthetic n=12; positive continuous predictors; integer groups; family-valid outcome
censored_lr	true		synthetic	synthetic	false	05c3f465e7987e8d7caa7e214fedddd90415a922	1003	censored	kruschke	scripts/examples/kruschke.jl	y1 | cens(cen1) ~ 1	true	Censored Data — Left/Right Censoring	y1 | cens(cen1) ~ 1	unresolved	223	false		censored	exact-metadata		unresolved	ordinary_brm	direct population/likelihood route when the family and terms are supported	unresolved-family		family is not explicit or defensibly inferred	y1,cen1	cens	synthetic n=12; positive continuous predictors; integer groups; family-valid outcome
censored_lr	true		synthetic	synthetic	false	05c3f465e7987e8d7caa7e214fedddd90415a922	1003	censored	kruschke	scripts/examples/kruschke.jl	y1 | cens(cen1) ~ 1	true	Censored Data — Left/Right Censoring	y1 | cens(cen1) ~ 1	unresolved	223	false		censored	inferred-family		unresolved	ordinary_brm	direct population/likelihood route when the family and terms are supported	unresolved-family		family is not explicit or defensibly inferred	y1,cen1	cens	synthetic n=12; positive continuous predictors; integer groups; family-valid outcome
censored_interval	true		synthetic	synthetic	false	05c3f465e7987e8d7caa7e214fedddd90415a922	1019	censored	kruschke	scripts/examples/kruschke.jl	y2 | cens(cen2, y3) ~ 1	true	Censored Data — Interval Censoring	y2 | cens(cen2, y3) ~ 1	unresolved	224	false		censored	exact-metadata		unresolved	ordinary_brm	direct population/likelihood route when the family and terms are supported	unresolved-family		family is not explicit or defensibly inferred	y2,cen2,y3	cens	synthetic n=12; positive continuous predictors; integer groups; family-valid outcome
censored_interval	true		synthetic	synthetic	false	05c3f465e7987e8d7caa7e214fedddd90415a922	1019	censored	kruschke	scripts/examples/kruschke.jl	y2 | cens(cen2, y3) ~ 1	true	Censored Data — Interval Censoring	y2 | cens(cen2, y3) ~ 1	unresolved	224	false		censored	inferred-family		unresolved	ordinary_brm	direct population/likelihood route when the family and terms are supported	unresolved-family		family is not explicit or defensibly inferred	y2,cen2,y3	cens	synthetic n=12; positive continuous predictors; integer groups; family-valid outcome
epilepsy_base	true		https://vincentarelbundock.github.io/Rdatasets/csv/MASS/epil.csv	https://doi.org/10.18637/jss.v080.i01	false	05c3f465e7987e8d7caa7e214fedddd90415a922	37	epilepsy	burkner_papers	scripts/examples/burkner_papers.jl	count ~ zBase * Trt + (1 | patient)	true	Epileptic Seizure Counts — Poisson GLMM	count ~ zBase * Trt + (1 | patient)	unresolved	225	false		epilepsy	exact-metadata		unresolved	ordinary_brm	direct population/likelihood route when the family and terms are supported	unresolved-family		family is not explicit or defensibly inferred	count,zBase,Trt,patient	patient	synthetic n=12; positive continuous predictors; integer groups; family-valid outcome
epilepsy_base	true		https://vincentarelbundock.github.io/Rdatasets/csv/MASS/epil.csv	https://doi.org/10.18637/jss.v080.i01	false	05c3f465e7987e8d7caa7e214fedddd90415a922	37	epilepsy	burkner_papers	scripts/examples/burkner_papers.jl	count ~ zBase * Trt + (1 | patient)	true	Epileptic Seizure Counts — Poisson GLMM	count ~ zBase * Trt + (1 | patient)	unresolved	225	false		epilepsy	inferred-family	poisson	inferred-from-name	ordinary_brm	direct population/likelihood route when the family and terms are supported	ready	log_rate ~ zBase + Trt + (zBase & Trt) + (1 | patient)\ncount ~ Poisson(exp(log_rate))	explicit log-link Poisson likelihood; offset(...) becomes ordinary log exposure	count,zBase,Trt,patient	patient	synthetic n=12; positive continuous predictors; integer groups; family-valid outcome
epilepsy_trunc	true		https://vincentarelbundock.github.io/Rdatasets/csv/MASS/epil.csv	https://doi.org/10.18637/jss.v080.i01	false	05c3f465e7987e8d7caa7e214fedddd90415a922	53	epilepsy	burkner_papers	scripts/examples/burkner_papers.jl	count | trunc(ub = 104) ~ zBase * Trt + (1 | patient)	true	Epileptic Seizure Counts — Truncated Poisson	count | trunc(ub = 104) ~ zBase * Trt + (1 | patient)	unresolved	226	false		epilepsy	exact-metadata		unresolved	ordinary_brm	direct population/likelihood route when the family and terms are supported	unresolved-family		family is not explicit or defensibly inferred	count,zBase,Trt,patient	trunc,patient	synthetic n=12; positive continuous predictors; integer groups; family-valid outcome
epilepsy_trunc	true		https://vincentarelbundock.github.io/Rdatasets/csv/MASS/epil.csv	https://doi.org/10.18637/jss.v080.i01	false	05c3f465e7987e8d7caa7e214fedddd90415a922	53	epilepsy	burkner_papers	scripts/examples/burkner_papers.jl	count | trunc(ub = 104) ~ zBase * Trt + (1 | patient)	true	Epileptic Seizure Counts — Truncated Poisson	count | trunc(ub = 104) ~ zBase * Trt + (1 | patient)	unresolved	226	false		epilepsy	inferred-family	poisson	inferred-from-name	ordinary_brm	direct population/likelihood route when the family and terms are supported	unsupported		censored/truncated response	count,zBase,Trt,patient	trunc,patient	synthetic n=12; positive continuous predictors; integer groups; family-valid outcome
epilepsy_simple	true		https://vincentarelbundock.github.io/Rdatasets/csv/MASS/epil.csv	https://doi.org/10.18637/jss.v080.i01	false	05c3f465e7987e8d7caa7e214fedddd90415a922	69	epilepsy	burkner_papers	scripts/examples/burkner_papers.jl	count ~ Trt + (1 | patient)	true	Epileptic Seizure Counts — Simplified Main Effects	count ~ Trt + (1 | patient)	unresolved	227	false		epilepsy	exact-metadata		unresolved	ordinary_brm	direct population/likelihood route when the family and terms are supported	unresolved-family		family is not explicit or defensibly inferred	count,Trt,patient	patient	synthetic n=12; positive continuous predictors; integer groups; family-valid outcome
epilepsy_simple	true		https://vincentarelbundock.github.io/Rdatasets/csv/MASS/epil.csv	https://doi.org/10.18637/jss.v080.i01	false	05c3f465e7987e8d7caa7e214fedddd90415a922	69	epilepsy	burkner_papers	scripts/examples/burkner_papers.jl	count ~ Trt + (1 | patient)	true	Epileptic Seizure Counts — Simplified Main Effects	count ~ Trt + (1 | patient)	unresolved	227	false		epilepsy	inferred-family		unresolved	ordinary_brm	direct population/likelihood route when the family and terms are supported	unresolved-family		family is not explicit or defensibly inferred	count,Trt,patient	patient	synthetic n=12; positive continuous predictors; integer groups; family-valid outcome
inhaler	true		synthetic	https://doi.org/10.18637/jss.v080.i01	false	05c3f465e7987e8d7caa7e214fedddd90415a922	117	inhaler	burkner_papers	scripts/examples/burkner_papers.jl	rating ~ period + carry + cs(treat)	true	Inhaler Ordinal Ratings — Sequential Ratio Model	rating ~ period + carry + cs(treat)	unresolved	228	false		inhaler	exact-metadata		unresolved	ordinary_brm	direct population/likelihood route when the family and terms are supported	unresolved-family		family is not explicit or defensibly inferred	rating,period,carry,treat		synthetic n=12; positive continuous predictors; integer groups; family-valid outcome
inhaler	true		synthetic	https://doi.org/10.18637/jss.v080.i01	false	05c3f465e7987e8d7caa7e214fedddd90415a922	117	inhaler	burkner_papers	scripts/examples/burkner_papers.jl	rating ~ period + carry + cs(treat)	true	Inhaler Ordinal Ratings — Sequential Ratio Model	rating ~ period + carry + cs(treat)	unresolved	228	false		inhaler	inferred-family	ordered_logistic	inferred-from-name	ordinary_brm	direct population/likelihood route when the family and terms are supported	unsupported		term has no semantics-preserving mechanical alias	rating,period,carry,treat		synthetic n=12; positive continuous predictors; integer groups; family-valid outcome
kidney	true		synthetic	https://doi.org/10.18637/jss.v080.i01	false	05c3f465e7987e8d7caa7e214fedddd90415a922	169	kidney	burkner_papers	scripts/examples/burkner_papers.jl	time | cens(censored) ~ age * sex + disease + (1 | patient)	true	Kidney Recurrence Times — Lognormal Survival	time | cens(censored) ~ age * sex + disease + (1 | patient)	unresolved	229	false		kidney	exact-metadata		unresolved	ordinary_brm	direct population/likelihood route when the family and terms are supported	unresolved-family		family is not explicit or defensibly inferred	time,censored,age,sex,disease,patient	cens,patient	synthetic n=12; positive continuous predictors; integer groups; family-valid outcome
kidney	true		synthetic	https://doi.org/10.18637/jss.v080.i01	false	05c3f465e7987e8d7caa7e214fedddd90415a922	169	kidney	burkner_papers	scripts/examples/burkner_papers.jl	time | cens(censored) ~ age * sex + disease + (1 | patient)	true	Kidney Recurrence Times — Lognormal Survival	time | cens(censored) ~ age * sex + disease + (1 | patient)	unresolved	229	false		kidney	inferred-family	lognormal	inferred-from-name	ordinary_brm	direct population/likelihood route when the family and terms are supported	unsupported		censored/truncated response	time,censored,age,sex,disease,patient	cens,patient	synthetic n=12; positive continuous predictors; integer groups; family-valid outcome
hetero_jss_sigma	true		synthetic	https://doi.org/10.18637/jss.v080.i01	false	05c3f465e7987e8d7caa7e214fedddd90415a922	203	hetero_jss	burkner_papers	scripts/examples/burkner_papers.jl	bf(y ~ x, sigma ~ 0 + x)	true	Heteroscedastic Model — Group-Specific Sigma	bf(y ~ x, sigma ~ 0 + x)	unresolved	230	false		hetero_jss	exact-metadata		unresolved	ordinary_brm	direct population/likelihood route when the family and terms are supported	unresolved-family		family is not explicit or defensibly inferred	y,x		synthetic n=12; positive continuous predictors; integer groups; family-valid outcome
hetero_jss_sigma	true		synthetic	https://doi.org/10.18637/jss.v080.i01	false	05c3f465e7987e8d7caa7e214fedddd90415a922	203	hetero_jss	burkner_papers	scripts/examples/burkner_papers.jl	bf(y ~ x, sigma ~ 0 + x)	true	Heteroscedastic Model — Group-Specific Sigma	bf(y ~ x, sigma ~ 0 + x)	unresolved	230	false		hetero_jss	inferred-family	gaussian	inferred-from-name	ordinary_brm	direct population/likelihood route when the family and terms are supported	unsupported		multi-formula/nonlinear brms declaration	y,x		synthetic n=12; positive continuous predictors; integer groups; family-valid outcome
hetero_jss_quantile	true		synthetic	https://doi.org/10.18637/jss.v080.i01	false	05c3f465e7987e8d7caa7e214fedddd90415a922	220	hetero_jss	burkner_papers	scripts/examples/burkner_papers.jl	bf(y ~ x, quantile = 0.25)	true	Quantile Regression — Asymmetric Laplace	bf(y ~ x, quantile = 0.25)	unresolved	231	false		hetero_jss	exact-metadata		unresolved	ordinary_brm	direct population/likelihood route when the family and terms are supported	unresolved-family		family is not explicit or defensibly inferred	y,x		synthetic n=12; positive continuous predictors; integer groups; family-valid outcome
hetero_jss_quantile	true		synthetic	https://doi.org/10.18637/jss.v080.i01	false	05c3f465e7987e8d7caa7e214fedddd90415a922	220	hetero_jss	burkner_papers	scripts/examples/burkner_papers.jl	bf(y ~ x, quantile = 0.25)	true	Quantile Regression — Asymmetric Laplace	bf(y ~ x, quantile = 0.25)	unresolved	231	false		hetero_jss	inferred-family		unresolved	ordinary_brm	direct population/likelihood route when the family and terms are supported	unresolved-family		family is not explicit or defensibly inferred	y,x		synthetic n=12; positive continuous predictors; integer groups; family-valid outcome
fish_rj_poisson	true		http://paulbuerkner.com/data/fish.csv	https://doi.org/10.32614/RJ-2018-017	false	05c3f465e7987e8d7caa7e214fedddd90415a922	250	fish_rj	burkner_papers	scripts/examples/burkner_papers.jl	count ~ persons + child + camper	true	Fish Counts — Poisson Baseline	count ~ persons + child + camper	unresolved	232	false		fish_rj	exact-metadata		unresolved	ordinary_brm	direct population/likelihood route when the family and terms are supported	unresolved-family		family is not explicit or defensibly inferred	count,persons,child,camper		synthetic n=12; positive continuous predictors; integer groups; family-valid outcome
fish_rj_poisson	true		http://paulbuerkner.com/data/fish.csv	https://doi.org/10.32614/RJ-2018-017	false	05c3f465e7987e8d7caa7e214fedddd90415a922	250	fish_rj	burkner_papers	scripts/examples/burkner_papers.jl	count ~ persons + child + camper	true	Fish Counts — Poisson Baseline	count ~ persons + child + camper	unresolved	232	false		fish_rj	inferred-family	poisson	inferred-from-name	ordinary_brm	direct population/likelihood route when the family and terms are supported	ready	log_rate ~ persons + child + camper\ncount ~ Poisson(exp(log_rate))	explicit log-link Poisson likelihood; offset(...) becomes ordinary log exposure	count,persons,child,camper		synthetic n=12; positive continuous predictors; integer groups; family-valid outcome
fish_rj_zip	true		http://paulbuerkner.com/data/fish.csv	https://doi.org/10.32614/RJ-2018-017	false	05c3f465e7987e8d7caa7e214fedddd90415a922	266	fish_rj	burkner_papers	scripts/examples/burkner_papers.jl	bf(count ~ persons + child + camper, zi ~ child)	true	Fish Counts — Zero-Inflated Poisson	bf(count ~ persons + child + camper, zi ~ child)	unresolved	233	false		fish_rj	exact-metadata		unresolved	ordinary_brm	direct population/likelihood route when the family and terms are supported	unresolved-family		family is not explicit or defensibly inferred	count,persons,child,camper		synthetic n=12; positive continuous predictors; integer groups; family-valid outcome
fish_rj_zip	true		http://paulbuerkner.com/data/fish.csv	https://doi.org/10.32614/RJ-2018-017	false	05c3f465e7987e8d7caa7e214fedddd90415a922	266	fish_rj	burkner_papers	scripts/examples/burkner_papers.jl	bf(count ~ persons + child + camper, zi ~ child)	true	Fish Counts — Zero-Inflated Poisson	bf(count ~ persons + child + camper, zi ~ child)	unresolved	233	false		fish_rj	inferred-family	poisson	inferred-from-name	ordinary_brm	direct population/likelihood route when the family and terms are supported	unsupported		multi-formula/nonlinear brms declaration	count,persons,child,camper		synthetic n=12; positive continuous predictors; integer groups; family-valid outcome
rent99_spline	true		synthetic	https://doi.org/10.32614/RJ-2018-017	false	05c3f465e7987e8d7caa7e214fedddd90415a922	307	rent99	burkner_papers	scripts/examples/burkner_papers.jl	rentsqm ~ t2(area, yearc) + (1 | district)	true	Munich Rent Data — Tensor-Product Spline	rentsqm ~ t2(area, yearc) + (1 | district)	unresolved	234	false		rent99	exact-metadata		unresolved	ordinary_brm	direct population/likelihood route when the family and terms are supported	unresolved-family		family is not explicit or defensibly inferred	rentsqm,area,yearc,district	district	synthetic n=12; positive continuous predictors; integer groups; family-valid outcome
rent99_spline	true		synthetic	https://doi.org/10.32614/RJ-2018-017	false	05c3f465e7987e8d7caa7e214fedddd90415a922	307	rent99	burkner_papers	scripts/examples/burkner_papers.jl	rentsqm ~ t2(area, yearc) + (1 | district)	true	Munich Rent Data — Tensor-Product Spline	rentsqm ~ t2(area, yearc) + (1 | district)	unresolved	234	false		rent99	inferred-family		unresolved	ordinary_brm	direct population/likelihood route when the family and terms are supported	unresolved-family		family is not explicit or defensibly inferred	rentsqm,area,yearc,district	district	synthetic n=12; positive continuous predictors; integer groups; family-valid outcome
rent99_distr	true		synthetic	https://doi.org/10.32614/RJ-2018-017	false	05c3f465e7987e8d7caa7e214fedddd90415a922	323	rent99	burkner_papers	scripts/examples/burkner_papers.jl	bf(rentsqm ~ t2(area, yearc) + (1 | ID1 | district), sigma ~ t2(area, yearc) + (1 | ID1 | district))	true	Munich Rent Data — Distributional Smooth Regression	bf(rentsqm ~ t2(area, yearc) + (1 | ID1 | district), sigma ~ t2(area, yearc) + (1 | ID1 | district))	unresolved	235	false		rent99	exact-metadata		unresolved	ordinary_brm	direct population/likelihood route when the family and terms are supported	unresolved-family		family is not explicit or defensibly inferred	rentsqm,area,yearc,district	district	synthetic n=12; positive continuous predictors; integer groups; family-valid outcome
rent99_distr	true		synthetic	https://doi.org/10.32614/RJ-2018-017	false	05c3f465e7987e8d7caa7e214fedddd90415a922	323	rent99	burkner_papers	scripts/examples/burkner_papers.jl	bf(rentsqm ~ t2(area, yearc) + (1 | ID1 | district), sigma ~ t2(area, yearc) + (1 | ID1 | district))	true	Munich Rent Data — Distributional Smooth Regression	bf(rentsqm ~ t2(area, yearc) + (1 | ID1 | district), sigma ~ t2(area, yearc) + (1 | ID1 | district))	unresolved	235	false		rent99	inferred-family		unresolved	ordinary_brm	direct population/likelihood route when the family and terms are supported	unresolved-family		family is not explicit or defensibly inferred	rentsqm,area,yearc,district	district	synthetic n=12; positive continuous predictors; integer groups; family-valid outcome
loss_rj	true		synthetic	https://doi.org/10.32614/RJ-2018-017	false	05c3f465e7987e8d7caa7e214fedddd90415a922	369	loss_rj	burkner_papers	scripts/examples/burkner_papers.jl	bf(cum ~ ult * (1 - exp(-(dev/theta)^omega)), ult ~ 1 + (1 | AY), omega ~ 1, theta ~ 1, nl = TRUE)	true	Nonlinear Loss Development — Weibull Curve	bf(cum ~ ult * (1 - exp(-(dev/theta)^omega)), ult ~ 1 + (1 | AY), omega ~ 1, theta ~ 1, nl = TRUE)	unresolved	236	false		loss_rj	exact-metadata		unresolved	ordinary_brm	direct population/likelihood route when the family and terms are supported	unresolved-family		family is not explicit or defensibly inferred	cum,ult,dev,theta,omega,AY,TRUE	AY	synthetic n=12; positive continuous predictors; integer groups; family-valid outcome
loss_rj	true		synthetic	https://doi.org/10.32614/RJ-2018-017	false	05c3f465e7987e8d7caa7e214fedddd90415a922	369	loss_rj	burkner_papers	scripts/examples/burkner_papers.jl	bf(cum ~ ult * (1 - exp(-(dev/theta)^omega)), ult ~ 1 + (1 | AY), omega ~ 1, theta ~ 1, nl = TRUE)	true	Nonlinear Loss Development — Weibull Curve	bf(cum ~ ult * (1 - exp(-(dev/theta)^omega)), ult ~ 1 + (1 | AY), omega ~ 1, theta ~ 1, nl = TRUE)	unresolved	236	false		loss_rj	inferred-family	weibull	inferred-from-name	ordinary_brm	direct population/likelihood route when the family and terms are supported	unsupported		multi-formula/nonlinear brms declaration	cum,ult,dev,theta,omega,AY,TRUE	AY	synthetic n=12; positive continuous predictors; integer groups; family-valid outcome
multi_member_equal	true		synthetic	https://doi.org/10.32614/RJ-2018-017	false	05c3f465e7987e8d7caa7e214fedddd90415a922	413	multi_member	burkner_papers	scripts/examples/burkner_papers.jl	y ~ 1 + (1 | mm(s1, s2))	true	Multiple Membership Model — Equal Weights	y ~ 1 + (1 | mm(s1, s2))	unresolved	237	false		multi_member	exact-metadata		unresolved	ordinary_brm	direct population/likelihood route when the family and terms are supported	unresolved-family		family is not explicit or defensibly inferred	y,s1,s2	mm	synthetic n=12; positive continuous predictors; integer groups; family-valid outcome
multi_member_equal	true		synthetic	https://doi.org/10.32614/RJ-2018-017	false	05c3f465e7987e8d7caa7e214fedddd90415a922	413	multi_member	burkner_papers	scripts/examples/burkner_papers.jl	y ~ 1 + (1 | mm(s1, s2))	true	Multiple Membership Model — Equal Weights	y ~ 1 + (1 | mm(s1, s2))	unresolved	237	false		multi_member	inferred-family	gaussian	inferred-from-name	ordinary_brm	direct population/likelihood route when the family and terms are supported	unsupported		multi-membership term has no current emitter	y,s1,s2	mm	synthetic n=12; positive continuous predictors; integer groups; family-valid outcome
multi_member_weighted	true		synthetic	https://doi.org/10.32614/RJ-2018-017	false	05c3f465e7987e8d7caa7e214fedddd90415a922	429	multi_member	burkner_papers	scripts/examples/burkner_papers.jl	y ~ 1 + (1 | mm(s1, s2, weights = cbind(w1, w2)))	true	Multiple Membership Model — Weighted	y ~ 1 + (1 | mm(s1, s2, weights = cbind(w1, w2)))	unresolved	238	false		multi_member	exact-metadata		unresolved	ordinary_brm	direct population/likelihood route when the family and terms are supported	unresolved-family		family is not explicit or defensibly inferred	y,s1,s2,w1,w2	mm	synthetic n=12; positive continuous predictors; integer groups; family-valid outcome
multi_member_weighted	true		synthetic	https://doi.org/10.32614/RJ-2018-017	false	05c3f465e7987e8d7caa7e214fedddd90415a922	429	multi_member	burkner_papers	scripts/examples/burkner_papers.jl	y ~ 1 + (1 | mm(s1, s2, weights = cbind(w1, w2)))	true	Multiple Membership Model — Weighted	y ~ 1 + (1 | mm(s1, s2, weights = cbind(w1, w2)))	unresolved	238	false		multi_member	inferred-family	binomial	inferred-from-response-syntax	ordinary_brm	direct population/likelihood route when the family and terms are supported	unsupported		multi-membership term has no current emitter	y,s1,s2,w1,w2	mm	synthetic n=12; positive continuous predictors; integer groups; family-valid outcome
rw_jget_lr	true		https://github.com/ComputationalPsychiatry/ActionModels.jl/tree/main/docs/example_data/JGET	https://github.com/ComputationalPsychiatry/ActionModels.jl/blob/main/docs/julia_files/D_tutorials_examples/example_jget.jl	false	05c3f465e7987e8d7caa7e214fedddd90415a922	82	rw_jget	action_models	scripts/examples/action_models.jl	learning_rate ~ 1 + pdi_total + session + (1 | ID)	true	Rescorla-Wagner × JGET — Learning Rate vs. Delusional Ideation	learning_rate ~ 1 + pdi_total + session + (1 | ID)	unresolved	239	false		jget_sub	exact-metadata		unresolved	ordinary_brm	direct population/likelihood route when the family and terms are supported	unresolved-family		family is not explicit or defensibly inferred	learning_rate,pdi_total,session,ID	ID	synthetic n=12; positive continuous predictors; integer groups; family-valid outcome
rw_jget_lr	true		https://github.com/ComputationalPsychiatry/ActionModels.jl/tree/main/docs/example_data/JGET	https://github.com/ComputationalPsychiatry/ActionModels.jl/blob/main/docs/julia_files/D_tutorials_examples/example_jget.jl	false	05c3f465e7987e8d7caa7e214fedddd90415a922	82	rw_jget	action_models	scripts/examples/action_models.jl	learning_rate ~ 1 + pdi_total + session + (1 | ID)	true	Rescorla-Wagner × JGET — Learning Rate vs. Delusional Ideation	learning_rate ~ 1 + pdi_total + session + (1 | ID)	unresolved	239	false		jget_sub	inferred-family		unresolved	ordinary_brm	direct population/likelihood route when the family and terms are supported	unresolved-family		family is not explicit or defensibly inferred	learning_rate,pdi_total,session,ID	ID	synthetic n=12; positive continuous predictors; integer groups; family-valid outcome
rw_jget_noise	true		https://github.com/ComputationalPsychiatry/ActionModels.jl/tree/main/docs/example_data/JGET	https://github.com/ComputationalPsychiatry/ActionModels.jl/blob/main/docs/julia_files/D_tutorials_examples/example_jget.jl	false	05c3f465e7987e8d7caa7e214fedddd90415a922	103	rw_jget	action_models	scripts/examples/action_models.jl	action_noise ~ 1 + pdi_total + session + (1 | ID)	true	Rescorla-Wagner × JGET — Action Noise vs. Delusional Ideation	action_noise ~ 1 + pdi_total + session + (1 | ID)	unresolved	240	false		jget_sub	exact-metadata		unresolved	ordinary_brm	direct population/likelihood route when the family and terms are supported	unresolved-family		family is not explicit or defensibly inferred	action_noise,pdi_total,session,ID	ID	synthetic n=12; positive continuous predictors; integer groups; family-valid outcome
rw_jget_noise	true		https://github.com/ComputationalPsychiatry/ActionModels.jl/tree/main/docs/example_data/JGET	https://github.com/ComputationalPsychiatry/ActionModels.jl/blob/main/docs/julia_files/D_tutorials_examples/example_jget.jl	false	05c3f465e7987e8d7caa7e214fedddd90415a922	103	rw_jget	action_models	scripts/examples/action_models.jl	action_noise ~ 1 + pdi_total + session + (1 | ID)	true	Rescorla-Wagner × JGET — Action Noise vs. Delusional Ideation	action_noise ~ 1 + pdi_total + session + (1 | ID)	unresolved	240	false		jget_sub	inferred-family		unresolved	ordinary_brm	direct population/likelihood route when the family and terms are supported	unresolved-family		family is not explicit or defensibly inferred	action_noise,pdi_total,session,ID	ID	synthetic n=12; positive continuous predictors; integer groups; family-valid outcome
pvl_igt_lr	true		https://github.com/ComputationalPsychiatry/ActionModels.jl/tree/main/docs/example_data/ahn_et_al_2014	https://github.com/ComputationalPsychiatry/ActionModels.jl/blob/main/docs/julia_files/C_premade_models/pvl_delta.jl	false	05c3f465e7987e8d7caa7e214fedddd90415a922	122	pvl_igt	action_models	scripts/examples/action_models.jl	learning_rate ~ clinical_group + (1 | subjID)	true	PVL-Delta × IGT — Learning Rate vs. Clinical Group	learning_rate ~ clinical_group + (1 | subjID)	unresolved	241	false		ahn_igt	exact-metadata		unresolved	ordinary_brm	direct population/likelihood route when the family and terms are supported	unresolved-family		family is not explicit or defensibly inferred	learning_rate,clinical_group,subjID	subjID	synthetic n=12; positive continuous predictors; integer groups; family-valid outcome
pvl_igt_lr	true		https://github.com/ComputationalPsychiatry/ActionModels.jl/tree/main/docs/example_data/ahn_et_al_2014	https://github.com/ComputationalPsychiatry/ActionModels.jl/blob/main/docs/julia_files/C_premade_models/pvl_delta.jl	false	05c3f465e7987e8d7caa7e214fedddd90415a922	122	pvl_igt	action_models	scripts/examples/action_models.jl	learning_rate ~ clinical_group + (1 | subjID)	true	PVL-Delta × IGT — Learning Rate vs. Clinical Group	learning_rate ~ clinical_group + (1 | subjID)	unresolved	241	false		ahn_igt	inferred-family		unresolved	ordinary_brm	direct population/likelihood route when the family and terms are supported	unresolved-family		family is not explicit or defensibly inferred	learning_rate,clinical_group,subjID	subjID	synthetic n=12; positive continuous predictors; integer groups; family-valid outcome
pvl_igt_reward	true		https://github.com/ComputationalPsychiatry/ActionModels.jl/tree/main/docs/example_data/ahn_et_al_2014	https://github.com/ComputationalPsychiatry/ActionModels.jl/blob/main/docs/julia_files/C_premade_models/pvl_delta.jl	false	05c3f465e7987e8d7caa7e214fedddd90415a922	140	pvl_igt	action_models	scripts/examples/action_models.jl	reward_sensitivity ~ clinical_group + (1 | subjID)	true	PVL-Delta × IGT — Reward Sensitivity vs. Clinical Group	reward_sensitivity ~ clinical_group + (1 | subjID)	unresolved	242	false		ahn_igt	exact-metadata		unresolved	ordinary_brm	direct population/likelihood route when the family and terms are supported	unresolved-family		family is not explicit or defensibly inferred	reward_sensitivity,clinical_group,subjID	subjID	synthetic n=12; positive continuous predictors; integer groups; family-valid outcome
pvl_igt_reward	true		https://github.com/ComputationalPsychiatry/ActionModels.jl/tree/main/docs/example_data/ahn_et_al_2014	https://github.com/ComputationalPsychiatry/ActionModels.jl/blob/main/docs/julia_files/C_premade_models/pvl_delta.jl	false	05c3f465e7987e8d7caa7e214fedddd90415a922	140	pvl_igt	action_models	scripts/examples/action_models.jl	reward_sensitivity ~ clinical_group + (1 | subjID)	true	PVL-Delta × IGT — Reward Sensitivity vs. Clinical Group	reward_sensitivity ~ clinical_group + (1 | subjID)	unresolved	242	false		ahn_igt	inferred-family		unresolved	ordinary_brm	direct population/likelihood route when the family and terms are supported	unresolved-family		family is not explicit or defensibly inferred	reward_sensitivity,clinical_group,subjID	subjID	synthetic n=12; positive continuous predictors; integer groups; family-valid outcome
pvl_igt_loss	true		https://github.com/ComputationalPsychiatry/ActionModels.jl/tree/main/docs/example_data/ahn_et_al_2014	https://github.com/ComputationalPsychiatry/ActionModels.jl/blob/main/docs/julia_files/C_premade_models/pvl_delta.jl	false	05c3f465e7987e8d7caa7e214fedddd90415a922	157	pvl_igt	action_models	scripts/examples/action_models.jl	loss_aversion ~ clinical_group + (1 | subjID)	true	PVL-Delta × IGT — Loss Aversion vs. Clinical Group	loss_aversion ~ clinical_group + (1 | subjID)	unresolved	243	false		ahn_igt	exact-metadata		unresolved	ordinary_brm	direct population/likelihood route when the family and terms are supported	unresolved-family		family is not explicit or defensibly inferred	loss_aversion,clinical_group,subjID	subjID	synthetic n=12; positive continuous predictors; integer groups; family-valid outcome
pvl_igt_loss	true		https://github.com/ComputationalPsychiatry/ActionModels.jl/tree/main/docs/example_data/ahn_et_al_2014	https://github.com/ComputationalPsychiatry/ActionModels.jl/blob/main/docs/julia_files/C_premade_models/pvl_delta.jl	false	05c3f465e7987e8d7caa7e214fedddd90415a922	157	pvl_igt	action_models	scripts/examples/action_models.jl	loss_aversion ~ clinical_group + (1 | subjID)	true	PVL-Delta × IGT — Loss Aversion vs. Clinical Group	loss_aversion ~ clinical_group + (1 | subjID)	unresolved	243	false		ahn_igt	inferred-family		unresolved	ordinary_brm	direct population/likelihood route when the family and terms are supported	unresolved-family		family is not explicit or defensibly inferred	loss_aversion,clinical_group,subjID	subjID	synthetic n=12; positive continuous predictors; integer groups; family-valid outcome
pvl_igt_noise	true		https://github.com/ComputationalPsychiatry/ActionModels.jl/tree/main/docs/example_data/ahn_et_al_2014	https://github.com/ComputationalPsychiatry/ActionModels.jl/blob/main/docs/julia_files/C_premade_models/pvl_delta.jl	false	05c3f465e7987e8d7caa7e214fedddd90415a922	174	pvl_igt	action_models	scripts/examples/action_models.jl	action_noise ~ clinical_group + (1 | subjID)	true	PVL-Delta × IGT — Action Noise vs. Clinical Group	action_noise ~ clinical_group + (1 | subjID)	unresolved	244	false		ahn_igt	exact-metadata		unresolved	ordinary_brm	direct population/likelihood route when the family and terms are supported	unresolved-family		family is not explicit or defensibly inferred	action_noise,clinical_group,subjID	subjID	synthetic n=12; positive continuous predictors; integer groups; family-valid outcome
pvl_igt_noise	true		https://github.com/ComputationalPsychiatry/ActionModels.jl/tree/main/docs/example_data/ahn_et_al_2014	https://github.com/ComputationalPsychiatry/ActionModels.jl/blob/main/docs/julia_files/C_premade_models/pvl_delta.jl	false	05c3f465e7987e8d7caa7e214fedddd90415a922	174	pvl_igt	action_models	scripts/examples/action_models.jl	action_noise ~ clinical_group + (1 | subjID)	true	PVL-Delta × IGT — Action Noise vs. Clinical Group	action_noise ~ clinical_group + (1 | subjID)	unresolved	244	false		ahn_igt	inferred-family		unresolved	ordinary_brm	direct population/likelihood route when the family and terms are supported	unresolved-family		family is not explicit or defensibly inferred	action_noise,clinical_group,subjID	subjID	synthetic n=12; positive continuous predictors; integer groups; family-valid outcome
delay_naive	true		synthetic	https://epidist.epinowcast.org/articles/epidist.html	false	05c3f465e7987e8d7caa7e214fedddd90415a922	86	outbreak_delays	epidist	scripts/examples/epidist.jl	delay | weights(n) ~ 1	true	Delay Distribution — Naive Lognormal (No Bias Correction)	delay | weights(n) ~ 1	unresolved	245	false		outbreak_aggregated	exact-metadata		unresolved	ordinary_brm	direct population/likelihood route when the family and terms are supported	unresolved-family		family is not explicit or defensibly inferred	delay,n	weights	synthetic n=12; positive continuous predictors; integer groups; family-valid outcome
delay_naive	true		synthetic	https://epidist.epinowcast.org/articles/epidist.html	false	05c3f465e7987e8d7caa7e214fedddd90415a922	86	outbreak_delays	epidist	scripts/examples/epidist.jl	delay | weights(n) ~ 1	true	Delay Distribution — Naive Lognormal (No Bias Correction)	delay | weights(n) ~ 1	unresolved	245	false		outbreak_aggregated	inferred-family	lognormal	inferred-from-name	ordinary_brm	direct population/likelihood route when the family and terms are supported	unsupported		weighted/error-aware response	delay,n	weights	synthetic n=12; positive continuous predictors; integer groups; family-valid outcome
delay_marginal	true		synthetic	https://epidist.epinowcast.org/articles/epidist.html	false	05c3f465e7987e8d7caa7e214fedddd90415a922	105	outbreak_delays	epidist	scripts/examples/epidist.jl	delay_lwr | weights(n) + vreal(relative_obs_time, pwindow, swindow, delay_upr) ~ 1	true	Delay Distribution — Marginal Lognormal (Censoring + Truncation Corrected)	delay_lwr | weights(n) + vreal(relative_obs_time, pwindow, swindow, delay_upr) ~ 1	unresolved	246	false		outbreak_aggregated	exact-metadata		unresolved	ordinary_brm	direct population/likelihood route when the family and terms are supported	unresolved-family		family is not explicit or defensibly inferred	delay_lwr,n,relative_obs_time,pwindow,swindow,delay_upr	weights	synthetic n=12; positive continuous predictors; integer groups; family-valid outcome
delay_marginal	true		synthetic	https://epidist.epinowcast.org/articles/epidist.html	false	05c3f465e7987e8d7caa7e214fedddd90415a922	105	outbreak_delays	epidist	scripts/examples/epidist.jl	delay_lwr | weights(n) + vreal(relative_obs_time, pwindow, swindow, delay_upr) ~ 1	true	Delay Distribution — Marginal Lognormal (Censoring + Truncation Corrected)	delay_lwr | weights(n) + vreal(relative_obs_time, pwindow, swindow, delay_upr) ~ 1	unresolved	246	false		outbreak_aggregated	inferred-family	lognormal	inferred-from-name	ordinary_brm	direct population/likelihood route when the family and terms are supported	unsupported		weighted/error-aware response	delay_lwr,n,relative_obs_time,pwindow,swindow,delay_upr	weights	synthetic n=12; positive continuous predictors; integer groups; family-valid outcome
enw_basic	true		synthetic	https://package.epinowcast.org/articles/epinowcast.html	false	05c3f465e7987e8d7caa7e214fedddd90415a922	114	epinowcast_basic	epinowcast	scripts/examples/epinowcast.jl	enw_expectation(~0 + (1|day)) + enw_reference(~1, dist='lognormal')	true	Epinowcast — Basic: Geometric Random Walk + Lognormal Delay	enw_expectation(~0 + (1|day)) + enw_reference(~1, dist='lognormal')	unresolved	247	false		hosp_triangle	exact-metadata		unresolved	stanblocks_plate	faithful-candidate: structured latent/time-series cells exceed an ordinary population formula	unresolved-family		family is not explicit or defensibly inferred	day,lognormal	day	synthetic n=12; positive continuous predictors; integer groups; family-valid outcome
enw_basic	true		synthetic	https://package.epinowcast.org/articles/epinowcast.html	false	05c3f465e7987e8d7caa7e214fedddd90415a922	114	epinowcast_basic	epinowcast	scripts/examples/epinowcast.jl	enw_expectation(~0 + (1|day)) + enw_reference(~1, dist='lognormal')	true	Epinowcast — Basic: Geometric Random Walk + Lognormal Delay	enw_expectation(~0 + (1|day)) + enw_reference(~1, dist='lognormal')	unresolved	247	false		hosp_triangle	inferred-family	lognormal	inferred-from-name	stanblocks_plate	faithful-candidate: structured latent/time-series cells exceed an ordinary population formula	route-specific		requires a faithful stanblocks_plate implementation; no ordinary-formula substitute	day,lognormal	day	synthetic n=12; positive continuous predictors; integer groups; family-valid outcome
enw_report_dow	true		synthetic	https://package.epinowcast.org/articles/epinowcast.html	false	05c3f465e7987e8d7caa7e214fedddd90415a922	133	epinowcast_basic	epinowcast	scripts/examples/epinowcast.jl	enw_expectation(~0 + (1|day)) + enw_reference(~1, dist='lognormal') + enw_report(~(1|day_of_week))	true	Epinowcast — Report Day-of-Week Effects	enw_expectation(~0 + (1|day)) + enw_reference(~1, dist='lognormal') + enw_report(~(1|day_of_week))	unresolved	248	false		hosp_triangle	exact-metadata		unresolved	stanblocks_plate	faithful-candidate: structured latent/time-series cells exceed an ordinary population formula	unresolved-family		family is not explicit or defensibly inferred	day,lognormal,day_of_week	day,day_of_week	synthetic n=12; positive continuous predictors; integer groups; family-valid outcome
enw_report_dow	true		synthetic	https://package.epinowcast.org/articles/epinowcast.html	false	05c3f465e7987e8d7caa7e214fedddd90415a922	133	epinowcast_basic	epinowcast	scripts/examples/epinowcast.jl	enw_expectation(~0 + (1|day)) + enw_reference(~1, dist='lognormal') + enw_report(~(1|day_of_week))	true	Epinowcast — Report Day-of-Week Effects	enw_expectation(~0 + (1|day)) + enw_reference(~1, dist='lognormal') + enw_report(~(1|day_of_week))	unresolved	248	false		hosp_triangle	inferred-family	lognormal	inferred-from-name	stanblocks_plate	faithful-candidate: structured latent/time-series cells exceed an ordinary population formula	route-specific		requires a faithful stanblocks_plate implementation; no ordinary-formula substitute	day,lognormal,day_of_week	day,day_of_week	synthetic n=12; positive continuous predictors; integer groups; family-valid outcome
enw_np_reference	true		synthetic	https://package.epinowcast.org/articles/model.html	false	05c3f465e7987e8d7caa7e214fedddd90415a922	153	epinowcast_basic	epinowcast	scripts/examples/epinowcast.jl	enw_expectation(~0 + (1|day)) + enw_reference(parametric=~0, non_parametric=~0+delay)	true	Epinowcast — Non-parametric Hazard Delay Model	enw_expectation(~0 + (1|day)) + enw_reference(parametric=~0, non_parametric=~0+delay)	unresolved	249	false		hosp_triangle	exact-metadata		unresolved	stanblocks_plate	faithful-candidate: structured latent/time-series cells exceed an ordinary population formula	unresolved-family		family is not explicit or defensibly inferred	day,delay	day	synthetic n=12; positive continuous predictors; integer groups; family-valid outcome
enw_np_reference	true		synthetic	https://package.epinowcast.org/articles/model.html	false	05c3f465e7987e8d7caa7e214fedddd90415a922	153	epinowcast_basic	epinowcast	scripts/examples/epinowcast.jl	enw_expectation(~0 + (1|day)) + enw_reference(parametric=~0, non_parametric=~0+delay)	true	Epinowcast — Non-parametric Hazard Delay Model	enw_expectation(~0 + (1|day)) + enw_reference(parametric=~0, non_parametric=~0+delay)	unresolved	249	false		hosp_triangle	inferred-family		unresolved	stanblocks_plate	faithful-candidate: structured latent/time-series cells exceed an ordinary population formula	unresolved-family		family is not explicit or defensibly inferred	day,delay	day	synthetic n=12; positive continuous predictors; integer groups; family-valid outcome
enw_age_reference	true		synthetic	https://package.epinowcast.org/articles/germany-age-stratified-nowcasting.html	false	05c3f465e7987e8d7caa7e214fedddd90415a922	174	epinowcast_age	epinowcast	scripts/examples/epinowcast.jl	enw_expectation(~0 + (1|day_of_week) + (1|day:.group)) + enw_reference(~1 + (1|age_group)) + enw_report(~(1|day_of_week))	true	Epinowcast — Age-Stratified Hierarchical Delays	enw_expectation(~0 + (1|day_of_week) + (1|day:.group)) + enw_reference(~1 + (1|age_group)) + enw_report(~(1|day_of_week))	unresolved	250	false		hosp_triangle_age	exact-metadata		unresolved	stanblocks_plate	faithful-candidate: structured latent/time-series cells exceed an ordinary population formula	unresolved-family		family is not explicit or defensibly inferred	day_of_week,day,group,age_group	day_of_week,day,age_group	synthetic n=12; positive continuous predictors; integer groups; family-valid outcome
enw_age_reference	true		synthetic	https://package.epinowcast.org/articles/germany-age-stratified-nowcasting.html	false	05c3f465e7987e8d7caa7e214fedddd90415a922	174	epinowcast_age	epinowcast	scripts/examples/epinowcast.jl	enw_expectation(~0 + (1|day_of_week) + (1|day:.group)) + enw_reference(~1 + (1|age_group)) + enw_report(~(1|day_of_week))	true	Epinowcast — Age-Stratified Hierarchical Delays	enw_expectation(~0 + (1|day_of_week) + (1|day:.group)) + enw_reference(~1 + (1|age_group)) + enw_report(~(1|day_of_week))	unresolved	250	false		hosp_triangle_age	inferred-family		unresolved	stanblocks_plate	faithful-candidate: structured latent/time-series cells exceed an ordinary population formula	unresolved-family		family is not explicit or defensibly inferred	day_of_week,day,group,age_group	day_of_week,day,age_group	synthetic n=12; positive continuous predictors; integer groups; family-valid outcome
enw_age_week_reference	true		synthetic	https://package.epinowcast.org/articles/germany-age-stratified-nowcasting.html	false	05c3f465e7987e8d7caa7e214fedddd90415a922	195	epinowcast_age	epinowcast	scripts/examples/epinowcast.jl	enw_expectation(~0 + (1|day_of_week) + (1|day:.group)) + enw_reference(~1 + (1|age_group) + rw(week, by=age_group)) + enw_report(~(1|day_of_week))	true	Epinowcast — Time-Varying Delay with Weekly Random Walk by Age Group	enw_expectation(~0 + (1|day_of_week) + (1|day:.group)) + enw_reference(~1 + (1|age_group) + rw(week, by=age_group)) + enw_report(~(1|day_of_week))	unresolved	251	false		hosp_triangle_age	exact-metadata		unresolved	stanblocks_plate	faithful-candidate: structured latent/time-series cells exceed an ordinary population formula	unresolved-family		family is not explicit or defensibly inferred	day_of_week,day,group,age_group,week	day_of_week,day,age_group	synthetic n=12; positive continuous predictors; integer groups; family-valid outcome
enw_age_week_reference	true		synthetic	https://package.epinowcast.org/articles/germany-age-stratified-nowcasting.html	false	05c3f465e7987e8d7caa7e214fedddd90415a922	195	epinowcast_age	epinowcast	scripts/examples/epinowcast.jl	enw_expectation(~0 + (1|day_of_week) + (1|day:.group)) + enw_reference(~1 + (1|age_group) + rw(week, by=age_group)) + enw_report(~(1|day_of_week))	true	Epinowcast — Time-Varying Delay with Weekly Random Walk by Age Group	enw_expectation(~0 + (1|day_of_week) + (1|day:.group)) + enw_reference(~1 + (1|age_group) + rw(week, by=age_group)) + enw_report(~(1|day_of_week))	unresolved	251	false		hosp_triangle_age	inferred-family		unresolved	stanblocks_plate	faithful-candidate: structured latent/time-series cells exceed an ordinary population formula	unresolved-family		family is not explicit or defensibly inferred	day_of_week,day,group,age_group,week	day_of_week,day,age_group	synthetic n=12; positive continuous predictors; integer groups; family-valid outcome
enw_rt_renewal	true		synthetic	https://package.epinowcast.org/articles/single-timeseries-rt-estimation.html	false	05c3f465e7987e8d7caa7e214fedddd90415a922	216	epinowcast_rt	epinowcast	scripts/examples/epinowcast.jl	enw_expectation(r=~1+rw(week), generation_time=gt_pmf, observation=~1+(1|day_of_week)) + enw_reference(~1, dist='lognormal')	true	Epinowcast — Renewal Process with Rt Estimation	enw_expectation(r=~1+rw(week), generation_time=gt_pmf, observation=~1+(1|day_of_week)) + enw_reference(~1, dist='lognormal')	unresolved	252	false		hosp_triangle	exact-metadata		unresolved	stanblocks_plate	faithful-candidate: structured latent/time-series cells exceed an ordinary population formula	unresolved-family		family is not explicit or defensibly inferred	week,gt_pmf,day_of_week,lognormal	day_of_week	synthetic n=12; positive continuous predictors; integer groups; family-valid outcome
enw_rt_renewal	true		synthetic	https://package.epinowcast.org/articles/single-timeseries-rt-estimation.html	false	05c3f465e7987e8d7caa7e214fedddd90415a922	216	epinowcast_rt	epinowcast	scripts/examples/epinowcast.jl	enw_expectation(r=~1+rw(week), generation_time=gt_pmf, observation=~1+(1|day_of_week)) + enw_reference(~1, dist='lognormal')	true	Epinowcast — Renewal Process with Rt Estimation	enw_expectation(r=~1+rw(week), generation_time=gt_pmf, observation=~1+(1|day_of_week)) + enw_reference(~1, dist='lognormal')	unresolved	252	false		hosp_triangle	inferred-family	lognormal	inferred-from-name	stanblocks_plate	faithful-candidate: structured latent/time-series cells exceed an ordinary population formula	route-specific		requires a faithful stanblocks_plate implementation; no ordinary-formula substitute	week,gt_pmf,day_of_week,lognormal	day_of_week	synthetic n=12; positive continuous predictors; integer groups; family-valid outcome
bnc_empirical	false		synthetic	https://baselinenowcast.epinowcast.org/articles/baselinenowcast.html	true	05c3f465e7987e8d7caa7e214fedddd90415a922	240	baselinenowcast	epinowcast	scripts/examples/epinowcast.jl	baselinenowcast(scale_factor = 3, prop_delay = 0.5)	true	Baseline Nowcast — Empirical Delay Estimation	baselinenowcast(scale_factor = 3, prop_delay = 0.5)	unresolved	253	false		hosp_triangle	exact-metadata		unresolved	stanblocks_plate	faithful-candidate: structured latent/time-series cells exceed an ordinary population formula	unresolved-family		family is not explicit or defensibly inferred			synthetic n=12; positive continuous predictors; integer groups; family-valid outcome
bnc_empirical	false		synthetic	https://baselinenowcast.epinowcast.org/articles/baselinenowcast.html	true	05c3f465e7987e8d7caa7e214fedddd90415a922	240	baselinenowcast	epinowcast	scripts/examples/epinowcast.jl	baselinenowcast(scale_factor = 3, prop_delay = 0.5)	true	Baseline Nowcast — Empirical Delay Estimation	baselinenowcast(scale_factor = 3, prop_delay = 0.5)	unresolved	253	false		hosp_triangle	inferred-family		unresolved	stanblocks_plate	faithful-candidate: structured latent/time-series cells exceed an ordinary population formula	unresolved-family		family is not explicit or defensibly inferred			synthetic n=12; positive continuous predictors; integer groups; family-valid outcome
mtcars_lm	true		https://vincentarelbundock.github.io/Rdatasets/csv/datasets/mtcars.csv	https://mc-stan.org/rstanarm/articles/priors.html	false	05c3f465e7987e8d7caa7e214fedddd90415a922	176	mtcars	rstanarm	scripts/examples/rstanarm.jl	mpg ~ wt + am	true	Motor Trend Cars — Gaussian Linear Model	mpg ~ wt + am	unresolved	254	false		mtcars	exact-metadata		unresolved	ordinary_brm	direct population/likelihood route when the family and terms are supported	unresolved-family		family is not explicit or defensibly inferred	mpg,wt,am		synthetic n=12; positive continuous predictors; integer groups; family-valid outcome
mtcars_lm	true		https://vincentarelbundock.github.io/Rdatasets/csv/datasets/mtcars.csv	https://mc-stan.org/rstanarm/articles/priors.html	false	05c3f465e7987e8d7caa7e214fedddd90415a922	176	mtcars	rstanarm	scripts/examples/rstanarm.jl	mpg ~ wt + am	true	Motor Trend Cars — Gaussian Linear Model	mpg ~ wt + am	unresolved	254	false		mtcars	inferred-family	gaussian	inferred-from-name	ordinary_brm	direct population/likelihood route when the family and terms are supported	ready	loc ~ wt + am\nlog(sigma) ~ 1\nmpg ~ Normal(loc, sigma)	explicit Normal likelihood; residual scale estimated on log scale	mpg,wt,am		synthetic n=12; positive continuous predictors; integer groups; family-valid outcome
clouds_lm	true		https://vincentarelbundock.github.io/Rdatasets/csv/HSAUR/clouds.csv	https://mc-stan.org/rstanarm/articles/lm.html	false	05c3f465e7987e8d7caa7e214fedddd90415a922	194	clouds	rstanarm	scripts/examples/rstanarm.jl	rainfall ~ seeding * (sne + cloudcover + prewetness + echomotion) + time	true	Cloud Seeding — Regularized Linear Model (R² Prior)	rainfall ~ seeding * (sne + cloudcover + prewetness + echomotion) + time	unresolved	255	false		clouds	exact-metadata		unresolved	ordinary_brm	direct population/likelihood route when the family and terms are supported	unresolved-family		family is not explicit or defensibly inferred	rainfall,seeding,sne,cloudcover,prewetness,echomotion,time		synthetic n=12; positive continuous predictors; integer groups; family-valid outcome
clouds_lm	true		https://vincentarelbundock.github.io/Rdatasets/csv/HSAUR/clouds.csv	https://mc-stan.org/rstanarm/articles/lm.html	false	05c3f465e7987e8d7caa7e214fedddd90415a922	194	clouds	rstanarm	scripts/examples/rstanarm.jl	rainfall ~ seeding * (sne + cloudcover + prewetness + echomotion) + time	true	Cloud Seeding — Regularized Linear Model (R² Prior)	rainfall ~ seeding * (sne + cloudcover + prewetness + echomotion) + time	unresolved	255	false		clouds	inferred-family		unresolved	ordinary_brm	direct population/likelihood route when the family and terms are supported	unresolved-family		family is not explicit or defensibly inferred	rainfall,seeding,sne,cloudcover,prewetness,echomotion,time		synthetic n=12; positive continuous predictors; integer groups; family-valid outcome
womensrole_logit	true		https://vincentarelbundock.github.io/Rdatasets/csv/HSAUR/womensrole.csv	https://mc-stan.org/rstanarm/articles/rstanarm.html	false	05c3f465e7987e8d7caa7e214fedddd90415a922	214	womensrole	rstanarm	scripts/examples/rstanarm.jl	cbind(agree, disagree) ~ education + sex	true	Women's Role Survey — Logistic Regression	cbind(agree, disagree) ~ education + sex	unresolved	256	false		womensrole	exact-metadata		unresolved	ordinary_brm	direct population/likelihood route when the family and terms are supported	unresolved-family		family is not explicit or defensibly inferred	agree,disagree,education,sex		synthetic n=12; positive continuous predictors; integer groups; family-valid outcome
womensrole_logit	true		https://vincentarelbundock.github.io/Rdatasets/csv/HSAUR/womensrole.csv	https://mc-stan.org/rstanarm/articles/rstanarm.html	false	05c3f465e7987e8d7caa7e214fedddd90415a922	214	womensrole	rstanarm	scripts/examples/rstanarm.jl	cbind(agree, disagree) ~ education + sex	true	Women's Role Survey — Logistic Regression	cbind(agree, disagree) ~ education + sex	unresolved	256	false		womensrole	inferred-family	binomial	inferred-from-response-syntax	ordinary_brm	direct population/likelihood route when the family and terms are supported	ready	log_odds ~ education + sex\nagree ~ BinomialLogit(agree + disagree, log_odds)	trials/cbind response lowered to explicit BinomialLogit	agree,disagree,education,sex		synthetic n=12; positive continuous predictors; integer groups; family-valid outcome
womensrole_quad	true		https://vincentarelbundock.github.io/Rdatasets/csv/HSAUR/womensrole.csv	https://mc-stan.org/rstanarm/articles/rstanarm.html	false	05c3f465e7987e8d7caa7e214fedddd90415a922	229	womensrole	rstanarm	scripts/examples/rstanarm.jl	cbind(agree, disagree) ~ education + I(education^2) + sex	true	Women's Role Survey — Logistic with Quadratic Education	cbind(agree, disagree) ~ education + I(education^2) + sex	unresolved	257	false		womensrole	exact-metadata		unresolved	ordinary_brm	direct population/likelihood route when the family and terms are supported	unresolved-family		family is not explicit or defensibly inferred	agree,disagree,education,sex		synthetic n=12; positive continuous predictors; integer groups; family-valid outcome
womensrole_quad	true		https://vincentarelbundock.github.io/Rdatasets/csv/HSAUR/womensrole.csv	https://mc-stan.org/rstanarm/articles/rstanarm.html	false	05c3f465e7987e8d7caa7e214fedddd90415a922	229	womensrole	rstanarm	scripts/examples/rstanarm.jl	cbind(agree, disagree) ~ education + I(education^2) + sex	true	Women's Role Survey — Logistic with Quadratic Education	cbind(agree, disagree) ~ education + I(education^2) + sex	unresolved	257	false		womensrole	inferred-family	binomial	inferred-from-response-syntax	ordinary_brm	direct population/likelihood route when the family and terms are supported	ready	log_odds ~ education + protect(education^2) + sex\nagree ~ BinomialLogit(agree + disagree, log_odds)	trials/cbind response lowered to explicit BinomialLogit	agree,disagree,education,sex		synthetic n=12; positive continuous predictors; integer groups; family-valid outcome
kidiq_hs	true		https://vincentarelbundock.github.io/Rdatasets/csv/rstanarm/kidiq.csv	https://mc-stan.org/rstanarm/articles/continuous.html	false	05c3f465e7987e8d7caa7e214fedddd90415a922	246	kidiq	rstanarm	scripts/examples/rstanarm.jl	kid_score ~ mom_hs	true	Child IQ — Maternal High-School Status	kid_score ~ mom_hs	unresolved	258	false		kidiq	exact-metadata		unresolved	ordinary_brm	direct population/likelihood route when the family and terms are supported	unresolved-family		family is not explicit or defensibly inferred	kid_score,mom_hs		synthetic n=12; positive continuous predictors; integer groups; family-valid outcome
kidiq_hs	true		https://vincentarelbundock.github.io/Rdatasets/csv/rstanarm/kidiq.csv	https://mc-stan.org/rstanarm/articles/continuous.html	false	05c3f465e7987e8d7caa7e214fedddd90415a922	246	kidiq	rstanarm	scripts/examples/rstanarm.jl	kid_score ~ mom_hs	true	Child IQ — Maternal High-School Status	kid_score ~ mom_hs	unresolved	258	false		kidiq	inferred-family		unresolved	ordinary_brm	direct population/likelihood route when the family and terms are supported	unresolved-family		family is not explicit or defensibly inferred	kid_score,mom_hs		synthetic n=12; positive continuous predictors; integer groups; family-valid outcome
kidiq_iq	true		https://vincentarelbundock.github.io/Rdatasets/csv/rstanarm/kidiq.csv	https://mc-stan.org/rstanarm/articles/continuous.html	false	05c3f465e7987e8d7caa7e214fedddd90415a922	261	kidiq	rstanarm	scripts/examples/rstanarm.jl	kid_score ~ mom_iq	true	Child IQ — Maternal IQ	kid_score ~ mom_iq	unresolved	259	false		kidiq	exact-metadata		unresolved	ordinary_brm	direct population/likelihood route when the family and terms are supported	unresolved-family		family is not explicit or defensibly inferred	kid_score,mom_iq		synthetic n=12; positive continuous predictors; integer groups; family-valid outcome
kidiq_iq	true		https://vincentarelbundock.github.io/Rdatasets/csv/rstanarm/kidiq.csv	https://mc-stan.org/rstanarm/articles/continuous.html	false	05c3f465e7987e8d7caa7e214fedddd90415a922	261	kidiq	rstanarm	scripts/examples/rstanarm.jl	kid_score ~ mom_iq	true	Child IQ — Maternal IQ	kid_score ~ mom_iq	unresolved	259	false		kidiq	inferred-family		unresolved	ordinary_brm	direct population/likelihood route when the family and terms are supported	unresolved-family		family is not explicit or defensibly inferred	kid_score,mom_iq		synthetic n=12; positive continuous predictors; integer groups; family-valid outcome
kidiq_both	true		https://vincentarelbundock.github.io/Rdatasets/csv/rstanarm/kidiq.csv	https://mc-stan.org/rstanarm/articles/continuous.html	false	05c3f465e7987e8d7caa7e214fedddd90415a922	276	kidiq	rstanarm	scripts/examples/rstanarm.jl	kid_score ~ mom_hs + mom_iq	true	Child IQ — Maternal High-School Status and IQ	kid_score ~ mom_hs + mom_iq	unresolved	260	false		kidiq	exact-metadata		unresolved	ordinary_brm	direct population/likelihood route when the family and terms are supported	unresolved-family		family is not explicit or defensibly inferred	kid_score,mom_hs,mom_iq		synthetic n=12; positive continuous predictors; integer groups; family-valid outcome
kidiq_both	true		https://vincentarelbundock.github.io/Rdatasets/csv/rstanarm/kidiq.csv	https://mc-stan.org/rstanarm/articles/continuous.html	false	05c3f465e7987e8d7caa7e214fedddd90415a922	276	kidiq	rstanarm	scripts/examples/rstanarm.jl	kid_score ~ mom_hs + mom_iq	true	Child IQ — Maternal High-School Status and IQ	kid_score ~ mom_hs + mom_iq	unresolved	260	false		kidiq	inferred-family		unresolved	ordinary_brm	direct population/likelihood route when the family and terms are supported	unresolved-family		family is not explicit or defensibly inferred	kid_score,mom_hs,mom_iq		synthetic n=12; positive continuous predictors; integer groups; family-valid outcome
kidiq_interaction	true		https://vincentarelbundock.github.io/Rdatasets/csv/rstanarm/kidiq.csv	https://mc-stan.org/rstanarm/articles/continuous.html	false	05c3f465e7987e8d7caa7e214fedddd90415a922	290	kidiq	rstanarm	scripts/examples/rstanarm.jl	kid_score ~ mom_hs * mom_iq	true	Child IQ — Maternal High-School × IQ Interaction	kid_score ~ mom_hs * mom_iq	unresolved	261	false		kidiq	exact-metadata		unresolved	ordinary_brm	direct population/likelihood route when the family and terms are supported	unresolved-family		family is not explicit or defensibly inferred	kid_score,mom_hs,mom_iq		synthetic n=12; positive continuous predictors; integer groups; family-valid outcome
kidiq_interaction	true		https://vincentarelbundock.github.io/Rdatasets/csv/rstanarm/kidiq.csv	https://mc-stan.org/rstanarm/articles/continuous.html	false	05c3f465e7987e8d7caa7e214fedddd90415a922	290	kidiq	rstanarm	scripts/examples/rstanarm.jl	kid_score ~ mom_hs * mom_iq	true	Child IQ — Maternal High-School × IQ Interaction	kid_score ~ mom_hs * mom_iq	unresolved	261	false		kidiq	inferred-family		unresolved	ordinary_brm	direct population/likelihood route when the family and terms are supported	unresolved-family		family is not explicit or defensibly inferred	kid_score,mom_hs,mom_iq		synthetic n=12; positive continuous predictors; integer groups; family-valid outcome
clotting_gamma	true		synthetic	https://mc-stan.org/rstanarm/articles/continuous.html	false	05c3f465e7987e8d7caa7e214fedddd90415a922	307	clotting	rstanarm	scripts/examples/rstanarm.jl	clot_time ~ log_plasma * lot_id	true	Blood Clotting Time — Gamma GLM	clot_time ~ log_plasma * lot_id	unresolved	262	false		clotting	exact-metadata		unresolved	ordinary_brm	direct population/likelihood route when the family and terms are supported	unresolved-family		family is not explicit or defensibly inferred	clot_time,log_plasma,lot_id		synthetic n=12; positive continuous predictors; integer groups; family-valid outcome
clotting_gamma	true		synthetic	https://mc-stan.org/rstanarm/articles/continuous.html	false	05c3f465e7987e8d7caa7e214fedddd90415a922	307	clotting	rstanarm	scripts/examples/rstanarm.jl	clot_time ~ log_plasma * lot_id	true	Blood Clotting Time — Gamma GLM	clot_time ~ log_plasma * lot_id	unresolved	262	false		clotting	inferred-family	gamma	inferred-from-name	ordinary_brm	direct population/likelihood route when the family and terms are supported	ready	log(mu) ~ log_plasma + lot_id + (log_plasma & lot_id)\nlog(shape) ~ 1\nrate = shape / mu\nclot_time ~ Gamma(shape, rate)	mean/shape gamma model converted to Distributions shape/rate	clot_time,log_plasma,lot_id		synthetic n=12; positive continuous predictors; integer groups; family-valid outcome
wells_dist	true		https://vincentarelbundock.github.io/Rdatasets/csv/rstanarm/wells.csv	https://mc-stan.org/rstanarm/articles/binomial.html	false	05c3f465e7987e8d7caa7e214fedddd90415a922	325	wells	rstanarm	scripts/examples/rstanarm.jl	switch ~ dist100	true	Bangladesh Wells — Logistic (Distance Only)	switch ~ dist100	unresolved	263	false		wells	exact-metadata		unresolved	ordinary_brm	direct population/likelihood route when the family and terms are supported	unresolved-family		family is not explicit or defensibly inferred	switch,dist100		synthetic n=12; positive continuous predictors; integer groups; family-valid outcome
wells_dist	true		https://vincentarelbundock.github.io/Rdatasets/csv/rstanarm/wells.csv	https://mc-stan.org/rstanarm/articles/binomial.html	false	05c3f465e7987e8d7caa7e214fedddd90415a922	325	wells	rstanarm	scripts/examples/rstanarm.jl	switch ~ dist100	true	Bangladesh Wells — Logistic (Distance Only)	switch ~ dist100	unresolved	263	false		wells	inferred-family	bernoulli	inferred-from-name	ordinary_brm	direct population/likelihood route when the family and terms are supported	ready	log_odds ~ dist100\nswitch ~ BernoulliLogit(log_odds)	explicit Bernoulli-logit likelihood	switch,dist100		synthetic n=12; positive continuous predictors; integer groups; family-valid outcome
wells_both	true		https://vincentarelbundock.github.io/Rdatasets/csv/rstanarm/wells.csv	https://mc-stan.org/rstanarm/articles/binomial.html	false	05c3f465e7987e8d7caa7e214fedddd90415a922	340	wells	rstanarm	scripts/examples/rstanarm.jl	switch ~ dist100 + arsenic	true	Bangladesh Wells — Logistic (Distance + Arsenic)	switch ~ dist100 + arsenic	unresolved	264	false		wells	exact-metadata		unresolved	ordinary_brm	direct population/likelihood route when the family and terms are supported	unresolved-family		family is not explicit or defensibly inferred	switch,dist100,arsenic		synthetic n=12; positive continuous predictors; integer groups; family-valid outcome
wells_both	true		https://vincentarelbundock.github.io/Rdatasets/csv/rstanarm/wells.csv	https://mc-stan.org/rstanarm/articles/binomial.html	false	05c3f465e7987e8d7caa7e214fedddd90415a922	340	wells	rstanarm	scripts/examples/rstanarm.jl	switch ~ dist100 + arsenic	true	Bangladesh Wells — Logistic (Distance + Arsenic)	switch ~ dist100 + arsenic	unresolved	264	false		wells	inferred-family	bernoulli	inferred-from-name	ordinary_brm	direct population/likelihood route when the family and terms are supported	ready	log_odds ~ dist100 + arsenic\nswitch ~ BernoulliLogit(log_odds)	explicit Bernoulli-logit likelihood	switch,dist100,arsenic		synthetic n=12; positive continuous predictors; integer groups; family-valid outcome
roaches_poisson	true		https://vincentarelbundock.github.io/Rdatasets/csv/rstanarm/roaches.csv	https://mc-stan.org/rstanarm/articles/count.html	false	05c3f465e7987e8d7caa7e214fedddd90415a922	357	roaches	rstanarm	scripts/examples/rstanarm.jl	y ~ roach1 + treatment + senior + offset(log(exposure2))	true	Urban Roaches — Poisson Count Model	y ~ roach1 + treatment + senior + offset(log(exposure2))	unresolved	265	false		roaches	exact-metadata		unresolved	ordinary_brm	direct population/likelihood route when the family and terms are supported	unresolved-family		family is not explicit or defensibly inferred	y,roach1,treatment,senior,exposure2		synthetic n=12; positive continuous predictors; integer groups; family-valid outcome
roaches_poisson	true		https://vincentarelbundock.github.io/Rdatasets/csv/rstanarm/roaches.csv	https://mc-stan.org/rstanarm/articles/count.html	false	05c3f465e7987e8d7caa7e214fedddd90415a922	357	roaches	rstanarm	scripts/examples/rstanarm.jl	y ~ roach1 + treatment + senior + offset(log(exposure2))	true	Urban Roaches — Poisson Count Model	y ~ roach1 + treatment + senior + offset(log(exposure2))	unresolved	265	false		roaches	inferred-family	poisson	inferred-from-name	ordinary_brm	direct population/likelihood route when the family and terms are supported	ready	log_rate ~ roach1 + treatment + senior + log(exposure2)\ny ~ Poisson(exp(log_rate))	explicit log-link Poisson likelihood; offset(...) becomes ordinary log exposure	y,roach1,treatment,senior,exposure2		synthetic n=12; positive continuous predictors; integer groups; family-valid outcome
roaches_nb	true		https://vincentarelbundock.github.io/Rdatasets/csv/rstanarm/roaches.csv	https://mc-stan.org/rstanarm/articles/count.html	false	05c3f465e7987e8d7caa7e214fedddd90415a922	373	roaches	rstanarm	scripts/examples/rstanarm.jl	y ~ roach1 + treatment + senior + offset(log(exposure2))	true	Urban Roaches — Negative Binomial Count Model	y ~ roach1 + treatment + senior + offset(log(exposure2))	unresolved	266	false		roaches	exact-metadata		unresolved	ordinary_brm	direct population/likelihood route when the family and terms are supported	unresolved-family		family is not explicit or defensibly inferred	y,roach1,treatment,senior,exposure2		synthetic n=12; positive continuous predictors; integer groups; family-valid outcome
roaches_nb	true		https://vincentarelbundock.github.io/Rdatasets/csv/rstanarm/roaches.csv	https://mc-stan.org/rstanarm/articles/count.html	false	05c3f465e7987e8d7caa7e214fedddd90415a922	373	roaches	rstanarm	scripts/examples/rstanarm.jl	y ~ roach1 + treatment + senior + offset(log(exposure2))	true	Urban Roaches — Negative Binomial Count Model	y ~ roach1 + treatment + senior + offset(log(exposure2))	unresolved	266	false		roaches	inferred-family	negativebinomial	inferred-from-name	ordinary_brm	direct population/likelihood route when the family and terms are supported	unsupported		current NegativeBinomial Julia/Stan parameterizations are documented as non-identical	y,roach1,treatment,senior,exposure2		synthetic n=12; positive continuous predictors; integer groups; family-valid outcome
weightgain_anova	true		https://vincentarelbundock.github.io/Rdatasets/csv/HSAUR/weightgain.csv	https://mc-stan.org/rstanarm/articles/aov.html	false	05c3f465e7987e8d7caa7e214fedddd90415a922	390	weightgain	rstanarm	scripts/examples/rstanarm.jl	weightgain ~ source * type	true	Rat Weight Gain — Bayesian ANOVA (R² Prior)	weightgain ~ source * type	unresolved	267	false		weightgain	exact-metadata		unresolved	ordinary_brm	direct population/likelihood route when the family and terms are supported	unresolved-family		family is not explicit or defensibly inferred	weightgain,source,type		synthetic n=12; positive continuous predictors; integer groups; family-valid outcome
weightgain_anova	true		https://vincentarelbundock.github.io/Rdatasets/csv/HSAUR/weightgain.csv	https://mc-stan.org/rstanarm/articles/aov.html	false	05c3f465e7987e8d7caa7e214fedddd90415a922	390	weightgain	rstanarm	scripts/examples/rstanarm.jl	weightgain ~ source * type	true	Rat Weight Gain — Bayesian ANOVA (R² Prior)	weightgain ~ source * type	unresolved	267	false		weightgain	inferred-family	gaussian	inferred-from-name	ordinary_brm	direct population/likelihood route when the family and terms are supported	ready	loc ~ source + type + (source & type)\nlog(sigma) ~ 1\nweightgain ~ Normal(loc, sigma)	explicit Normal likelihood; residual scale estimated on log scale	weightgain,source,type		synthetic n=12; positive continuous predictors; integer groups; family-valid outcome
weightgain_re	true		https://vincentarelbundock.github.io/Rdatasets/csv/HSAUR/weightgain.csv	https://mc-stan.org/rstanarm/articles/aov.html	false	05c3f465e7987e8d7caa7e214fedddd90415a922	405	weightgain	rstanarm	scripts/examples/rstanarm.jl	weightgain ~ 1 + (1|source) + (1|type) + (1|source:type)	true	Rat Weight Gain — Factors as Random Effects	weightgain ~ 1 + (1|source) + (1|type) + (1|source:type)	unresolved	268	false		weightgain	exact-metadata		unresolved	ordinary_brm	direct population/likelihood route when the family and terms are supported	unresolved-family		family is not explicit or defensibly inferred	weightgain,source,type	source,type	synthetic n=12; positive continuous predictors; integer groups; family-valid outcome
weightgain_re	true		https://vincentarelbundock.github.io/Rdatasets/csv/HSAUR/weightgain.csv	https://mc-stan.org/rstanarm/articles/aov.html	false	05c3f465e7987e8d7caa7e214fedddd90415a922	405	weightgain	rstanarm	scripts/examples/rstanarm.jl	weightgain ~ 1 + (1|source) + (1|type) + (1|source:type)	true	Rat Weight Gain — Factors as Random Effects	weightgain ~ 1 + (1|source) + (1|type) + (1|source:type)	unresolved	268	false		weightgain	inferred-family	gaussian	inferred-from-name	ordinary_brm	direct population/likelihood route when the family and terms are supported	unsupported		nested/composite grouping factors require an explicit derived group id or reviewed gr(...; by=...) design	weightgain,source,type	source,type	synthetic n=12; positive continuous predictors; integer groups; family-valid outcome
esoph_polr	true		https://vincentarelbundock.github.io/Rdatasets/csv/datasets/esoph.csv	https://mc-stan.org/rstanarm/articles/polr.html	false	05c3f465e7987e8d7caa7e214fedddd90415a922	422	esoph	rstanarm	scripts/examples/rstanarm.jl	tobgp ~ agegp + alcgp	true	Esophageal Cancer — Ordinal Logistic Regression	tobgp ~ agegp + alcgp	unresolved	269	false		esoph	exact-metadata		unresolved	ordinary_brm	direct population/likelihood route when the family and terms are supported	unresolved-family		family is not explicit or defensibly inferred	tobgp,agegp,alcgp		synthetic n=12; positive continuous predictors; integer groups; family-valid outcome
esoph_polr	true		https://vincentarelbundock.github.io/Rdatasets/csv/datasets/esoph.csv	https://mc-stan.org/rstanarm/articles/polr.html	false	05c3f465e7987e8d7caa7e214fedddd90415a922	422	esoph	rstanarm	scripts/examples/rstanarm.jl	tobgp ~ agegp + alcgp	true	Esophageal Cancer — Ordinal Logistic Regression	tobgp ~ agegp + alcgp	unresolved	269	false		esoph	inferred-family	bernoulli	inferred-from-name	ordinary_brm	direct population/likelihood route when the family and terms are supported	ready	log_odds ~ agegp + alcgp\ntobgp ~ BernoulliLogit(log_odds)	explicit Bernoulli-logit likelihood	tobgp,agegp,alcgp		synthetic n=12; positive continuous predictors; integer groups; family-valid outcome
gasoline_beta	true		https://vincentarelbundock.github.io/Rdatasets/csv/betareg/GasolineYield.csv	https://mc-stan.org/rstanarm/articles/betareg.html	false	05c3f465e7987e8d7caa7e214fedddd90415a922	439	gasoline_yield	rstanarm	scripts/examples/rstanarm.jl	yield ~ gravity + pressure + temp10 + batch	true	Gasoline Yield — Beta Regression (Mean Only)	yield ~ gravity + pressure + temp10 + batch	unresolved	270	false		gasoline_yield	exact-metadata		unresolved	ordinary_brm	direct population/likelihood route when the family and terms are supported	unresolved-family		family is not explicit or defensibly inferred	yield,gravity,pressure,temp10,batch		synthetic n=12; positive continuous predictors; integer groups; family-valid outcome
gasoline_beta	true		https://vincentarelbundock.github.io/Rdatasets/csv/betareg/GasolineYield.csv	https://mc-stan.org/rstanarm/articles/betareg.html	false	05c3f465e7987e8d7caa7e214fedddd90415a922	439	gasoline_yield	rstanarm	scripts/examples/rstanarm.jl	yield ~ gravity + pressure + temp10 + batch	true	Gasoline Yield — Beta Regression (Mean Only)	yield ~ gravity + pressure + temp10 + batch	unresolved	270	false		gasoline_yield	inferred-family	beta	inferred-from-name	ordinary_brm	direct population/likelihood route when the family and terms are supported	ready	logit(mu) ~ gravity + pressure + temp10 + batch\nlog(phi) ~ 1\nyield ~ Beta(mu * phi, (1 - mu) * phi)	mean/precision beta parameterization written explicitly with inline shape expressions	yield,gravity,pressure,temp10,batch		synthetic n=12; positive continuous predictors; integer groups; family-valid outcome
gasoline_beta_distr	true		https://vincentarelbundock.github.io/Rdatasets/csv/betareg/GasolineYield.csv	https://mc-stan.org/rstanarm/articles/betareg.html	false	05c3f465e7987e8d7caa7e214fedddd90415a922	455	gasoline_yield	rstanarm	scripts/examples/rstanarm.jl	yield ~ gravity + pressure + temp10 + batch | gravity + pressure	true	Gasoline Yield — Distributional Beta Regression	yield ~ gravity + pressure + temp10 + batch | gravity + pressure	unresolved	271	false		gasoline_yield	exact-metadata		unresolved	ordinary_brm	direct population/likelihood route when the family and terms are supported	unresolved-family		family is not explicit or defensibly inferred	yield,gravity,pressure,temp10,batch	gravity	synthetic n=12; positive continuous predictors; integer groups; family-valid outcome
gasoline_beta_distr	true		https://vincentarelbundock.github.io/Rdatasets/csv/betareg/GasolineYield.csv	https://mc-stan.org/rstanarm/articles/betareg.html	false	05c3f465e7987e8d7caa7e214fedddd90415a922	455	gasoline_yield	rstanarm	scripts/examples/rstanarm.jl	yield ~ gravity + pressure + temp10 + batch | gravity + pressure	true	Gasoline Yield — Distributional Beta Regression	yield ~ gravity + pressure + temp10 + batch | gravity + pressure	unresolved	271	false		gasoline_yield	inferred-family	beta	inferred-from-name	ordinary_brm	direct population/likelihood route when the family and terms are supported	ready	logit(mu) ~ gravity + pressure + temp10 + batch | gravity + pressure\nlog(phi) ~ 1\nyield ~ Beta(mu * phi, (1 - mu) * phi)	mean/precision beta parameterization written explicitly with inline shape expressions	yield,gravity,pressure,temp10,batch	gravity	synthetic n=12; positive continuous predictors; integer groups; family-valid outcome
cbpp_glmm	true		https://vincentarelbundock.github.io/Rdatasets/csv/lme4/cbpp.csv	https://mc-stan.org/rstanarm/articles/glmer.html	false	05c3f465e7987e8d7caa7e214fedddd90415a922	476	cbpp_glmm	rstanarm	scripts/examples/rstanarm.jl	cbind(incidence, size - incidence) ~ size + period + (1|herd)	true	Bovine Pleuropneumonia — Binomial GLMM	cbind(incidence, size - incidence) ~ size + period + (1|herd)	unresolved	272	false		cbpp_rs	exact-metadata		unresolved	ordinary_brm	direct population/likelihood route when the family and terms are supported	unresolved-family		family is not explicit or defensibly inferred	incidence,size,period,herd	herd	synthetic n=12; positive continuous predictors; integer groups; family-valid outcome
cbpp_glmm	true		https://vincentarelbundock.github.io/Rdatasets/csv/lme4/cbpp.csv	https://mc-stan.org/rstanarm/articles/glmer.html	false	05c3f465e7987e8d7caa7e214fedddd90415a922	476	cbpp_glmm	rstanarm	scripts/examples/rstanarm.jl	cbind(incidence, size - incidence) ~ size + period + (1|herd)	true	Bovine Pleuropneumonia — Binomial GLMM	cbind(incidence, size - incidence) ~ size + period + (1|herd)	unresolved	272	false		cbpp_rs	inferred-family	binomial	inferred-from-response-syntax	ordinary_brm	direct population/likelihood route when the family and terms are supported	ready	log_odds ~ size + period + (1|herd)\nincidence ~ BinomialLogit(incidence + size - incidence, log_odds)	trials/cbind response lowered to explicit BinomialLogit	incidence,size,period,herd	herd	synthetic n=12; positive continuous predictors; integer groups; family-valid outcome
bball_pooled	true		https://vincentarelbundock.github.io/Rdatasets/csv/rstanarm/bball1970.csv	https://mc-stan.org/rstanarm/articles/pooling.html	false	05c3f465e7987e8d7caa7e214fedddd90415a922	496	bball_pooling	rstanarm	scripts/examples/rstanarm.jl	cbind(Hits, AB - Hits) ~ 1	true	MLB Batting 1970 — Complete Pooling	cbind(Hits, AB - Hits) ~ 1	unresolved	273	false		bball1970	exact-metadata		unresolved	ordinary_brm	direct population/likelihood route when the family and terms are supported	unresolved-family		family is not explicit or defensibly inferred	Hits,AB		synthetic n=12; positive continuous predictors; integer groups; family-valid outcome
bball_pooled	true		https://vincentarelbundock.github.io/Rdatasets/csv/rstanarm/bball1970.csv	https://mc-stan.org/rstanarm/articles/pooling.html	false	05c3f465e7987e8d7caa7e214fedddd90415a922	496	bball_pooling	rstanarm	scripts/examples/rstanarm.jl	cbind(Hits, AB - Hits) ~ 1	true	MLB Batting 1970 — Complete Pooling	cbind(Hits, AB - Hits) ~ 1	unresolved	273	false		bball1970	inferred-family	binomial	inferred-from-response-syntax	ordinary_brm	direct population/likelihood route when the family and terms are supported	ready	log_odds ~ 1\nHits ~ BinomialLogit(Hits + AB - Hits, log_odds)	trials/cbind response lowered to explicit BinomialLogit	Hits,AB		synthetic n=12; positive continuous predictors; integer groups; family-valid outcome
bball_nopooling	true		https://vincentarelbundock.github.io/Rdatasets/csv/rstanarm/bball1970.csv	https://mc-stan.org/rstanarm/articles/pooling.html	false	05c3f465e7987e8d7caa7e214fedddd90415a922	511	bball_pooling	rstanarm	scripts/examples/rstanarm.jl	cbind(Hits, AB - Hits) ~ 0 + Player	true	MLB Batting 1970 — No Pooling	cbind(Hits, AB - Hits) ~ 0 + Player	unresolved	274	false		bball1970	exact-metadata		unresolved	ordinary_brm	direct population/likelihood route when the family and terms are supported	unresolved-family		family is not explicit or defensibly inferred	Hits,AB,Player		synthetic n=12; positive continuous predictors; integer groups; family-valid outcome
bball_nopooling	true		https://vincentarelbundock.github.io/Rdatasets/csv/rstanarm/bball1970.csv	https://mc-stan.org/rstanarm/articles/pooling.html	false	05c3f465e7987e8d7caa7e214fedddd90415a922	511	bball_pooling	rstanarm	scripts/examples/rstanarm.jl	cbind(Hits, AB - Hits) ~ 0 + Player	true	MLB Batting 1970 — No Pooling	cbind(Hits, AB - Hits) ~ 0 + Player	unresolved	274	false		bball1970	inferred-family	binomial	inferred-from-response-syntax	ordinary_brm	direct population/likelihood route when the family and terms are supported	ready	log_odds ~ 0 + Player\nHits ~ BinomialLogit(Hits + AB - Hits, log_odds)	trials/cbind response lowered to explicit BinomialLogit	Hits,AB,Player		synthetic n=12; positive continuous predictors; integer groups; family-valid outcome
bball_partial	true		https://vincentarelbundock.github.io/Rdatasets/csv/rstanarm/bball1970.csv	https://mc-stan.org/rstanarm/articles/pooling.html	false	05c3f465e7987e8d7caa7e214fedddd90415a922	526	bball_pooling	rstanarm	scripts/examples/rstanarm.jl	cbind(Hits, AB - Hits) ~ (1|Player)	true	MLB Batting 1970 — Partial Pooling (Hierarchical)	cbind(Hits, AB - Hits) ~ (1|Player)	unresolved	275	false		bball1970	exact-metadata		unresolved	ordinary_brm	direct population/likelihood route when the family and terms are supported	unresolved-family		family is not explicit or defensibly inferred	Hits,AB,Player	Player	synthetic n=12; positive continuous predictors; integer groups; family-valid outcome
bball_partial	true		https://vincentarelbundock.github.io/Rdatasets/csv/rstanarm/bball1970.csv	https://mc-stan.org/rstanarm/articles/pooling.html	false	05c3f465e7987e8d7caa7e214fedddd90415a922	526	bball_pooling	rstanarm	scripts/examples/rstanarm.jl	cbind(Hits, AB - Hits) ~ (1|Player)	true	MLB Batting 1970 — Partial Pooling (Hierarchical)	cbind(Hits, AB - Hits) ~ (1|Player)	unresolved	275	false		bball1970	inferred-family	binomial	inferred-from-response-syntax	ordinary_brm	direct population/likelihood route when the family and terms are supported	ready	log_odds ~ (1|Player)\nHits ~ BinomialLogit(Hits + AB - Hits, log_odds)	trials/cbind response lowered to explicit BinomialLogit	Hits,AB,Player	Player	synthetic n=12; positive continuous predictors; integer groups; family-valid outcome
pupil	true		https://osf.io/z43dz/?action=download	https://bruno.nicenboim.me/bayescogsci/	false	05c3f465e7987e8d7caa7e214fedddd90415a922	30	pupil	vasishth	scripts/examples/vasishth.jl	p_size ~ 1 + c_load	true	Pupil Dilation Experiment — Gaussian Regression	p_size ~ 1 + c_load	unresolved	276	false		pupil	exact-metadata		unresolved	ordinary_brm	direct population/likelihood route when the family and terms are supported	unresolved-family		family is not explicit or defensibly inferred	p_size,c_load		synthetic n=12; positive continuous predictors; integer groups; family-valid outcome
pupil	true		https://osf.io/z43dz/?action=download	https://bruno.nicenboim.me/bayescogsci/	false	05c3f465e7987e8d7caa7e214fedddd90415a922	30	pupil	vasishth	scripts/examples/vasishth.jl	p_size ~ 1 + c_load	true	Pupil Dilation Experiment — Gaussian Regression	p_size ~ 1 + c_load	unresolved	276	false		pupil	inferred-family	gaussian	inferred-from-name	ordinary_brm	direct population/likelihood route when the family and terms are supported	ready	loc ~ 1 + c_load\nlog(sigma) ~ 1\np_size ~ Normal(loc, sigma)	explicit Normal likelihood; residual scale estimated on log scale	p_size,c_load		synthetic n=12; positive continuous predictors; integer groups; family-valid outcome
spacebar	true		synthetic	https://bruno.nicenboim.me/bayescogsci/	false	05c3f465e7987e8d7caa7e214fedddd90415a922	67	spacebar	vasishth	scripts/examples/vasishth.jl	t ~ 1 + c_trial	true	Spacebar-Pressing Response Times — Lognormal Regression	t ~ 1 + c_trial	unresolved	277	false		spacebar	exact-metadata		unresolved	ordinary_brm	direct population/likelihood route when the family and terms are supported	unresolved-family		family is not explicit or defensibly inferred	t,c_trial		synthetic n=12; positive continuous predictors; integer groups; family-valid outcome
spacebar	true		synthetic	https://bruno.nicenboim.me/bayescogsci/	false	05c3f465e7987e8d7caa7e214fedddd90415a922	67	spacebar	vasishth	scripts/examples/vasishth.jl	t ~ 1 + c_trial	true	Spacebar-Pressing Response Times — Lognormal Regression	t ~ 1 + c_trial	unresolved	277	false		spacebar	inferred-family	lognormal	inferred-from-name	ordinary_brm	direct population/likelihood route when the family and terms are supported	ready	loc ~ 1 + c_trial\nlog(sigma) ~ 1\nt ~ LogNormal(loc, sigma)	explicit LogNormal likelihood	t,c_trial		synthetic n=12; positive continuous predictors; integer groups; family-valid outcome
recall_wm	true		https://osf.io/6r9ka/?action=download	https://bruno.nicenboim.me/bayescogsci/	false	05c3f465e7987e8d7caa7e214fedddd90415a922	104	recall_wm	vasishth	scripts/examples/vasishth.jl	correct ~ 1 + c_set_size	true	Working Memory Recall Accuracy — Logistic Regression	correct ~ 1 + c_set_size	unresolved	278	false		recall_wm	exact-metadata		unresolved	ordinary_brm	direct population/likelihood route when the family and terms are supported	unresolved-family		family is not explicit or defensibly inferred	correct,c_set_size		synthetic n=12; positive continuous predictors; integer groups; family-valid outcome
recall_wm	true		https://osf.io/6r9ka/?action=download	https://bruno.nicenboim.me/bayescogsci/	false	05c3f465e7987e8d7caa7e214fedddd90415a922	104	recall_wm	vasishth	scripts/examples/vasishth.jl	correct ~ 1 + c_set_size	true	Working Memory Recall Accuracy — Logistic Regression	correct ~ 1 + c_set_size	unresolved	278	false		recall_wm	inferred-family	bernoulli	inferred-from-name	ordinary_brm	direct population/likelihood route when the family and terms are supported	ready	log_odds ~ 1 + c_set_size\ncorrect ~ BernoulliLogit(log_odds)	explicit Bernoulli-logit likelihood	correct,c_set_size		synthetic n=12; positive continuous predictors; integer groups; family-valid outcome
n400_uncorr	true		https://osf.io/q7dsk/?action=download	https://bruno.nicenboim.me/bayescogsci/	false	05c3f465e7987e8d7caa7e214fedddd90415a922	147	n400	vasishth	scripts/examples/vasishth.jl	n400 ~ c_cloze + (c_cloze || subj)	true	N400 EEG — Uncorrelated Varying Slopes	n400 ~ c_cloze + (c_cloze || subj)	unresolved	279	false		n400	exact-metadata		unresolved	ordinary_brm	direct population/likelihood route when the family and terms are supported	unresolved-family		family is not explicit or defensibly inferred	n400,c_cloze,subj	subj	synthetic n=12; positive continuous predictors; integer groups; family-valid outcome
n400_uncorr	true		https://osf.io/q7dsk/?action=download	https://bruno.nicenboim.me/bayescogsci/	false	05c3f465e7987e8d7caa7e214fedddd90415a922	147	n400	vasishth	scripts/examples/vasishth.jl	n400 ~ c_cloze + (c_cloze || subj)	true	N400 EEG — Uncorrelated Varying Slopes	n400 ~ c_cloze + (c_cloze || subj)	unresolved	279	false		n400	inferred-family		unresolved	ordinary_brm	direct population/likelihood route when the family and terms are supported	unresolved-family		family is not explicit or defensibly inferred	n400,c_cloze,subj	subj	synthetic n=12; positive continuous predictors; integer groups; family-valid outcome
n400_corr	true		https://osf.io/q7dsk/?action=download	https://bruno.nicenboim.me/bayescogsci/	false	05c3f465e7987e8d7caa7e214fedddd90415a922	164	n400	vasishth	scripts/examples/vasishth.jl	n400 ~ c_cloze + (c_cloze | subj)	true	N400 EEG — Correlated Varying Slopes	n400 ~ c_cloze + (c_cloze | subj)	unresolved	280	false		n400	exact-metadata		unresolved	ordinary_brm	direct population/likelihood route when the family and terms are supported	unresolved-family		family is not explicit or defensibly inferred	n400,c_cloze,subj	subj	synthetic n=12; positive continuous predictors; integer groups; family-valid outcome
n400_corr	true		https://osf.io/q7dsk/?action=download	https://bruno.nicenboim.me/bayescogsci/	false	05c3f465e7987e8d7caa7e214fedddd90415a922	164	n400	vasishth	scripts/examples/vasishth.jl	n400 ~ c_cloze + (c_cloze | subj)	true	N400 EEG — Correlated Varying Slopes	n400 ~ c_cloze + (c_cloze | subj)	unresolved	280	false		n400	inferred-family		unresolved	ordinary_brm	direct population/likelihood route when the family and terms are supported	unresolved-family		family is not explicit or defensibly inferred	n400,c_cloze,subj	subj	synthetic n=12; positive continuous predictors; integer groups; family-valid outcome
n400_crossed	true		https://osf.io/q7dsk/?action=download	https://bruno.nicenboim.me/bayescogsci/	false	05c3f465e7987e8d7caa7e214fedddd90415a922	181	n400	vasishth	scripts/examples/vasishth.jl	n400 ~ c_cloze + (c_cloze | subj) + (c_cloze | item)	true	N400 EEG — Crossed Random Effects	n400 ~ c_cloze + (c_cloze | subj) + (c_cloze | item)	unresolved	281	false		n400	exact-metadata		unresolved	ordinary_brm	direct population/likelihood route when the family and terms are supported	unresolved-family		family is not explicit or defensibly inferred	n400,c_cloze,subj,item	subj,item	synthetic n=12; positive continuous predictors; integer groups; family-valid outcome
n400_crossed	true		https://osf.io/q7dsk/?action=download	https://bruno.nicenboim.me/bayescogsci/	false	05c3f465e7987e8d7caa7e214fedddd90415a922	181	n400	vasishth	scripts/examples/vasishth.jl	n400 ~ c_cloze + (c_cloze | subj) + (c_cloze | item)	true	N400 EEG — Crossed Random Effects	n400 ~ c_cloze + (c_cloze | subj) + (c_cloze | item)	unresolved	281	false		n400	inferred-family		unresolved	ordinary_brm	direct population/likelihood route when the family and terms are supported	unresolved-family		family is not explicit or defensibly inferred	n400,c_cloze,subj,item	subj,item	synthetic n=12; positive continuous predictors; integer groups; family-valid outcome
n400_distr	true		https://osf.io/q7dsk/?action=download	https://bruno.nicenboim.me/bayescogsci/	false	05c3f465e7987e8d7caa7e214fedddd90415a922	197	n400	vasishth	scripts/examples/vasishth.jl	bf(n400 ~ c_cloze + (c_cloze | subj) + (c_cloze | item), sigma ~ 1 + (1 | subj))	true	N400 EEG — Distributional Model for Sigma	bf(n400 ~ c_cloze + (c_cloze | subj) + (c_cloze | item), sigma ~ 1 + (1 | subj))	unresolved	282	false		n400	exact-metadata		unresolved	ordinary_brm	direct population/likelihood route when the family and terms are supported	unresolved-family		family is not explicit or defensibly inferred	n400,c_cloze,subj,item	subj,item	synthetic n=12; positive continuous predictors; integer groups; family-valid outcome
n400_distr	true		https://osf.io/q7dsk/?action=download	https://bruno.nicenboim.me/bayescogsci/	false	05c3f465e7987e8d7caa7e214fedddd90415a922	197	n400	vasishth	scripts/examples/vasishth.jl	bf(n400 ~ c_cloze + (c_cloze | subj) + (c_cloze | item), sigma ~ 1 + (1 | subj))	true	N400 EEG — Distributional Model for Sigma	bf(n400 ~ c_cloze + (c_cloze | subj) + (c_cloze | item), sigma ~ 1 + (1 | subj))	unresolved	282	false		n400	inferred-family		unresolved	ordinary_brm	direct population/likelihood route when the family and terms are supported	unresolved-family		family is not explicit or defensibly inferred	n400,c_cloze,subj,item	subj,item	synthetic n=12; positive continuous predictors; integer groups; family-valid outcome
stroop	true		https://osf.io/n8xa7/?action=download	https://bruno.nicenboim.me/bayescogsci/	false	05c3f465e7987e8d7caa7e214fedddd90415a922	240	stroop	vasishth	scripts/examples/vasishth.jl	RT ~ c_cond + (c_cond | subj)	true	Stroop Task — Lognormal Varying-Slopes Model	RT ~ c_cond + (c_cond | subj)	unresolved	283	false		stroop	exact-metadata		unresolved	ordinary_brm	direct population/likelihood route when the family and terms are supported	unresolved-family		family is not explicit or defensibly inferred	RT,c_cond,subj	subj	synthetic n=12; positive continuous predictors; integer groups; family-valid outcome
stroop	true		https://osf.io/n8xa7/?action=download	https://bruno.nicenboim.me/bayescogsci/	false	05c3f465e7987e8d7caa7e214fedddd90415a922	240	stroop	vasishth	scripts/examples/vasishth.jl	RT ~ c_cond + (c_cond | subj)	true	Stroop Task — Lognormal Varying-Slopes Model	RT ~ c_cond + (c_cond | subj)	unresolved	283	false		stroop	inferred-family	lognormal	inferred-from-name	ordinary_brm	direct population/likelihood route when the family and terms are supported	ready	loc ~ c_cond + (c_cond | subj)\nlog(sigma) ~ 1\nRT ~ LogNormal(loc, sigma)	explicit LogNormal likelihood	RT,c_cond,subj	subj	synthetic n=12; positive continuous predictors; integer groups; family-valid outcome
pooling_partial	true		synthetic	https://bruno.nicenboim.me/bayescogsci/	false	05c3f465e7987e8d7caa7e214fedddd90415a922	281	pooling	vasishth	scripts/examples/vasishth.jl	y ~ 1 + (1 | subj)	true	Hierarchical Pooling — Partial Pooling	y ~ 1 + (1 | subj)	unresolved	284	false		pooling	exact-metadata		unresolved	ordinary_brm	direct population/likelihood route when the family and terms are supported	unresolved-family		family is not explicit or defensibly inferred	y,subj	subj	synthetic n=12; positive continuous predictors; integer groups; family-valid outcome
pooling_partial	true		synthetic	https://bruno.nicenboim.me/bayescogsci/	false	05c3f465e7987e8d7caa7e214fedddd90415a922	281	pooling	vasishth	scripts/examples/vasishth.jl	y ~ 1 + (1 | subj)	true	Hierarchical Pooling — Partial Pooling	y ~ 1 + (1 | subj)	unresolved	284	false		pooling	inferred-family		unresolved	ordinary_brm	direct population/likelihood route when the family and terms are supported	unresolved-family		family is not explicit or defensibly inferred	y,subj	subj	synthetic n=12; positive continuous predictors; integer groups; family-valid outcome
pooling_complete	true		synthetic	https://bruno.nicenboim.me/bayescogsci/	false	05c3f465e7987e8d7caa7e214fedddd90415a922	297	pooling	vasishth	scripts/examples/vasishth.jl	y ~ 1	true	Hierarchical Pooling — Complete Pooling	y ~ 1	unresolved	285	false		pooling	exact-metadata		unresolved	ordinary_brm	direct population/likelihood route when the family and terms are supported	unresolved-family		family is not explicit or defensibly inferred	y		synthetic n=12; positive continuous predictors; integer groups; family-valid outcome
pooling_complete	true		synthetic	https://bruno.nicenboim.me/bayescogsci/	false	05c3f465e7987e8d7caa7e214fedddd90415a922	297	pooling	vasishth	scripts/examples/vasishth.jl	y ~ 1	true	Hierarchical Pooling — Complete Pooling	y ~ 1	unresolved	285	false		pooling	inferred-family		unresolved	ordinary_brm	direct population/likelihood route when the family and terms are supported	unresolved-family		family is not explicit or defensibly inferred	y		synthetic n=12; positive continuous predictors; integer groups; family-valid outcome
pooling_none	true		synthetic	https://bruno.nicenboim.me/bayescogsci/	false	05c3f465e7987e8d7caa7e214fedddd90415a922	313	pooling	vasishth	scripts/examples/vasishth.jl	y ~ 0 + factor(subj)	true	Hierarchical Pooling — No Pooling	y ~ 0 + factor(subj)	unresolved	286	false		pooling	exact-metadata		unresolved	ordinary_brm	direct population/likelihood route when the family and terms are supported	unresolved-family		family is not explicit or defensibly inferred	y,subj		synthetic n=12; positive continuous predictors; integer groups; family-valid outcome
pooling_none	true		synthetic	https://bruno.nicenboim.me/bayescogsci/	false	05c3f465e7987e8d7caa7e214fedddd90415a922	313	pooling	vasishth	scripts/examples/vasishth.jl	y ~ 0 + factor(subj)	true	Hierarchical Pooling — No Pooling	y ~ 0 + factor(subj)	unresolved	286	false		pooling	inferred-family		unresolved	ordinary_brm	direct population/likelihood route when the family and terms are supported	unresolved-family		family is not explicit or defensibly inferred	y,subj		synthetic n=12; positive continuous predictors; integer groups; family-valid outcome
contrasts1_treatment	true		synthetic	https://bruno.nicenboim.me/bayescogsci/	false	05c3f465e7987e8d7caa7e214fedddd90415a922	350	contrasts1	vasishth	scripts/examples/vasishth.jl	DV ~ F	true	Contrast Coding — Treatment Contrast	DV ~ F	unresolved	287	false		contrasts1	exact-metadata		unresolved	ordinary_brm	direct population/likelihood route when the family and terms are supported	unresolved-family		family is not explicit or defensibly inferred	DV,F		synthetic n=12; positive continuous predictors; integer groups; family-valid outcome
contrasts1_treatment	true		synthetic	https://bruno.nicenboim.me/bayescogsci/	false	05c3f465e7987e8d7caa7e214fedddd90415a922	350	contrasts1	vasishth	scripts/examples/vasishth.jl	DV ~ F	true	Contrast Coding — Treatment Contrast	DV ~ F	unresolved	287	false		contrasts1	inferred-family		unresolved	ordinary_brm	direct population/likelihood route when the family and terms are supported	unresolved-family		family is not explicit or defensibly inferred	DV,F		synthetic n=12; positive continuous predictors; integer groups; family-valid outcome
contrasts1_cellmeans	true		synthetic	https://bruno.nicenboim.me/bayescogsci/	false	05c3f465e7987e8d7caa7e214fedddd90415a922	366	contrasts1	vasishth	scripts/examples/vasishth.jl	DV ~ -1 + F	true	Contrast Coding — Cell-Means Parameterization	DV ~ -1 + F	unresolved	288	false		contrasts1	exact-metadata		unresolved	ordinary_brm	direct population/likelihood route when the family and terms are supported	unresolved-family		family is not explicit or defensibly inferred	DV,F		synthetic n=12; positive continuous predictors; integer groups; family-valid outcome
contrasts1_cellmeans	true		synthetic	https://bruno.nicenboim.me/bayescogsci/	false	05c3f465e7987e8d7caa7e214fedddd90415a922	366	contrasts1	vasishth	scripts/examples/vasishth.jl	DV ~ -1 + F	true	Contrast Coding — Cell-Means Parameterization	DV ~ -1 + F	unresolved	288	false		contrasts1	inferred-family		unresolved	ordinary_brm	direct population/likelihood route when the family and terms are supported	unresolved-family		family is not explicit or defensibly inferred	DV,F		synthetic n=12; positive continuous predictors; integer groups; family-valid outcome
contrasts1_monotonic	true		synthetic	https://bruno.nicenboim.me/bayescogsci/	false	05c3f465e7987e8d7caa7e214fedddd90415a922	382	contrasts1	vasishth	scripts/examples/vasishth.jl	DV ~ 1 + mo(F)	true	Contrast Coding — Monotonic Effect	DV ~ 1 + mo(F)	unresolved	289	false		contrasts1	exact-metadata		unresolved	ordinary_brm	direct population/likelihood route when the family and terms are supported	unresolved-family		family is not explicit or defensibly inferred	DV,F		synthetic n=12; positive continuous predictors; integer groups; family-valid outcome
contrasts1_monotonic	true		synthetic	https://bruno.nicenboim.me/bayescogsci/	false	05c3f465e7987e8d7caa7e214fedddd90415a922	382	contrasts1	vasishth	scripts/examples/vasishth.jl	DV ~ 1 + mo(F)	true	Contrast Coding — Monotonic Effect	DV ~ 1 + mo(F)	unresolved	289	false		contrasts1	inferred-family		unresolved	ordinary_brm	direct population/likelihood route when the family and terms are supported	unresolved-family		family is not explicit or defensibly inferred	DV,F		synthetic n=12; positive continuous predictors; integer groups; family-valid outcome
contrasts2x2_factorial	true		synthetic	https://bruno.nicenboim.me/bayescogsci/	false	05c3f465e7987e8d7caa7e214fedddd90415a922	423	contrasts2x2	vasishth	scripts/examples/vasishth.jl	DV ~ A * B	true	2×2 Factorial — Full Factorial Model	DV ~ A * B	unresolved	290	false		contrasts2x2	exact-metadata		unresolved	ordinary_brm	direct population/likelihood route when the family and terms are supported	unresolved-family		family is not explicit or defensibly inferred	DV,A,B		synthetic n=12; positive continuous predictors; integer groups; family-valid outcome
contrasts2x2_factorial	true		synthetic	https://bruno.nicenboim.me/bayescogsci/	false	05c3f465e7987e8d7caa7e214fedddd90415a922	423	contrasts2x2	vasishth	scripts/examples/vasishth.jl	DV ~ A * B	true	2×2 Factorial — Full Factorial Model	DV ~ A * B	unresolved	290	false		contrasts2x2	inferred-family		unresolved	ordinary_brm	direct population/likelihood route when the family and terms are supported	unresolved-family		family is not explicit or defensibly inferred	DV,A,B		synthetic n=12; positive continuous predictors; integer groups; family-valid outcome
contrasts2x2_nested	true		synthetic	https://bruno.nicenboim.me/bayescogsci/	false	05c3f465e7987e8d7caa7e214fedddd90415a922	439	contrasts2x2	vasishth	scripts/examples/vasishth.jl	DV ~ B / A	true	2×2 Factorial — Nested Model	DV ~ B / A	unresolved	291	false		contrasts2x2	exact-metadata		unresolved	ordinary_brm	direct population/likelihood route when the family and terms are supported	unresolved-family		family is not explicit or defensibly inferred	DV,B,A		synthetic n=12; positive continuous predictors; integer groups; family-valid outcome
contrasts2x2_nested	true		synthetic	https://bruno.nicenboim.me/bayescogsci/	false	05c3f465e7987e8d7caa7e214fedddd90415a922	439	contrasts2x2	vasishth	scripts/examples/vasishth.jl	DV ~ B / A	true	2×2 Factorial — Nested Model	DV ~ B / A	unresolved	291	false		contrasts2x2	inferred-family		unresolved	ordinary_brm	direct population/likelihood route when the family and terms are supported	unresolved-family		family is not explicit or defensibly inferred	DV,B,A		synthetic n=12; positive continuous predictors; integer groups; family-valid outcome
contrasts2x2_logistic	true		synthetic	https://bruno.nicenboim.me/bayescogsci/	false	05c3f465e7987e8d7caa7e214fedddd90415a922	455	contrasts2x2	vasishth	scripts/examples/vasishth.jl	pDV ~ A * B	true	2×2 Factorial — Logistic Regression	pDV ~ A * B	unresolved	292	false		contrasts2x2	exact-metadata		unresolved	ordinary_brm	direct population/likelihood route when the family and terms are supported	unresolved-family		family is not explicit or defensibly inferred	pDV,A,B		synthetic n=12; positive continuous predictors; integer groups; family-valid outcome
contrasts2x2_logistic	true		synthetic	https://bruno.nicenboim.me/bayescogsci/	false	05c3f465e7987e8d7caa7e214fedddd90415a922	455	contrasts2x2	vasishth	scripts/examples/vasishth.jl	pDV ~ A * B	true	2×2 Factorial — Logistic Regression	pDV ~ A * B	unresolved	292	false		contrasts2x2	inferred-family	bernoulli	inferred-from-name	ordinary_brm	direct population/likelihood route when the family and terms are supported	ready	log_odds ~ A + B + (A & B)\npDV ~ BernoulliLogit(log_odds)	explicit Bernoulli-logit likelihood	pDV,A,B		synthetic n=12; positive continuous predictors; integer groups; family-valid outcome
meta_sbi	true		https://osf.io/du3qp/?action=download	https://bruno.nicenboim.me/bayescogsci/	false	05c3f465e7987e8d7caa7e214fedddd90415a922	499	meta_sbi	vasishth	scripts/examples/vasishth.jl	effect | resp_se(SE, sigma = FALSE) ~ 1 + (1 | study_id)	true	Meta-Analysis — Random Effects Model	effect | resp_se(SE, sigma = FALSE) ~ 1 + (1 | study_id)	unresolved	293	false		meta_sbi	exact-metadata		unresolved	ordinary_brm	direct population/likelihood route when the family and terms are supported	unresolved-family		family is not explicit or defensibly inferred	effect,SE,FALSE,study_id	resp_se,study_id	synthetic n=12; positive continuous predictors; integer groups; family-valid outcome
meta_sbi	true		https://osf.io/du3qp/?action=download	https://bruno.nicenboim.me/bayescogsci/	false	05c3f465e7987e8d7caa7e214fedddd90415a922	499	meta_sbi	vasishth	scripts/examples/vasishth.jl	effect | resp_se(SE, sigma = FALSE) ~ 1 + (1 | study_id)	true	Meta-Analysis — Random Effects Model	effect | resp_se(SE, sigma = FALSE) ~ 1 + (1 | study_id)	unresolved	293	false		meta_sbi	inferred-family		unresolved	ordinary_brm	direct population/likelihood route when the family and terms are supported	unresolved-family		family is not explicit or defensibly inferred	effect,SE,FALSE,study_id	resp_se,study_id	synthetic n=12; positive continuous predictors; integer groups; family-valid outcome
indiv_diff_naive	true		https://osf.io/du3qp/?action=download	https://bruno.nicenboim.me/bayescogsci/	false	05c3f465e7987e8d7caa7e214fedddd90415a922	541	indiv_diff	vasishth	scripts/examples/vasishth.jl	mean_rspeed ~ c_mean_pcu	true	Individual Differences — Naive OLS	mean_rspeed ~ c_mean_pcu	unresolved	294	false		indiv_diff	exact-metadata		unresolved	ordinary_brm	direct population/likelihood route when the family and terms are supported	unresolved-family		family is not explicit or defensibly inferred	mean_rspeed,c_mean_pcu		synthetic n=12; positive continuous predictors; integer groups; family-valid outcome
indiv_diff_naive	true		https://osf.io/du3qp/?action=download	https://bruno.nicenboim.me/bayescogsci/	false	05c3f465e7987e8d7caa7e214fedddd90415a922	541	indiv_diff	vasishth	scripts/examples/vasishth.jl	mean_rspeed ~ c_mean_pcu	true	Individual Differences — Naive OLS	mean_rspeed ~ c_mean_pcu	unresolved	294	false		indiv_diff	inferred-family	gaussian	inferred-from-name	ordinary_brm	direct population/likelihood route when the family and terms are supported	ready	loc ~ c_mean_pcu\nlog(sigma) ~ 1\nmean_rspeed ~ Normal(loc, sigma)	explicit Normal likelihood; residual scale estimated on log scale	mean_rspeed,c_mean_pcu		synthetic n=12; positive continuous predictors; integer groups; family-valid outcome
indiv_diff_me	true		https://osf.io/du3qp/?action=download	https://bruno.nicenboim.me/bayescogsci/	false	05c3f465e7987e8d7caa7e214fedddd90415a922	557	indiv_diff	vasishth	scripts/examples/vasishth.jl	mean_rspeed | resp_se(se_rspeed, sigma = TRUE) ~ me(c_mean_pcu, se_pcu)	true	Individual Differences — Measurement Error Model	mean_rspeed | resp_se(se_rspeed, sigma = TRUE) ~ me(c_mean_pcu, se_pcu)	unresolved	295	false		indiv_diff	exact-metadata		unresolved	ordinary_brm	direct population/likelihood route when the family and terms are supported	unresolved-family		family is not explicit or defensibly inferred	mean_rspeed,se_rspeed,TRUE,c_mean_pcu,se_pcu	resp_se	synthetic n=12; positive continuous predictors; integer groups; family-valid outcome
indiv_diff_me	true		https://osf.io/du3qp/?action=download	https://bruno.nicenboim.me/bayescogsci/	false	05c3f465e7987e8d7caa7e214fedddd90415a922	557	indiv_diff	vasishth	scripts/examples/vasishth.jl	mean_rspeed | resp_se(se_rspeed, sigma = TRUE) ~ me(c_mean_pcu, se_pcu)	true	Individual Differences — Measurement Error Model	mean_rspeed | resp_se(se_rspeed, sigma = TRUE) ~ me(c_mean_pcu, se_pcu)	unresolved	295	false		indiv_diff	inferred-family		unresolved	ordinary_brm	direct population/likelihood route when the family and terms are supported	unresolved-family		family is not explicit or defensibly inferred	mean_rspeed,se_rspeed,TRUE,c_mean_pcu,se_pcu	resp_se	synthetic n=12; positive continuous predictors; integer groups; family-valid outcome
mixture2p_setsize	true		synthetic	https://venpopov.github.io/bmm/articles/bmm_mixture_models.html	false	05c3f465e7987e8d7caa7e214fedddd90415a922	64	color_wheel_mixture	bmm	scripts/examples/bmm.jl	thetat ~ 0 + set_size + (0 + set_size | id); kappa ~ 0 + set_size + (0 + set_size | id)	true	Mixture2p — Two-Parameter Mixture Model (Set Size Effects)	thetat ~ 0 + set_size + (0 + set_size | id); kappa ~ 0 + set_size + (0 + set_size | id)	unresolved	296	false		bays2009_synth	exact-metadata		unresolved	brm_kernel	faithful-candidate: group-local measurement-model parameters; likelihood cell still bespoke	unresolved-family		family is not explicit or defensibly inferred	thetat,set_size,id,kappa	id	synthetic n=12; positive continuous predictors; integer groups; family-valid outcome
mixture2p_setsize	true		synthetic	https://venpopov.github.io/bmm/articles/bmm_mixture_models.html	false	05c3f465e7987e8d7caa7e214fedddd90415a922	64	color_wheel_mixture	bmm	scripts/examples/bmm.jl	thetat ~ 0 + set_size + (0 + set_size | id); kappa ~ 0 + set_size + (0 + set_size | id)	true	Mixture2p — Two-Parameter Mixture Model (Set Size Effects)	thetat ~ 0 + set_size + (0 + set_size | id); kappa ~ 0 + set_size + (0 + set_size | id)	unresolved	296	false		bays2009_synth	inferred-family		unresolved	brm_kernel	faithful-candidate: group-local measurement-model parameters; likelihood cell still bespoke	unresolved-family		family is not explicit or defensibly inferred	thetat,set_size,id,kappa	id	synthetic n=12; positive continuous predictors; integer groups; family-valid outcome
mixture3p_setsize	true		synthetic	https://venpopov.github.io/bmm/articles/bmm_mixture_models.html	false	05c3f465e7987e8d7caa7e214fedddd90415a922	92	color_wheel_mixture	bmm	scripts/examples/bmm.jl	thetat ~ 0 + set_size + (0 + set_size | id); thetant ~ 0 + set_size + (0 + set_size | id); kappa ~ 0 + set_size + (0 + set_size | id)	true	Mixture3p — Three-Parameter Mixture Model (Non-Target Swaps)	thetat ~ 0 + set_size + (0 + set_size | id); thetant ~ 0 + set_size + (0 + set_size | id); kappa ~ 0 + set_size + (0 + set_size | id)	unresolved	297	false		bays2009_synth	exact-metadata		unresolved	brm_kernel	faithful-candidate: group-local measurement-model parameters; likelihood cell still bespoke	unresolved-family		family is not explicit or defensibly inferred	thetat,set_size,id,thetant,kappa	id	synthetic n=12; positive continuous predictors; integer groups; family-valid outcome
mixture3p_setsize	true		synthetic	https://venpopov.github.io/bmm/articles/bmm_mixture_models.html	false	05c3f465e7987e8d7caa7e214fedddd90415a922	92	color_wheel_mixture	bmm	scripts/examples/bmm.jl	thetat ~ 0 + set_size + (0 + set_size | id); thetant ~ 0 + set_size + (0 + set_size | id); kappa ~ 0 + set_size + (0 + set_size | id)	true	Mixture3p — Three-Parameter Mixture Model (Non-Target Swaps)	thetat ~ 0 + set_size + (0 + set_size | id); thetant ~ 0 + set_size + (0 + set_size | id); kappa ~ 0 + set_size + (0 + set_size | id)	unresolved	297	false		bays2009_synth	inferred-family		unresolved	brm_kernel	faithful-candidate: group-local measurement-model parameters; likelihood cell still bespoke	unresolved-family		family is not explicit or defensibly inferred	thetat,set_size,id,thetant,kappa	id	synthetic n=12; positive continuous predictors; integer groups; family-valid outcome
sdm_condition	true		synthetic	https://venpopov.github.io/bmm/articles/bmm_sdm_simple.html	false	05c3f465e7987e8d7caa7e214fedddd90415a922	149	sdm_condition	bmm	scripts/examples/bmm.jl	c ~ 0 + cond; kappa ~ 0 + cond	true	SDM — Signal Discrimination Model (Condition Effects)	c ~ 0 + cond; kappa ~ 0 + cond	unresolved	298	false		sdm_synth	exact-metadata		unresolved	brm_kernel	faithful-candidate: group-local measurement-model parameters; likelihood cell still bespoke	unresolved-family		family is not explicit or defensibly inferred	c,cond,kappa		synthetic n=12; positive continuous predictors; integer groups; family-valid outcome
sdm_condition	true		synthetic	https://venpopov.github.io/bmm/articles/bmm_sdm_simple.html	false	05c3f465e7987e8d7caa7e214fedddd90415a922	149	sdm_condition	bmm	scripts/examples/bmm.jl	c ~ 0 + cond; kappa ~ 0 + cond	true	SDM — Signal Discrimination Model (Condition Effects)	c ~ 0 + cond; kappa ~ 0 + cond	unresolved	298	false		sdm_synth	inferred-family		unresolved	brm_kernel	faithful-candidate: group-local measurement-model parameters; likelihood cell still bespoke	unresolved-family		family is not explicit or defensibly inferred	c,cond,kappa		synthetic n=12; positive continuous predictors; integer groups; family-valid outcome
imm_full_condition	true		synthetic	https://venpopov.github.io/bmm/articles/bmm_imm.html	false	05c3f465e7987e8d7caa7e214fedddd90415a922	219	imm_condition	bmm	scripts/examples/bmm.jl	c ~ 0 + cond; a ~ 0 + cond; s ~ 0 + cond; kappa ~ 0 + cond	true	IMM Full — Interference Measurement Model (All Four Parameters)	c ~ 0 + cond; a ~ 0 + cond; s ~ 0 + cond; kappa ~ 0 + cond	unresolved	299	false		imm_synth	exact-metadata		unresolved	brm_kernel	faithful-candidate: group-local measurement-model parameters; likelihood cell still bespoke	unresolved-family		family is not explicit or defensibly inferred	c,cond,a,s,kappa		synthetic n=12; positive continuous predictors; integer groups; family-valid outcome
imm_full_condition	true		synthetic	https://venpopov.github.io/bmm/articles/bmm_imm.html	false	05c3f465e7987e8d7caa7e214fedddd90415a922	219	imm_condition	bmm	scripts/examples/bmm.jl	c ~ 0 + cond; a ~ 0 + cond; s ~ 0 + cond; kappa ~ 0 + cond	true	IMM Full — Interference Measurement Model (All Four Parameters)	c ~ 0 + cond; a ~ 0 + cond; s ~ 0 + cond; kappa ~ 0 + cond	unresolved	299	false		imm_synth	inferred-family		unresolved	brm_kernel	faithful-candidate: group-local measurement-model parameters; likelihood cell still bespoke	unresolved-family		family is not explicit or defensibly inferred	c,cond,a,s,kappa		synthetic n=12; positive continuous predictors; integer groups; family-valid outcome
single_season_repvarying	true		synthetic	https://jsocolar.github.io/flocker/articles/flocker_tutorial.html	false	05c3f465e7987e8d7caa7e214fedddd90415a922	73	single_season	flocker	scripts/examples/flocker.jl	occ: ~ uc1 + (1 + uc1 | species); det: ~ uc1 + ec1 + (1 + uc1 + ec1 | species)	true	Single-Season Occupancy — Multi-Species with Event Covariates	occ: ~ uc1 + (1 + uc1 | species); det: ~ uc1 + ec1 + (1 + uc1 + ec1 | species)	unresolved	300	false		fd_rep_varying	exact-metadata		unresolved	stanblocks_plate	faithful-candidate: structured latent/time-series cells exceed an ordinary population formula	unresolved-family		family is not explicit or defensibly inferred	occ,uc1,species,det,ec1	species	synthetic n=12; positive continuous predictors; integer groups; family-valid outcome
single_season_repvarying	true		synthetic	https://jsocolar.github.io/flocker/articles/flocker_tutorial.html	false	05c3f465e7987e8d7caa7e214fedddd90415a922	73	single_season	flocker	scripts/examples/flocker.jl	occ: ~ uc1 + (1 + uc1 | species); det: ~ uc1 + ec1 + (1 + uc1 + ec1 | species)	true	Single-Season Occupancy — Multi-Species with Event Covariates	occ: ~ uc1 + (1 + uc1 | species); det: ~ uc1 + ec1 + (1 + uc1 + ec1 | species)	unresolved	300	false		fd_rep_varying	inferred-family		unresolved	stanblocks_plate	faithful-candidate: structured latent/time-series cells exceed an ordinary population formula	unresolved-family		family is not explicit or defensibly inferred	occ,uc1,species,det,ec1	species	synthetic n=12; positive continuous predictors; integer groups; family-valid outcome
single_season_repconstant	true		synthetic	https://jsocolar.github.io/flocker/articles/flocker_tutorial.html	false	05c3f465e7987e8d7caa7e214fedddd90415a922	102	single_season	flocker	scripts/examples/flocker.jl	occ: ~ uc1 + (1 + uc1 | species); det: ~ uc1 + (1 + uc1 | species)	true	Single-Season Occupancy — Multi-Species, No Event Covariates	occ: ~ uc1 + (1 + uc1 | species); det: ~ uc1 + (1 + uc1 | species)	unresolved	301	false		fd_rep_varying	exact-metadata		unresolved	stanblocks_plate	faithful-candidate: structured latent/time-series cells exceed an ordinary population formula	unresolved-family		family is not explicit or defensibly inferred	occ,uc1,species,det	species	synthetic n=12; positive continuous predictors; integer groups; family-valid outcome
single_season_repconstant	true		synthetic	https://jsocolar.github.io/flocker/articles/flocker_tutorial.html	false	05c3f465e7987e8d7caa7e214fedddd90415a922	102	single_season	flocker	scripts/examples/flocker.jl	occ: ~ uc1 + (1 + uc1 | species); det: ~ uc1 + (1 + uc1 | species)	true	Single-Season Occupancy — Multi-Species, No Event Covariates	occ: ~ uc1 + (1 + uc1 | species); det: ~ uc1 + (1 + uc1 | species)	unresolved	301	false		fd_rep_varying	inferred-family		unresolved	stanblocks_plate	faithful-candidate: structured latent/time-series cells exceed an ordinary population formula	unresolved-family		family is not explicit or defensibly inferred	occ,uc1,species,det	species	synthetic n=12; positive continuous predictors; integer groups; family-valid outcome
colex_explicit	true		synthetic	https://jsocolar.github.io/flocker/articles/flocker_tutorial.html	false	05c3f465e7987e8d7caa7e214fedddd90415a922	175	colex_multiseason	flocker	scripts/examples/flocker.jl	occ: ~ uc1; det: ~ uc1 + ec1; col: ~ uc1; ex: ~ uc1	true	Colonisation-Extinction — Explicit Initial Occupancy	occ: ~ uc1; det: ~ uc1 + ec1; col: ~ uc1; ex: ~ uc1	unresolved	302	false		fd_multi	exact-metadata		unresolved	stanblocks_plate	faithful-candidate: structured latent/time-series cells exceed an ordinary population formula	unresolved-family		family is not explicit or defensibly inferred	occ,uc1,det,ec1,col,ex		synthetic n=12; positive continuous predictors; integer groups; family-valid outcome
colex_explicit	true		synthetic	https://jsocolar.github.io/flocker/articles/flocker_tutorial.html	false	05c3f465e7987e8d7caa7e214fedddd90415a922	175	colex_multiseason	flocker	scripts/examples/flocker.jl	occ: ~ uc1; det: ~ uc1 + ec1; col: ~ uc1; ex: ~ uc1	true	Colonisation-Extinction — Explicit Initial Occupancy	occ: ~ uc1; det: ~ uc1 + ec1; col: ~ uc1; ex: ~ uc1	unresolved	302	false		fd_multi	inferred-family		unresolved	stanblocks_plate	faithful-candidate: structured latent/time-series cells exceed an ordinary population formula	unresolved-family		family is not explicit or defensibly inferred	occ,uc1,det,ec1,col,ex		synthetic n=12; positive continuous predictors; integer groups; family-valid outcome
colex_equilibrium	true		synthetic	https://jsocolar.github.io/flocker/articles/flocker_tutorial.html	false	05c3f465e7987e8d7caa7e214fedddd90415a922	199	colex_multiseason	flocker	scripts/examples/flocker.jl	det: ~ uc1 + ec1; col: ~ uc1; ex: ~ uc1	true	Colonisation-Extinction — Equilibrium Initial Occupancy	det: ~ uc1 + ec1; col: ~ uc1; ex: ~ uc1	unresolved	303	false		fd_multi	exact-metadata		unresolved	stanblocks_plate	faithful-candidate: structured latent/time-series cells exceed an ordinary population formula	unresolved-family		family is not explicit or defensibly inferred	det,uc1,ec1,col,ex		synthetic n=12; positive continuous predictors; integer groups; family-valid outcome
colex_equilibrium	true		synthetic	https://jsocolar.github.io/flocker/articles/flocker_tutorial.html	false	05c3f465e7987e8d7caa7e214fedddd90415a922	199	colex_multiseason	flocker	scripts/examples/flocker.jl	det: ~ uc1 + ec1; col: ~ uc1; ex: ~ uc1	true	Colonisation-Extinction — Equilibrium Initial Occupancy	det: ~ uc1 + ec1; col: ~ uc1; ex: ~ uc1	unresolved	303	false		fd_multi	inferred-family		unresolved	stanblocks_plate	faithful-candidate: structured latent/time-series cells exceed an ordinary population formula	unresolved-family		family is not explicit or defensibly inferred	det,uc1,ec1,col,ex		synthetic n=12; positive continuous predictors; integer groups; family-valid outcome
autologistic_equilibrium	true		synthetic	https://jsocolar.github.io/flocker/articles/flocker_tutorial.html	false	05c3f465e7987e8d7caa7e214fedddd90415a922	221	autologistic_multiseason	flocker	scripts/examples/flocker.jl	det: ~ uc1 + ec1; col: ~ uc1; auto: ~ 1	true	Autologistic Occupancy — Equilibrium Initial Occupancy	det: ~ uc1 + ec1; col: ~ uc1; auto: ~ 1	unresolved	304	false		fd_multi	exact-metadata		unresolved	stanblocks_plate	faithful-candidate: structured latent/time-series cells exceed an ordinary population formula	unresolved-family		family is not explicit or defensibly inferred	det,uc1,ec1,col,auto		synthetic n=12; positive continuous predictors; integer groups; family-valid outcome
autologistic_equilibrium	true		synthetic	https://jsocolar.github.io/flocker/articles/flocker_tutorial.html	false	05c3f465e7987e8d7caa7e214fedddd90415a922	221	autologistic_multiseason	flocker	scripts/examples/flocker.jl	det: ~ uc1 + ec1; col: ~ uc1; auto: ~ 1	true	Autologistic Occupancy — Equilibrium Initial Occupancy	det: ~ uc1 + ec1; col: ~ uc1; auto: ~ 1	unresolved	304	false		fd_multi	inferred-family	bernoulli	inferred-from-name	stanblocks_plate	faithful-candidate: structured latent/time-series cells exceed an ordinary population formula	route-specific		requires a faithful stanblocks_plate implementation; no ordinary-formula substitute	det,uc1,ec1,col,auto		synthetic n=12; positive continuous predictors; integer groups; family-valid outcome
augmented_multispecies	true		synthetic	https://jsocolar.github.io/flocker/articles/flocker_tutorial.html	false	05c3f465e7987e8d7caa7e214fedddd90415a922	311	augmented_richness	flocker	scripts/examples/flocker.jl	occ: ~ (1 | ff_species); det: ~ uc1 + ec1 + (1 + uc1 + ec1 | ff_species)	true	Data-Augmented Occupancy — Species Richness Estimation	occ: ~ (1 | ff_species); det: ~ uc1 + ec1 + (1 + uc1 + ec1 | ff_species)	unresolved	305	false		fd_augmented	exact-metadata		unresolved	stanblocks_plate	faithful-candidate: structured latent/time-series cells exceed an ordinary population formula	unresolved-family		family is not explicit or defensibly inferred	occ,ff_species,det,uc1,ec1	ff_species	synthetic n=12; positive continuous predictors; integer groups; family-valid outcome
augmented_multispecies	true		synthetic	https://jsocolar.github.io/flocker/articles/flocker_tutorial.html	false	05c3f465e7987e8d7caa7e214fedddd90415a922	311	augmented_richness	flocker	scripts/examples/flocker.jl	occ: ~ (1 | ff_species); det: ~ uc1 + ec1 + (1 + uc1 + ec1 | ff_species)	true	Data-Augmented Occupancy — Species Richness Estimation	occ: ~ (1 | ff_species); det: ~ uc1 + ec1 + (1 + uc1 + ec1 | ff_species)	unresolved	305	false		fd_augmented	inferred-family		unresolved	stanblocks_plate	faithful-candidate: structured latent/time-series cells exceed an ordinary population formula	unresolved-family		family is not explicit or defensibly inferred	occ,ff_species,det,uc1,ec1	ff_species	synthetic n=12; positive continuous predictors; integer groups; family-valid outcome
portal_glm_re	true		synthetic	https://nicholasjclark.github.io/mvgam/articles/mvgam_overview.html	false	05c3f465e7987e8d7caa7e214fedddd90415a922	83	portal_counts	mvgam	scripts/examples/mvgam.jl	count ~ s(year_fac, bs = "re") - 1	true	Poisson GLM — Hierarchical Year Random Effects	count ~ s(year_fac, bs = "re") - 1	unresolved	306	false		portal_synth	exact-metadata		unresolved	stanblocks_plate	faithful-candidate: structured latent/time-series cells exceed an ordinary population formula	unresolved-family		family is not explicit or defensibly inferred	count,year_fac,re		synthetic n=12; positive continuous predictors; integer groups; family-valid outcome
portal_glm_re	true		synthetic	https://nicholasjclark.github.io/mvgam/articles/mvgam_overview.html	false	05c3f465e7987e8d7caa7e214fedddd90415a922	83	portal_counts	mvgam	scripts/examples/mvgam.jl	count ~ s(year_fac, bs = "re") - 1	true	Poisson GLM — Hierarchical Year Random Effects	count ~ s(year_fac, bs = "re") - 1	unresolved	306	false		portal_synth	inferred-family	poisson	inferred-from-name	stanblocks_plate	faithful-candidate: structured latent/time-series cells exceed an ordinary population formula	route-specific		requires a faithful stanblocks_plate implementation; no ordinary-formula substitute	count,year_fac,re		synthetic n=12; positive continuous predictors; integer groups; family-valid outcome
portal_ar_ndvi	true		synthetic	https://nicholasjclark.github.io/mvgam/articles/mvgam_overview.html	false	05c3f465e7987e8d7caa7e214fedddd90415a922	103	portal_counts	mvgam	scripts/examples/mvgam.jl	obs: count ~ 1 | trend: ~ s(ndvi_ma12, k = 6) [AR()]	true	Poisson GAM — NDVI Smooth + AR(1) Latent Trend	obs: count ~ 1 | trend: ~ s(ndvi_ma12, k = 6) [AR()]	unresolved	307	false		portal_synth	exact-metadata		unresolved	stanblocks_plate	faithful-candidate: structured latent/time-series cells exceed an ordinary population formula	unresolved-family		family is not explicit or defensibly inferred	obs,count,trend,ndvi_ma12	trend	synthetic n=12; positive continuous predictors; integer groups; family-valid outcome
portal_ar_ndvi	true		synthetic	https://nicholasjclark.github.io/mvgam/articles/mvgam_overview.html	false	05c3f465e7987e8d7caa7e214fedddd90415a922	103	portal_counts	mvgam	scripts/examples/mvgam.jl	obs: count ~ 1 | trend: ~ s(ndvi_ma12, k = 6) [AR()]	true	Poisson GAM — NDVI Smooth + AR(1) Latent Trend	obs: count ~ 1 | trend: ~ s(ndvi_ma12, k = 6) [AR()]	unresolved	307	false		portal_synth	inferred-family	poisson	inferred-from-name	stanblocks_plate	faithful-candidate: structured latent/time-series cells exceed an ordinary population formula	route-specific		requires a faithful stanblocks_plate implementation; no ordinary-formula substitute	obs,count,trend,ndvi_ma12	trend	synthetic n=12; positive continuous predictors; integer groups; family-valid outcome
portal_shared_trend	true		synthetic	https://nicholasjclark.github.io/mvgam/articles/shared_states.html	false	05c3f465e7987e8d7caa7e214fedddd90415a922	351	portal_counts	mvgam	scripts/examples/mvgam.jl	obs: count ~ series - 1 | trend: ~ s(season, bs = "cc", k = 8) [AR()]	true	Shared Latent Trend — Multi-Series Seasonal AR(1)	obs: count ~ series - 1 | trend: ~ s(season, bs = "cc", k = 8) [AR()]	unresolved	308	false		portal_synth	exact-metadata		unresolved	stanblocks_plate	faithful-candidate: structured latent/time-series cells exceed an ordinary population formula	unresolved-family		family is not explicit or defensibly inferred	obs,count,series,trend,season,cc	trend	synthetic n=12; positive continuous predictors; integer groups; family-valid outcome
portal_shared_trend	true		synthetic	https://nicholasjclark.github.io/mvgam/articles/shared_states.html	false	05c3f465e7987e8d7caa7e214fedddd90415a922	351	portal_counts	mvgam	scripts/examples/mvgam.jl	obs: count ~ series - 1 | trend: ~ s(season, bs = "cc", k = 8) [AR()]	true	Shared Latent Trend — Multi-Series Seasonal AR(1)	obs: count ~ series - 1 | trend: ~ s(season, bs = "cc", k = 8) [AR()]	unresolved	308	false		portal_synth	inferred-family		unresolved	stanblocks_plate	faithful-candidate: structured latent/time-series cells exceed an ordinary population formula	unresolved-family		family is not explicit or defensibly inferred	obs,count,series,trend,season,cc	trend	synthetic n=12; positive continuous predictors; integer groups; family-valid outcome
plankton_var	true		synthetic	https://nicholasjclark.github.io/mvgam/articles/trend_formulas.html	false	05c3f465e7987e8d7caa7e214fedddd90415a922	180	plankton_var	mvgam	scripts/examples/mvgam.jl	obs: y ~ -1 | trend: ~ te(temp, month, k = c(4, 4)) + te(temp, month, k = c(4, 4), by = trend) - 1 [VAR(cor = TRUE)]	true	Gaussian VAR — Tensor-Product Environmental Smooths	obs: y ~ -1 | trend: ~ te(temp, month, k = c(4, 4)) + te(temp, month, k = c(4, 4), by = trend) - 1 [VAR(cor = TRUE)]	unresolved	309	false		plankton_synth	exact-metadata		unresolved	stanblocks_plate	faithful-candidate: structured latent/time-series cells exceed an ordinary population formula	unresolved-family		family is not explicit or defensibly inferred	obs,y,trend,temp,month,TRUE	trend	synthetic n=12; positive continuous predictors; integer groups; family-valid outcome
plankton_var	true		synthetic	https://nicholasjclark.github.io/mvgam/articles/trend_formulas.html	false	05c3f465e7987e8d7caa7e214fedddd90415a922	180	plankton_var	mvgam	scripts/examples/mvgam.jl	obs: y ~ -1 | trend: ~ te(temp, month, k = c(4, 4)) + te(temp, month, k = c(4, 4), by = trend) - 1 [VAR(cor = TRUE)]	true	Gaussian VAR — Tensor-Product Environmental Smooths	obs: y ~ -1 | trend: ~ te(temp, month, k = c(4, 4)) + te(temp, month, k = c(4, 4), by = trend) - 1 [VAR(cor = TRUE)]	unresolved	309	false		plankton_synth	inferred-family	gaussian	inferred-from-name	stanblocks_plate	faithful-candidate: structured latent/time-series cells exceed an ordinary population formula	route-specific		requires a faithful stanblocks_plate implementation; no ordinary-formula substitute	obs,y,trend,temp,month,TRUE	trend	synthetic n=12; positive continuous predictors; integer groups; family-valid outcome
salmon_beta_ar	true		synthetic	https://nicholasjclark.github.io/mvgam/articles/time_varying_effects.html	false	05c3f465e7987e8d7caa7e214fedddd90415a922	248	salmon_survival	mvgam	scripts/examples/mvgam.jl	obs: survival ~ 1 | trend: ~ dynamic(CUI.apr, k = 25, scale = FALSE) - 1 [AR()]	true	Beta AR(1) — Time-Varying Upwelling Effect on Salmon Survival	obs: survival ~ 1 | trend: ~ dynamic(CUI.apr, k = 25, scale = FALSE) - 1 [AR()]	unresolved	310	false		salmon_synth	exact-metadata		unresolved	stanblocks_plate	faithful-candidate: structured latent/time-series cells exceed an ordinary population formula	unresolved-family		family is not explicit or defensibly inferred	obs,survival,trend,CUI,apr,FALSE	trend	synthetic n=12; positive continuous predictors; integer groups; family-valid outcome
salmon_beta_ar	true		synthetic	https://nicholasjclark.github.io/mvgam/articles/time_varying_effects.html	false	05c3f465e7987e8d7caa7e214fedddd90415a922	248	salmon_survival	mvgam	scripts/examples/mvgam.jl	obs: survival ~ 1 | trend: ~ dynamic(CUI.apr, k = 25, scale = FALSE) - 1 [AR()]	true	Beta AR(1) — Time-Varying Upwelling Effect on Salmon Survival	obs: survival ~ 1 | trend: ~ dynamic(CUI.apr, k = 25, scale = FALSE) - 1 [AR()]	unresolved	310	false		salmon_synth	inferred-family		unresolved	stanblocks_plate	faithful-candidate: structured latent/time-series cells exceed an ordinary population formula	unresolved-family		family is not explicit or defensibly inferred	obs,survival,trend,CUI,apr,FALSE	trend	synthetic n=12; positive continuous predictors; integer groups; family-valid outcome
nmix_detection	true		synthetic	https://nicholasjclark.github.io/mvgam/articles/nmixtures.html	false	05c3f465e7987e8d7caa7e214fedddd90415a922	323	nmix_detection	mvgam	scripts/examples/mvgam.jl	obs: y ~ s(det_cov, k = 4) + s(det_cov2, k = 4) | trend: ~ s(abund_cov, k = 4) + s(abund_fac, bs = "re") [nmix()]	true	N-Mixture — Smooth Detection and Abundance Sub-Models	obs: y ~ s(det_cov, k = 4) + s(det_cov2, k = 4) | trend: ~ s(abund_cov, k = 4) + s(abund_fac, bs = "re") [nmix()]	unresolved	311	false		nmix_synth	exact-metadata		unresolved	stanblocks_plate	faithful-candidate: structured latent/time-series cells exceed an ordinary population formula	unresolved-family		family is not explicit or defensibly inferred	obs,y,det_cov,det_cov2,trend,abund_cov,abund_fac,re	trend	synthetic n=12; positive continuous predictors; integer groups; family-valid outcome
nmix_detection	true		synthetic	https://nicholasjclark.github.io/mvgam/articles/nmixtures.html	false	05c3f465e7987e8d7caa7e214fedddd90415a922	323	nmix_detection	mvgam	scripts/examples/mvgam.jl	obs: y ~ s(det_cov, k = 4) + s(det_cov2, k = 4) | trend: ~ s(abund_cov, k = 4) + s(abund_fac, bs = "re") [nmix()]	true	N-Mixture — Smooth Detection and Abundance Sub-Models	obs: y ~ s(det_cov, k = 4) + s(det_cov2, k = 4) | trend: ~ s(abund_cov, k = 4) + s(abund_fac, bs = "re") [nmix()]	unresolved	311	false		nmix_synth	inferred-family		unresolved	stanblocks_plate	faithful-candidate: structured latent/time-series cells exceed an ordinary population formula	unresolved-family		family is not explicit or defensibly inferred	obs,y,det_cov,det_cov2,trend,abund_cov,abund_fac,re	trend	synthetic n=12; positive continuous predictors; integer groups; family-valid outcome
sleepstudy_slope	true		https://vincentarelbundock.github.io/Rdatasets/csv/lme4/sleepstudy.csv	https://cran.r-project.org/web/packages/lme4/vignettes/lmer.pdf	false	05c3f465e7987e8d7caa7e214fedddd90415a922	103	sleep_deprivation	lme4	scripts/examples/lme4.jl	Reaction ~ Days + (Days | Subject)	true	Sleep Deprivation — Correlated Random Slopes	Reaction ~ Days + (Days | Subject)	explicit	312	false	gaussian	sleepstudy	exact-metadata	gaussian	explicit	ordinary_brm	direct population/likelihood route when the family and terms are supported	ready	loc ~ Days + (Days | Subject)\nlog(sigma) ~ 1\nReaction ~ Normal(loc, sigma)	explicit Normal likelihood; residual scale estimated on log scale	Reaction,Days,Subject	Subject	synthetic n=12; positive continuous predictors; integer groups; family-valid outcome
sleepstudy_slope	true		https://vincentarelbundock.github.io/Rdatasets/csv/lme4/sleepstudy.csv	https://cran.r-project.org/web/packages/lme4/vignettes/lmer.pdf	false	05c3f465e7987e8d7caa7e214fedddd90415a922	103	sleep_deprivation	lme4	scripts/examples/lme4.jl	Reaction ~ Days + (Days | Subject)	true	Sleep Deprivation — Correlated Random Slopes	Reaction ~ Days + (Days | Subject)	explicit	312	false	gaussian	sleepstudy	inferred-family	gaussian	explicit	ordinary_brm	direct population/likelihood route when the family and terms are supported	ready	loc ~ Days + (Days | Subject)\nlog(sigma) ~ 1\nReaction ~ Normal(loc, sigma)	explicit Normal likelihood; residual scale estimated on log scale	Reaction,Days,Subject	Subject	synthetic n=12; positive continuous predictors; integer groups; family-valid outcome
sleepstudy_uncorr	true		https://vincentarelbundock.github.io/Rdatasets/csv/lme4/sleepstudy.csv	https://cran.r-project.org/web/packages/lme4/vignettes/lmer.pdf	false	05c3f465e7987e8d7caa7e214fedddd90415a922	123	sleep_deprivation	lme4	scripts/examples/lme4.jl	Reaction ~ Days + (Days || Subject)	true	Sleep Deprivation — Uncorrelated Random Slopes	Reaction ~ Days + (Days || Subject)	explicit	313	false	gaussian	sleepstudy	exact-metadata	gaussian	explicit	ordinary_brm	direct population/likelihood route when the family and terms are supported	ready	loc ~ Days + (Days || Subject)\nlog(sigma) ~ 1\nReaction ~ Normal(loc, sigma)	explicit Normal likelihood; residual scale estimated on log scale	Reaction,Days,Subject	Subject	synthetic n=12; positive continuous predictors; integer groups; family-valid outcome
sleepstudy_uncorr	true		https://vincentarelbundock.github.io/Rdatasets/csv/lme4/sleepstudy.csv	https://cran.r-project.org/web/packages/lme4/vignettes/lmer.pdf	false	05c3f465e7987e8d7caa7e214fedddd90415a922	123	sleep_deprivation	lme4	scripts/examples/lme4.jl	Reaction ~ Days + (Days || Subject)	true	Sleep Deprivation — Uncorrelated Random Slopes	Reaction ~ Days + (Days || Subject)	explicit	313	false	gaussian	sleepstudy	inferred-family	gaussian	explicit	ordinary_brm	direct population/likelihood route when the family and terms are supported	ready	loc ~ Days + (Days || Subject)\nlog(sigma) ~ 1\nReaction ~ Normal(loc, sigma)	explicit Normal likelihood; residual scale estimated on log scale	Reaction,Days,Subject	Subject	synthetic n=12; positive continuous predictors; integer groups; family-valid outcome
dyestuff_re	true		https://vincentarelbundock.github.io/Rdatasets/csv/lme4/Dyestuff.csv	https://doi.org/10.18637/jss.v067.i01	false	05c3f465e7987e8d7caa7e214fedddd90415a922	144	dyestuff	lme4	scripts/examples/lme4.jl	Yield ~ 1 + (1 | Batch)	true	Dyestuff — Minimal Random-Intercept LMM	Yield ~ 1 + (1 | Batch)	explicit	314	false	gaussian	dyestuff	exact-metadata	gaussian	explicit	ordinary_brm	direct population/likelihood route when the family and terms are supported	ready	loc ~ 1 + (1 | Batch)\nlog(sigma) ~ 1\nYield ~ Normal(loc, sigma)	explicit Normal likelihood; residual scale estimated on log scale	Yield,Batch	Batch	synthetic n=12; positive continuous predictors; integer groups; family-valid outcome
dyestuff_re	true		https://vincentarelbundock.github.io/Rdatasets/csv/lme4/Dyestuff.csv	https://doi.org/10.18637/jss.v067.i01	false	05c3f465e7987e8d7caa7e214fedddd90415a922	144	dyestuff	lme4	scripts/examples/lme4.jl	Yield ~ 1 + (1 | Batch)	true	Dyestuff — Minimal Random-Intercept LMM	Yield ~ 1 + (1 | Batch)	explicit	314	false	gaussian	dyestuff	inferred-family	gaussian	explicit	ordinary_brm	direct population/likelihood route when the family and terms are supported	ready	loc ~ 1 + (1 | Batch)\nlog(sigma) ~ 1\nYield ~ Normal(loc, sigma)	explicit Normal likelihood; residual scale estimated on log scale	Yield,Batch	Batch	synthetic n=12; positive continuous predictors; integer groups; family-valid outcome
lme4_cbpp_glmm	true		https://vincentarelbundock.github.io/Rdatasets/csv/lme4/cbpp.csv	https://doi.org/10.18637/jss.v067.i01	false	05c3f465e7987e8d7caa7e214fedddd90415a922	164	cbpp	lme4	scripts/examples/lme4.jl	cbind(incidence, size - incidence) ~ period + (1 | herd)	true	CBPP — Binomial GLMM (lme4 syntax)	cbind(incidence, size - incidence) ~ period + (1 | herd)	explicit	315	false	binomial	lme4_cbpp	exact-metadata	binomial	explicit	ordinary_brm	direct population/likelihood route when the family and terms are supported	ready	log_odds ~ period + (1 | herd)\nincidence ~ BinomialLogit(incidence + size - incidence, log_odds)	trials/cbind response lowered to explicit BinomialLogit	incidence,size,period,herd	herd	synthetic n=12; positive continuous predictors; integer groups; family-valid outcome
lme4_cbpp_glmm	true		https://vincentarelbundock.github.io/Rdatasets/csv/lme4/cbpp.csv	https://doi.org/10.18637/jss.v067.i01	false	05c3f465e7987e8d7caa7e214fedddd90415a922	164	cbpp	lme4	scripts/examples/lme4.jl	cbind(incidence, size - incidence) ~ period + (1 | herd)	true	CBPP — Binomial GLMM (lme4 syntax)	cbind(incidence, size - incidence) ~ period + (1 | herd)	explicit	315	false	binomial	lme4_cbpp	inferred-family	binomial	explicit	ordinary_brm	direct population/likelihood route when the family and terms are supported	ready	log_odds ~ period + (1 | herd)\nincidence ~ BinomialLogit(incidence + size - incidence, log_odds)	trials/cbind response lowered to explicit BinomialLogit	incidence,size,period,herd	herd	synthetic n=12; positive continuous predictors; integer groups; family-valid outcome
penicillin_crossed	true		https://vincentarelbundock.github.io/Rdatasets/csv/lme4/Penicillin.csv	https://doi.org/10.18637/jss.v067.i01	false	05c3f465e7987e8d7caa7e214fedddd90415a922	187	penicillin	lme4	scripts/examples/lme4.jl	diameter ~ 1 + (1 | plate) + (1 | sample)	true	Penicillin — Crossed Random Intercepts	diameter ~ 1 + (1 | plate) + (1 | sample)	explicit	316	false	gaussian	penicillin	exact-metadata	gaussian	explicit	ordinary_brm	direct population/likelihood route when the family and terms are supported	ready	loc ~ 1 + (1 | plate) + (1 | sample)\nlog(sigma) ~ 1\ndiameter ~ Normal(loc, sigma)	explicit Normal likelihood; residual scale estimated on log scale	diameter,plate,sample	plate,sample	synthetic n=12; positive continuous predictors; integer groups; family-valid outcome
penicillin_crossed	true		https://vincentarelbundock.github.io/Rdatasets/csv/lme4/Penicillin.csv	https://doi.org/10.18637/jss.v067.i01	false	05c3f465e7987e8d7caa7e214fedddd90415a922	187	penicillin	lme4	scripts/examples/lme4.jl	diameter ~ 1 + (1 | plate) + (1 | sample)	true	Penicillin — Crossed Random Intercepts	diameter ~ 1 + (1 | plate) + (1 | sample)	explicit	316	false	gaussian	penicillin	inferred-family	gaussian	explicit	ordinary_brm	direct population/likelihood route when the family and terms are supported	ready	loc ~ 1 + (1 | plate) + (1 | sample)\nlog(sigma) ~ 1\ndiameter ~ Normal(loc, sigma)	explicit Normal likelihood; residual scale estimated on log scale	diameter,plate,sample	plate,sample	synthetic n=12; positive continuous predictors; integer groups; family-valid outcome
pastes_nested	true		https://vincentarelbundock.github.io/Rdatasets/csv/lme4/Pastes.csv	https://doi.org/10.18637/jss.v067.i01	false	05c3f465e7987e8d7caa7e214fedddd90415a922	207	pastes	lme4	scripts/examples/lme4.jl	strength ~ (1 | batch/cask)	true	Pastes — Nested Random Effects	strength ~ (1 | batch/cask)	explicit	317	false	gaussian	pastes	exact-metadata	gaussian	explicit	ordinary_brm	direct population/likelihood route when the family and terms are supported	unsupported		nested/composite grouping factors require an explicit derived group id or reviewed gr(...; by=...) design	strength,batch,cask	batch	synthetic n=12; positive continuous predictors; integer groups; family-valid outcome
pastes_nested	true		https://vincentarelbundock.github.io/Rdatasets/csv/lme4/Pastes.csv	https://doi.org/10.18637/jss.v067.i01	false	05c3f465e7987e8d7caa7e214fedddd90415a922	207	pastes	lme4	scripts/examples/lme4.jl	strength ~ (1 | batch/cask)	true	Pastes — Nested Random Effects	strength ~ (1 | batch/cask)	explicit	317	false	gaussian	pastes	inferred-family	gaussian	explicit	ordinary_brm	direct population/likelihood route when the family and terms are supported	unsupported		nested/composite grouping factors require an explicit derived group id or reviewed gr(...; by=...) design	strength,batch,cask	batch	synthetic n=12; positive continuous predictors; integer groups; family-valid outcome
verbagg_crossed	true		https://vincentarelbundock.github.io/Rdatasets/csv/lme4/VerbAgg.csv	https://doi.org/10.18637/jss.v067.i01	false	05c3f465e7987e8d7caa7e214fedddd90415a922	227	verbal_aggression	lme4	scripts/examples/lme4.jl	r2 ~ Anger + Gender + btype + situ + (1 | id) + (1 | item)	true	Verbal Aggression — Bernoulli GLMM, Crossed Random Effects	r2 ~ Anger + Gender + btype + situ + (1 | id) + (1 | item)	explicit	318	false	binomial	verbagg	exact-metadata	binomial	explicit	ordinary_brm	direct population/likelihood route when the family and terms are supported	unsupported		binomial size is absent; refusing to guess Bernoulli versus grouped Binomial	r2,Anger,Gender,btype,situ,id,item	id,item	synthetic n=12; positive continuous predictors; integer groups; family-valid outcome
verbagg_crossed	true		https://vincentarelbundock.github.io/Rdatasets/csv/lme4/VerbAgg.csv	https://doi.org/10.18637/jss.v067.i01	false	05c3f465e7987e8d7caa7e214fedddd90415a922	227	verbal_aggression	lme4	scripts/examples/lme4.jl	r2 ~ Anger + Gender + btype + situ + (1 | id) + (1 | item)	true	Verbal Aggression — Bernoulli GLMM, Crossed Random Effects	r2 ~ Anger + Gender + btype + situ + (1 | id) + (1 | item)	explicit	318	false	binomial	verbagg	inferred-family	binomial	explicit	ordinary_brm	direct population/likelihood route when the family and terms are supported	unsupported		binomial size is absent; refusing to guess Bernoulli versus grouped Binomial	r2,Anger,Gender,btype,situ,id,item	id,item	synthetic n=12; positive continuous predictors; integer groups; family-valid outcome
contraception_urban	true		https://vincentarelbundock.github.io/Rdatasets/csv/mlmRev/Contraception.csv	https://cran.r-project.org/package=lme4	false	05c3f465e7987e8d7caa7e214fedddd90415a922	250	contraception	lme4	scripts/examples/lme4.jl	use ~ age + I(age^2) + livch + urban + (urban | district)	true	Contraception — Binomial GLMM with Random Slopes	use ~ age + I(age^2) + livch + urban + (urban | district)	explicit	319	false	binomial	contraception	exact-metadata	binomial	explicit	ordinary_brm	direct population/likelihood route when the family and terms are supported	unsupported		binomial size is absent; refusing to guess Bernoulli versus grouped Binomial	use,age,livch,urban,district	district	synthetic n=12; positive continuous predictors; integer groups; family-valid outcome
contraception_urban	true		https://vincentarelbundock.github.io/Rdatasets/csv/mlmRev/Contraception.csv	https://cran.r-project.org/package=lme4	false	05c3f465e7987e8d7caa7e214fedddd90415a922	250	contraception	lme4	scripts/examples/lme4.jl	use ~ age + I(age^2) + livch + urban + (urban | district)	true	Contraception — Binomial GLMM with Random Slopes	use ~ age + I(age^2) + livch + urban + (urban | district)	explicit	319	false	binomial	contraception	inferred-family	binomial	explicit	ordinary_brm	direct population/likelihood route when the family and terms are supported	unsupported		binomial size is absent; refusing to guess Bernoulli versus grouped Binomial	use,age,livch,urban,district	district	synthetic n=12; positive continuous predictors; integer groups; family-valid outcome
dyestuff_re	true		https://vincentarelbundock.github.io/Rdatasets/csv/lme4/Dyestuff.csv	https://juliastats.org/MixedModels.jl/stable/constructors/	false	05c3f465e7987e8d7caa7e214fedddd90415a922	93	dyestuff	mixed_models_jl	scripts/examples/mixed_models_jl.jl	Yield ~ 1 + (1 | Batch)	true	Dyestuff — Minimal Random-Intercept LMM	Yield ~ 1 + (1 | Batch)	explicit	320	false	gaussian	dyestuff	exact-metadata	gaussian	explicit	ordinary_brm	direct population/likelihood route when the family and terms are supported	ready	loc ~ 1 + (1 | Batch)\nlog(sigma) ~ 1\nYield ~ Normal(loc, sigma)	explicit Normal likelihood; residual scale estimated on log scale	Yield,Batch	Batch	synthetic n=12; positive continuous predictors; integer groups; family-valid outcome
dyestuff_re	true		https://vincentarelbundock.github.io/Rdatasets/csv/lme4/Dyestuff.csv	https://juliastats.org/MixedModels.jl/stable/constructors/	false	05c3f465e7987e8d7caa7e214fedddd90415a922	93	dyestuff	mixed_models_jl	scripts/examples/mixed_models_jl.jl	Yield ~ 1 + (1 | Batch)	true	Dyestuff — Minimal Random-Intercept LMM	Yield ~ 1 + (1 | Batch)	explicit	320	false	gaussian	dyestuff	inferred-family	gaussian	explicit	ordinary_brm	direct population/likelihood route when the family and terms are supported	ready	loc ~ 1 + (1 | Batch)\nlog(sigma) ~ 1\nYield ~ Normal(loc, sigma)	explicit Normal likelihood; residual scale estimated on log scale	Yield,Batch	Batch	synthetic n=12; positive continuous predictors; integer groups; family-valid outcome
sleepstudy_slope	true		https://vincentarelbundock.github.io/Rdatasets/csv/lme4/sleepstudy.csv	https://juliastats.org/MixedModels.jl/stable/constructors/	false	05c3f465e7987e8d7caa7e214fedddd90415a922	116	sleep_deprivation	mixed_models_jl	scripts/examples/mixed_models_jl.jl	Reaction ~ 1 + Days + (1 + Days | Subject)	true	Sleep Deprivation — Correlated Random Slopes	Reaction ~ 1 + Days + (1 + Days | Subject)	explicit	321	false	gaussian	sleepstudy	exact-metadata	gaussian	explicit	ordinary_brm	direct population/likelihood route when the family and terms are supported	ready	loc ~ 1 + Days + (1 + Days | Subject)\nlog(sigma) ~ 1\nReaction ~ Normal(loc, sigma)	explicit Normal likelihood; residual scale estimated on log scale	Reaction,Days,Subject	Subject	synthetic n=12; positive continuous predictors; integer groups; family-valid outcome
sleepstudy_slope	true		https://vincentarelbundock.github.io/Rdatasets/csv/lme4/sleepstudy.csv	https://juliastats.org/MixedModels.jl/stable/constructors/	false	05c3f465e7987e8d7caa7e214fedddd90415a922	116	sleep_deprivation	mixed_models_jl	scripts/examples/mixed_models_jl.jl	Reaction ~ 1 + Days + (1 + Days | Subject)	true	Sleep Deprivation — Correlated Random Slopes	Reaction ~ 1 + Days + (1 + Days | Subject)	explicit	321	false	gaussian	sleepstudy	inferred-family	gaussian	explicit	ordinary_brm	direct population/likelihood route when the family and terms are supported	ready	loc ~ 1 + Days + (1 + Days | Subject)\nlog(sigma) ~ 1\nReaction ~ Normal(loc, sigma)	explicit Normal likelihood; residual scale estimated on log scale	Reaction,Days,Subject	Subject	synthetic n=12; positive continuous predictors; integer groups; family-valid outcome
sleepstudy_zerocorr	true		https://vincentarelbundock.github.io/Rdatasets/csv/lme4/sleepstudy.csv	https://juliastats.org/MixedModels.jl/stable/constructors/	false	05c3f465e7987e8d7caa7e214fedddd90415a922	136	sleep_deprivation	mixed_models_jl	scripts/examples/mixed_models_jl.jl	Reaction ~ 1 + Days + zerocorr(1 + Days | Subject)	true	Sleep Deprivation — Uncorrelated Random Slopes (zerocorr)	Reaction ~ 1 + Days + zerocorr(1 + Days | Subject)	explicit	322	false	gaussian	sleepstudy	exact-metadata	gaussian	explicit	ordinary_brm	direct population/likelihood route when the family and terms are supported	ready	loc ~ 1 + Days + (1 + Days  || Subject)\nlog(sigma) ~ 1\nReaction ~ Normal(loc, sigma)	explicit Normal likelihood; residual scale estimated on log scale	Reaction,Days,Subject	Subject	synthetic n=12; positive continuous predictors; integer groups; family-valid outcome
sleepstudy_zerocorr	true		https://vincentarelbundock.github.io/Rdatasets/csv/lme4/sleepstudy.csv	https://juliastats.org/MixedModels.jl/stable/constructors/	false	05c3f465e7987e8d7caa7e214fedddd90415a922	136	sleep_deprivation	mixed_models_jl	scripts/examples/mixed_models_jl.jl	Reaction ~ 1 + Days + zerocorr(1 + Days | Subject)	true	Sleep Deprivation — Uncorrelated Random Slopes (zerocorr)	Reaction ~ 1 + Days + zerocorr(1 + Days | Subject)	explicit	322	false	gaussian	sleepstudy	inferred-family	gaussian	explicit	ordinary_brm	direct population/likelihood route when the family and terms are supported	ready	loc ~ 1 + Days + (1 + Days  || Subject)\nlog(sigma) ~ 1\nReaction ~ Normal(loc, sigma)	explicit Normal likelihood; residual scale estimated on log scale	Reaction,Days,Subject	Subject	synthetic n=12; positive continuous predictors; integer groups; family-valid outcome
penicillin_crossed	true		https://vincentarelbundock.github.io/Rdatasets/csv/lme4/Penicillin.csv	https://juliastats.org/MixedModels.jl/stable/constructors/	false	05c3f465e7987e8d7caa7e214fedddd90415a922	157	penicillin	mixed_models_jl	scripts/examples/mixed_models_jl.jl	diameter ~ 1 + (1 | plate) + (1 | sample)	true	Penicillin — Crossed Random Intercepts	diameter ~ 1 + (1 | plate) + (1 | sample)	explicit	323	false	gaussian	penicillin	exact-metadata	gaussian	explicit	ordinary_brm	direct population/likelihood route when the family and terms are supported	ready	loc ~ 1 + (1 | plate) + (1 | sample)\nlog(sigma) ~ 1\ndiameter ~ Normal(loc, sigma)	explicit Normal likelihood; residual scale estimated on log scale	diameter,plate,sample	plate,sample	synthetic n=12; positive continuous predictors; integer groups; family-valid outcome
penicillin_crossed	true		https://vincentarelbundock.github.io/Rdatasets/csv/lme4/Penicillin.csv	https://juliastats.org/MixedModels.jl/stable/constructors/	false	05c3f465e7987e8d7caa7e214fedddd90415a922	157	penicillin	mixed_models_jl	scripts/examples/mixed_models_jl.jl	diameter ~ 1 + (1 | plate) + (1 | sample)	true	Penicillin — Crossed Random Intercepts	diameter ~ 1 + (1 | plate) + (1 | sample)	explicit	323	false	gaussian	penicillin	inferred-family	gaussian	explicit	ordinary_brm	direct population/likelihood route when the family and terms are supported	ready	loc ~ 1 + (1 | plate) + (1 | sample)\nlog(sigma) ~ 1\ndiameter ~ Normal(loc, sigma)	explicit Normal likelihood; residual scale estimated on log scale	diameter,plate,sample	plate,sample	synthetic n=12; positive continuous predictors; integer groups; family-valid outcome
pastes_nested	true		https://vincentarelbundock.github.io/Rdatasets/csv/lme4/Pastes.csv	https://juliastats.org/MixedModels.jl/stable/constructors/	false	05c3f465e7987e8d7caa7e214fedddd90415a922	178	pastes	mixed_models_jl	scripts/examples/mixed_models_jl.jl	strength ~ 1 + (1 | batch/cask)	true	Pastes — Nested Random Effects	strength ~ 1 + (1 | batch/cask)	explicit	324	false	gaussian	pastes	exact-metadata	gaussian	explicit	ordinary_brm	direct population/likelihood route when the family and terms are supported	unsupported		nested/composite grouping factors require an explicit derived group id or reviewed gr(...; by=...) design	strength,batch,cask	batch	synthetic n=12; positive continuous predictors; integer groups; family-valid outcome
pastes_nested	true		https://vincentarelbundock.github.io/Rdatasets/csv/lme4/Pastes.csv	https://juliastats.org/MixedModels.jl/stable/constructors/	false	05c3f465e7987e8d7caa7e214fedddd90415a922	178	pastes	mixed_models_jl	scripts/examples/mixed_models_jl.jl	strength ~ 1 + (1 | batch/cask)	true	Pastes — Nested Random Effects	strength ~ 1 + (1 | batch/cask)	explicit	324	false	gaussian	pastes	inferred-family	gaussian	explicit	ordinary_brm	direct population/likelihood route when the family and terms are supported	unsupported		nested/composite grouping factors require an explicit derived group id or reviewed gr(...; by=...) design	strength,batch,cask	batch	synthetic n=12; positive continuous predictors; integer groups; family-valid outcome
verbagg_crossed	true		https://vincentarelbundock.github.io/Rdatasets/csv/lme4/VerbAgg.csv	https://juliastats.org/MixedModels.jl/stable/constructors/	false	05c3f465e7987e8d7caa7e214fedddd90415a922	198	verbal_aggression	mixed_models_jl	scripts/examples/mixed_models_jl.jl	r2 ~ 1 + Anger + Gender + btype + situ + (1 | id) + (1 | item)	true	Verbal Aggression — Bernoulli GLMM, Crossed Random Effects	r2 ~ 1 + Anger + Gender + btype + situ + (1 | id) + (1 | item)	explicit	325	false	bernoulli	verbagg	exact-metadata	bernoulli	explicit	ordinary_brm	direct population/likelihood route when the family and terms are supported	ready	log_odds ~ 1 + Anger + Gender + btype + situ + (1 | id) + (1 | item)\nr2 ~ BernoulliLogit(log_odds)	explicit Bernoulli-logit likelihood	r2,Anger,Gender,btype,situ,id,item	id,item	synthetic n=12; positive continuous predictors; integer groups; family-valid outcome
verbagg_crossed	true		https://vincentarelbundock.github.io/Rdatasets/csv/lme4/VerbAgg.csv	https://juliastats.org/MixedModels.jl/stable/constructors/	false	05c3f465e7987e8d7caa7e214fedddd90415a922	198	verbal_aggression	mixed_models_jl	scripts/examples/mixed_models_jl.jl	r2 ~ 1 + Anger + Gender + btype + situ + (1 | id) + (1 | item)	true	Verbal Aggression — Bernoulli GLMM, Crossed Random Effects	r2 ~ 1 + Anger + Gender + btype + situ + (1 | id) + (1 | item)	explicit	325	false	bernoulli	verbagg	inferred-family	bernoulli	explicit	ordinary_brm	direct population/likelihood route when the family and terms are supported	ready	log_odds ~ 1 + Anger + Gender + btype + situ + (1 | id) + (1 | item)\nr2 ~ BernoulliLogit(log_odds)	explicit Bernoulli-logit likelihood	r2,Anger,Gender,btype,situ,id,item	id,item	synthetic n=12; positive continuous predictors; integer groups; family-valid outcome
contraception_glmm	true		https://vincentarelbundock.github.io/Rdatasets/csv/mlmRev/Contraception.csv	https://juliastats.org/MixedModels.jl/stable/constructors/	false	05c3f465e7987e8d7caa7e214fedddd90415a922	222	contraception	mixed_models_jl	scripts/examples/mixed_models_jl.jl	use ~ 1 + age + abs2(age) + livch + urban + (1 | district)	true	Contraception — Bernoulli GLMM with Polynomial Age	use ~ 1 + age + abs2(age) + livch + urban + (1 | district)	explicit	326	false	bernoulli	contraception	exact-metadata	bernoulli	explicit	ordinary_brm	direct population/likelihood route when the family and terms are supported	ready	log_odds ~ 1 + age + abs2(age) + livch + urban + (1 | district)\nuse ~ BernoulliLogit(log_odds)	explicit Bernoulli-logit likelihood	use,age,livch,urban,district	district	synthetic n=12; positive continuous predictors; integer groups; family-valid outcome
contraception_glmm	true		https://vincentarelbundock.github.io/Rdatasets/csv/mlmRev/Contraception.csv	https://juliastats.org/MixedModels.jl/stable/constructors/	false	05c3f465e7987e8d7caa7e214fedddd90415a922	222	contraception	mixed_models_jl	scripts/examples/mixed_models_jl.jl	use ~ 1 + age + abs2(age) + livch + urban + (1 | district)	true	Contraception — Bernoulli GLMM with Polynomial Age	use ~ 1 + age + abs2(age) + livch + urban + (1 | district)	explicit	326	false	bernoulli	contraception	inferred-family	bernoulli	explicit	ordinary_brm	direct population/likelihood route when the family and terms are supported	ready	log_odds ~ 1 + age + abs2(age) + livch + urban + (1 | district)\nuse ~ BernoulliLogit(log_odds)	explicit Bernoulli-logit likelihood	use,age,livch,urban,district	district	synthetic n=12; positive continuous predictors; integer groups; family-valid outcome
cement_lm	true		https://vincentarelbundock.github.io/Rdatasets/csv/MASS/cement.csv	https://becarioprecario.bitbucket.io/inla-gitbook/ch-INLA.html	false	05c3f465e7987e8d7caa7e214fedddd90415a922	176	cement	inla	scripts/examples/inla.jl	y ~ x1 + x2 + x3 + x4	true	Cement — Gaussian Linear Model (no random effects)	y ~ x1 + x2 + x3 + x4	unresolved	327	false		cement	exact-metadata		unresolved	ordinary_brm	direct population/likelihood route when the family and terms are supported	unresolved-family		family is not explicit or defensibly inferred	y,x1,x2,x3,x4		synthetic n=12; positive continuous predictors; integer groups; family-valid outcome
cement_lm	true		https://vincentarelbundock.github.io/Rdatasets/csv/MASS/cement.csv	https://becarioprecario.bitbucket.io/inla-gitbook/ch-INLA.html	false	05c3f465e7987e8d7caa7e214fedddd90415a922	176	cement	inla	scripts/examples/inla.jl	y ~ x1 + x2 + x3 + x4	true	Cement — Gaussian Linear Model (no random effects)	y ~ x1 + x2 + x3 + x4	unresolved	327	false		cement	inferred-family	gaussian	inferred-from-name	ordinary_brm	direct population/likelihood route when the family and terms are supported	ready	loc ~ x1 + x2 + x3 + x4\nlog(sigma) ~ 1\ny ~ Normal(loc, sigma)	explicit Normal likelihood; residual scale estimated on log scale	y,x1,x2,x3,x4		synthetic n=12; positive continuous predictors; integer groups; family-valid outcome
penicillin_iid	true		https://vincentarelbundock.github.io/Rdatasets/csv/lme4/Penicillin.csv	https://becarioprecario.bitbucket.io/inla-gitbook/ch-multilevel.html	false	05c3f465e7987e8d7caa7e214fedddd90415a922	194	penicillin	inla	scripts/examples/inla.jl	diameter ~ 1 + sample + f(plate_id, model = 'iid')	true	Penicillin — Gaussian GLMM with IID Random Intercept	diameter ~ 1 + sample + f(plate_id, model = 'iid')	unresolved	328	false		penicillin	exact-metadata		unresolved	stanblocks_plate	faithful-candidate: INLA latent/group term requires an explicit plate declaration	unresolved-family		family is not explicit or defensibly inferred	diameter,sample,plate_id,iid		synthetic n=12; positive continuous predictors; integer groups; family-valid outcome
penicillin_iid	true		https://vincentarelbundock.github.io/Rdatasets/csv/lme4/Penicillin.csv	https://becarioprecario.bitbucket.io/inla-gitbook/ch-multilevel.html	false	05c3f465e7987e8d7caa7e214fedddd90415a922	194	penicillin	inla	scripts/examples/inla.jl	diameter ~ 1 + sample + f(plate_id, model = 'iid')	true	Penicillin — Gaussian GLMM with IID Random Intercept	diameter ~ 1 + sample + f(plate_id, model = 'iid')	unresolved	328	false		penicillin	inferred-family	gaussian	inferred-from-name	stanblocks_plate	faithful-candidate: INLA latent/group term requires an explicit plate declaration	route-specific		requires a faithful stanblocks_plate implementation; no ordinary-formula substitute	diameter,sample,plate_id,iid		synthetic n=12; positive continuous predictors; integer groups; family-valid outcome
sleepstudy_iid	true		https://vincentarelbundock.github.io/Rdatasets/csv/lme4/sleepstudy.csv	https://becarioprecario.bitbucket.io/inla-gitbook/ch-multilevel.html	false	05c3f465e7987e8d7caa7e214fedddd90415a922	209	sleepstudy	inla	scripts/examples/inla.jl	Reaction ~ 1 + Days + f(subject_id, model = 'iid')	true	Sleep Deprivation — Gaussian GLMM with IID Random Intercept	Reaction ~ 1 + Days + f(subject_id, model = 'iid')	unresolved	329	false		sleepstudy_inla	exact-metadata		unresolved	stanblocks_plate	faithful-candidate: INLA latent/group term requires an explicit plate declaration	unresolved-family		family is not explicit or defensibly inferred	Reaction,Days,subject_id,iid		synthetic n=12; positive continuous predictors; integer groups; family-valid outcome
sleepstudy_iid	true		https://vincentarelbundock.github.io/Rdatasets/csv/lme4/sleepstudy.csv	https://becarioprecario.bitbucket.io/inla-gitbook/ch-multilevel.html	false	05c3f465e7987e8d7caa7e214fedddd90415a922	209	sleepstudy	inla	scripts/examples/inla.jl	Reaction ~ 1 + Days + f(subject_id, model = 'iid')	true	Sleep Deprivation — Gaussian GLMM with IID Random Intercept	Reaction ~ 1 + Days + f(subject_id, model = 'iid')	unresolved	329	false		sleepstudy_inla	inferred-family	gaussian	inferred-from-name	stanblocks_plate	faithful-candidate: INLA latent/group term requires an explicit plate declaration	route-specific		requires a faithful stanblocks_plate implementation; no ordinary-formula substitute	Reaction,Days,subject_id,iid		synthetic n=12; positive continuous predictors; integer groups; family-valid outcome
sleepstudy_slopes	true		https://vincentarelbundock.github.io/Rdatasets/csv/lme4/sleepstudy.csv	https://becarioprecario.bitbucket.io/inla-gitbook/ch-multilevel.html	false	05c3f465e7987e8d7caa7e214fedddd90415a922	224	sleepstudy	inla	scripts/examples/inla.jl	Reaction ~ 1 + f(subject_id, Days, model = 'iid')	true	Sleep Deprivation — Gaussian GLMM with IID Random Slopes	Reaction ~ 1 + f(subject_id, Days, model = 'iid')	unresolved	330	false		sleepstudy_inla	exact-metadata		unresolved	stanblocks_plate	faithful-candidate: INLA latent/group term requires an explicit plate declaration	unresolved-family		family is not explicit or defensibly inferred	Reaction,subject_id,Days,iid		synthetic n=12; positive continuous predictors; integer groups; family-valid outcome
sleepstudy_slopes	true		https://vincentarelbundock.github.io/Rdatasets/csv/lme4/sleepstudy.csv	https://becarioprecario.bitbucket.io/inla-gitbook/ch-multilevel.html	false	05c3f465e7987e8d7caa7e214fedddd90415a922	224	sleepstudy	inla	scripts/examples/inla.jl	Reaction ~ 1 + f(subject_id, Days, model = 'iid')	true	Sleep Deprivation — Gaussian GLMM with IID Random Slopes	Reaction ~ 1 + f(subject_id, Days, model = 'iid')	unresolved	330	false		sleepstudy_inla	inferred-family	gaussian	inferred-from-name	stanblocks_plate	faithful-candidate: INLA latent/group term requires an explicit plate declaration	route-specific		requires a faithful stanblocks_plate implementation; no ordinary-formula substitute	Reaction,subject_id,Days,iid		synthetic n=12; positive continuous predictors; integer groups; family-valid outcome
airp_rw1	true		synthetic	https://becarioprecario.bitbucket.io/inla-gitbook/ch-temporal.html	false	05c3f465e7987e8d7caa7e214fedddd90415a922	241	airpassengers_temporal	inla	scripts/examples/inla.jl	log_y ~ 0 + f(t, model = 'rw1')	true	Airline Passengers — Random Walk (RW1) Temporal Smoothing	log_y ~ 0 + f(t, model = 'rw1')	unresolved	331	false		airpassengers	exact-metadata		unresolved	stanblocks_plate	faithful-candidate: INLA latent/group term requires an explicit plate declaration	unresolved-family		family is not explicit or defensibly inferred	log_y,t,rw1		synthetic n=12; positive continuous predictors; integer groups; family-valid outcome
airp_rw1	true		synthetic	https://becarioprecario.bitbucket.io/inla-gitbook/ch-temporal.html	false	05c3f465e7987e8d7caa7e214fedddd90415a922	241	airpassengers_temporal	inla	scripts/examples/inla.jl	log_y ~ 0 + f(t, model = 'rw1')	true	Airline Passengers — Random Walk (RW1) Temporal Smoothing	log_y ~ 0 + f(t, model = 'rw1')	unresolved	331	false		airpassengers	inferred-family		unresolved	stanblocks_plate	faithful-candidate: INLA latent/group term requires an explicit plate declaration	unresolved-family		family is not explicit or defensibly inferred	log_y,t,rw1		synthetic n=12; positive continuous predictors; integer groups; family-valid outcome
airp_rw2	true		synthetic	https://becarioprecario.bitbucket.io/inla-gitbook/ch-temporal.html	false	05c3f465e7987e8d7caa7e214fedddd90415a922	257	airpassengers_temporal	inla	scripts/examples/inla.jl	log_y ~ 0 + f(t, model = 'rw2')	true	Airline Passengers — Random Walk (RW2) Temporal Smoothing	log_y ~ 0 + f(t, model = 'rw2')	unresolved	332	false		airpassengers	exact-metadata		unresolved	stanblocks_plate	faithful-candidate: INLA latent/group term requires an explicit plate declaration	unresolved-family		family is not explicit or defensibly inferred	log_y,t,rw2		synthetic n=12; positive continuous predictors; integer groups; family-valid outcome
airp_rw2	true		synthetic	https://becarioprecario.bitbucket.io/inla-gitbook/ch-temporal.html	false	05c3f465e7987e8d7caa7e214fedddd90415a922	257	airpassengers_temporal	inla	scripts/examples/inla.jl	log_y ~ 0 + f(t, model = 'rw2')	true	Airline Passengers — Random Walk (RW2) Temporal Smoothing	log_y ~ 0 + f(t, model = 'rw2')	unresolved	332	false		airpassengers	inferred-family		unresolved	stanblocks_plate	faithful-candidate: INLA latent/group term requires an explicit plate declaration	unresolved-family		family is not explicit or defensibly inferred	log_y,t,rw2		synthetic n=12; positive continuous predictors; integer groups; family-valid outcome
airp_ar1	true		synthetic	https://becarioprecario.bitbucket.io/inla-gitbook/ch-temporal.html	false	05c3f465e7987e8d7caa7e214fedddd90415a922	272	airpassengers_temporal	inla	scripts/examples/inla.jl	log_y ~ 0 + f(t, model = 'ar1')	true	Airline Passengers — AR(1) Temporal Process	log_y ~ 0 + f(t, model = 'ar1')	unresolved	333	false		airpassengers	exact-metadata		unresolved	stanblocks_plate	faithful-candidate: INLA latent/group term requires an explicit plate declaration	unresolved-family		family is not explicit or defensibly inferred	log_y,t,ar1		synthetic n=12; positive continuous predictors; integer groups; family-valid outcome
airp_ar1	true		synthetic	https://becarioprecario.bitbucket.io/inla-gitbook/ch-temporal.html	false	05c3f465e7987e8d7caa7e214fedddd90415a922	272	airpassengers_temporal	inla	scripts/examples/inla.jl	log_y ~ 0 + f(t, model = 'ar1')	true	Airline Passengers — AR(1) Temporal Process	log_y ~ 0 + f(t, model = 'ar1')	unresolved	333	false		airpassengers	inferred-family		unresolved	stanblocks_plate	faithful-candidate: INLA latent/group term requires an explicit plate declaration	unresolved-family		family is not explicit or defensibly inferred	log_y,t,ar1		synthetic n=12; positive continuous predictors; integer groups; family-valid outcome
airp_seasonal	true		synthetic	https://becarioprecario.bitbucket.io/inla-gitbook/ch-temporal.html	false	05c3f465e7987e8d7caa7e214fedddd90415a922	287	airpassengers_temporal	inla	scripts/examples/inla.jl	log_y ~ 0 + f(t, model = 'seasonal', season.length = 12)	true	Airline Passengers — Seasonal Latent Field	log_y ~ 0 + f(t, model = 'seasonal', season.length = 12)	unresolved	334	false		airpassengers	exact-metadata		unresolved	stanblocks_plate	faithful-candidate: INLA latent/group term requires an explicit plate declaration	unresolved-family		family is not explicit or defensibly inferred	log_y,t,seasonal,season		synthetic n=12; positive continuous predictors; integer groups; family-valid outcome
airp_seasonal	true		synthetic	https://becarioprecario.bitbucket.io/inla-gitbook/ch-temporal.html	false	05c3f465e7987e8d7caa7e214fedddd90415a922	287	airpassengers_temporal	inla	scripts/examples/inla.jl	log_y ~ 0 + f(t, model = 'seasonal', season.length = 12)	true	Airline Passengers — Seasonal Latent Field	log_y ~ 0 + f(t, model = 'seasonal', season.length = 12)	unresolved	334	false		airpassengers	inferred-family		unresolved	stanblocks_plate	faithful-candidate: INLA latent/group term requires an explicit plate declaration	unresolved-family		family is not explicit or defensibly inferred	log_y,t,seasonal,season		synthetic n=12; positive continuous predictors; integer groups; family-valid outcome
veteran_weibull	true		https://vincentarelbundock.github.io/Rdatasets/csv/survival/veteran.csv	https://becarioprecario.bitbucket.io/inla-gitbook/ch-survival.html	false	05c3f465e7987e8d7caa7e214fedddd90415a922	304	veteran_survival	inla	scripts/examples/inla.jl	inla.surv(time, status) ~ trt + celltype + karno + diagtime + age + prior	true	VA Lung Cancer — Weibull Survival Model	inla.surv(time, status) ~ trt + celltype + karno + diagtime + age + prior	unresolved	335	false		veteran	exact-metadata		unresolved	ordinary_brm	direct population/likelihood route when the family and terms are supported	unresolved-family		family is not explicit or defensibly inferred	inla,time,status,trt,celltype,karno,diagtime,age,prior		synthetic n=12; positive continuous predictors; integer groups; family-valid outcome
veteran_weibull	true		https://vincentarelbundock.github.io/Rdatasets/csv/survival/veteran.csv	https://becarioprecario.bitbucket.io/inla-gitbook/ch-survival.html	false	05c3f465e7987e8d7caa7e214fedddd90415a922	304	veteran_survival	inla	scripts/examples/inla.jl	inla.surv(time, status) ~ trt + celltype + karno + diagtime + age + prior	true	VA Lung Cancer — Weibull Survival Model	inla.surv(time, status) ~ trt + celltype + karno + diagtime + age + prior	unresolved	335	false		veteran	inferred-family	weibull	inferred-from-name	ordinary_brm	direct population/likelihood route when the family and terms are supported	unsupported		response expression needs an explicit data-derivation step	inla,time,status,trt,celltype,karno,diagtime,age,prior		synthetic n=12; positive continuous predictors; integer groups; family-valid outcome
lidar_rw2	true		https://vincentarelbundock.github.io/Rdatasets/csv/SemiPar/lidar.csv	https://becarioprecario.bitbucket.io/inla-gitbook/ch-smoothing.html	false	05c3f465e7987e8d7caa7e214fedddd90415a922	325	lidar_smooth	inla	scripts/examples/inla.jl	logratio ~ -1 + f(range, model = 'rw2', constr = FALSE)	true	LIDAR — Nonparametric Regression via RW2	logratio ~ -1 + f(range, model = 'rw2', constr = FALSE)	unresolved	336	false		lidar	exact-metadata		unresolved	stanblocks_plate	faithful-candidate: INLA latent/group term requires an explicit plate declaration	unresolved-family		family is not explicit or defensibly inferred	logratio,range,rw2,FALSE		synthetic n=12; positive continuous predictors; integer groups; family-valid outcome
lidar_rw2	true		https://vincentarelbundock.github.io/Rdatasets/csv/SemiPar/lidar.csv	https://becarioprecario.bitbucket.io/inla-gitbook/ch-smoothing.html	false	05c3f465e7987e8d7caa7e214fedddd90415a922	325	lidar_smooth	inla	scripts/examples/inla.jl	logratio ~ -1 + f(range, model = 'rw2', constr = FALSE)	true	LIDAR — Nonparametric Regression via RW2	logratio ~ -1 + f(range, model = 'rw2', constr = FALSE)	unresolved	336	false		lidar	inferred-family		unresolved	stanblocks_plate	faithful-candidate: INLA latent/group term requires an explicit plate declaration	unresolved-family		family is not explicit or defensibly inferred	logratio,range,rw2,FALSE		synthetic n=12; positive continuous predictors; integer groups; family-valid outcome
surg_binomial	true		synthetic	https://becarioprecario.bitbucket.io/inla-gitbook/ch-INLA.html	false	05c3f465e7987e8d7caa7e214fedddd90415a922	344	surg_mortality	inla	scripts/examples/inla.jl	r ~ f(hospital, model = 'iid')	true	Hospital Mortality — Binomial IID Overdispersion	r ~ f(hospital, model = 'iid')	unresolved	337	false		surg	exact-metadata		unresolved	stanblocks_plate	faithful-candidate: INLA latent/group term requires an explicit plate declaration	unresolved-family		family is not explicit or defensibly inferred	r,hospital,iid		synthetic n=12; positive continuous predictors; integer groups; family-valid outcome
surg_binomial	true		synthetic	https://becarioprecario.bitbucket.io/inla-gitbook/ch-INLA.html	false	05c3f465e7987e8d7caa7e214fedddd90415a922	344	surg_mortality	inla	scripts/examples/inla.jl	r ~ f(hospital, model = 'iid')	true	Hospital Mortality — Binomial IID Overdispersion	r ~ f(hospital, model = 'iid')	unresolved	337	false		surg	inferred-family		unresolved	stanblocks_plate	faithful-candidate: INLA latent/group term requires an explicit plate declaration	unresolved-family		family is not explicit or defensibly inferred	r,hospital,iid		synthetic n=12; positive continuous predictors; integer groups; family-valid outcome
boston_besag	true		https://vincentarelbundock.github.io/Rdatasets/csv/MASS/Boston.csv	https://becarioprecario.bitbucket.io/inla-gitbook/ch-spatial.html	false	05c3f465e7987e8d7caa7e214fedddd90415a922	360	boston_spatial	inla	scripts/examples/inla.jl	log(medv) ~ crim + zn + indus + chas + nox + rm + age + dis + rad + tax + ptratio + black + lstat + f(id, model = 'besag', graph = W)	true	Boston Housing — Gaussian Spatial (ICAR / Besag)	log(medv) ~ crim + zn + indus + chas + nox + rm + age + dis + rad + tax + ptratio + black + lstat + f(id, model = 'besag', graph = W)	unresolved	338	false		boston_housing	exact-metadata		unresolved	stanblocks_plate	faithful-candidate: INLA latent/group term requires an explicit plate declaration	unresolved-family		family is not explicit or defensibly inferred	medv,crim,zn,indus,chas,nox,rm,age,dis,rad,tax,ptratio,black,lstat,id,besag,W		synthetic n=12; positive continuous predictors; integer groups; family-valid outcome
boston_besag	true		https://vincentarelbundock.github.io/Rdatasets/csv/MASS/Boston.csv	https://becarioprecario.bitbucket.io/inla-gitbook/ch-spatial.html	false	05c3f465e7987e8d7caa7e214fedddd90415a922	360	boston_spatial	inla	scripts/examples/inla.jl	log(medv) ~ crim + zn + indus + chas + nox + rm + age + dis + rad + tax + ptratio + black + lstat + f(id, model = 'besag', graph = W)	true	Boston Housing — Gaussian Spatial (ICAR / Besag)	log(medv) ~ crim + zn + indus + chas + nox + rm + age + dis + rad + tax + ptratio + black + lstat + f(id, model = 'besag', graph = W)	unresolved	338	false		boston_housing	inferred-family	gaussian	inferred-from-name	stanblocks_plate	faithful-candidate: INLA latent/group term requires an explicit plate declaration	route-specific		requires a faithful stanblocks_plate implementation; no ordinary-formula substitute	medv,crim,zn,indus,chas,nox,rm,age,dis,rad,tax,ptratio,black,lstat,id,besag,W		synthetic n=12; positive continuous predictors; integer groups; family-valid outcome
plodia_iid	true		https://vincentarelbundock.github.io/Rdatasets/csv/MCMCglmm/PlodiaPO.csv	https://cran.r-project.org/web/packages/MCMCglmm/vignettes/Overview.pdf	false	05c3f465e7987e8d7caa7e214fedddd90415a922	119	plodiaPO_iid	mcmcglmm	scripts/examples/mcmcglmm.jl	fixed: PO ~ 1; random: ~FSfamily	true	Phenoloxidase — Gaussian GLMM with Full-Sib Family Random Effect	fixed: PO ~ 1; random: ~FSfamily	unresolved	339	false		plodiaPO	exact-metadata		unresolved	ordinary_brm	direct population/likelihood route when the family and terms are supported	unresolved-family		family is not explicit or defensibly inferred	fixed,PO,random,FSfamily		synthetic n=12; positive continuous predictors; integer groups; family-valid outcome
plodia_iid	true		https://vincentarelbundock.github.io/Rdatasets/csv/MCMCglmm/PlodiaPO.csv	https://cran.r-project.org/web/packages/MCMCglmm/vignettes/Overview.pdf	false	05c3f465e7987e8d7caa7e214fedddd90415a922	119	plodiaPO_iid	mcmcglmm	scripts/examples/mcmcglmm.jl	fixed: PO ~ 1; random: ~FSfamily	true	Phenoloxidase — Gaussian GLMM with Full-Sib Family Random Effect	fixed: PO ~ 1; random: ~FSfamily	unresolved	339	false		plodiaPO	inferred-family	gaussian	inferred-from-name	ordinary_brm	direct population/likelihood route when the family and terms are supported	unsupported		multiple component formulas require an explicit joint declaration	fixed,PO,random,FSfamily		synthetic n=12; positive continuous predictors; integer groups; family-valid outcome
btdata_iid	true		https://vincentarelbundock.github.io/Rdatasets/csv/MCMCglmm/BTdata.csv	https://jarrodhadfield.github.io/MCMCglmm/course-notes/	false	05c3f465e7987e8d7caa7e214fedddd90415a922	137	btdata_iid	mcmcglmm	scripts/examples/mcmcglmm.jl	fixed: tarsus ~ sex + hatchdate; random: ~fosternest	true	Blue Tit Tarsus — Gaussian GLMM with Foster-Nest Random Intercept	fixed: tarsus ~ sex + hatchdate; random: ~fosternest	unresolved	340	false		btdata	exact-metadata		unresolved	ordinary_brm	direct population/likelihood route when the family and terms are supported	unresolved-family		family is not explicit or defensibly inferred	fixed,tarsus,sex,hatchdate,random,fosternest		synthetic n=12; positive continuous predictors; integer groups; family-valid outcome
btdata_iid	true		https://vincentarelbundock.github.io/Rdatasets/csv/MCMCglmm/BTdata.csv	https://jarrodhadfield.github.io/MCMCglmm/course-notes/	false	05c3f465e7987e8d7caa7e214fedddd90415a922	137	btdata_iid	mcmcglmm	scripts/examples/mcmcglmm.jl	fixed: tarsus ~ sex + hatchdate; random: ~fosternest	true	Blue Tit Tarsus — Gaussian GLMM with Foster-Nest Random Intercept	fixed: tarsus ~ sex + hatchdate; random: ~fosternest	unresolved	340	false		btdata	inferred-family	gaussian	inferred-from-name	ordinary_brm	direct population/likelihood route when the family and terms are supported	unsupported		multiple component formulas require an explicit joint declaration	fixed,tarsus,sex,hatchdate,random,fosternest		synthetic n=12; positive continuous predictors; integer groups; family-valid outcome
btdata_animal	true		https://vincentarelbundock.github.io/Rdatasets/csv/MCMCglmm/BTdata.csv	https://jarrodhadfield.github.io/MCMCglmm/course-notes/	false	05c3f465e7987e8d7caa7e214fedddd90415a922	152	btdata_animal	mcmcglmm	scripts/examples/mcmcglmm.jl	fixed: tarsus ~ sex + hatchdate; random: ~fosternest + animal	true	Blue Tit Tarsus — Animal Model (Additive Genetic Variance)	fixed: tarsus ~ sex + hatchdate; random: ~fosternest + animal	unresolved	341	false		btdata	exact-metadata		unresolved	stanblocks_plate	faithful-candidate: relationship/cross-response covariance	unresolved-family		family is not explicit or defensibly inferred	fixed,tarsus,sex,hatchdate,random,fosternest,animal		synthetic n=12; positive continuous predictors; integer groups; family-valid outcome
btdata_animal	true		https://vincentarelbundock.github.io/Rdatasets/csv/MCMCglmm/BTdata.csv	https://jarrodhadfield.github.io/MCMCglmm/course-notes/	false	05c3f465e7987e8d7caa7e214fedddd90415a922	152	btdata_animal	mcmcglmm	scripts/examples/mcmcglmm.jl	fixed: tarsus ~ sex + hatchdate; random: ~fosternest + animal	true	Blue Tit Tarsus — Animal Model (Additive Genetic Variance)	fixed: tarsus ~ sex + hatchdate; random: ~fosternest + animal	unresolved	341	false		btdata	inferred-family		unresolved	stanblocks_plate	faithful-candidate: relationship/cross-response covariance	unresolved-family		family is not explicit or defensibly inferred	fixed,tarsus,sex,hatchdate,random,fosternest,animal		synthetic n=12; positive continuous predictors; integer groups; family-valid outcome
chickweight_rslope	true		https://vincentarelbundock.github.io/Rdatasets/csv/datasets/ChickWeight.csv	https://jarrodhadfield.github.io/MCMCglmm/course-notes/	false	05c3f465e7987e8d7caa7e214fedddd90415a922	171	chickweight_rslope	mcmcglmm	scripts/examples/mcmcglmm.jl	fixed: weight ~ Time + I(Time^2) + Diet:Time; random: ~us(1 + Time):Chick	true	Chick Growth — Random Regression (Unstructured G-matrix)	fixed: weight ~ Time + I(Time^2) + Diet:Time; random: ~us(1 + Time):Chick	unresolved	342	false		chickweight	exact-metadata		unresolved	ordinary_brm	direct population/likelihood route when the family and terms are supported	unresolved-family		family is not explicit or defensibly inferred	fixed,weight,Time,Diet,random,Chick		synthetic n=12; positive continuous predictors; integer groups; family-valid outcome
chickweight_rslope	true		https://vincentarelbundock.github.io/Rdatasets/csv/datasets/ChickWeight.csv	https://jarrodhadfield.github.io/MCMCglmm/course-notes/	false	05c3f465e7987e8d7caa7e214fedddd90415a922	171	chickweight_rslope	mcmcglmm	scripts/examples/mcmcglmm.jl	fixed: weight ~ Time + I(Time^2) + Diet:Time; random: ~us(1 + Time):Chick	true	Chick Growth — Random Regression (Unstructured G-matrix)	fixed: weight ~ Time + I(Time^2) + Diet:Time; random: ~us(1 + Time):Chick	unresolved	342	false		chickweight	inferred-family	gaussian	inferred-from-name	ordinary_brm	direct population/likelihood route when the family and terms are supported	unsupported		multiple component formulas require an explicit joint declaration	fixed,weight,Time,Diet,random,Chick		synthetic n=12; positive continuous predictors; integer groups; family-valid outcome
btdata_bivariate	true		https://vincentarelbundock.github.io/Rdatasets/csv/MCMCglmm/BTdata.csv	https://jarrodhadfield.github.io/MCMCglmm/course-notes/	false	05c3f465e7987e8d7caa7e214fedddd90415a922	192	btdata_bivariate	mcmcglmm	scripts/examples/mcmcglmm.jl	fixed: cbind(tarsus, back) ~ trait - 1 + trait:sex + trait:hatchdate; random: ~us(trait):fosternest + us(trait):animal; rcov: ~us(trait):units	true	Blue Tit Bivariate — Multivariate Gaussian Animal Model	fixed: cbind(tarsus, back) ~ trait - 1 + trait:sex + trait:hatchdate; random: ~us(trait):fosternest + us(trait):animal; rcov: ~us(trait):units	unresolved	343	false		btdata	exact-metadata		unresolved	stanblocks_plate	faithful-candidate: relationship/cross-response covariance	unresolved-family		family is not explicit or defensibly inferred	fixed,tarsus,back,trait,sex,hatchdate,random,fosternest,animal,rcov,units		synthetic n=12; positive continuous predictors; integer groups; family-valid outcome
btdata_bivariate	true		https://vincentarelbundock.github.io/Rdatasets/csv/MCMCglmm/BTdata.csv	https://jarrodhadfield.github.io/MCMCglmm/course-notes/	false	05c3f465e7987e8d7caa7e214fedddd90415a922	192	btdata_bivariate	mcmcglmm	scripts/examples/mcmcglmm.jl	fixed: cbind(tarsus, back) ~ trait - 1 + trait:sex + trait:hatchdate; random: ~us(trait):fosternest + us(trait):animal; rcov: ~us(trait):units	true	Blue Tit Bivariate — Multivariate Gaussian Animal Model	fixed: cbind(tarsus, back) ~ trait - 1 + trait:sex + trait:hatchdate; random: ~us(trait):fosternest + us(trait):animal; rcov: ~us(trait):units	unresolved	343	false		btdata	inferred-family	binomial	inferred-from-response-syntax	stanblocks_plate	faithful-candidate: relationship/cross-response covariance	route-specific		requires a faithful stanblocks_plate implementation; no ordinary-formula substitute	fixed,tarsus,back,trait,sex,hatchdate,random,fosternest,animal,rcov,units		synthetic n=12; positive continuous predictors; integer groups; family-valid outcome
pbcseq_bivariate	true		https://vincentarelbundock.github.io/Rdatasets/csv/survival/pbcseq.csv	https://jarrodhadfield.github.io/MCMCglmm/course-notes/	false	05c3f465e7987e8d7caa7e214fedddd90415a922	212	pbcseq_bivariate	mcmcglmm	scripts/examples/mcmcglmm.jl	fixed: cbind(log_bili, ascites) ~ trait - 1 + trait:(age + sex); random: ~us(trait):id; rcov: ~us(trait):units	true	PBC — Bivariate Gaussian + Threshold Joint Model	fixed: cbind(log_bili, ascites) ~ trait - 1 + trait:(age + sex); random: ~us(trait):id; rcov: ~us(trait):units	unresolved	344	false		pbcseq	exact-metadata		unresolved	stanblocks_plate	faithful-candidate: relationship/cross-response covariance	unresolved-family		family is not explicit or defensibly inferred	fixed,log_bili,ascites,trait,age,sex,random,id,rcov,units		synthetic n=12; positive continuous predictors; integer groups; family-valid outcome
pbcseq_bivariate	true		https://vincentarelbundock.github.io/Rdatasets/csv/survival/pbcseq.csv	https://jarrodhadfield.github.io/MCMCglmm/course-notes/	false	05c3f465e7987e8d7caa7e214fedddd90415a922	212	pbcseq_bivariate	mcmcglmm	scripts/examples/mcmcglmm.jl	fixed: cbind(log_bili, ascites) ~ trait - 1 + trait:(age + sex); random: ~us(trait):id; rcov: ~us(trait):units	true	PBC — Bivariate Gaussian + Threshold Joint Model	fixed: cbind(log_bili, ascites) ~ trait - 1 + trait:(age + sex); random: ~us(trait):id; rcov: ~us(trait):units	unresolved	344	false		pbcseq	inferred-family	binomial	inferred-from-response-syntax	stanblocks_plate	faithful-candidate: relationship/cross-response covariance	route-specific		requires a faithful stanblocks_plate implementation; no ordinary-formula substitute	fixed,log_bili,ascites,trait,age,sex,random,id,rcov,units		synthetic n=12; positive continuous predictors; integer groups; family-valid outcome
sshorns_ordinal	true		https://vincentarelbundock.github.io/Rdatasets/csv/MCMCglmm/SShorns.csv	https://jarrodhadfield.github.io/MCMCglmm/course-notes/	false	05c3f465e7987e8d7caa7e214fedddd90415a922	234	sshorns_ordinal	mcmcglmm	scripts/examples/mcmcglmm.jl	fixed: horn ~ sex; random: ~id	true	Soay Sheep Horn Type — Ordinal Threshold Model	fixed: horn ~ sex; random: ~id	unresolved	345	false		sshorns	exact-metadata		unresolved	ordinary_brm	direct population/likelihood route when the family and terms are supported	unresolved-family		family is not explicit or defensibly inferred	fixed,horn,sex,random,id		synthetic n=12; positive continuous predictors; integer groups; family-valid outcome
sshorns_ordinal	true		https://vincentarelbundock.github.io/Rdatasets/csv/MCMCglmm/SShorns.csv	https://jarrodhadfield.github.io/MCMCglmm/course-notes/	false	05c3f465e7987e8d7caa7e214fedddd90415a922	234	sshorns_ordinal	mcmcglmm	scripts/examples/mcmcglmm.jl	fixed: horn ~ sex; random: ~id	true	Soay Sheep Horn Type — Ordinal Threshold Model	fixed: horn ~ sex; random: ~id	unresolved	345	false		sshorns	inferred-family	ordered_logistic	inferred-from-name	ordinary_brm	direct population/likelihood route when the family and terms are supported	unsupported		multiple component formulas require an explicit joint declaration	fixed,horn,sex,random,id		synthetic n=12; positive continuous predictors; integer groups; family-valid outcome
owls_zip	true		https://vincentarelbundock.github.io/Rdatasets/csv/glmmTMB/Owls.csv	https://cran.r-project.org/web/packages/glmmTMB/vignettes/glmmTMB.html	false	05c3f465e7987e8d7caa7e214fedddd90415a922	156	owls_zi	glmmtmb	scripts/examples/glmmtmb.jl	NCalls ~ (FT + ArrivalTime)*SexParent + offset(log_brood) + (1|Nest); zi: ~1	true	Barn Owls — Zero-Inflated Poisson GLMM	NCalls ~ (FT + ArrivalTime)*SexParent + offset(log_brood) + (1|Nest); zi: ~1	unresolved	346	false		owls	exact-metadata		unresolved	ordinary_brm	direct population/likelihood route when the family and terms are supported	unresolved-family		family is not explicit or defensibly inferred	NCalls,FT,ArrivalTime,SexParent,log_brood,Nest	Nest	synthetic n=12; positive continuous predictors; integer groups; family-valid outcome
owls_zip	true		https://vincentarelbundock.github.io/Rdatasets/csv/glmmTMB/Owls.csv	https://cran.r-project.org/web/packages/glmmTMB/vignettes/glmmTMB.html	false	05c3f465e7987e8d7caa7e214fedddd90415a922	156	owls_zi	glmmtmb	scripts/examples/glmmtmb.jl	NCalls ~ (FT + ArrivalTime)*SexParent + offset(log_brood) + (1|Nest); zi: ~1	true	Barn Owls — Zero-Inflated Poisson GLMM	NCalls ~ (FT + ArrivalTime)*SexParent + offset(log_brood) + (1|Nest); zi: ~1	unresolved	346	false		owls	inferred-family	poisson	inferred-from-name	ordinary_brm	direct population/likelihood route when the family and terms are supported	unsupported		multiple component formulas require an explicit joint declaration	NCalls,FT,ArrivalTime,SexParent,log_brood,Nest	Nest	synthetic n=12; positive continuous predictors; integer groups; family-valid outcome
owls_zinb2	true		https://vincentarelbundock.github.io/Rdatasets/csv/glmmTMB/Owls.csv	https://cran.r-project.org/web/packages/glmmTMB/vignettes/glmmTMB.html	false	05c3f465e7987e8d7caa7e214fedddd90415a922	175	owls_zi	glmmtmb	scripts/examples/glmmtmb.jl	NCalls ~ (FT + ArrivalTime)*SexParent + offset(log_brood) + (1|Nest); zi: ~1	true	Barn Owls — Zero-Inflated Negative Binomial (NB2) GLMM	NCalls ~ (FT + ArrivalTime)*SexParent + offset(log_brood) + (1|Nest); zi: ~1	unresolved	347	false		owls	exact-metadata		unresolved	ordinary_brm	direct population/likelihood route when the family and terms are supported	unresolved-family		family is not explicit or defensibly inferred	NCalls,FT,ArrivalTime,SexParent,log_brood,Nest	Nest	synthetic n=12; positive continuous predictors; integer groups; family-valid outcome
owls_zinb2	true		https://vincentarelbundock.github.io/Rdatasets/csv/glmmTMB/Owls.csv	https://cran.r-project.org/web/packages/glmmTMB/vignettes/glmmTMB.html	false	05c3f465e7987e8d7caa7e214fedddd90415a922	175	owls_zi	glmmtmb	scripts/examples/glmmtmb.jl	NCalls ~ (FT + ArrivalTime)*SexParent + offset(log_brood) + (1|Nest); zi: ~1	true	Barn Owls — Zero-Inflated Negative Binomial (NB2) GLMM	NCalls ~ (FT + ArrivalTime)*SexParent + offset(log_brood) + (1|Nest); zi: ~1	unresolved	347	false		owls	inferred-family	negativebinomial	inferred-from-name	ordinary_brm	direct population/likelihood route when the family and terms are supported	unsupported		multiple component formulas require an explicit joint declaration	NCalls,FT,ArrivalTime,SexParent,log_brood,Nest	Nest	synthetic n=12; positive continuous predictors; integer groups; family-valid outcome
owls_zinb1	true		https://vincentarelbundock.github.io/Rdatasets/csv/glmmTMB/Owls.csv	https://cran.r-project.org/web/packages/glmmTMB/vignettes/glmmTMB.html	false	05c3f465e7987e8d7caa7e214fedddd90415a922	194	owls_zi	glmmtmb	scripts/examples/glmmtmb.jl	NCalls ~ (FT + ArrivalTime)*SexParent + BroodSize + (1|Nest); zi: ~1	true	Barn Owls — Zero-Inflated Negative Binomial (NB1) GLMM	NCalls ~ (FT + ArrivalTime)*SexParent + BroodSize + (1|Nest); zi: ~1	unresolved	348	false		owls	exact-metadata		unresolved	ordinary_brm	direct population/likelihood route when the family and terms are supported	unresolved-family		family is not explicit or defensibly inferred	NCalls,FT,ArrivalTime,SexParent,BroodSize,Nest	Nest	synthetic n=12; positive continuous predictors; integer groups; family-valid outcome
owls_zinb1	true		https://vincentarelbundock.github.io/Rdatasets/csv/glmmTMB/Owls.csv	https://cran.r-project.org/web/packages/glmmTMB/vignettes/glmmTMB.html	false	05c3f465e7987e8d7caa7e214fedddd90415a922	194	owls_zi	glmmtmb	scripts/examples/glmmtmb.jl	NCalls ~ (FT + ArrivalTime)*SexParent + BroodSize + (1|Nest); zi: ~1	true	Barn Owls — Zero-Inflated Negative Binomial (NB1) GLMM	NCalls ~ (FT + ArrivalTime)*SexParent + BroodSize + (1|Nest); zi: ~1	unresolved	348	false		owls	inferred-family	negativebinomial	inferred-from-name	ordinary_brm	direct population/likelihood route when the family and terms are supported	unsupported		multiple component formulas require an explicit joint declaration	NCalls,FT,ArrivalTime,SexParent,BroodSize,Nest	Nest	synthetic n=12; positive continuous predictors; integer groups; family-valid outcome
owls_hurdle	true		https://vincentarelbundock.github.io/Rdatasets/csv/glmmTMB/Owls.csv	https://cran.r-project.org/web/packages/glmmTMB/vignettes/glmmTMB.html	false	05c3f465e7987e8d7caa7e214fedddd90415a922	212	owls_zi	glmmtmb	scripts/examples/glmmtmb.jl	NCalls ~ (FT + ArrivalTime)*SexParent + BroodSize + (1|Nest); zi: ~.	true	Barn Owls — Hurdle NB1 GLMM	NCalls ~ (FT + ArrivalTime)*SexParent + BroodSize + (1|Nest); zi: ~.	unresolved	349	false		owls	exact-metadata		unresolved	ordinary_brm	direct population/likelihood route when the family and terms are supported	unresolved-family		family is not explicit or defensibly inferred	NCalls,FT,ArrivalTime,SexParent,BroodSize,Nest	Nest	synthetic n=12; positive continuous predictors; integer groups; family-valid outcome
owls_hurdle	true		https://vincentarelbundock.github.io/Rdatasets/csv/glmmTMB/Owls.csv	https://cran.r-project.org/web/packages/glmmTMB/vignettes/glmmTMB.html	false	05c3f465e7987e8d7caa7e214fedddd90415a922	212	owls_zi	glmmtmb	scripts/examples/glmmtmb.jl	NCalls ~ (FT + ArrivalTime)*SexParent + BroodSize + (1|Nest); zi: ~.	true	Barn Owls — Hurdle NB1 GLMM	NCalls ~ (FT + ArrivalTime)*SexParent + BroodSize + (1|Nest); zi: ~.	unresolved	349	false		owls	inferred-family	negativebinomial	inferred-from-name	ordinary_brm	direct population/likelihood route when the family and terms are supported	unsupported		multiple component formulas require an explicit joint declaration	NCalls,FT,ArrivalTime,SexParent,BroodSize,Nest	Nest	synthetic n=12; positive continuous predictors; integer groups; family-valid outcome
salamanders_zinb2	true		https://vincentarelbundock.github.io/Rdatasets/csv/glmmTMB/Salamanders.csv	https://cran.r-project.org/web/packages/glmmTMB/vignettes/glmmTMB.html	false	05c3f465e7987e8d7caa7e214fedddd90415a922	233	salamanders_zi	glmmtmb	scripts/examples/glmmtmb.jl	count ~ spp + (1|site); zi: ~spp	true	Salamanders — ZI NB2 with Species-Varying Zero-Inflation	count ~ spp + (1|site); zi: ~spp	unresolved	350	false		salamanders	exact-metadata		unresolved	ordinary_brm	direct population/likelihood route when the family and terms are supported	unresolved-family		family is not explicit or defensibly inferred	count,spp,site	site	synthetic n=12; positive continuous predictors; integer groups; family-valid outcome
salamanders_zinb2	true		https://vincentarelbundock.github.io/Rdatasets/csv/glmmTMB/Salamanders.csv	https://cran.r-project.org/web/packages/glmmTMB/vignettes/glmmTMB.html	false	05c3f465e7987e8d7caa7e214fedddd90415a922	233	salamanders_zi	glmmtmb	scripts/examples/glmmtmb.jl	count ~ spp + (1|site); zi: ~spp	true	Salamanders — ZI NB2 with Species-Varying Zero-Inflation	count ~ spp + (1|site); zi: ~spp	unresolved	350	false		salamanders	inferred-family	negativebinomial	inferred-from-name	ordinary_brm	direct population/likelihood route when the family and terms are supported	unsupported		multiple component formulas require an explicit joint declaration	count,spp,site	site	synthetic n=12; positive continuous predictors; integer groups; family-valid outcome
salamanders_genpois	true		https://vincentarelbundock.github.io/Rdatasets/csv/glmmTMB/Salamanders.csv	https://cran.r-project.org/web/packages/glmmTMB/vignettes/glmmTMB.html	false	05c3f465e7987e8d7caa7e214fedddd90415a922	249	salamanders_zi	glmmtmb	scripts/examples/glmmtmb.jl	count ~ spp + mined + (1|site); zi: ~spp + mined	true	Salamanders — Generalised Poisson with ZI	count ~ spp + mined + (1|site); zi: ~spp + mined	unresolved	351	false		salamanders	exact-metadata		unresolved	ordinary_brm	direct population/likelihood route when the family and terms are supported	unresolved-family		family is not explicit or defensibly inferred	count,spp,mined,site	site	synthetic n=12; positive continuous predictors; integer groups; family-valid outcome
salamanders_genpois	true		https://vincentarelbundock.github.io/Rdatasets/csv/glmmTMB/Salamanders.csv	https://cran.r-project.org/web/packages/glmmTMB/vignettes/glmmTMB.html	false	05c3f465e7987e8d7caa7e214fedddd90415a922	249	salamanders_zi	glmmtmb	scripts/examples/glmmtmb.jl	count ~ spp + mined + (1|site); zi: ~spp + mined	true	Salamanders — Generalised Poisson with ZI	count ~ spp + mined + (1|site); zi: ~spp + mined	unresolved	351	false		salamanders	inferred-family	poisson	inferred-from-name	ordinary_brm	direct population/likelihood route when the family and terms are supported	unsupported		multiple component formulas require an explicit joint declaration	count,spp,mined,site	site	synthetic n=12; positive continuous predictors; integer groups; family-valid outcome
beta_disp	true		synthetic	https://cran.r-project.org/web/packages/glmmTMB/vignettes/glmmTMB.html	false	05c3f465e7987e8d7caa7e214fedddd90415a922	266	beta_disp	glmmtmb	scripts/examples/glmmtmb.jl	y ~ x; disp: ~x	true	Beta Regression — Dispersion as Function of Predictor	y ~ x; disp: ~x	unresolved	352	false		beta_sim	exact-metadata		unresolved	ordinary_brm	direct population/likelihood route when the family and terms are supported	unresolved-family		family is not explicit or defensibly inferred	y,x,disp		synthetic n=12; positive continuous predictors; integer groups; family-valid outcome
beta_disp	true		synthetic	https://cran.r-project.org/web/packages/glmmTMB/vignettes/glmmTMB.html	false	05c3f465e7987e8d7caa7e214fedddd90415a922	266	beta_disp	glmmtmb	scripts/examples/glmmtmb.jl	y ~ x; disp: ~x	true	Beta Regression — Dispersion as Function of Predictor	y ~ x; disp: ~x	unresolved	352	false		beta_sim	inferred-family	beta	inferred-from-name	ordinary_brm	direct population/likelihood route when the family and terms are supported	unsupported		multiple component formulas require an explicit joint declaration	y,x,disp		synthetic n=12; positive continuous predictors; integer groups; family-valid outcome
ar1_covar	true		synthetic	https://cran.r-project.org/web/packages/glmmTMB/vignettes/covstruct.html	false	05c3f465e7987e8d7caa7e214fedddd90415a922	284	ar1_covar	glmmtmb	scripts/examples/glmmtmb.jl	y ~ ar1(times + 0 | group)	true	Grouped Time Series — AR(1) Random-Effect Covariance	y ~ ar1(times + 0 | group)	unresolved	353	false		ar1_sim	exact-metadata		unresolved	stanblocks_plate	faithful-candidate: structured covariance is not an ordinary IID group effect	unresolved-family		family is not explicit or defensibly inferred	y,times,group	group	synthetic n=12; positive continuous predictors; integer groups; family-valid outcome
ar1_covar	true		synthetic	https://cran.r-project.org/web/packages/glmmTMB/vignettes/covstruct.html	false	05c3f465e7987e8d7caa7e214fedddd90415a922	284	ar1_covar	glmmtmb	scripts/examples/glmmtmb.jl	y ~ ar1(times + 0 | group)	true	Grouped Time Series — AR(1) Random-Effect Covariance	y ~ ar1(times + 0 | group)	unresolved	353	false		ar1_sim	inferred-family		unresolved	stanblocks_plate	faithful-candidate: structured covariance is not an ordinary IID group effect	unresolved-family		family is not explicit or defensibly inferred	y,times,group	group	synthetic n=12; positive continuous predictors; integer groups; family-valid outcome
volcano_spatial	true		synthetic	https://cran.r-project.org/web/packages/glmmTMB/vignettes/covstruct.html	false	05c3f465e7987e8d7caa7e214fedddd90415a922	301	volcano_spatial	glmmtmb	scripts/examples/glmmtmb.jl	z ~ 1 + exp(pos + 0 | group)	true	Volcanic Topography — Spatial Exponential Covariance	z ~ 1 + exp(pos + 0 | group)	unresolved	354	false		volcano_spatial	exact-metadata		unresolved	stanblocks_plate	faithful-candidate: structured covariance is not an ordinary IID group effect	unresolved-family		family is not explicit or defensibly inferred	z,pos,group	group	synthetic n=12; positive continuous predictors; integer groups; family-valid outcome
volcano_spatial	true		synthetic	https://cran.r-project.org/web/packages/glmmTMB/vignettes/covstruct.html	false	05c3f465e7987e8d7caa7e214fedddd90415a922	301	volcano_spatial	glmmtmb	scripts/examples/glmmtmb.jl	z ~ 1 + exp(pos + 0 | group)	true	Volcanic Topography — Spatial Exponential Covariance	z ~ 1 + exp(pos + 0 | group)	unresolved	354	false		volcano_spatial	inferred-family		unresolved	stanblocks_plate	faithful-candidate: structured covariance is not an ordinary IID group effect	unresolved-family		family is not explicit or defensibly inferred	z,pos,group	group	synthetic n=12; positive continuous predictors; integer groups; family-valid outcome
dobson_poisson	true		synthetic	https://juliastats.org/GLM.jl/stable/examples/	false	05c3f465e7987e8d7caa7e214fedddd90415a922	86	dobson_poisson	glm_jl	scripts/examples/glm_jl.jl	Counts ~ Outcome + Treatment	true	Dobson Poisson — Log-Linear GLM	Counts ~ Outcome + Treatment	explicit	355	false	poisson	dobson_poisson	exact-metadata	poisson	explicit	ordinary_brm	direct population/likelihood route when the family and terms are supported	ready	log_rate ~ Outcome + Treatment\nCounts ~ Poisson(exp(log_rate))	explicit log-link Poisson likelihood; offset(...) becomes ordinary log exposure	Counts,Outcome,Treatment		synthetic n=12; positive continuous predictors; integer groups; family-valid outcome
dobson_poisson	true		synthetic	https://juliastats.org/GLM.jl/stable/examples/	false	05c3f465e7987e8d7caa7e214fedddd90415a922	86	dobson_poisson	glm_jl	scripts/examples/glm_jl.jl	Counts ~ Outcome + Treatment	true	Dobson Poisson — Log-Linear GLM	Counts ~ Outcome + Treatment	explicit	355	false	poisson	dobson_poisson	inferred-family	poisson	explicit	ordinary_brm	direct population/likelihood route when the family and terms are supported	ready	log_rate ~ Outcome + Treatment\nCounts ~ Poisson(exp(log_rate))	explicit log-link Poisson likelihood; offset(...) becomes ordinary log exposure	Counts,Outcome,Treatment		synthetic n=12; positive continuous predictors; integer groups; family-valid outcome
quine_nb	true		https://vincentarelbundock.github.io/Rdatasets/csv/MASS/quine.csv	https://juliastats.org/GLM.jl/stable/examples/	false	05c3f465e7987e8d7caa7e214fedddd90415a922	106	quine	glm_jl	scripts/examples/glm_jl.jl	Days ~ Eth + Sex + Age + Lrn	true	Quine — Negative Binomial GLM	Days ~ Eth + Sex + Age + Lrn	explicit	356	false	negativebinomial	quine	exact-metadata	negativebinomial	explicit	ordinary_brm	direct population/likelihood route when the family and terms are supported	unsupported		current NegativeBinomial Julia/Stan parameterizations are documented as non-identical	Days,Eth,Sex,Age,Lrn		synthetic n=12; positive continuous predictors; integer groups; family-valid outcome
quine_nb	true		https://vincentarelbundock.github.io/Rdatasets/csv/MASS/quine.csv	https://juliastats.org/GLM.jl/stable/examples/	false	05c3f465e7987e8d7caa7e214fedddd90415a922	106	quine	glm_jl	scripts/examples/glm_jl.jl	Days ~ Eth + Sex + Age + Lrn	true	Quine — Negative Binomial GLM	Days ~ Eth + Sex + Age + Lrn	explicit	356	false	negativebinomial	quine	inferred-family	negativebinomial	explicit	ordinary_brm	direct population/likelihood route when the family and terms are supported	unsupported		current NegativeBinomial Julia/Stan parameterizations are documented as non-identical	Days,Eth,Sex,Age,Lrn		synthetic n=12; positive continuous predictors; integer groups; family-valid outcome
quine_poisson	true		https://vincentarelbundock.github.io/Rdatasets/csv/MASS/quine.csv	https://juliastats.org/GLM.jl/stable/examples/	false	05c3f465e7987e8d7caa7e214fedddd90415a922	188	quine	glm_jl	scripts/examples/glm_jl.jl	Days ~ Eth + Sex + Age + Lrn	true	Quine — Poisson GLM (vs. Negative Binomial)	Days ~ Eth + Sex + Age + Lrn	explicit	357	false	poisson	quine	exact-metadata	poisson	explicit	ordinary_brm	direct population/likelihood route when the family and terms are supported	ready	log_rate ~ Eth + Sex + Age + Lrn\nDays ~ Poisson(exp(log_rate))	explicit log-link Poisson likelihood; offset(...) becomes ordinary log exposure	Days,Eth,Sex,Age,Lrn		synthetic n=12; positive continuous predictors; integer groups; family-valid outcome
quine_poisson	true		https://vincentarelbundock.github.io/Rdatasets/csv/MASS/quine.csv	https://juliastats.org/GLM.jl/stable/examples/	false	05c3f465e7987e8d7caa7e214fedddd90415a922	188	quine	glm_jl	scripts/examples/glm_jl.jl	Days ~ Eth + Sex + Age + Lrn	true	Quine — Poisson GLM (vs. Negative Binomial)	Days ~ Eth + Sex + Age + Lrn	explicit	357	false	poisson	quine	inferred-family	poisson	explicit	ordinary_brm	direct population/likelihood route when the family and terms are supported	ready	log_rate ~ Eth + Sex + Age + Lrn\nDays ~ Poisson(exp(log_rate))	explicit log-link Poisson likelihood; offset(...) becomes ordinary log exposure	Days,Eth,Sex,Age,Lrn		synthetic n=12; positive continuous predictors; integer groups; family-valid outcome
trees_lm	true		https://vincentarelbundock.github.io/Rdatasets/csv/datasets/trees.csv	https://juliastats.org/GLM.jl/stable/	false	05c3f465e7987e8d7caa7e214fedddd90415a922	126	trees	glm_jl	scripts/examples/glm_jl.jl	Volume ~ Height + Girth	true	Trees — Gaussian GLM (OLS)	Volume ~ Height + Girth	explicit	358	false	gaussian	trees	exact-metadata	gaussian	explicit	ordinary_brm	direct population/likelihood route when the family and terms are supported	ready	loc ~ Height + Girth\nlog(sigma) ~ 1\nVolume ~ Normal(loc, sigma)	explicit Normal likelihood; residual scale estimated on log scale	Volume,Height,Girth		synthetic n=12; positive continuous predictors; integer groups; family-valid outcome
trees_lm	true		https://vincentarelbundock.github.io/Rdatasets/csv/datasets/trees.csv	https://juliastats.org/GLM.jl/stable/	false	05c3f465e7987e8d7caa7e214fedddd90415a922	126	trees	glm_jl	scripts/examples/glm_jl.jl	Volume ~ Height + Girth	true	Trees — Gaussian GLM (OLS)	Volume ~ Height + Girth	explicit	358	false	gaussian	trees	inferred-family	gaussian	explicit	ordinary_brm	direct population/likelihood route when the family and terms are supported	ready	loc ~ Height + Girth\nlog(sigma) ~ 1\nVolume ~ Normal(loc, sigma)	explicit Normal likelihood; residual scale estimated on log scale	Volume,Height,Girth		synthetic n=12; positive continuous predictors; integer groups; family-valid outcome
pima_logistic	true		https://vincentarelbundock.github.io/Rdatasets/csv/MASS/Pima.tr.csv	https://juliastats.org/GLM.jl/stable/	false	05c3f465e7987e8d7caa7e214fedddd90415a922	146	pima_diabetes	glm_jl	scripts/examples/glm_jl.jl	type ~ npreg + glu + bp + bmi + ped + age	true	Pima Diabetes — Logistic Regression	type ~ npreg + glu + bp + bmi + ped + age	explicit	359	false	binomial	pima_tr	exact-metadata	binomial	explicit	ordinary_brm	direct population/likelihood route when the family and terms are supported	unsupported		binomial size is absent; refusing to guess Bernoulli versus grouped Binomial	type,npreg,glu,bp,bmi,ped,age		synthetic n=12; positive continuous predictors; integer groups; family-valid outcome
pima_logistic	true		https://vincentarelbundock.github.io/Rdatasets/csv/MASS/Pima.tr.csv	https://juliastats.org/GLM.jl/stable/	false	05c3f465e7987e8d7caa7e214fedddd90415a922	146	pima_diabetes	glm_jl	scripts/examples/glm_jl.jl	type ~ npreg + glu + bp + bmi + ped + age	true	Pima Diabetes — Logistic Regression	type ~ npreg + glu + bp + bmi + ped + age	explicit	359	false	binomial	pima_tr	inferred-family	binomial	explicit	ordinary_brm	direct population/likelihood route when the family and terms are supported	unsupported		binomial size is absent; refusing to guess Bernoulli versus grouped Binomial	type,npreg,glu,bp,bmi,ped,age		synthetic n=12; positive continuous predictors; integer groups; family-valid outcome
savings_ols	true		https://vincentarelbundock.github.io/Rdatasets/csv/datasets/LifeCycleSavings.csv	https://juliastats.org/GLM.jl/stable/	false	05c3f465e7987e8d7caa7e214fedddd90415a922	168	lifecycle_savings	glm_jl	scripts/examples/glm_jl.jl	SR ~ Pop15 + Pop75 + DPI + DDPI	true	Life-Cycle Savings — Multiple Linear Regression	SR ~ Pop15 + Pop75 + DPI + DDPI	explicit	360	false	gaussian	lifecycle_savings	exact-metadata	gaussian	explicit	ordinary_brm	direct population/likelihood route when the family and terms are supported	ready	loc ~ Pop15 + Pop75 + DPI + DDPI\nlog(sigma) ~ 1\nSR ~ Normal(loc, sigma)	explicit Normal likelihood; residual scale estimated on log scale	SR,Pop15,Pop75,DPI,DDPI		synthetic n=12; positive continuous predictors; integer groups; family-valid outcome
savings_ols	true		https://vincentarelbundock.github.io/Rdatasets/csv/datasets/LifeCycleSavings.csv	https://juliastats.org/GLM.jl/stable/	false	05c3f465e7987e8d7caa7e214fedddd90415a922	168	lifecycle_savings	glm_jl	scripts/examples/glm_jl.jl	SR ~ Pop15 + Pop75 + DPI + DDPI	true	Life-Cycle Savings — Multiple Linear Regression	SR ~ Pop15 + Pop75 + DPI + DDPI	explicit	360	false	gaussian	lifecycle_savings	inferred-family	gaussian	explicit	ordinary_brm	direct population/likelihood route when the family and terms are supported	ready	loc ~ Pop15 + Pop75 + DPI + DDPI\nlog(sigma) ~ 1\nSR ~ Normal(loc, sigma)	explicit Normal likelihood; residual scale estimated on log scale	SR,Pop15,Pop75,DPI,DDPI		synthetic n=12; positive continuous predictors; integer groups; family-valid outcome
