ordinal	row_key	catalog_source	catalog_key	deployed	name	example	dataset	formula	family_explicit	family_description_claim	claimed_source_url	dataset_source_urls	source_file	hidden_claim	verified_claim	description
1	bambi/escs	bambi	escs	true	Multiple Linear Regression	escs	escs	drugs ~ o + c + e + a + n		gaussian	https://bambinos.github.io/bambi/notebooks/ESCS_multiple_regression.html	https://ndownloader.figshare.com/files/28870722	bambi.jl		true	Linear regression of illegal drug use on Big Five personality scores. Family: gaussian.
2	bambi/cherry_blossoms_explicit	bambi	cherry_blossoms_explicit	true	Regression Splines — Explicit Intercept	cherry_blossoms	cherry_blossoms	doy ~ bs(year, knots=iknots, intercept=True)		gaussian	https://bambinos.github.io/bambi/notebooks/splines_cherry_blossoms.html	https://ndownloader.figshare.com/files/31072807	bambi.jl			Spline basis regression of bloom day-of-year on year, with explicit intercept term in the basis expansion. Family: gaussian.
3	bambi/cherry_blossoms_absorbed	bambi	cherry_blossoms_absorbed	true	Regression Splines — Absorbed Intercept	cherry_blossoms	cherry_blossoms	doy ~ bs(year, knots=iknots)		gaussian	https://bambinos.github.io/bambi/notebooks/splines_cherry_blossoms.html	https://ndownloader.figshare.com/files/31072807	bambi.jl			Spline basis regression of bloom day-of-year on year, with model intercept absorbed (not explicit in the basis). Family: gaussian.
4	bambi/dietox	bambi	dietox	true	Hierarchical Linear Regression — Pig Growth	dietox	dietox	Weight ~ Time + (Time|Pig)		gaussian	https://bambinos.github.io/bambi/notebooks/multi-level_regression.html	https://vincentarelbundock.github.io/Rdatasets/csv/geepack/dietox.csv	bambi.jl			Mixed-effects model of pig weight over time with random slope and intercept per pig. Family: gaussian.
5	bambi/sleepstudy	bambi	sleepstudy	true	Hierarchical Linear Regression — Sleep Deprivation	sleepstudy	sleepstudy	Reaction ~ 1 + Days + (Days | Subject)		gaussian	https://bambinos.github.io/bambi/notebooks/sleepstudy.html	https://ndownloader.figshare.com/files/31181002	bambi.jl			Mixed-effects model of reaction time on days of sleep deprivation with random slope and intercept per subject. Family: gaussian.
6	bambi/radon_pooled	bambi	radon_pooled	true	Radon — Complete Pooling	radon	radon	log_radon ~ 0 + floor		gaussian	https://bambinos.github.io/bambi/notebooks/radon_example.html	https://raw.githubusercontent.com/pymc-devs/pymc-examples/main/examples/data/srrs2.dat	bambi.jl			Complete pooling model: single intercept per floor type, ignoring county structure. Family: gaussian.
7	bambi/radon_nopooling	bambi	radon_nopooling	true	Radon — No Pooling	radon	radon	log_radon ~ 0 + county:floor		gaussian	https://bambinos.github.io/bambi/notebooks/radon_example.html	https://raw.githubusercontent.com/pymc-devs/pymc-examples/main/examples/data/srrs2.dat	bambi.jl			No-pooling model: separate intercept for each county-floor combination. Family: gaussian.
8	bambi/radon_partial	bambi	radon_partial	true	Radon — Partial Pooling (Intercept Only)	radon	radon	log_radon ~ 1 + (1|county)		gaussian	https://bambinos.github.io/bambi/notebooks/radon_example.html	https://raw.githubusercontent.com/pymc-devs/pymc-examples/main/examples/data/srrs2.dat	bambi.jl			Partial pooling with random county intercepts, no floor predictor. Family: gaussian.
9	bambi/radon_floor	bambi	radon_floor	true	Radon — Partial Pooling with Floor	radon	radon	log_radon ~ 1 + floor + (1|county)		gaussian	https://bambinos.github.io/bambi/notebooks/radon_example.html	https://raw.githubusercontent.com/pymc-devs/pymc-examples/main/examples/data/srrs2.dat	bambi.jl			Partial pooling with floor as fixed effect and random county intercepts. Family: gaussian.
10	bambi/radon_slopes	bambi	radon_slopes	true	Radon — Varying Slopes	radon	radon	log_radon ~ floor + (floor|county)		gaussian	https://bambinos.github.io/bambi/notebooks/radon_example.html	https://raw.githubusercontent.com/pymc-devs/pymc-examples/main/examples/data/srrs2.dat	bambi.jl			Partial pooling with random slope and intercept for floor by county. Family: gaussian.
11	bambi/radon_county_pred	bambi	radon_county_pred	true	Radon — County-Level Uranium Predictor	radon	radon	log_radon ~ floor + log_u + (1|county)		gaussian	https://bambinos.github.io/bambi/notebooks/radon_example.html	https://raw.githubusercontent.com/pymc-devs/pymc-examples/main/examples/data/srrs2.dat	bambi.jl			Partial pooling with floor and county-level uranium predictor (log_u). Family: gaussian.
12	bambi/strack_rrr_simple	bambi	strack_rrr_simple	true	Strack RRR — Simple Random Effects	strack_rrr	strack_rrr	value ~ condition + (1|uid)		gaussian	https://bambinos.github.io/bambi/notebooks/Strack_RRR_re_analysis.html	https://github.com/bambinos/bambi	bambi.jl			Simple model with condition as fixed effect and random participant intercepts. Family: gaussian.
13	bambi/strack_rrr_full	bambi	strack_rrr_full	true	Strack RRR — Full Crossed Random Effects	strack_rrr	strack_rrr	value ~ condition + age + gender + (1|uid) + (condition|study) + (condition|stimulus)		gaussian	https://bambinos.github.io/bambi/notebooks/Strack_RRR_re_analysis.html	https://github.com/bambinos/bambi	bambi.jl			Full model with condition, age, gender, random participant intercepts, and crossed random effects for study and stimulus. Family: gaussian.
14	bambi/shooter_rate_simple	bambi	shooter_rate_simple	true	Shooter Task — Rate (No Target Effect)	shooter	shooter	rate ~ S(race) * S(object) + (S(race) * S(object) | subject)		gaussian	https://bambinos.github.io/bambi/notebooks/shooter_crossed_random_ANOVA.html	https://raw.githubusercontent.com/bambinos/bambi/main/docs/notebooks/data/shooter.csv	bambi.jl			Reaction rate modeled by race × object interaction with crossed random effects per subject, without target random effects. Family: gaussian.
15	bambi/shooter_rate_target	bambi	shooter_rate_target	true	Shooter Task — Rate (With Target Effect)	shooter	shooter	rate ~ S(race) * S(object) + (S(race) * S(object) | subject) + (S(object) | target)		gaussian	https://bambinos.github.io/bambi/notebooks/shooter_crossed_random_ANOVA.html	https://raw.githubusercontent.com/bambinos/bambi/main/docs/notebooks/data/shooter.csv	bambi.jl			Reaction rate modeled by race × object interaction with crossed random effects for both subject and target. Family: gaussian.
16	bambi/shooter_binary	bambi	shooter_binary	true	Shooter Task — Binary Shoot Decision	shooter	shooter	shoot_or_not[shoot] ~ S(race)*S(object) + (S(race)*S(object) | subject) + (S(object) | target)		bernoulli	https://bambinos.github.io/bambi/notebooks/shooter_crossed_random_ANOVA.html	https://raw.githubusercontent.com/bambinos/bambi/main/docs/notebooks/data/shooter.csv	bambi.jl			Binary shoot/don't-shoot decision modeled by race × object interaction with crossed random effects for subject and target. Family: bernoulli.
17	bambi/fixed_random_naive	bambi	fixed_random_naive	true	Fixed/Random Effects — Naive Model	fixed_random	fixed_random	y ~ x + z		bernoulli	https://bambinos.github.io/bambi/notebooks/fixed_random.html	synthetic	bambi.jl			Naive logistic regression ignoring group structure entirely. Family: bernoulli.
18	bambi/fixed_random_fe	bambi	fixed_random_fe	true	Fixed/Random Effects — Fixed Effects Model	fixed_random	fixed_random	y ~ 0 + C(group) + x + z		bernoulli	https://bambinos.github.io/bambi/notebooks/fixed_random.html	synthetic	bambi.jl			Fixed effects logistic regression with a dummy indicator per group. Family: bernoulli.
19	bambi/fixed_random_re	bambi	fixed_random_re	true	Fixed/Random Effects — Random Effects Model	fixed_random	fixed_random	y ~ x + z + (1|group)		bernoulli	https://bambinos.github.io/bambi/notebooks/fixed_random.html	synthetic	bambi.jl			Multilevel logistic regression with random group intercepts. Family: bernoulli.
20	bambi/fixed_random_mundlak	bambi	fixed_random_mundlak	true	Fixed/Random Effects — Mundlak Machine	fixed_random	fixed_random	y ~ x + z + xbar + (1|group)		bernoulli	https://bambinos.github.io/bambi/notebooks/fixed_random.html	synthetic	bambi.jl			Mundlak machine: random intercepts plus group-mean of x to separate within/between effects. Family: bernoulli.
21	bambi/t_regression_gaussian	bambi	t_regression_gaussian	true	Robust Regression — Gaussian Family	t_regression	t_regression	y ~ x		gaussian	https://bambinos.github.io/bambi/notebooks/t_regression.html	synthetic	bambi.jl			Standard linear regression on data with outliers; used as baseline. Family: gaussian.
22	bambi/t_regression_t	bambi	t_regression_t	true	Robust Regression — Student's t Family	t_regression	t_regression	y ~ x		t	https://bambinos.github.io/bambi/notebooks/t_regression.html	synthetic	bambi.jl			Robust linear regression using Student's t family, which down-weights outliers. Family: t.
23	bambi/predict_new_groups	bambi	predict_new_groups	true	Predict New Groups	predict_new_groups	predict_new_groups	fvc ~ 0 + weeks + smoking_status + (0 + weeks | patient)		gaussian	https://bambinos.github.io/bambi/notebooks/predict_new_groups.html	https://gist.githubusercontent.com/ucals/2cf9d101992cb1b78c2cdd6e3bac6a4b/raw/43034c39052dcf97d4b894d2ec1bc3f90f3623d9/osic_pulmonary_fibrosis.csv	bambi.jl			Mixed-effects model predicting FVC with random slopes per patient; demonstrates out-of-sample prediction for new groups. Family: gaussian.
24	bambi/poly_falling_explicit	bambi	poly_falling_explicit	true	Polynomial Regression — Falling Ball (Explicit)	polynomial_regression	poly_falling	x ~ I(t**2) + 1		gaussian	https://bambinos.github.io/bambi/notebooks/polynomial_regression.html	synthetic	bambi.jl			Polynomial regression using inline transformation `I(t**2)` to recover gravitational constant from falling ball data. Family: gaussian.
25	bambi/poly_falling_alt	bambi	poly_falling_alt	true	Polynomial Regression — Falling Ball (Curly-Brace Syntax)	polynomial_regression	poly_falling	x ~ {t**2} + 1		gaussian	https://bambinos.github.io/bambi/notebooks/polynomial_regression.html	synthetic	bambi.jl			Same as :poly_falling_explicit but using Bambi's alternative curly-brace inline transformation syntax. Family: gaussian.
26	bambi/poly_falling_precomp	bambi	poly_falling_precomp	true	Polynomial Regression — Falling Ball (Pre-Computed Column)	polynomial_regression	poly_falling	x ~ tsquared + 1		gaussian	https://bambinos.github.io/bambi/notebooks/polynomial_regression.html	synthetic	bambi.jl			Polynomial regression using a pre-computed `tsquared` column rather than inline transformation. Family: gaussian.
27	bambi/poly_projectile_power	bambi	poly_projectile_power	true	Polynomial Regression — Projectile (Power Basis)	polynomial_regression	poly_projectile	x ~ I(t**2) + t + 1		gaussian	https://bambinos.github.io/bambi/notebooks/polynomial_regression.html	synthetic	bambi.jl			Explicit quadratic polynomial regression on projectile data with both linear and quadratic terms. Family: gaussian.
28	bambi/poly_projectile_poly	bambi	poly_projectile_poly	true	Polynomial Regression — Projectile (poly() Syntax)	polynomial_regression	poly_projectile	x ~ poly(t, 2, raw=True)		gaussian	https://bambinos.github.io/bambi/notebooks/polynomial_regression.html	synthetic	bambi.jl			Quadratic polynomial regression using Bambi's `poly()` function with raw (non-orthogonal) polynomials. Family: gaussian.
29	bambi/poly_planets	bambi	poly_planets	true	Polynomial Regression — Multi-Planet	polynomial_regression	poly_planets	Height ~ I(Time**2):Planet + Time + 0		gaussian	https://bambinos.github.io/bambi/notebooks/polynomial_regression.html	synthetic	bambi.jl			Planet-specific quadratic coefficient interacted with `Planet` to recover different gravitational constants per planet. Family: gaussian.
30	bambi/logistic_anes	bambi	logistic_anes	true	Logistic Regression — Vote Intention	logistic_anes	logistic_anes	vote['clinton'] ~ party_id + party_id:age		bernoulli	https://bambinos.github.io/bambi/notebooks/logistic_regression.html	https://ndownloader.figshare.com/files/28870740	bambi.jl			Logistic regression of Clinton vote on party ID and party-age interaction. Family: bernoulli.
31	bambi/model_comparison_linear	bambi	model_comparison_linear	true	Model Comparison — Linear	model_comparison	model_comparison	income['>50K'] ~ sex + race + scale(age) + scale(hs_week)		bernoulli	https://bambinos.github.io/bambi/notebooks/model_comparison.html	https://ndownloader.figshare.com/files/28870743	bambi.jl			Linear logistic regression of income on sex, race, age, and weekly hours worked. Family: bernoulli.
32	bambi/model_comparison_quad	bambi	model_comparison_quad	true	Model Comparison — Quadratic	model_comparison	model_comparison	income['>50K'] ~ sex + race + scale(age) + I(scale(age)**2) + scale(hs_week) + I(scale(hs_week)**2)		bernoulli	https://bambinos.github.io/bambi/notebooks/model_comparison.html	https://ndownloader.figshare.com/files/28870743	bambi.jl			Quadratic logistic regression adding squared age and hours terms. Family: bernoulli.
33	bambi/model_comparison_cubic	bambi	model_comparison_cubic	true	Model Comparison — Cubic	model_comparison	model_comparison	income['>50K'] ~ sex + race + scale(age) + I(scale(age)**2) + I(scale(age)**3) + scale(hs_week) + I(scale(hs_week)**2) + I(scale(hs_week)**3)		bernoulli	https://bambinos.github.io/bambi/notebooks/model_comparison.html	https://ndownloader.figshare.com/files/28870743	bambi.jl			Cubic logistic regression adding cubic age and hours terms. Family: bernoulli.
34	bambi/hierarchical_binomial_nopooling	bambi	hierarchical_binomial_nopooling	true	Hierarchical Binomial — No Pooling	hierarchical_binomial	hierarchical_binomial	p(H, AB) ~ 0 + playerID		binomial	https://bambinos.github.io/bambi/notebooks/hierarchical_binomial_bambi.html	https://ndownloader.figshare.com/files/29749140	bambi.jl			Non-hierarchical binomial model: separate intercept per player. Family: binomial.
35	bambi/hierarchical_binomial_partial	bambi	hierarchical_binomial_partial	true	Hierarchical Binomial — Partial Pooling	hierarchical_binomial	hierarchical_binomial	p(H, AB) ~ 1 + (1|playerID)		binomial	https://bambinos.github.io/bambi/notebooks/hierarchical_binomial_bambi.html	https://ndownloader.figshare.com/files/29749140	bambi.jl			Hierarchical binomial model with random player intercepts. Family: binomial.
36	bambi/alternative_links_logit	bambi	alternative_links_logit	true	Alternative Links — Logit	alternative_links	alternative_links	p(y, n) ~ x		"binomial, link=""logit"""	https://bambinos.github.io/bambi/notebooks/alternative_links_binary.html	synthetic	bambi.jl			"Binomial regression with logit link (default). Family: binomial, link=""logit""."
37	bambi/alternative_links_probit	bambi	alternative_links_probit	true	Alternative Links — Probit	alternative_links	alternative_links	p(y, n) ~ x		"binomial, link=""probit"""	https://bambinos.github.io/bambi/notebooks/alternative_links_binary.html	synthetic	bambi.jl			"Binomial regression with probit link. Family: binomial, link=""probit""."
38	bambi/alternative_links_cloglog	bambi	alternative_links_cloglog	true	Alternative Links — Complementary Log-Log	alternative_links	alternative_links	p(y, n) ~ x		"binomial, link=""cloglog"""	https://bambinos.github.io/bambi/notebooks/alternative_links_binary.html	synthetic	bambi.jl			"Binomial regression with complementary log-log link. Family: binomial, link=""cloglog""."
39	bambi/wald_gamma_wald	bambi	wald_gamma_wald	true	Wald Regression — Insurance Claims (Wald Family)	wald_gamma	wald_gamma	claimcst0 ~ C(agecat) + gender + area		"wald, link=""log"""	https://bambinos.github.io/bambi/notebooks/wald_gamma_glm.html	https://ndownloader.figshare.com/files/28870713	bambi.jl			"Wald (inverse Gaussian) regression of claim costs on age category (as categorical), gender and area. Family: wald, link=""log""."
40	bambi/wald_gamma_gamma	bambi	wald_gamma_gamma	true	Gamma Regression — Insurance Claims (Gamma Family)	wald_gamma	wald_gamma	claimcst0 ~ agecat + gender + area		"gamma, link=""log"""	https://bambinos.github.io/bambi/notebooks/wald_gamma_glm.html	https://ndownloader.figshare.com/files/28870713	bambi.jl			"Gamma regression of claim costs on age category (numeric), gender and area. Family: gamma, link=""log""."
41	bambi/negative_binomial_main	bambi	negative_binomial_main	true	Negative Binomial — Main Effects	negative_binomial	negative_binomial	daysabs ~ 0 + prog + scale(math)		negativebinomial	https://bambinos.github.io/bambi/notebooks/negative_binomial.html	https://stats.idre.ucla.edu/stat/stata/dae/nb_data.dta	bambi.jl			Negative binomial regression of student absences on program type and math score. Family: negativebinomial.
42	bambi/negative_binomial_interaction	bambi	negative_binomial_interaction	true	Negative Binomial — Interaction	negative_binomial	negative_binomial	daysabs ~ 0 + prog + scale(math) + prog:scale(math)		negativebinomial	https://bambinos.github.io/bambi/notebooks/negative_binomial.html	https://stats.idre.ucla.edu/stat/stata/dae/nb_data.dta	bambi.jl			Negative binomial regression adding program-by-math interaction term. Family: negativebinomial.
43	bambi/count_roaches_poisson	bambi	count_roaches_poisson	true	Count Regression with Offset — Poisson	count_roaches	count_roaches	y ~ roach1 + treatment + senior + offset(log(exposure2))		poisson	https://bambinos.github.io/bambi/notebooks/count_roaches.html	https://raw.githubusercontent.com/bambinos/bambi/main/docs/notebooks/data/roaches.csv	bambi.jl			Poisson regression of roach counts with log-exposure offset. Family: poisson.
44	bambi/count_roaches_nb	bambi	count_roaches_nb	true	Count Regression with Offset — Negative Binomial	count_roaches	count_roaches	y ~ roach1 + treatment + senior + offset(log(exposure2))		negativebinomial	https://bambinos.github.io/bambi/notebooks/count_roaches.html	https://raw.githubusercontent.com/bambinos/bambi/main/docs/notebooks/data/roaches.csv	bambi.jl			Negative binomial regression of roach counts with log-exposure offset; accounts for overdispersion relative to Poisson. Family: negativebinomial.
45	bambi/beta_probs_intercept	bambi	beta_probs_intercept	true	Beta Regression — Intercept Only (Probabilities)	beta_regression	beta_probs	probabilities ~ 1		beta	https://bambinos.github.io/bambi/notebooks/beta_regression.html	synthetic	bambi.jl			Intercept-only beta regression on synthetic probability data. Family: beta.
46	bambi/beta_coin	bambi	beta_coin	true	Beta Regression — Coin Dirt	beta_regression	beta_coin	p ~ delta_d		beta	https://bambinos.github.io/bambi/notebooks/beta_regression.html	synthetic	bambi.jl			Beta regression of probability on coin dirt differential. Family: beta.
47	bambi/beta_batting_intercept	bambi	beta_batting_intercept	true	Beta Regression — Batting Average Intercept Only	beta_regression	beta_batting	batting_avg ~ 1		beta	https://bambinos.github.io/bambi/notebooks/beta_regression.html	https://ndownloader.figshare.com/files/29749140	bambi.jl			Intercept-only beta regression on baseball batting averages. Family: beta.
48	bambi/beta_batting_shift	bambi	beta_batting_shift	true	Beta Regression — Batting Average with Shift Predictor	beta_regression	beta_batting	batting_avg ~ batting_avg_shift		beta	https://bambinos.github.io/bambi/notebooks/beta_regression.html	https://ndownloader.figshare.com/files/29749140	bambi.jl			Beta regression of batting average on prior-year batting average. Family: beta.
49	bambi/categorical_toy	bambi	categorical_toy	true	Categorical Regression — Toy Dataset	categorical_regression	categorical_toy	y ~ x		categorical	https://bambinos.github.io/bambi/notebooks/categorical_regression.html	synthetic	bambi.jl			Categorical regression on three Gaussian classes. Family: categorical.
50	bambi/categorical_iris	bambi	categorical_iris	true	Categorical Regression — Iris Species	categorical_regression	categorical_regression	species ~ sepal_length + sepal_width + petal_length + petal_width		categorical	https://bambinos.github.io/bambi/notebooks/categorical_regression.html	https://vincentarelbundock.github.io/Rdatasets/csv/datasets/iris.csv	bambi.jl			Categorical regression predicting iris species from morphological measurements. Family: categorical.
51	bambi/categorical_alligator	bambi	categorical_alligator	true	Categorical Regression — Alligator Food Choice	categorical_regression	categorical_alligator	choice ~ length + sex		categorical	https://bambinos.github.io/bambi/notebooks/categorical_regression.html	synthetic	bambi.jl			Categorical regression of alligator food choice on body length and sex. Family: categorical.
52	bambi/circular_vonmises	bambi	circular_vonmises	true	Circular Regression — Von Mises Family	circular_regression	circular_regression	direction ~ distance		vonmises	https://bambinos.github.io/bambi/notebooks/circular_regression.html	https://ndownloader.figshare.com/files/34446077	bambi.jl			Circular regression of periwinkle direction on distance using von Mises distribution. Family: vonmises.
53	bambi/circular_gaussian	bambi	circular_gaussian	true	Circular Regression — Gaussian Comparison	circular_regression	circular_regression	direction ~ distance		gaussian	https://bambinos.github.io/bambi/notebooks/circular_regression.html	https://ndownloader.figshare.com/files/34446077	bambi.jl			Gaussian regression of circular direction data; used as a misspecified comparison model against the von Mises. Family: gaussian.
54	bambi/quantile_p10	bambi	quantile_p10	true	Quantile Regression — p10 (Asymmetric Laplace)	quantile_regression	quantile_regression	bmi ~ bs(age, knots=knots)		asymmetriclaplace, kappa=0	https://bambinos.github.io/bambi/notebooks/quantile_regression.html	https://raw.githubusercontent.com/bambinos/bambi/main/docs/notebooks/data/bmi.csv	bambi.jl			Spline regression targeting the 10th percentile of BMI. Family: asymmetriclaplace, kappa=0.1.
55	bambi/quantile_p50	bambi	quantile_p50	true	Quantile Regression — p50 (Asymmetric Laplace)	quantile_regression	quantile_regression	bmi ~ bs(age, knots=knots)		asymmetriclaplace, kappa=0	https://bambinos.github.io/bambi/notebooks/quantile_regression.html	https://raw.githubusercontent.com/bambinos/bambi/main/docs/notebooks/data/bmi.csv	bambi.jl			Spline regression targeting the 50th percentile (median) of BMI. Family: asymmetriclaplace, kappa=0.5.
56	bambi/quantile_p90	bambi	quantile_p90	true	Quantile Regression — p90 (Asymmetric Laplace)	quantile_regression	quantile_regression	bmi ~ bs(age, knots=knots)		asymmetriclaplace, kappa=0	https://bambinos.github.io/bambi/notebooks/quantile_regression.html	https://raw.githubusercontent.com/bambinos/bambi/main/docs/notebooks/data/bmi.csv	bambi.jl			Spline regression targeting the 90th percentile of BMI. Family: asymmetriclaplace, kappa=0.9.
57	bambi/quantile_gaussian	bambi	quantile_gaussian	true	Quantile Regression — Gaussian Comparison	quantile_regression	quantile_regression	bmi ~ bs(age, knots=knots)		gaussian	https://bambinos.github.io/bambi/notebooks/quantile_regression.html	https://raw.githubusercontent.com/bambinos/bambi/main/docs/notebooks/data/bmi.csv	bambi.jl			Spline regression using Gaussian family; used as comparison model to quantile approach. Family: gaussian.
58	bambi/mister_p	bambi	mister_p	true	MrP — Multilevel Regression and Post-Stratification	mister_p	mister_p	p(abortion, n) ~ male + repvote + (1|state) + (1|eth) + (1|edu) + (1|male:eth) + (1|edu:age) + (1|edu:eth)		binomial	https://bambinos.github.io/bambi/notebooks/mister_p.html	https://dataverse.harvard.edu/	bambi.jl			Multilevel binomial regression with crossed random effects for state, ethnicity, education and interactions; used for post-stratification. Family: binomial.
59	bambi/zip_mu	bambi	zip_mu	true	Zero Inflated Poisson — Mu Component	zero_inflated	zero_inflated	count ~ livebait + camper + persons + child		zero_inflated_poisson	https://bambinos.github.io/bambi/notebooks/zero_inflated_regression.html	https://stats.idre.ucla.edu/stat/data/fish.csv	bambi.jl			ZIP mu component: models the expected count given non-zero. Family: zero_inflated_poisson.
60	bambi/zip_psi	bambi	zip_psi	true	Zero Inflated Poisson — Psi Component	zero_inflated	zero_inflated	psi ~ livebait + camper + persons + child		zero_inflated_poisson	https://bambinos.github.io/bambi/notebooks/zero_inflated_regression.html	https://stats.idre.ucla.edu/stat/data/fish.csv	bambi.jl			ZIP psi component: models the probability of excess zeros. Family: zero_inflated_poisson.
61	bambi/hurdle_mu	bambi	hurdle_mu	true	Hurdle Poisson — Mu Component	zero_inflated	zero_inflated	count ~ livebait + camper + persons + child		hurdle_poisson	https://bambinos.github.io/bambi/notebooks/zero_inflated_regression.html	https://stats.idre.ucla.edu/stat/data/fish.csv	bambi.jl			Hurdle Poisson mu component: models the expected count given positive. Family: hurdle_poisson.
62	bambi/hurdle_psi	bambi	hurdle_psi	true	Hurdle Poisson — Psi Component	zero_inflated	zero_inflated	psi ~ livebait + camper + persons + child		hurdle_poisson	https://bambinos.github.io/bambi/notebooks/zero_inflated_regression.html	https://stats.idre.ucla.edu/stat/data/fish.csv	bambi.jl			Hurdle Poisson psi component: models the probability of a non-zero outcome. Family: hurdle_poisson.
63	bambi/ordinal_trolley_intercept	bambi	ordinal_trolley_intercept	true	Ordinal Regression — Trolley Intercept Only	ordinal_regression	ordinal_regression	response ~ 0		cumulative	https://bambinos.github.io/bambi/notebooks/ordinal_regression.html	https://raw.githubusercontent.com/rmcelreath/rethinking/master/data/Trolley.csv	bambi.jl			Cumulative ordinal model with only threshold parameters, no predictors. Family: cumulative.
64	bambi/ordinal_trolley_effects	bambi	ordinal_trolley_effects	true	Ordinal Regression — Trolley Action/Intention/Contact	ordinal_regression	ordinal_regression	response ~ 0 + action + intention + contact + action:intention + contact:intention		cumulative	https://bambinos.github.io/bambi/notebooks/ordinal_regression.html	https://raw.githubusercontent.com/rmcelreath/rethinking/master/data/Trolley.csv	bambi.jl			Cumulative ordinal model with action, intention, contact and their interactions. Family: cumulative.
65	bambi/ordinal_hr_years	bambi	ordinal_hr_years	true	Ordinal Regression — HR Years at Company	ordinal_regression	hr_attrition	YearsAtCompany ~ 0 + TotalWorkingYears		sratio	https://bambinos.github.io/bambi/notebooks/ordinal_regression.html	https://raw.githubusercontent.com/bambinos/bambi/main/docs/notebooks/data/hr_employee_attrition.tsv.txt	bambi.jl			Sequential ratio (sratio) ordinal model predicting years at company from total working years. Family: sratio.
66	bambi/distributional_const_alpha	bambi	distributional_const_alpha	true	Distributional Models — Constant Alpha	distributional_models	distributional_synth	y ~ x		gamma	https://bambinos.github.io/bambi/notebooks/distributional_models.html	synthetic	bambi.jl			Gamma regression with a single (constant) shape parameter alpha. Family: gamma.
67	bambi/distributional_var_alpha	bambi	distributional_var_alpha	true	Distributional Models — Varying Alpha	distributional_models	distributional_synth	y ~ x  +  alpha ~ x		gamma	https://bambinos.github.io/bambi/notebooks/distributional_models.html	synthetic	bambi.jl			Distributional gamma regression: compound formula models both mu and alpha as functions of x. Family: gamma.
68	bambi/distributional_bikes	bambi	distributional_bikes	true	Distributional Models — Bikes Spline	distributional_models	distributional_models	count ~ 0 + bs(hour, 8, intercept=True)  +  alpha ~ 0 + bs(hour, 8, intercept=True)		gamma	https://bambinos.github.io/bambi/notebooks/distributional_models.html	https://ndownloader.figshare.com/files/38737026	bambi.jl			Distributional gamma regression on hourly bike count data; both mu and alpha modeled with spline basis functions. Family: gamma.
69	bambi/hsgp_1d_basic	bambi	hsgp_1d_basic	true	HSGP 1D — Basic	hsgp_1d	hsgp_1d	y ~ 0 + hsgp(x, m=10, c=2)		gaussian	https://bambinos.github.io/bambi/notebooks/hsgp_1d.html	synthetic	bambi.jl			Hilbert-space Gaussian process approximation on 1D synthetic data. Family: gaussian.
70	bambi/hsgp_1d_centered	bambi	hsgp_1d_centered	true	HSGP 1D — Centered Parameterization	hsgp_1d	hsgp_1d	y ~ 0 + hsgp(x, m=10, c=2, centered=True)		gaussian	https://bambinos.github.io/bambi/notebooks/hsgp_1d.html	synthetic	bambi.jl			HSGP with centered parameterization on 1D synthetic data. Family: gaussian.
71	bambi/hsgp_1d_by_group	bambi	hsgp_1d_by_group	true	HSGP 1D — By Group (Shared Covariance)	hsgp_1d	gam_data	y ~ 0 + hsgp(x2, by=fac, m=12, c=1.5)		gaussian	https://bambinos.github.io/bambi/notebooks/hsgp_1d.html	https://raw.githubusercontent.com/bambinos/bambi/main/docs/notebooks/data/gam_data.csv	bambi.jl			HSGP on GAM data with group-specific processes sharing covariance parameters. Family: gaussian.
72	bambi/hsgp_1d_nocov	bambi	hsgp_1d_nocov	true	HSGP 1D — By Group (No Shared Covariance)	hsgp_1d	gam_data	y ~ 0 + hsgp(x2, by=fac, m=12, c=1.5, share_cov=False)		gaussian	https://bambinos.github.io/bambi/notebooks/hsgp_1d.html	https://raw.githubusercontent.com/bambinos/bambi/main/docs/notebooks/data/gam_data.csv	bambi.jl			HSGP on GAM data with group-specific processes and independent covariance parameters. Family: gaussian.
73	bambi/hsgp_2d_iso	bambi	hsgp_2d_iso	true	HSGP 2D — Isotropic	hsgp_2d	hsgp_2d	outcome ~ 0 + hsgp(x, y, c=1.5, m=10)		gaussian	https://bambinos.github.io/bambi/notebooks/hsgp_2d.html	synthetic	bambi.jl			Isotropic 2D Hilbert-space Gaussian process on synthetic data. Family: gaussian.
74	bambi/hsgp_2d_by_group	bambi	hsgp_2d_by_group	true	HSGP 2D — By Group (Shared Covariance)	hsgp_2d	hsgp_2d	outcome ~ 0 + hsgp(x, y, by=group, c=1.5, m=10)		gaussian	https://bambinos.github.io/bambi/notebooks/hsgp_2d.html	synthetic	bambi.jl			2D HSGP with group-specific processes sharing covariance parameters. Family: gaussian.
75	bambi/hsgp_2d_nocov	bambi	hsgp_2d_nocov	true	HSGP 2D — By Group (No Shared Covariance)	hsgp_2d	hsgp_2d	outcome ~ 0 + hsgp(x, y, by=group, c=1.5, m=10, share_cov=False)		gaussian	https://bambinos.github.io/bambi/notebooks/hsgp_2d.html	synthetic	bambi.jl			2D HSGP with group-specific processes and independent covariance parameters. Family: gaussian.
76	bambi/hsgp_2d_aniso	bambi	hsgp_2d_aniso	true	HSGP 2D — Anisotropic	hsgp_2d	hsgp_2d	outcome ~ 0 + hsgp(x, y, c=1.5, m=10, iso=False)		gaussian	https://bambinos.github.io/bambi/notebooks/hsgp_2d.html	synthetic	bambi.jl			Anisotropic 2D HSGP allowing different length scales per dimension. Family: gaussian.
77	bambi/hsgp_2d_poisson	bambi	hsgp_2d_poisson	true	HSGP 2D — Spatial Poisson Count Data	hsgp_2d	poisson_data	Count ~ 0 + Year + X1:Year + (1|Site) + hsgp(Lon, Lat, by=Year, m=5, c=1.5)		poisson	https://bambinos.github.io/bambi/notebooks/hsgp_2d.html	https://raw.githubusercontent.com/bambinos/bambi/main/docs/notebooks/data/poisson_data.csv	bambi.jl			Poisson regression combining fixed effects, random site intercepts, and a 2D spatial HSGP term varying by year. Family: poisson.
78	bambi/survival_intercept	bambi	survival_intercept	true	Survival Model — Intercept Only	survival_model	survival_model	censored(days_to_event / 31, adopt) ~ 1		exponential,	https://bambinos.github.io/bambi/notebooks/survival_model.html	https://raw.githubusercontent.com/rmcelreath/rethinking/master/data/AustinCats.csv	bambi.jl			"Exponential survival model with only an intercept (constant hazard). Family: exponential, link=""log""."
79	bambi/survival_color	bambi	survival_color	true	Survival Model — Color Effect	survival_model	survival_model	censored(days_to_event / 31, adopt) ~ 0 + color_id		"exponential, link=""log"""	https://bambinos.github.io/bambi/notebooks/survival_model.html	https://raw.githubusercontent.com/rmcelreath/rethinking/master/data/AustinCats.csv	bambi.jl			"Exponential survival model with cat color as a predictor. Family: exponential, link=""log""."
80	bambi/survival_disc_sim	bambi	survival_disc_sim	true	Discrete Time Survival — Simulated Data	survival_discrete_time	survival_discrete_time	event ~ treatment + age + time		"bernoulli, link=""cloglog"""	https://bambinos.github.io/bambi/notebooks/survival_discrete_time_notebook.html	synthetic	bambi.jl			"Bernoulli survival model with complementary log-log link on synthetic discrete-time data. Family: bernoulli, link=""cloglog""."
81	bambi/survival_disc_binomial	bambi	survival_disc_binomial	true	Discrete Time Survival — Binomial Child Mortality	survival_discrete_time	child_mortality	p(events, at_risk) ~ sex + socBranch + period + scale(birth_decade)		"binomial, link=""cloglog"""	https://bambinos.github.io/bambi/notebooks/survival_discrete_time_notebook.html	https://raw.githubusercontent.com/bambinos/bambi/main/docs/notebooks/data/child.csv	bambi.jl			"Binomial discrete-time survival model on Swedish child mortality data. Family: binomial, link=""cloglog""."
82	bambi/survival_disc_spline	bambi	survival_disc_spline	true	Discrete Time Survival — Spline Baseline Hazard	survival_discrete_time	child_mortality	p(events, at_risk) ~ sex + socBranch + bs(period, df=4) + scale(birth_decade)		"binomial, link=""cloglog"""	https://bambinos.github.io/bambi/notebooks/survival_discrete_time_notebook.html	https://raw.githubusercontent.com/bambinos/bambi/main/docs/notebooks/data/child.csv	bambi.jl			"Binomial discrete-time survival with spline baseline hazard. Family: binomial, link=""cloglog""."
83	bambi/survival_disc_poisson	bambi	survival_disc_poisson	true	Discrete Time Survival — Poisson Alternative	survival_discrete_time	child_mortality	events ~ sex + socBranch + period + scale(birth_decade) + offset(log(at_risk))		poisson	https://bambinos.github.io/bambi/notebooks/survival_discrete_time_notebook.html	https://raw.githubusercontent.com/bambinos/bambi/main/docs/notebooks/data/child.csv	bambi.jl			Poisson formulation of discrete-time survival with log-offset for person-time. Family: poisson.
84	bambi/survival_cont_weibull	bambi	survival_cont_weibull	true	Continuous Time Survival — Weibull	survival_continuous_time	survival_continuous_time	censored(time, censoring) ~ treatment + age		weibull	https://bambinos.github.io/bambi/notebooks/survival_continuous_time_notebook.html	synthetic	bambi.jl			Weibull survival model on synthetic data with treatment and age effects. Family: weibull.
85	bambi/survival_cont_retention_fe	bambi	survival_cont_retention_fe	true	Continuous Time Survival — Retention Fixed Effects	survival_continuous_time	retention	censored(month, censoring) ~ C(gender) + C(level) + C(field) + sentiment + intention		weibull	https://bambinos.github.io/bambi/notebooks/survival_continuous_time_notebook.html	https://raw.githubusercontent.com/bambinos/bambi/main/docs/notebooks/data/retention.csv	bambi.jl			Weibull survival model of employee tenure with fixed effects only. Family: weibull.
86	bambi/survival_cont_retention_re	bambi	survival_cont_retention_re	true	Continuous Time Survival — Retention Random Effects	survival_continuous_time	retention	censored(month, censoring) ~ C(gender) + C(level) + sentiment + intention + (1|field)		weibull	https://bambinos.github.io/bambi/notebooks/survival_continuous_time_notebook.html	https://raw.githubusercontent.com/bambinos/bambi/main/docs/notebooks/data/retention.csv	bambi.jl			Weibull survival model of employee tenure with random intercepts for field. Family: weibull.
87	bambi/orthopoly_explicit	bambi	orthopoly_explicit	true	Orthogonal Polynomial — Explicit Quadratic	orthogonal_polynomial	orthopoly_projectile	x ~ I(t**2) + t + 1		gaussian	https://bambinos.github.io/bambi/notebooks/orthogonal_polynomial_reg.html	synthetic	bambi.jl			Explicit (raw) quadratic polynomial on projectile data. Family: gaussian.
88	bambi/orthopoly_poly	bambi	orthopoly_poly	true	Orthogonal Polynomial — poly() Degree 2	orthogonal_polynomial	orthopoly_projectile	x ~ poly(t, 2) + 1		gaussian	https://bambinos.github.io/bambi/notebooks/orthogonal_polynomial_reg.html	synthetic	bambi.jl			Orthogonal polynomial degree 2 on projectile data. Family: gaussian.
89	bambi/orthopoly_linear	bambi	orthopoly_linear	true	Orthogonal Polynomial — MPG Linear	orthogonal_polynomial	orthogonal_polynomial	mpg ~ horsepower		gaussian	https://bambinos.github.io/bambi/notebooks/orthogonal_polynomial_reg.html	https://raw.githubusercontent.com/mwaskom/seaborn-data/master/mpg.csv	bambi.jl			Linear regression of fuel efficiency on horsepower; baseline model. Family: gaussian.
90	bambi/orthopoly_quad	bambi	orthopoly_quad	true	Orthogonal Polynomial — MPG Quadratic	orthogonal_polynomial	orthogonal_polynomial	mpg ~ poly(horsepower, 2)		gaussian	https://bambinos.github.io/bambi/notebooks/orthogonal_polynomial_reg.html	https://raw.githubusercontent.com/mwaskom/seaborn-data/master/mpg.csv	bambi.jl			Orthogonal polynomial degree 2 regression of mpg on horsepower. Family: gaussian.
91	bambi/orthopoly_compare	bambi	orthopoly_compare	true	Orthogonal Polynomial — MPG Degree Comparison	orthogonal_polynomial	orthogonal_polynomial	mpg ~ poly(horsepower, degree)		gaussian	https://bambinos.github.io/bambi/notebooks/orthogonal_polynomial_reg.html	https://raw.githubusercontent.com/mwaskom/seaborn-data/master/mpg.csv	bambi.jl			Orthogonal polynomial regression template for degree ∈ 1:9; used for model comparison. Family: gaussian.
92	bambi/plot_pred_linear	bambi	plot_pred_linear	true	Plot Predictions — Linear Regression (mtcars)	plot_predictions	plot_predictions	mpg ~ 0 + hp * wt + cyl + gear		gaussian	https://bambinos.github.io/bambi/notebooks/plot_predictions.html	https://ndownloader.figshare.com/files/40208785	bambi.jl			Linear regression of fuel efficiency on horsepower, weight, cylinders and gear. Family: gaussian.
93	bambi/plot_pred_nb	bambi	plot_pred_nb	true	Plot Predictions — Negative Binomial (Student Absences)	plot_predictions	negative_binomial	daysabs ~ 0 + prog + scale(math) + prog:scale(math)		negativebinomial	https://bambinos.github.io/bambi/notebooks/plot_predictions.html	https://stats.idre.ucla.edu/stat/stata/dae/nb_data.dta	bambi.jl			Negative binomial regression of student absences; dataset requires Stata loading (see :negative_binomial). Placeholder DataFrame() used here. Family: negativebinomial.
94	bambi/plot_pred_logistic	bambi	plot_pred_logistic	true	Plot Predictions — Logistic Regression (Movies)	plot_predictions	plot_pred_movies	certified_fresh ~ 0 + scale(length) * style		bernoulli	https://bambinos.github.io/bambi/notebooks/plot_predictions.html	https://vincentarelbundock.github.io/Rdatasets/csv/ggplot2movies/movies.csv	bambi.jl			"Logistic regression of ""certified fresh"" rating on film length and genre style. Family: bernoulli."
95	bambi/plot_pred_distr	bambi	plot_pred_distr	true	Plot Predictions — Distributional Gamma	plot_predictions	distributional_synth	y ~ x  +  alpha ~ x		gamma	https://bambinos.github.io/bambi/notebooks/plot_predictions.html	synthetic	bambi.jl			Distributional gamma regression on synthetic data; same model as :distributional_var_alpha. Family: gamma.
96	bambi/plot_comp_zip	bambi	plot_comp_zip	true	Plot Comparisons — ZIP Fish Count	plot_comparisons	plot_comparisons	count ~ livebait + camper + persons + child		zero_inflated_poisson	https://bambinos.github.io/bambi/notebooks/plot_comparisons.html	https://stats.idre.ucla.edu/stat/data/fish.csv	bambi.jl			Zero-inflated Poisson model of fish catch count. Family: zero_inflated_poisson.
97	bambi/plot_comp_logistic	bambi	plot_comp_logistic	true	Plot Comparisons — Logistic Titanic Survival	plot_comparisons	titanic	Survived ~ PClass * SexCode * Age		bernoulli	https://bambinos.github.io/bambi/notebooks/plot_comparisons.html	https://vincentarelbundock.github.io/Rdatasets/csv/Stat2Data/Titanic.csv	bambi.jl			Logistic regression of Titanic survival on passenger class, sex and age with interactions. Family: bernoulli.
98	bambi/plot_slopes_main	bambi	plot_slopes_main	true	Plot Slopes — Main Effects	plot_slopes	plot_slopes	switch ~ dist100 + arsenic + educ4		bernoulli	https://bambinos.github.io/bambi/notebooks/plot_slopes.html	https://vincentarelbundock.github.io/Rdatasets/csv/carData/Wells.csv	bambi.jl			Logistic regression of well-switching on distance, arsenic level and education. Family: bernoulli.
99	bambi/plot_slopes_interaction	bambi	plot_slopes_interaction	true	Plot Slopes — With Interactions	plot_slopes	plot_slopes	switch ~ dist100 + arsenic + educ4 + dist100:educ4 + arsenic:educ4		bernoulli	https://bambinos.github.io/bambi/notebooks/plot_slopes.html	https://vincentarelbundock.github.io/Rdatasets/csv/carData/Wells.csv	bambi.jl			Logistic regression adding education interaction terms with distance and arsenic. Family: bernoulli.
100	bambi/alternative_samplers	bambi	alternative_samplers	true	Using Other Samplers — JAX-Based Samplers	alternative_samplers	alternative_samplers	y ~ x		gaussian	https://bambinos.github.io/bambi/notebooks/alternative_samplers.html	synthetic	bambi.jl			Linear regression on synthetic data; demonstrates blackjax, numpyro and nutpie backends. Family: gaussian.
101	brms/cbpp_binomial	brms	cbpp_binomial	true	Custom Families — Standard Binomial GLMM	cbpp	cbpp	incidence | trials(size) ~ period + (1|herd)			https://paulbuerkner.com/brms/articles/brms_customfamilies.html	https://vincentarelbundock.github.io/Rdatasets/csv/lme4/cbpp.csv	brms.jl			Standard binomial GLMM for contagious bovine pleuropneumonia incidence across 4 periods.
102	brms/cbpp_beta_binomial	brms	cbpp_beta_binomial	true	Custom Families — Beta-Binomial GLMM	cbpp	cbpp	incidence | vint(size) ~ period + (1|herd)			https://paulbuerkner.com/brms/articles/brms_customfamilies.html	https://vincentarelbundock.github.io/Rdatasets/csv/lme4/cbpp.csv	brms.jl			Custom `beta_binomial2` family; `vint` passes integer auxiliary data (herd size) to the custom family. Accounts for extra-binomial overdispersion.
103	brms/distreg_normal	brms	distreg_normal	true	Distributional Regression — Location-Scale Normal	distreg	distreg_dat1	bf(symptom_post ~ group, sigma ~ group)			https://paulbuerkner.com/brms/articles/brms_distreg.html	synthetic	brms.jl			Distributional model for both mean and log(sigma) as functions of group; demonstrates that the two groups differ in both location and scale.
104	brms/distreg_nb	brms	distreg_nb	true	Distributional Regression — Negative Binomial Counts	distreg	distreg_fish	count ~ persons + child + camper			https://paulbuerkner.com/brms/articles/brms_distreg.html	http://paulbuerkner.com/data/fish.csv	brms.jl			Negative binomial model for fishing trip catch counts; no zero-inflation component.
105	brms/distreg_zip	brms	distreg_zip	true	Distributional Regression — Zero-Inflated Poisson	distreg	distreg_fish	bf(count ~ persons + child + camper, zi ~ child)			https://paulbuerkner.com/brms/articles/brms_distreg.html	http://paulbuerkner.com/data/fish.csv	brms.jl			Zero-inflated Poisson; `zi` sub-model predicts structural-zero probability from `child`.
106	brms/distreg_gam	brms	distreg_gam	true	Distributional Regression — Smooth GAM	distreg	distreg_gam	bf(y ~ s(x1) + s(x2) + (1|fac), sigma ~ s(x0) + (1|fac))			https://paulbuerkner.com/brms/articles/brms_distreg.html	synthetic	brms.jl			Both mean and log(sigma) modeled as smooth splines; shared random group effects.
107	brms/nhanes_imputed	brms	nhanes_imputed	true	Handle Missing Values — Multiple Imputation	nhanes	nhanes	bmi ~ age * chl			https://paulbuerkner.com/brms/articles/brms_missings.html	https://vincentarelbundock.github.io/Rdatasets/csv/mice/nhanes.csv	brms.jl			Fit to multiply-imputed datasets via `brm_multiple`; standard regression template on complete cases from each imputed dataset.
108	brms/nhanes_joint	brms	nhanes_joint	true	Handle Missing Values — Joint Imputation Model	nhanes	nhanes	bf(bmi | mi() ~ age * mi(chl)) + bf(chl | mi() ~ age) + set_rescor(FALSE)			https://paulbuerkner.com/brms/articles/brms_missings.html	https://vincentarelbundock.github.io/Rdatasets/csv/mice/nhanes.csv	brms.jl			Joint model: simultaneously imputes `chl` while modelling `bmi`; `mi()` marks imputed variables; `set_rescor(FALSE)` removes residual correlations between equations.
109	brms/nhanes_error	brms	nhanes_error	true	Handle Missing Values — Measurement Error Variant	nhanes	nhanes	bf(bmi | mi() ~ age * mi(chl)) + bf(chl | mi(se = se_chl) ~ age) + set_rescor(FALSE)			https://paulbuerkner.com/brms/articles/brms_missings.html	https://vincentarelbundock.github.io/Rdatasets/csv/mice/nhanes.csv	brms.jl			Variant: `chl` measured with known standard error `se_chl`; propagates measurement uncertainty into the joint imputation model.
110	brms/income_mo	brms	income_mo	true	Monotonic Effects — Main Effect	income	income	ls ~ mo(income)			https://paulbuerkner.com/brms/articles/brms_monotonic.html	synthetic	brms.jl			Monotonic main effect of ordered income; `mo()` constrains the response to be monotonically increasing or decreasing across ordered categories.
111	brms/income_num	brms	income_num	true	Monotonic Effects — Numeric Comparison	income	income	ls ~ income_num			https://paulbuerkner.com/brms/articles/brms_monotonic.html	synthetic	brms.jl			Comparison: standard numeric predictor, ignoring the ordinal structure of income.
112	brms/income_nominal	brms	income_nominal	true	Monotonic Effects — Nominal Factor Comparison	income	income	ls ~ income			https://paulbuerkner.com/brms/articles/brms_monotonic.html	synthetic	brms.jl			Comparison: unordered factor coding, ignores both ordinal structure and monotonicity.
113	brms/income_mo_age	brms	income_mo_age	true	Monotonic Effects — Interaction with Age	income	income	ls ~ mo(income) * age			https://paulbuerkner.com/brms/articles/brms_monotonic.html	synthetic	brms.jl			Interaction of monotonic income effect with age group.
114	brms/income_mo_city	brms	income_mo_city	true	Monotonic Effects — City-Level Random Slopes	income	income	ls ~ mo(income) * age + (mo(income) | city)			https://paulbuerkner.com/brms/articles/brms_monotonic.html	synthetic	brms.jl			Adds city-level random slopes for the monotonic income effect.
115	brms/btdata_compact	brms	btdata_compact	true	Multivariate Models — Compact mvbind Syntax	btdata	btdata	bf(mvbind(tarsus, back) ~ sex + hatchdate + (1|p|fosternest) + (1|q|dam)) + set_rescor(TRUE)			https://paulbuerkner.com/brms/articles/brms_multivariate.html	https://vincentarelbundock.github.io/Rdatasets/csv/MCMCglmm/BTdata.csv	brms.jl			Compact syntax: one formula for both responses; correlated random effects via shared labels `p` and `q`; `set_rescor(TRUE)` adds residual correlations.
116	brms/btdata_explicit	brms	btdata_explicit	true	Multivariate Models — Explicit Separate Formulas	btdata	btdata	bf(tarsus ~ sex + hatchdate + (1|p|fosternest) + (1|q|dam)) + bf(back ~ sex + hatchdate + (1|p|fosternest) + (1|q|dam)) + set_rescor(TRUE)			https://paulbuerkner.com/brms/articles/brms_multivariate.html	https://vincentarelbundock.github.io/Rdatasets/csv/MCMCglmm/BTdata.csv	brms.jl			Equivalent explicit syntax with separate `bf()` per response; same model as `:btdata_compact` but with individually specified sub-formulas.
117	brms/btdata_spline	brms	btdata_spline	true	Multivariate Models — Skew-Normal with Splines	btdata	btdata	bf(tarsus ~ sex + s(hatchdate, k=5) + (1|p|fosternest) + (1|q|dam), family = skew_normal()) + bf(back ~ sex + s(hatchdate, k=5) + (1|p|fosternest) + (1|q|dam)) + set_rescor(TRUE)			https://paulbuerkner.com/brms/articles/brms_multivariate.html	https://vincentarelbundock.github.io/Rdatasets/csv/MCMCglmm/BTdata.csv	brms.jl			Extended model: skew-normal family for `tarsus`, smooth spline for `hatchdate` in both sub-models.
118	brms/nonlinear_exp	brms	nonlinear_exp	true	Nonlinear Models — Exponential Decay	nonlinear	nonlinear_dat	bf(y ~ b1 * exp(b2 * x), b1 + b2 ~ 1, nl = TRUE)			https://paulbuerkner.com/brms/articles/brms_nonlinear.html	synthetic	brms.jl			Nonlinear exponential model; `nl=TRUE` enables custom nonlinear predictors; `b1 + b2 ~ 1` declares both as intercept-only submodels.
119	brms/nonlinear_linear	brms	nonlinear_linear	true	Nonlinear Models — Linear Comparison	nonlinear	nonlinear_dat	y ~ x			https://paulbuerkner.com/brms/articles/brms_nonlinear.html	synthetic	brms.jl			Standard linear model on the same exponential-decay data; baseline comparison.
120	brms/nonlinear_loss	brms	nonlinear_loss	true	Nonlinear Models — Weibull Loss Development	nonlinear	loss	bf(cum ~ ult * (1 - exp(-(dev/theta)^omega)), ult ~ 1 + (1|AY), omega ~ 1, theta ~ 1, nl = TRUE)			https://paulbuerkner.com/brms/articles/brms_nonlinear.html	synthetic	brms.jl			Nonlinear Weibull loss development curve; `ult` (ultimate loss) varies by accident year; `omega` = shape, `theta` = scale.
121	brms/phylo_simple_re	brms	phylo_simple_re	true	Phylogenetic Models — Simple Random Effect	phylogenetics	phylo_simple	phen ~ cofactor + (1|gr(phylo, cov = A))			https://paulbuerkner.com/brms/articles/brms_phylogenetics.html	http://paulbuerkner.com/data/data_simple.txt	brms.jl			Phylogenetic random effect only; `A` is the phylogenetic covariance matrix.
122	brms/phylo_simple_resid	brms	phylo_simple_resid	true	Phylogenetic Models — Additional Residual Effect	phylogenetics	phylo_simple	phen ~ cofactor + (1|gr(phylo, cov = A)) + (1|phylo)			https://paulbuerkner.com/brms/articles/brms_phylogenetics.html	http://paulbuerkner.com/data/data_simple.txt	brms.jl			Adds a species-level residual random effect on top of the phylogenetic effect; `(1|phylo)` captures species-specific deviations not explained by phylogeny.
123	brms/phylo_repeat_re	brms	phylo_repeat_re	true	Phylogenetic Models — Repeated Observations	phylogenetics	phylo_repeat	phen ~ cofactor + (1|gr(phylo, cov = A)) + (1|species)			https://paulbuerkner.com/brms/articles/brms_phylogenetics.html	http://paulbuerkner.com/data/data_repeat.txt	brms.jl			Phylogenetic effect plus within-species random effect for 5 repeated observations per species.
124	brms/phylo_effect	brms	phylo_effect	true	Phylogenetic Models — Meta-Analysis	phylogenetics	phylo_effect	Zr | se(sqrt(1/(N-3))) ~ 1 + (1|gr(phylo, cov = A))			https://paulbuerkner.com/brms/articles/brms_phylogenetics.html	http://paulbuerkner.com/data/data_effect.txt	brms.jl			Meta-analytic model; known SE derived from `N`; `se()` passes known measurement error; random study intercept captures between-species heterogeneity.
125	brms/phylo_pois	brms	phylo_pois	true	Phylogenetic Models — Poisson Family	phylogenetics	phylo_pois	phen_pois ~ cofactor + (1|gr(phylo, cov = A))			https://paulbuerkner.com/brms/articles/brms_phylogenetics.html	http://paulbuerkner.com/data/data_pois.txt	brms.jl			Poisson GLMM with phylogenetic random effect; models count phenotype data.
126	mcelreath/globe	mcelreath	globe	true	Globe Tossing	globe	globe	w | trials(n) ~ 0 + Intercept			synthetic	synthetic	mcelreath.jl			"Binomial likelihood for estimating p(water) from a globe-tossing experiment. `family = binomial(link = ""identity"")`; `0 + Intercept` fixes the link to identity, estimating `p` directly."
127	mcelreath/howell1_intercept	mcelreath	howell1_intercept	true	Heights and Weights — Intercept Only	howell1	howell1	height ~ 1			https://github.com/rmcelreath/rethinking/blob/master/data/Howell1.csv	https://github.com/rmcelreath/rethinking/blob/master/data/Howell1.csv	mcelreath.jl			Intercept-only Gaussian regression on adult heights (age >= 18, n=352). Used as a prior predictive / baseline model.
128	mcelreath/howell1_linear	mcelreath	howell1_linear	true	Heights and Weights — Linear Regression	howell1	howell1	height ~ 1 + weight_c			https://github.com/rmcelreath/rethinking/blob/master/data/Howell1.csv	https://github.com/rmcelreath/rethinking/blob/master/data/Howell1.csv	mcelreath.jl			Simple linear regression of height on mean-centered weight in adults (age >= 18). `weight_c = weight - mean(weight)`.
129	mcelreath/howell1_quad	mcelreath	howell1_quad	true	Heights and Weights — Quadratic Polynomial	howell1	howell1	height ~ 1 + weight_s + weight_s2			https://github.com/rmcelreath/rethinking/blob/master/data/Howell1.csv	https://github.com/rmcelreath/rethinking/blob/master/data/Howell1.csv	mcelreath.jl			Quadratic polynomial regression of height on standardized weight using the full dataset (all ages). `weight_s` = standardized weight, `weight_s2 = weight_s^2`.
130	mcelreath/howell1_cubic	mcelreath	howell1_cubic	true	Heights and Weights — Cubic Polynomial	howell1	howell1	height ~ 1 + weight_s + weight_s2 + weight_s3			https://github.com/rmcelreath/rethinking/blob/master/data/Howell1.csv	https://github.com/rmcelreath/rethinking/blob/master/data/Howell1.csv	mcelreath.jl			Cubic polynomial regression of height on standardized weight using the full dataset (all ages). `weight_s3 = weight_s^3`.
131	mcelreath/howell1_nl	mcelreath	howell1_nl	true	Heights and Weights — Nonlinear Exponential Growth	howell1	howell1	bf(height ~ a + exp(lb) * weight_c, a ~ 1, lb ~ 1, nl = TRUE)			https://github.com/rmcelreath/rethinking/blob/master/data/Howell1.csv	https://github.com/rmcelreath/rethinking/blob/master/data/Howell1.csv	mcelreath.jl			Nonlinear exponential growth model for height on mean-centered weight in adults (age >= 18). `weight_c = weight - mean(weight)`.
132	mcelreath/howell1_volume	mcelreath	howell1_volume	true	Heights and Weights — Nonlinear Volume Model	howell1	howell1	bf(w ~ log(3.141593 * k * p^2 * h^3), k + p ~ 1, nl = TRUE)			https://github.com/rmcelreath/rethinking/blob/master/data/Howell1.csv	https://github.com/rmcelreath/rethinking/blob/master/data/Howell1.csv	mcelreath.jl			Lognormal nonlinear model treating body weight as a scaled cylinder. `w` = weight, `h` = height. Models body weight as a scaled cylinder volume.
133	mcelreath/cherry_blossoms	mcelreath	cherry_blossoms	true	Cherry Blossoms — B-Spline Regression	cherry_blossoms	cherry_blossoms	doy ~ 1 + B			https://github.com/rmcelreath/rethinking/blob/master/data/cherry_blossoms.csv	https://github.com/rmcelreath/rethinking/blob/master/data/cherry_blossoms.csv	mcelreath.jl			`B` is a B-spline basis matrix (each column is a basis function); constructed via `bs(year, knots=iknots)` in R with ~17 basis columns.
134	mcelreath/waffle_divorce_a	mcelreath	waffle_divorce_a	true	Waffle Divorce — Age Predicts Divorce	waffle_divorce	waffle_divorce	D ~ 1 + A			https://github.com/rmcelreath/rethinking/blob/master/data/WaffleDivorce.csv	https://github.com/rmcelreath/rethinking/blob/master/data/WaffleDivorce.csv	mcelreath.jl			Simple regression of standardized divorce rate on standardized median age at marriage. `D` = standardized Divorce, `A` = standardized MedianAgeMarriage.
135	mcelreath/waffle_divorce_m	mcelreath	waffle_divorce_m	true	Waffle Divorce — Marriage Rate Predicts Divorce	waffle_divorce	waffle_divorce	D ~ 1 + M			https://github.com/rmcelreath/rethinking/blob/master/data/WaffleDivorce.csv	https://github.com/rmcelreath/rethinking/blob/master/data/WaffleDivorce.csv	mcelreath.jl			Simple regression of standardized divorce rate on standardized marriage rate. `D` = standardized Divorce, `M` = standardized Marriage.
136	mcelreath/waffle_divorce_am	mcelreath	waffle_divorce_am	true	Waffle Divorce — Multiple Regression (M's effect vanishes)	waffle_divorce	waffle_divorce	D ~ 1 + M + A			https://github.com/rmcelreath/rethinking/blob/master/data/WaffleDivorce.csv	https://github.com/rmcelreath/rethinking/blob/master/data/WaffleDivorce.csv	mcelreath.jl			Multiple regression; M's effect vanishes after conditioning on A, revealing a spurious association between marriage rate and divorce.
137	mcelreath/waffle_divorce_mediator	mcelreath	waffle_divorce_mediator	true	Waffle Divorce — Mediator Regression (A predicts M)	waffle_divorce	waffle_divorce	M ~ 1 + A			https://github.com/rmcelreath/rethinking/blob/master/data/WaffleDivorce.csv	https://github.com/rmcelreath/rethinking/blob/master/data/WaffleDivorce.csv	mcelreath.jl			Mediator regression: age at marriage predicts marriage rate. Part of the causal model where A -> M -> D and A -> D.
138	mcelreath/waffle_divorce_multivariate	mcelreath	waffle_divorce_multivariate	true	Waffle Divorce — Multivariate Simultaneous Causal Model	waffle_divorce	waffle_divorce	bf(D ~ 1 + M + A) + bf(M ~ 1 + A) + set_rescor(FALSE)			https://github.com/rmcelreath/rethinking/blob/master/data/WaffleDivorce.csv	https://github.com/rmcelreath/rethinking/blob/master/data/WaffleDivorce.csv	mcelreath.jl			Multivariate brms model; simultaneous causal model for D and M with residual correlation disabled via `set_rescor(FALSE)`.
139	mcelreath/waffle_divorce_meas_err	mcelreath	waffle_divorce_meas_err	true	Waffle Divorce — Measurement Error Model	waffle_divorce	waffle_divorce	D_obs | mi(D_sd) ~ 1 + A + M			https://github.com/rmcelreath/rethinking/blob/master/data/WaffleDivorce.csv	https://github.com/rmcelreath/rethinking/blob/master/data/WaffleDivorce.csv	mcelreath.jl			Measurement error model from Ch 15; `D_sd` is the known standard error of the divorce estimate (approximated as 0.1 * |D| + 0.01). `D_obs` is the noisy observation.
140	mcelreath/milk_neo	mcelreath	milk_neo	true	Milk Energy — Neocortex Predictor	milk	milk	kcal_s ~ 1 + neo_s			https://github.com/rmcelreath/rethinking/blob/master/data/milk.csv	https://github.com/rmcelreath/rethinking/blob/master/data/milk.csv	mcelreath.jl			Positive association between neocortex percentage and kcal per gram before controlling for body mass. Uses complete cases (n=12) with non-missing neocortex.perc.
141	mcelreath/milk_mass	mcelreath	milk_mass	true	Milk Energy — Log Body Mass Predictor	milk	milk	kcal_s ~ 1 + logmass_s			https://github.com/rmcelreath/rethinking/blob/master/data/milk.csv	https://github.com/rmcelreath/rethinking/blob/master/data/milk.csv	mcelreath.jl			Negative association; larger species produce less calorie-dense milk. Uses complete cases (n=12) with non-missing neocortex.perc.
142	mcelreath/milk_both	mcelreath	milk_both	true	Milk Energy — Neocortex and Mass (Masked Association)	milk	milk	kcal_s ~ 1 + neo_s + logmass_s			https://github.com/rmcelreath/rethinking/blob/master/data/milk.csv	https://github.com/rmcelreath/rethinking/blob/master/data/milk.csv	mcelreath.jl			Both effects revealed simultaneously — the masked association. Uses complete cases (n=12) with non-missing neocortex.perc.
143	mcelreath/milk_clade	mcelreath	milk_clade	true	Milk Energy — Clade Index Model	milk	milk	kcal_s ~ 0 + clade			https://github.com/rmcelreath/rethinking/blob/master/data/milk.csv	https://github.com/rmcelreath/rethinking/blob/master/data/milk.csv	mcelreath.jl			Clade index model with one intercept per primate clade, no overall intercept. Uses complete cases (n=12) with non-missing neocortex.perc.
144	mcelreath/milk_mi	mcelreath	milk_mi	true	Milk Energy — Joint Missing-Data Model	milk	milk	bf(k ~ 1 + mi(b) + m) + bf(b | mi() ~ 1) + set_rescor(FALSE)			https://github.com/rmcelreath/rethinking/blob/master/data/milk.csv	https://github.com/rmcelreath/rethinking/blob/master/data/milk.csv	mcelreath.jl			Joint missing-data model from Ch 15; `b` = neocortex.perc with missing values treated as partially observed. Uses the full dataset (all 29 species, including those with missing neocortex data).
145	mcelreath/plant_growth_baseline	mcelreath	plant_growth_baseline	true	Plant Growth — Baseline (No Treatment Effect)	plant_growth	plant_growth	h1 ~ 0 + h0			synthetic	synthetic	mcelreath.jl			Baseline model with no treatment effect. Growth proportional to initial height.
146	mcelreath/plant_growth_biased	mcelreath	plant_growth_biased	true	Plant Growth — Post-Treatment Bias	plant_growth	plant_growth	bf(h1 ~ h0 * (a + t * treatment + f * fungus), a + t + f ~ 1, nl = TRUE)			synthetic	synthetic	mcelreath.jl			Post-treatment bias: treatment effect absorbed by conditioning on fungus (a mediator). Including fungus blocks the path from treatment to h1.
147	mcelreath/plant_growth_causal	mcelreath	plant_growth_causal	true	Plant Growth — Causal Model (Excluding Mediator)	plant_growth	plant_growth	bf(h1 ~ h0 * (a + t * treatment), a + t ~ 1, nl = TRUE)			synthetic	synthetic	mcelreath.jl			Causal model: treatment effect recovered by excluding fungus (the mediator). This gives an unbiased estimate of the total effect of treatment on growth.
148	mcelreath/happiness_collider	mcelreath	happiness_collider	true	Happiness — Collider Bias (Spurious Age Effect)	happiness	happiness	happiness ~ 0 + mid + a			synthetic	synthetic	mcelreath.jl			`mid` = marriage as index; conditioning on marriage (a collider) induces a spurious negative association between age and happiness.
149	mcelreath/happiness_causal	mcelreath	happiness_causal	true	Happiness — Causal Model (No Age Effect)	happiness	happiness	happiness ~ 0 + Intercept + a			synthetic	synthetic	mcelreath.jl			No conditioning on marriage; age has no direct effect on happiness in this causal model.
150	mcelreath/rugged_pooled	mcelreath	rugged_pooled	true	Terrain Ruggedness — Pooled Model	rugged	rugged	log_gdp_std ~ 1 + rugged_std_c			https://github.com/rmcelreath/rethinking/blob/master/data/rugged.csv	https://github.com/rmcelreath/rethinking/blob/master/data/rugged.csv	mcelreath.jl			Pooled model ignoring continent. `log_gdp_std` = log GDP standardized to mean, `rugged_std_c` = ruggedness standardized and centered.
151	mcelreath/rugged_continent	mcelreath	rugged_continent	true	Terrain Ruggedness — Continent Intercepts	rugged	rugged	log_gdp_std ~ 0 + cid + rugged_std_c			https://github.com/rmcelreath/rethinking/blob/master/data/rugged.csv	https://github.com/rmcelreath/rethinking/blob/master/data/rugged.csv	mcelreath.jl			"Continent intercepts via index `cid`; same ruggedness slope for Africa and Other. `cid` = ""Africa"" or ""Other""."
152	mcelreath/rugged_nl	mcelreath	rugged_nl	true	Terrain Ruggedness — Nonlinear Continent Slopes	rugged	rugged	bf(log_gdp_std ~ 0 + a + b * rugged_std_c, a ~ 0 + cid, b ~ 0 + cid, nl = TRUE)			https://github.com/rmcelreath/rethinking/blob/master/data/rugged.csv	https://github.com/rmcelreath/rethinking/blob/master/data/rugged.csv	mcelreath.jl			Continent-specific intercepts AND slopes; ruggedness hurts GDP outside Africa but helps within Africa.
153	mcelreath/tulips_additive	mcelreath	tulips_additive	true	Tulips — Additive Water and Shade Effects	tulips	tulips	blooms_std ~ 1 + water_cent + shade_cent			https://github.com/rmcelreath/rethinking/blob/master/data/tulips.csv	https://github.com/rmcelreath/rethinking/blob/master/data/tulips.csv	mcelreath.jl			Additive model; `water_cent` and `shade_cent` are mean-centered. No interaction term.
154	mcelreath/tulips_interaction	mcelreath	tulips_interaction	true	Tulips — Water × Shade Interaction	tulips	tulips	blooms_std ~ 1 + water_cent + shade_cent + water_cent:shade_cent			https://github.com/rmcelreath/rethinking/blob/master/data/tulips.csv	https://github.com/rmcelreath/rethinking/blob/master/data/tulips.csv	mcelreath.jl			Interaction model: the effect of water on blooms depends on shade level.
155	mcelreath/hetero	mcelreath	hetero	true	Distributional Model — Heteroscedastic Gaussian	hetero	hetero	bf(y ~ 1, sigma ~ 1 + x)			synthetic	synthetic	mcelreath.jl			Distributional model: both mean and log(`sigma`) have their own sub-models. `sigma` grows with `x`, producing heteroscedastic residuals.
156	mcelreath/chimpanzees_intercept	mcelreath	chimpanzees_intercept	true	Chimpanzees — Intercept Only	chimpanzees	chimpanzees	pulled_left | trials(1) ~ 1			https://github.com/rmcelreath/rethinking/blob/master/data/chimpanzees.csv	https://github.com/rmcelreath/rethinking/blob/master/data/chimpanzees.csv	mcelreath.jl			Intercept-only binomial; baseline probability of pulling left across all actors and treatments.
157	mcelreath/chimpanzees_actors	mcelreath	chimpanzees_actors	true	Chimpanzees — Actor-Indexed Intercepts and Treatment Effects	chimpanzees	chimpanzees	bf(pulled_left | trials(1) ~ a + b, a ~ 0 + actor, b ~ 0 + treatment, nl = TRUE)			https://github.com/rmcelreath/rethinking/blob/master/data/chimpanzees.csv	https://github.com/rmcelreath/rethinking/blob/master/data/chimpanzees.csv	mcelreath.jl			Actor-indexed intercepts plus treatment effects; no pooling across actors.
158	mcelreath/chimpanzees_multilevel	mcelreath	chimpanzees_multilevel	true	Chimpanzees — Multilevel Partial Pooling	chimpanzees	chimpanzees	bf(pulled_left | trials(1) ~ a + b, a ~ 1 + (1 | actor) + (1 | block), b ~ 0 + treatment, nl = TRUE)			https://github.com/rmcelreath/rethinking/blob/master/data/chimpanzees.csv	https://github.com/rmcelreath/rethinking/blob/master/data/chimpanzees.csv	mcelreath.jl			Multilevel model with partial pooling across actors and blocks. Adaptive regularization via hierarchical priors on actor and block intercepts.
159	mcelreath/chimpanzees_slopes	mcelreath	chimpanzees_slopes	true	Chimpanzees — Varying Slopes by Treatment	chimpanzees	chimpanzees	pulled_left | trials(1) ~ 0 + treatment + (0 + treatment | actor) + (0 + treatment | block)			https://github.com/rmcelreath/rethinking/blob/master/data/chimpanzees.csv	https://github.com/rmcelreath/rethinking/blob/master/data/chimpanzees.csv	mcelreath.jl			Varying slopes; each actor and block has its own treatment-effect vector.
160	mcelreath/ucbadmit_gender	mcelreath	ucbadmit_gender	true	UC Berkeley Admissions — Gender Gap	ucbadmit	ucbadmit	admit | trials(applications) ~ 0 + gid			https://github.com/rmcelreath/rethinking/blob/master/data/UCBadmit.csv	https://github.com/rmcelreath/rethinking/blob/master/data/UCBadmit.csv	mcelreath.jl			`gid` = gender index; apparent gender gap in admission rates before conditioning on department.
161	mcelreath/ucbadmit_dept	mcelreath	ucbadmit_dept	true	UC Berkeley Admissions — Gender + Department	ucbadmit	ucbadmit	bf(admit | trials(applications) ~ a + d, a ~ 0 + gid, d ~ 0 + dept, nl = TRUE)			https://github.com/rmcelreath/rethinking/blob/master/data/UCBadmit.csv	https://github.com/rmcelreath/rethinking/blob/master/data/UCBadmit.csv	mcelreath.jl			Gender and department effects; gender gap disappears after conditioning on department (Simpson's paradox).
162	mcelreath/ucbadmit_beta_binomial	mcelreath	ucbadmit_beta_binomial	true	UC Berkeley Admissions — Beta-Binomial	ucbadmit	ucbadmit	admit | vint(applications) ~ 0 + gid			https://github.com/rmcelreath/rethinking/blob/master/data/UCBadmit.csv	https://github.com/rmcelreath/rethinking/blob/master/data/UCBadmit.csv	mcelreath.jl			Custom beta-binomial family from Ch 12; `vint` passes integer auxiliary data (applications count).
163	mcelreath/kline_intercept	mcelreath	kline_intercept	true	Kline Island — Intercept-Only Poisson	kline	kline	total_tools ~ 1			https://github.com/rmcelreath/rethinking/blob/master/data/Kline.csv	https://github.com/rmcelreath/rethinking/blob/master/data/Kline.csv	mcelreath.jl			Intercept-only Poisson (log link); baseline tool count model.
164	mcelreath/kline_contact	mcelreath	kline_contact	true	Kline Island — Contact-Indexed Intercepts and Log-Population Slopes	kline	kline	bf(total_tools ~ a + b * log_pop_std, a + b ~ 0 + cid, nl = TRUE)			https://github.com/rmcelreath/rethinking/blob/master/data/Kline.csv	https://github.com/rmcelreath/rethinking/blob/master/data/Kline.csv	mcelreath.jl			Contact-index intercepts and slopes on log-population. `cid` = contact level (high/low).
165	mcelreath/kline_power	mcelreath	kline_power	true	Kline Island — Scientific Power-Law Model	kline	kline	bf(total_tools ~ exp(a) * population^b / g, a + b ~ 0 + cid, g ~ 1, nl = TRUE)			https://github.com/rmcelreath/rethinking/blob/master/data/Kline.csv	https://github.com/rmcelreath/rethinking/blob/master/data/Kline.csv	mcelreath.jl			Scientific power-law model with identity link; `a`, `b` vary by contact level `cid`.
166	mcelreath/kline2	mcelreath	kline2	true	Kline Island — Gaussian Process over Geography	kline2	kline2	bf(total_tools ~ exp(a) * population^b / g, a ~ 1 + gp(lat_adj, lon2_adj, scale=FALSE), b + g ~ 1, nl = TRUE)			https://github.com/rmcelreath/rethinking/blob/master/data/Kline2.csv	https://github.com/rmcelreath/rethinking/blob/master/data/Kline2.csv	mcelreath.jl			Power-law model where `a` has a Gaussian process prior over geographic coordinates (latitude and longitude). Requires Kline2 dataset.
167	mcelreath/trolley_intercept	mcelreath	trolley_intercept	true	Trolley — Intercept Only (6 Thresholds)	trolley	trolley	response ~ 1			https://github.com/rmcelreath/rethinking/blob/master/data/Trolley.csv	https://github.com/rmcelreath/rethinking/blob/master/data/Trolley.csv	mcelreath.jl			Intercept-only cumulative ordinal model; 6 thresholds estimated for the 7-point response scale.
168	mcelreath/trolley_effects	mcelreath	trolley_effects	true	Trolley — Action, Contact, and Intention Effects	trolley	trolley	response ~ 1 + action + contact + intention + intention:action + intention:contact			https://github.com/rmcelreath/rethinking/blob/master/data/Trolley.csv	https://github.com/rmcelreath/rethinking/blob/master/data/Trolley.csv	mcelreath.jl			Action, contact, and intention effects (with interactions) on moral acceptability ratings.
169	mcelreath/trolley_edu	mcelreath	trolley_edu	true	Trolley — Monotonic Education Effect	trolley	trolley	response ~ 1 + action + contact + intention + mo(edu_new)			https://github.com/rmcelreath/rethinking/blob/master/data/Trolley.csv	https://github.com/rmcelreath/rethinking/blob/master/data/Trolley.csv	mcelreath.jl			Monotonic effect of ordered education; `edu_new` = integer-coded `edu` (1–8). `mo()` constrains the effect to be monotonically increasing.
170	mcelreath/reedfrogs_nopooling	mcelreath	reedfrogs_nopooling	true	Reed Frogs — No-Pooling Model	reedfrogs	reedfrogs	surv | trials(density) ~ 0 + factor(tank)			https://github.com/rmcelreath/rethinking/blob/master/data/reedfrogs.csv	https://github.com/rmcelreath/rethinking/blob/master/data/reedfrogs.csv	mcelreath.jl			No-pooling model; one parameter per tank. Each tank gets its own intercept with no sharing of information.
171	mcelreath/reedfrogs_partial	mcelreath	reedfrogs_partial	true	Reed Frogs — Partial Pooling via Multilevel Model	reedfrogs	reedfrogs	surv | trials(density) ~ 1 + (1 | tank)			https://github.com/rmcelreath/rethinking/blob/master/data/reedfrogs.csv	https://github.com/rmcelreath/rethinking/blob/master/data/reedfrogs.csv	mcelreath.jl			Partial pooling; adaptive regularization via multilevel model. Tank-level intercepts share a common hyperprior.
172	mcelreath/cafe	mcelreath	cafe	true	Café Visit Times — Varying Slopes	cafe	cafe	wait ~ 1 + afternoon + (1 + afternoon | cafe)			synthetic	synthetic	mcelreath.jl			Varying intercepts AND slopes; café-level covariance between them. The afternoon effect on wait time differs across cafés.
173	mcelreath/primates301_ols	mcelreath	primates301_ols	true	Primates — OLS Without Phylogeny	primates301	primates301	b ~ 1 + m + g			https://github.com/rmcelreath/rethinking/blob/master/data/Primates301.csv	https://github.com/rmcelreath/rethinking/blob/master/data/Primates301.csv	mcelreath.jl			Brain size ~ body mass + group size; phylogeny ignored. All variables log-standardized.
174	mcelreath/primates301_phylo	mcelreath	primates301_phylo	true	Primates — Phylogenetic Regression	primates301	primates301	b ~ 1 + m + g + fcor(R)			https://github.com/rmcelreath/rethinking/blob/master/data/Primates301.csv	https://github.com/rmcelreath/rethinking/blob/master/data/Primates301.csv	mcelreath.jl			Same as OLS model plus phylogenetic correlation matrix `R` passed via `data2`. `R` is built from a phylogenetic tree, e.g. via `ape::vcv.phylo()`.
175	mcelreath/moralizing_gods	mcelreath	moralizing_gods	true	Moralizing Gods — Missing-Data Handling	moralizing_gods	moralizing_gods	moralizing_gods | trials(1) ~ 1 + writing			https://github.com/rmcelreath/rethinking/blob/master/data/Moralizing_gods.csv	https://github.com/rmcelreath/rethinking/blob/master/data/Moralizing_gods.csv	mcelreath.jl			Do moralizing gods predict / follow the emergence of writing? Rows with missing `moralizing_gods` or `writing` are dropped.
176	mcelreath/panda_nuts	mcelreath	panda_nuts	true	Panda Nuts — Nonlinear Learning-Curve Model	panda_nuts	panda_nuts	bf(n_panda ~ seconds * phi * (1 - exp(-k * age_s))^theta, phi + k + theta ~ 1, nl = TRUE)			https://github.com/rmcelreath/rethinking/blob/master/data/Panda_nuts.csv	https://github.com/rmcelreath/rethinking/blob/master/data/Panda_nuts.csv	mcelreath.jl			`poisson(link = identity)`; `n_panda = success`; `phi` = asymptotic rate, `k` = growth rate, `theta` = shape; `age_s` = standardized age.
177	mcelreath/lynx_hare_ar	mcelreath	lynx_hare_ar	true	Lynx and Hare — AR(1) Autoregressive Model	lynx_hare	lynx_hare	Hare ~ 1 + ar(time = Year, p = 1)			https://github.com/rmcelreath/rethinking/blob/master/data/Lynx_Hare.csv	https://github.com/rmcelreath/rethinking/blob/master/data/Lynx_Hare.csv	mcelreath.jl			AR(1) autoregressive model for hare population using the full dataset (missings present in lag variables).
178	mcelreath/lynx_hare_lag	mcelreath	lynx_hare_lag	true	Lynx and Hare — Lag-1 Regression	lynx_hare	lynx_hare	Hare ~ 1 + Hare_1			https://github.com/rmcelreath/rethinking/blob/master/data/Lynx_Hare.csv	https://github.com/rmcelreath/rethinking/blob/master/data/Lynx_Hare.csv	mcelreath.jl			Equivalent lag-1 regression; `Hare_1` = lag of `Hare`. Uses dropmissing dataset (d2, n=20).
179	mcelreath/lynx_hare_mi	mcelreath	lynx_hare_mi	true	Lynx and Hare — Missing-Data Model for Lagged Hare	lynx_hare	lynx_hare	bf(Hare ~ 1 + mi(Hare_1)) + bf(Hare_1 | mi() ~ 1) + set_rescor(FALSE)			https://github.com/rmcelreath/rethinking/blob/master/data/Lynx_Hare.csv	https://github.com/rmcelreath/rethinking/blob/master/data/Lynx_Hare.csv	mcelreath.jl			Treating lagged `Hare` as partially observed/missing. Uses the full dataset with first-row `Hare_1` as missing.
180	mcelreath/lynx_hare_var	mcelreath	lynx_hare_var	true	Lynx and Hare — Bivariate VAR(1)	lynx_hare	lynx_hare	bf(Hare ~ 0 + Intercept + Hare_1 + Lynx_1) + bf(Lynx ~ 0 + Intercept + Lynx_1 + Hare_1) + set_rescor(FALSE)			https://github.com/rmcelreath/rethinking/blob/master/data/Lynx_Hare.csv	https://github.com/rmcelreath/rethinking/blob/master/data/Lynx_Hare.csv	mcelreath.jl			Bivariate VAR(1); lognormal family. `Lynx` feeds back on `Hare`. Uses dropmissing dataset (d2, n=20).
181	mcelreath/mcelreath_btdata_intercept	mcelreath	mcelreath_btdata_intercept	true	Blue Tit Morphology — Intercept Only	btdata	btdata	mvbind(tarsus, back) ~ 1			https://vincentarelbundock.github.io/Rdatasets/csv/MCMCglmm/BTdata.csv	https://vincentarelbundock.github.io/Rdatasets/csv/MCMCglmm/BTdata.csv	mcelreath.jl			Intercept-only multivariate model; establishes baseline residual correlation between tarsus length and back coloration.
182	mcelreath/mcelreath_btdata_full	mcelreath	mcelreath_btdata_full	true	Blue Tit Morphology — Full Model	btdata	btdata	mvbind(tarsus, back) ~ sex + hatchdate + (1 | p | fosternest) + (1 | q | dam)			https://vincentarelbundock.github.io/Rdatasets/csv/MCMCglmm/BTdata.csv	https://vincentarelbundock.github.io/Rdatasets/csv/MCMCglmm/BTdata.csv	mcelreath.jl			Full model; `p`/`q` labels allow correlated random effects across responses. Sex and hatch date as fixed effects; foster nest and dam as random effects.
183	mcelreath/mcelreath_btdata_interaction	mcelreath	mcelreath_btdata_interaction	true	Blue Tit Morphology — Sex × Hatchdate Interaction	btdata	btdata	mvbind(tarsus, back) ~ sex * hatchdate + (1 | p | fosternest) + (1 | q | dam)			https://vincentarelbundock.github.io/Rdatasets/csv/MCMCglmm/BTdata.csv	https://vincentarelbundock.github.io/Rdatasets/csv/MCMCglmm/BTdata.csv	mcelreath.jl			Adds `sex` × `hatchdate` interaction to the full model.
184	kruschke/z15n50	kruschke	z15n50	true	Coin-Flip — Bernoulli Intercept	z15n50	z15n50	y ~ 1			synthetic	synthetic	kruschke.jl			Intercept-only Bernoulli model; identity link estimates `p` directly from 50 trials with 15 successes.
185	kruschke/z6n8z2n7	kruschke	z6n8z2n7	true	Coin-Flip — Two-Mint Separate Intercepts	z6n8z2n7	z6n8z2n7	y ~ 0 + s			synthetic	synthetic	kruschke.jl			Separate Bernoulli intercept per mint; no intercept centering. Mint 1: 6/8 heads, mint 2: 2/7.
186	kruschke/therapeutic_touch	kruschke	therapeutic_touch	true	Hierarchical Bernoulli — Therapeutic Touch	therapeutic_touch	therapeutic_touch	y ~ 1 + (1 | s)			https://raw.githubusercontent.com/ASKurz/Doing-Bayesian-Data-Analysis-in-brms-and-the-tidyverse/master/data.R/TherapeuticTouchData.csv	https://raw.githubusercontent.com/ASKurz/Doing-Bayesian-Data-Analysis-in-brms-and-the-tidyverse/master/data.R/TherapeuticTouchData.csv	kruschke.jl			Hierarchical Bernoulli model with partial pooling across 28 healers; logit link.
187	kruschke/batting_average	kruschke	batting_average	true	Hierarchical Binomial — MLB Batting Average	batting_average	batting_average	Hits | trials(AtBats) ~ 1 + (1 | PriPos) + (1 | PriPos:Player)			https://raw.githubusercontent.com/ASKurz/Doing-Bayesian-Data-Analysis-in-brms-and-the-tidyverse/master/data.R/BattingAverage.csv	https://raw.githubusercontent.com/ASKurz/Doing-Bayesian-Data-Analysis-in-brms-and-the-tidyverse/master/data.R/BattingAverage.csv	kruschke.jl			Hierarchical binomial model; players nested within positions; estimates batting average with partial pooling.
188	kruschke/recall_conditions	kruschke	recall_conditions	true	Binomial Recall — Separate Probability per Condition	recall	recall	n_recalled | trials(20) ~ 0 + condition			synthetic	synthetic	kruschke.jl			Separate binomial recall probability per condition; no intercept centering. Six conditions with distinct true probabilities.
189	kruschke/recall_pooled	kruschke	recall_pooled	true	Binomial Recall — Pooled Single Intercept	recall	recall	n_recalled | trials(20) ~ 1			synthetic	synthetic	kruschke.jl			Pooled single intercept model for memory recall; baseline / comparison model ignoring condition differences.
190	kruschke/two_group_iq_baseline	kruschke	two_group_iq_baseline	true	Two-Group IQ — Single-Group Baseline	two_group_iq	two_group_iq	Score ~ 1			https://raw.githubusercontent.com/ASKurz/Doing-Bayesian-Data-Analysis-in-brms-and-the-tidyverse/master/data.R/TwoGroupIQ.csv	https://raw.githubusercontent.com/ASKurz/Doing-Bayesian-Data-Analysis-in-brms-and-the-tidyverse/master/data.R/TwoGroupIQ.csv	kruschke.jl			Single-group Gaussian model on IQ scores; prior-predictive / baseline before conditioning on group.
191	kruschke/two_group_iq_hetero	kruschke	two_group_iq_hetero	true	Two-Group IQ — Heteroscedastic Groups	two_group_iq	two_group_iq	bf(Score ~ 0 + Group, sigma ~ 0 + Group)			https://raw.githubusercontent.com/ASKurz/Doing-Bayesian-Data-Analysis-in-brms-and-the-tidyverse/master/data.R/TwoGroupIQ.csv	https://raw.githubusercontent.com/ASKurz/Doing-Bayesian-Data-Analysis-in-brms-and-the-tidyverse/master/data.R/TwoGroupIQ.csv	kruschke.jl			Two groups with group-specific mean AND sigma; student-t family for robustness against outliers.
192	kruschke/calcium	kruschke	calcium	true	Calcium RCT — Separate Group Means	calcium	calcium	decrease ~ 0 + treatment			https://jse.amstat.org/datasets/calcium.dat.txt	https://jse.amstat.org/datasets/calcium.dat.txt	kruschke.jl			Separate group means for calcium vs. placebo; Gaussian (or student-t for robustness). Outcome is blood-pressure decrease in mm Hg.
193	kruschke/htwt	kruschke	htwt	true	Simple Linear Regression — Height Predicts Weight	htwt	htwt	weight_z ~ 1 + height_z			https://raw.githubusercontent.com/ASKurz/Doing-Bayesian-Data-Analysis-in-brms-and-the-tidyverse/master/data.R/HtWtData300.csv	https://raw.githubusercontent.com/ASKurz/Doing-Bayesian-Data-Analysis-in-brms-and-the-tidyverse/master/data.R/HtWtData300.csv	kruschke.jl			Simple linear regression with z-standardized predictors; student-t family for robustness. Uses n=300 adults.
194	kruschke/hier_linreg	kruschke	hier_linreg	true	Hierarchical Linear Regression — Varying Intercepts and Slopes	hier_linreg	hier_linreg	y_z ~ 1 + x_z + (1 + x_z || Subj)			https://raw.githubusercontent.com/ASKurz/Doing-Bayesian-Data-Analysis-in-brms-and-the-tidyverse/master/data.R/HierLinRegressData.csv	https://raw.githubusercontent.com/ASKurz/Doing-Bayesian-Data-Analysis-in-brms-and-the-tidyverse/master/data.R/HierLinRegressData.csv	kruschke.jl			Hierarchical model with varying intercepts and slopes per subject; `||` = uncorrelated random effects; z-standardized predictors.
195	kruschke/income_famsize	kruschke	income_famsize	true	Income by Family Size — Measurement-Error Model	income_famsize	income_famsize	median_income_z | se(se_z, sigma = TRUE) ~ 1 + family_size_z + I(family_size_z^2) + (1 + family_size_z + I(family_size_z^2) || State)			https://raw.githubusercontent.com/ASKurz/Doing-Bayesian-Data-Analysis-in-brms-and-the-tidyverse/master/data.R/IncomeFamszState3yr.csv	https://raw.githubusercontent.com/ASKurz/Doing-Bayesian-Data-Analysis-in-brms-and-the-tidyverse/master/data.R/IncomeFamszState3yr.csv	kruschke.jl			Measurement-error model via `| se()`; quadratic trend in family size; state-level random slopes. Accounts for known standard error in the outcome.
196	kruschke/guber1999_base	kruschke	guber1999_base	true	Guber 1999 — Base Multiple Regression	guber1999	guber1999	satt_z ~ 1 + spend_z + prcnt_take_z			https://raw.githubusercontent.com/ASKurz/Doing-Bayesian-Data-Analysis-in-brms-and-the-tidyverse/master/data.R/Guber1999data.csv	https://raw.githubusercontent.com/ASKurz/Doing-Bayesian-Data-Analysis-in-brms-and-the-tidyverse/master/data.R/Guber1999data.csv	kruschke.jl			Multiple regression of SAT score on spending and percent taking SAT; percent taking is a suppressor variable.
197	kruschke/guber1999_complement	kruschke	guber1999_complement	true	Guber 1999 — Complement Proportion Predictor	guber1999	guber1999	satt_z ~ 0 + Intercept + spend_z + prcnt_take_z + prop_not_take_z			https://raw.githubusercontent.com/ASKurz/Doing-Bayesian-Data-Analysis-in-brms-and-the-tidyverse/master/data.R/Guber1999data.csv	https://raw.githubusercontent.com/ASKurz/Doing-Bayesian-Data-Analysis-in-brms-and-the-tidyverse/master/data.R/Guber1999data.csv	kruschke.jl			Adds complementary proportion (prop_not_take_z = 1 - prcnt_take); explicit centering via `0 + Intercept`.
198	kruschke/guber1999_interaction	kruschke	guber1999_interaction	true	Guber 1999 — Interaction Term	guber1999	guber1999	satt_z ~ 1 + spend_z + prcnt_take_z + interaction_z			https://raw.githubusercontent.com/ASKurz/Doing-Bayesian-Data-Analysis-in-brms-and-the-tidyverse/master/data.R/Guber1999data.csv	https://raw.githubusercontent.com/ASKurz/Doing-Bayesian-Data-Analysis-in-brms-and-the-tidyverse/master/data.R/Guber1999data.csv	kruschke.jl			Adds interaction_z = spend_z * prcnt_take_z (standardized product); student-t for robustness.
199	kruschke/fruitfly_hierarchical	kruschke	fruitfly_hierarchical	true	Fruitfly — Hierarchical One-Way ANOVA	fruitfly	fruitfly	Longevity ~ 1 + (1 | CompanionNumber)			https://raw.githubusercontent.com/ASKurz/Doing-Bayesian-Data-Analysis-in-brms-and-the-tidyverse/master/data.R/FruitflyDataReduced.csv	https://raw.githubusercontent.com/ASKurz/Doing-Bayesian-Data-Analysis-in-brms-and-the-tidyverse/master/data.R/FruitflyDataReduced.csv	kruschke.jl			ANOVA as hierarchical model; partial pooling across companion types for longevity.
200	kruschke/fruitfly_pooled	kruschke	fruitfly_pooled	true	Fruitfly — Pooled Baseline	fruitfly	fruitfly	Longevity ~ 1			https://raw.githubusercontent.com/ASKurz/Doing-Bayesian-Data-Analysis-in-brms-and-the-tidyverse/master/data.R/FruitflyDataReduced.csv	https://raw.githubusercontent.com/ASKurz/Doing-Bayesian-Data-Analysis-in-brms-and-the-tidyverse/master/data.R/FruitflyDataReduced.csv	kruschke.jl			Pooled / no-group baseline model for longevity; comparison model with no companion-type structure.
201	kruschke/fruitfly_robust	kruschke	fruitfly_robust	true	Fruitfly — Robust ANOVA with Heterogeneous Sigma	fruitfly	fruitfly	bf(Longevity ~ 0 + CompanionNumber, sigma ~ 0 + CompanionNumber)			https://raw.githubusercontent.com/ASKurz/Doing-Bayesian-Data-Analysis-in-brms-and-the-tidyverse/master/data.R/FruitflyDataReduced.csv	https://raw.githubusercontent.com/ASKurz/Doing-Bayesian-Data-Analysis-in-brms-and-the-tidyverse/master/data.R/FruitflyDataReduced.csv	kruschke.jl			Robust ANOVA with group-specific means AND sigmas; student-t family for outlier robustness.
202	kruschke/fruitfly_ancova	kruschke	fruitfly_ancova	true	Fruitfly — ANCOVA with Thorax Covariate	fruitfly	fruitfly	Longevity ~ 1 + thorax_c + (1 | CompanionNumber)			https://raw.githubusercontent.com/ASKurz/Doing-Bayesian-Data-Analysis-in-brms-and-the-tidyverse/master/data.R/FruitflyDataReduced.csv	https://raw.githubusercontent.com/ASKurz/Doing-Bayesian-Data-Analysis-in-brms-and-the-tidyverse/master/data.R/FruitflyDataReduced.csv	kruschke.jl			ANCOVA controlling for thorax length; `thorax_c` = centered Thorax; common slope across companion groups.
203	kruschke/fruitfly_anhecova	kruschke	fruitfly_anhecova	true	Fruitfly — ANHECOVA with Random Thorax Slope	fruitfly	fruitfly	Longevity ~ 1 + thorax_c + (1 + thorax_c | CompanionNumber)			https://raw.githubusercontent.com/ASKurz/Doing-Bayesian-Data-Analysis-in-brms-and-the-tidyverse/master/data.R/FruitflyDataReduced.csv	https://raw.githubusercontent.com/ASKurz/Doing-Bayesian-Data-Analysis-in-brms-and-the-tidyverse/master/data.R/FruitflyDataReduced.csv	kruschke.jl			ANHECOVA with random slope for thorax length per companion group; allows group-specific relationship between body size and longevity.
204	kruschke/salary_anova	kruschke	salary_anova	true	Salary — Two-Way Random Effects ANOVA	salary	salary	Salary ~ 1 + (1 | Pos) + (1 | Org) + (1 | Pos:Org)			https://raw.githubusercontent.com/ASKurz/Doing-Bayesian-Data-Analysis-in-brms-and-the-tidyverse/master/data.R/Salary.csv	https://raw.githubusercontent.com/ASKurz/Doing-Bayesian-Data-Analysis-in-brms-and-the-tidyverse/master/data.R/Salary.csv	kruschke.jl			Two-way random effects ANOVA with interaction; Gaussian family; partial pooling across positions and organizations.
205	kruschke/salary_robust	kruschke	salary_robust	true	Salary — Robust ANOVA with Heterogeneous Residual Variance	salary	salary	bf(Salary ~ 1 + (1 | Pos) + (1 | Org) + (1 | Pos:Org), sigma ~ 1 + (1 | Pos:Org))			https://raw.githubusercontent.com/ASKurz/Doing-Bayesian-Data-Analysis-in-brms-and-the-tidyverse/master/data.R/Salary.csv	https://raw.githubusercontent.com/ASKurz/Doing-Bayesian-Data-Analysis-in-brms-and-the-tidyverse/master/data.R/Salary.csv	kruschke.jl			Robust variant of salary ANOVA with heterogeneous residual variance per cell (Pos:Org); student-t family.
206	kruschke/splitplot_field	kruschke	splitplot_field	true	Split-Plot ANOVA — With Field Blocking	splitplot	splitplot	Yield ~ 1 + (1 | Till) + (1 | Fert) + (1 | Field) + (1 | Till:Fert)			https://raw.githubusercontent.com/ASKurz/Doing-Bayesian-Data-Analysis-in-brms-and-the-tidyverse/master/data.R/SplitPlotAgriData.csv	https://raw.githubusercontent.com/ASKurz/Doing-Bayesian-Data-Analysis-in-brms-and-the-tidyverse/master/data.R/SplitPlotAgriData.csv	kruschke.jl			Split-plot ANOVA with tillage × fertilizer interaction plus blocking on `Field`.
207	kruschke/splitplot_nofield	kruschke	splitplot_nofield	true	Split-Plot ANOVA — Without Field Blocking	splitplot	splitplot	Yield ~ 1 + (1 | Till) + (1 | Fert) + (1 | Till:Fert)			https://raw.githubusercontent.com/ASKurz/Doing-Bayesian-Data-Analysis-in-brms-and-the-tidyverse/master/data.R/SplitPlotAgriData.csv	https://raw.githubusercontent.com/ASKurz/Doing-Bayesian-Data-Analysis-in-brms-and-the-tidyverse/master/data.R/SplitPlotAgriData.csv	kruschke.jl			Split-plot ANOVA without explicit field blocking; comparison model to assess the contribution of the field random effect.
208	kruschke/htwt110_single	kruschke	htwt110_single	true	Logistic Regression — Single Predictor (Weight)	htwt110	htwt110	male ~ 1 + weight_z			https://raw.githubusercontent.com/ASKurz/Doing-Bayesian-Data-Analysis-in-brms-and-the-tidyverse/master/data.R/HtWtData110.csv	https://raw.githubusercontent.com/ASKurz/Doing-Bayesian-Data-Analysis-in-brms-and-the-tidyverse/master/data.R/HtWtData110.csv	kruschke.jl			Logistic regression predicting sex from standardized weight; single metric predictor.
209	kruschke/htwt110_two_pred	kruschke	htwt110_two_pred	true	Logistic Regression — Two Predictors (Weight and Height)	htwt110	htwt110	male ~ 1 + weight_z + height_z			https://raw.githubusercontent.com/ASKurz/Doing-Bayesian-Data-Analysis-in-brms-and-the-tidyverse/master/data.R/HtWtData110.csv	https://raw.githubusercontent.com/ASKurz/Doing-Bayesian-Data-Analysis-in-brms-and-the-tidyverse/master/data.R/HtWtData110.csv	kruschke.jl			Logistic regression with two metric predictors; collinear but jointly informative for predicting sex.
210	kruschke/htwt110_robust	kruschke	htwt110_robust	true	Robust Logistic Regression — Mixture with Guessing	htwt110	htwt110	bf(male ~ a * 0.5 + (1 - a) * 1 / (1 + exp(-(b0 + b1 * weight_z))), a + b0 + b1 ~ 1, nl = TRUE)			https://raw.githubusercontent.com/ASKurz/Doing-Bayesian-Data-Analysis-in-brms-and-the-tidyverse/master/data.R/HtWtData110.csv	https://raw.githubusercontent.com/ASKurz/Doing-Bayesian-Data-Analysis-in-brms-and-the-tidyverse/master/data.R/HtWtData110.csv	kruschke.jl			Robust nonlinear logistic model; `a` = probability of guessing (mixture weight); identity link; estimated via `nl = TRUE`.
211	kruschke/softmax_categorical	kruschke	softmax_categorical	true	Softmax — Categorical Regression with Two Predictors	softmax	softmax1	Y ~ 0 + Intercept + X1 + X2			https://raw.githubusercontent.com/ASKurz/Doing-Bayesian-Data-Analysis-in-brms-and-the-tidyverse/master/data.R/SoftmaxRegData1.csv	https://raw.githubusercontent.com/ASKurz/Doing-Bayesian-Data-Analysis-in-brms-and-the-tidyverse/master/data.R/SoftmaxRegData1.csv	kruschke.jl			Categorical/softmax regression with separate intercept per category; `categorical` family.
212	kruschke/softmax_baseline	kruschke	softmax_baseline	true	Softmax — Intercepts-Only Baseline	softmax	softmax1	Y ~ 1			https://raw.githubusercontent.com/ASKurz/Doing-Bayesian-Data-Analysis-in-brms-and-the-tidyverse/master/data.R/SoftmaxRegData1.csv	https://raw.githubusercontent.com/ASKurz/Doing-Bayesian-Data-Analysis-in-brms-and-the-tidyverse/master/data.R/SoftmaxRegData1.csv	kruschke.jl			Intercepts-only softmax model; estimates baseline probability per category with no predictors.
213	kruschke/condlog1_ordinal	kruschke	condlog1_ordinal	true	Conditional Logistic — Ordinal Regression (Data Set 1)	softmax	condlog1	Y_ord ~ 1 + cs(X1) + cs(X2)			https://raw.githubusercontent.com/ASKurz/Doing-Bayesian-Data-Analysis-in-brms-and-the-tidyverse/master/data.R/CondLogistRegData1.csv	https://raw.githubusercontent.com/ASKurz/Doing-Bayesian-Data-Analysis-in-brms-and-the-tidyverse/master/data.R/CondLogistRegData1.csv	kruschke.jl			Sequential ordinal regression with category-specific slopes via `cs()`; `sratio` family. First conditional logistic dataset.
214	kruschke/condlog2_ordinal	kruschke	condlog2_ordinal	true	Conditional Logistic — Ordinal Regression (Data Set 2)	softmax	condlog2	Y_ord ~ 1 + cs(X1) + cs(X2)			https://raw.githubusercontent.com/ASKurz/Doing-Bayesian-Data-Analysis-in-brms-and-the-tidyverse/master/data.R/CondLogistRegData2.csv	https://raw.githubusercontent.com/ASKurz/Doing-Bayesian-Data-Analysis-in-brms-and-the-tidyverse/master/data.R/CondLogistRegData2.csv	kruschke.jl			Sequential ordinal regression with category-specific slopes via `cs()`; `sratio` family. Second conditional logistic dataset.
215	kruschke/ordinal_probit_intercept	kruschke	ordinal_probit_intercept	true	Ordinal Probit — Intercept Only	ordinal_probit	ordinal_probit	Y ~ 1			https://raw.githubusercontent.com/ASKurz/Doing-Bayesian-Data-Analysis-in-brms-and-the-tidyverse/master/data.R/OrdinalProbitData1.csv	https://raw.githubusercontent.com/ASKurz/Doing-Bayesian-Data-Analysis-in-brms-and-the-tidyverse/master/data.R/OrdinalProbitData1.csv	kruschke.jl			Intercept-only ordinal probit model; thresholds estimated with `cumulative` family and no predictors.
216	kruschke/ordinal_probit_disc	kruschke	ordinal_probit_disc	true	Ordinal Probit — Discrimination Parameter	ordinal_probit	ordinal_probit	bf(Y ~ 1 + X) + lf(disc ~ 0 + X, cmc = FALSE)			https://raw.githubusercontent.com/ASKurz/Doing-Bayesian-Data-Analysis-in-brms-and-the-tidyverse/master/data.R/OrdinalProbitData1.csv	https://raw.githubusercontent.com/ASKurz/Doing-Bayesian-Data-Analysis-in-brms-and-the-tidyverse/master/data.R/OrdinalProbitData1.csv	kruschke.jl			Ordinal model with discrimination parameter; `disc` controls category spacing and varies with X; `lf()` submodel.
217	kruschke/ordinal_probit_hetero	kruschke	ordinal_probit_hetero	true	Ordinal Probit — Heteroscedastic Gaussian Comparison	ordinal_probit	ordinal_probit	bf(Y ~ 0 + X, sigma ~ 0 + X)			https://raw.githubusercontent.com/ASKurz/Doing-Bayesian-Data-Analysis-in-brms-and-the-tidyverse/master/data.R/OrdinalProbitData1.csv	https://raw.githubusercontent.com/ASKurz/Doing-Bayesian-Data-Analysis-in-brms-and-the-tidyverse/master/data.R/OrdinalProbitData1.csv	kruschke.jl			Heteroscedastic Gaussian comparison model; `sigma` varies with X; alternative to ordinal family.
218	kruschke/happiness_assets	kruschke	happiness_assets	true	Happiness and Assets — Cumulative Ordinal Probit	happiness_assets	happiness_assets	Happiness ~ 1 + Assets_s			https://raw.githubusercontent.com/ASKurz/Doing-Bayesian-Data-Analysis-in-brms-and-the-tidyverse/master/data.R/HappinessAssetsDebt.csv	https://raw.githubusercontent.com/ASKurz/Doing-Bayesian-Data-Analysis-in-brms-and-the-tidyverse/master/data.R/HappinessAssetsDebt.csv	kruschke.jl			Cumulative ordinal probit with standardized assets as predictor; `Assets_s` = (Assets - mean) / sd.
219	kruschke/movies	kruschke	movies	true	Movie Ratings — Cumulative Ordinal Regression	movies	movies	Rating ~ 1 + Year_s + Length_s			https://raw.githubusercontent.com/ASKurz/Doing-Bayesian-Data-Analysis-in-brms-and-the-tidyverse/master/data.R/Movies.csv	https://raw.githubusercontent.com/ASKurz/Doing-Bayesian-Data-Analysis-in-brms-and-the-tidyverse/master/data.R/Movies.csv	kruschke.jl			Cumulative ordinal regression; `Year` and `Length` standardized to `Year_s` and `Length_s`.
220	kruschke/haireye_poisson	kruschke	haireye_poisson	true	Hair-Eye Color — Poisson Log-Linear	haireye	haireye	Count ~ 1 + (1 | Hair) + (1 | Eye) + (1 | Hair:Eye)			https://raw.githubusercontent.com/ASKurz/Doing-Bayesian-Data-Analysis-in-brms-and-the-tidyverse/master/data.R/HairEyeColor.csv	https://raw.githubusercontent.com/ASKurz/Doing-Bayesian-Data-Analysis-in-brms-and-the-tidyverse/master/data.R/HairEyeColor.csv	kruschke.jl			Poisson log-linear model with main effects and interaction as random effects; models 4×4 contingency table.
221	kruschke/haireye_binomial	kruschke	haireye_binomial	true	Hair-Eye Color — Binomial Version	haireye	haireye	Count | trials(264) ~ 1 + (1 | Hair) + (1 | Eye) + (1 | Hair:Eye)			https://raw.githubusercontent.com/ASKurz/Doing-Bayesian-Data-Analysis-in-brms-and-the-tidyverse/master/data.R/HairEyeColor.csv	https://raw.githubusercontent.com/ASKurz/Doing-Bayesian-Data-Analysis-in-brms-and-the-tidyverse/master/data.R/HairEyeColor.csv	kruschke.jl			Binomial version of the 4×4 hair-eye contingency table; `trials(264)` = total N; same random-effects structure as Poisson variant.
222	kruschke/censored_missing	kruschke	censored_missing	true	Censored Data — Missing Values Model	censored	censored	y_na ~ 1			synthetic	synthetic	kruschke.jl			Gaussian model with missing values; brms uses listwise deletion by default. 50 MCAR missing observations out of 500.
223	kruschke/censored_lr	kruschke	censored_lr	true	Censored Data — Left/Right Censoring	censored	censored	y1 | cens(cen1) ~ 1			synthetic	synthetic	kruschke.jl			"Left/right censored Gaussian model; `cen1` ∈ {""left"", ""none"", ""right""}; censored at 85 and 115."
224	kruschke/censored_interval	kruschke	censored_interval	true	Censored Data — Interval Censoring	censored	censored	y2 | cens(cen2, y3) ~ 1			synthetic	synthetic	kruschke.jl			Interval censored Gaussian model; `y3` = upper bound of each interval; values rounded to nearest 5.
225	burkner_papers/epilepsy_base	burkner_papers	epilepsy_base	true	Epileptic Seizure Counts — Poisson GLMM	epilepsy	epilepsy	count ~ zBase * Trt + (1 | patient)			https://doi.org/10.18637/jss.v080.i01	https://vincentarelbundock.github.io/Rdatasets/csv/MASS/epil.csv	burkner_papers.jl			Poisson GLMM; interaction of standardised baseline × treatment; random patient intercept.
226	burkner_papers/epilepsy_trunc	burkner_papers	epilepsy_trunc	true	Epileptic Seizure Counts — Truncated Poisson	epilepsy	epilepsy	count | trunc(ub = 104) ~ zBase * Trt + (1 | patient)			https://doi.org/10.18637/jss.v080.i01	https://vincentarelbundock.github.io/Rdatasets/csv/MASS/epil.csv	burkner_papers.jl			Same Poisson GLMM with upper truncation at 104 (the maximum possible count per visit).
227	burkner_papers/epilepsy_simple	burkner_papers	epilepsy_simple	true	Epileptic Seizure Counts — Simplified Main Effects	epilepsy	epilepsy	count ~ Trt + (1 | patient)			https://doi.org/10.18637/jss.v080.i01	https://vincentarelbundock.github.io/Rdatasets/csv/MASS/epil.csv	burkner_papers.jl			Simplified main-effects Poisson; omits baseline covariate; comparison model.
228	burkner_papers/inhaler	burkner_papers	inhaler	true	Inhaler Ordinal Ratings — Sequential Ratio Model	inhaler	inhaler	rating ~ period + carry + cs(treat)			https://doi.org/10.18637/jss.v080.i01	synthetic	burkner_papers.jl			"Sequential ratio ordinal model; `cs()` = category-specific coefficient for `treat`; `sratio(""logit"")` family estimates P(Y > k | Y ≥ k) at each threshold."
229	burkner_papers/kidney	burkner_papers	kidney	true	Kidney Recurrence Times — Lognormal Survival	kidney	kidney	time | cens(censored) ~ age * sex + disease + (1 | patient)			https://doi.org/10.18637/jss.v080.i01	synthetic	burkner_papers.jl			Lognormal survival model; `cens()` handles right-censored observations; random intercept per patient accounts for within-patient correlation between two kidneys.
230	burkner_papers/hetero_jss_sigma	burkner_papers	hetero_jss_sigma	true	Heteroscedastic Model — Group-Specific Sigma	hetero_jss	hetero_jss	bf(y ~ x, sigma ~ 0 + x)			https://doi.org/10.18637/jss.v080.i01	synthetic	burkner_papers.jl			Gaussian with group-specific `sigma`; the sub-formula `sigma ~ 0 + x` models log(sigma) as a function of `x`.
231	burkner_papers/hetero_jss_quantile	burkner_papers	hetero_jss_quantile	true	Quantile Regression — Asymmetric Laplace	hetero_jss	hetero_jss	bf(y ~ x, quantile = 0.25)			https://doi.org/10.18637/jss.v080.i01	synthetic	burkner_papers.jl			Bayesian quantile regression at the 25th percentile using an asymmetric Laplace distribution.
232	burkner_papers/fish_rj_poisson	burkner_papers	fish_rj_poisson	true	Fish Counts — Poisson Baseline	fish_rj	fish_rj	count ~ persons + child + camper			https://doi.org/10.32614/RJ-2018-017	http://paulbuerkner.com/data/fish.csv	burkner_papers.jl			Poisson model for fishing trip catch counts; no zero-inflation component.
233	burkner_papers/fish_rj_zip	burkner_papers	fish_rj_zip	true	Fish Counts — Zero-Inflated Poisson	fish_rj	fish_rj	bf(count ~ persons + child + camper, zi ~ child)			https://doi.org/10.32614/RJ-2018-017	http://paulbuerkner.com/data/fish.csv	burkner_papers.jl			Zero-inflated Poisson; `zi` sub-model predicts structural-zero probability from `child`.
234	burkner_papers/rent99_spline	burkner_papers	rent99_spline	true	Munich Rent Data — Tensor-Product Spline	rent99	rent99	rentsqm ~ t2(area, yearc) + (1 | district)			https://doi.org/10.32614/RJ-2018-017	synthetic	burkner_papers.jl			Tensor-product spline of area × construction year; random intercept per district.
235	burkner_papers/rent99_distr	burkner_papers	rent99_distr	true	Munich Rent Data — Distributional Smooth Regression	rent99	rent99	bf(rentsqm ~ t2(area, yearc) + (1 | ID1 | district), sigma ~ t2(area, yearc) + (1 | ID1 | district))			https://doi.org/10.32614/RJ-2018-017	synthetic	burkner_papers.jl			Distributional model: both mean and log(sigma) are smooth functions; `ID1` label allows correlation between the two sets of district random effects.
236	burkner_papers/loss_rj	burkner_papers	loss_rj	true	Nonlinear Loss Development — Weibull Curve	loss_rj	loss_rj	bf(cum ~ ult * (1 - exp(-(dev/theta)^omega)), ult ~ 1 + (1 | AY), omega ~ 1, theta ~ 1, nl = TRUE)			https://doi.org/10.32614/RJ-2018-017	synthetic	burkner_papers.jl			Weibull loss development curve; `ult` (ultimate loss) varies by accident year; `omega` = shape, `theta` = scale; `nl = TRUE` enables the nonlinear formula.
237	burkner_papers/multi_member_equal	burkner_papers	multi_member_equal	true	Multiple Membership Model — Equal Weights	multi_member	multi_member	y ~ 1 + (1 | mm(s1, s2))			https://doi.org/10.32614/RJ-2018-017	synthetic	burkner_papers.jl			Equal-weight multiple membership; student outcome depends equally on two schools.
238	burkner_papers/multi_member_weighted	burkner_papers	multi_member_weighted	true	Multiple Membership Model — Weighted	multi_member	multi_member	y ~ 1 + (1 | mm(s1, s2, weights = cbind(w1, w2)))			https://doi.org/10.32614/RJ-2018-017	synthetic	burkner_papers.jl			Weighted multiple membership; `w1 + w2 = 1` for each student; weights the school random effects by the time spent at each school.
239	action_models/rw_jget_lr	action_models	rw_jget_lr	true	Rescorla-Wagner × JGET — Learning Rate vs. Delusional Ideation	rw_jget	jget_sub	learning_rate ~ 1 + pdi_total + session + (1 | ID)			https://github.com/ComputationalPsychiatry/ActionModels.jl/blob/main/docs/julia_files/D_tutorials_examples/example_jget.jl	https://github.com/ComputationalPsychiatry/ActionModels.jl/tree/main/docs/example_data/JGET	action_models.jl			Population-level hierarchical regression of the Rescorla-Wagner learning rate (α) on Peters Delusions Inventory (PDI) total score and session number. `(1|ID)` captures between-subject variability. α is constrained to [0,1] via logistic transformation; regression prior: Normal(0, 0.5) on PDI coefficient.  Note: `learning_rate` is a latent parameter estimated by running ActionModels on the trial-level JGET data before this regression is applied.
240	action_models/rw_jget_noise	action_models	rw_jget_noise	true	Rescorla-Wagner × JGET — Action Noise vs. Delusional Ideation	rw_jget	jget_sub	action_noise ~ 1 + pdi_total + session + (1 | ID)			https://github.com/ComputationalPsychiatry/ActionModels.jl/blob/main/docs/julia_files/D_tutorials_examples/example_jget.jl	https://github.com/ComputationalPsychiatry/ActionModels.jl/tree/main/docs/example_data/JGET	action_models.jl			Population-level hierarchical regression of the Rescorla-Wagner action noise (β, response standard deviation) on PDI score and session. `(1|ID)` captures subject-level variability. β is unconstrained (exponential link); prior: Normal(0, 0.3) on intercept.
241	action_models/pvl_igt_lr	action_models	pvl_igt_lr	true	PVL-Delta × IGT — Learning Rate vs. Clinical Group	pvl_igt	ahn_igt	learning_rate ~ clinical_group + (1 | subjID)			https://github.com/ComputationalPsychiatry/ActionModels.jl/blob/main/docs/julia_files/C_premade_models/pvl_delta.jl	https://github.com/ComputationalPsychiatry/ActionModels.jl/tree/main/docs/example_data/ahn_et_al_2014	action_models.jl			Population-level hierarchical regression of the PVL-Delta learning rate (α ∈ [0,1]) on clinical group (healthy controls, heroin, amphetamine) in the Iowa Gambling Task. `(1|subjID)` models within-subject random intercepts across trials. Transformed via logistic link; LogitNormal prior on regression coefficients.
242	action_models/pvl_igt_reward	action_models	pvl_igt_reward	true	PVL-Delta × IGT — Reward Sensitivity vs. Clinical Group	pvl_igt	ahn_igt	reward_sensitivity ~ clinical_group + (1 | subjID)			https://github.com/ComputationalPsychiatry/ActionModels.jl/blob/main/docs/julia_files/C_premade_models/pvl_delta.jl	https://github.com/ComputationalPsychiatry/ActionModels.jl/tree/main/docs/example_data/ahn_et_al_2014	action_models.jl			Population-level hierarchical regression of prospect-theoretic reward sensitivity (A ∈ [0,1], power parameter in utility transformation `u = |r|^A`) on clinical group in the Iowa Gambling Task. LogitNormal prior; logistic link.
243	action_models/pvl_igt_loss	action_models	pvl_igt_loss	true	PVL-Delta × IGT — Loss Aversion vs. Clinical Group	pvl_igt	ahn_igt	loss_aversion ~ clinical_group + (1 | subjID)			https://github.com/ComputationalPsychiatry/ActionModels.jl/blob/main/docs/julia_files/C_premade_models/pvl_delta.jl	https://github.com/ComputationalPsychiatry/ActionModels.jl/tree/main/docs/example_data/ahn_et_al_2014	action_models.jl			Population-level hierarchical regression of loss aversion weight (w ∈ [0,∞], scales negative prospect values as `-w·|loss|^A`) on clinical group in the Iowa Gambling Task. Exponential link; LogNormal prior on regression coefficients.
244	action_models/pvl_igt_noise	action_models	pvl_igt_noise	true	PVL-Delta × IGT — Action Noise vs. Clinical Group	pvl_igt	ahn_igt	action_noise ~ clinical_group + (1 | subjID)			https://github.com/ComputationalPsychiatry/ActionModels.jl/blob/main/docs/julia_files/C_premade_models/pvl_delta.jl	https://github.com/ComputationalPsychiatry/ActionModels.jl/tree/main/docs/example_data/ahn_et_al_2014	action_models.jl			Population-level hierarchical regression of the softmax inverse temperature (β ∈ [0,∞]; higher → more deterministic deck choice) on clinical group in the Iowa Gambling Task. Exponential link; LogNormal prior on regression coefficients.
245	epidist/delay_naive	epidist	delay_naive	true	Delay Distribution — Naive Lognormal (No Bias Correction)	outbreak_delays	outbreak_aggregated	delay | weights(n) ~ 1			https://epidist.epinowcast.org/articles/epidist.html	synthetic	epidist.jl			Naive lognormal regression for delay distribution estimation (e.g. symptom onset to case notification). Does not account for interval censoring or right truncation of secondary events, producing estimates biased toward shorter delays. The `sigma` sub-model (`sigma ~ 1`) estimates the lognormal standard deviation on the log scale. Baseline model; compare with `:delay_marginal`.
246	epidist/delay_marginal	epidist	delay_marginal	true	Delay Distribution — Marginal Lognormal (Censoring + Truncation Corrected)	outbreak_delays	outbreak_aggregated	delay_lwr | weights(n) + vreal(relative_obs_time, pwindow, swindow, delay_upr) ~ 1			https://epidist.epinowcast.org/articles/epidist.html	synthetic	epidist.jl			Marginal lognormal model correcting for double interval censoring (primary and secondary event times observed only within daily windows) and right truncation (only cases with secondary event before `obs_time` are observable). Uses a custom `marginal_lognormal` brms family implemented via the `primarycensored` Stan library.  `vreal()` passes auxiliary real-valued data to the custom likelihood: observation cutoff, primary censoring window, secondary censoring window, and upper delay bound. The likelihood integrates over primary event time within the censoring window.
247	epinowcast/enw_basic	epinowcast	enw_basic	true	'Epinowcast — Basic: Geometric Random Walk + Lognormal Delay'	epinowcast_basic	hosp_triangle	enw_expectation(~0 + (1|day)) + enw_reference(~1, dist='lognormal')			https://package.epinowcast.org/articles/epinowcast.html	synthetic	epinowcast.jl			Default epinowcast model for nowcasting right-truncated hospitalization counts. `enw_expectation(~0 + (1|day))` models expected final counts via a geometric random walk (daily random intercepts on the log scale). `enw_reference(~1, dist='lognormal')` fits a static lognormal delay distribution shared across all reference dates. Negative-binomial observation model with overdispersion parameter φ.
248	epinowcast/enw_report_dow	epinowcast	enw_report_dow	true	Epinowcast — Report Day-of-Week Effects	epinowcast_basic	hosp_triangle	enw_expectation(~0 + (1|day)) + enw_reference(~1, dist='lognormal') + enw_report(~(1|day_of_week))			https://package.epinowcast.org/articles/epinowcast.html	synthetic	epinowcast.jl			Extends the basic model with a non-parametric report date effect: `enw_report(~(1|day_of_week))` adds random intercepts for day of the week of the report date, capturing systematic under-reporting on weekends. All other components identical to `:enw_basic`.
249	epinowcast/enw_np_reference	epinowcast	enw_np_reference	true	Epinowcast — Non-parametric Hazard Delay Model	epinowcast_basic	hosp_triangle	enw_expectation(~0 + (1|day)) + enw_reference(parametric=~0, non_parametric=~0+delay)			https://package.epinowcast.org/articles/model.html	synthetic	epinowcast.jl			Replaces the parametric lognormal delay with a fully non-parametric discrete-time hazard model. `enw_reference(parametric=~0, non_parametric=~0+delay)` estimates a separate baseline hazard for each delay value using a Cox proportional hazards formulation. More flexible than lognormal; useful when the delay distribution is multi-modal or irregular.
250	epinowcast/enw_age_reference	epinowcast	enw_age_reference	true	Epinowcast — Age-Stratified Hierarchical Delays	epinowcast_age	hosp_triangle_age	enw_expectation(~0 + (1|day_of_week) + (1|day:.group)) + enw_reference(~1 + (1|age_group)) + enw_report(~(1|day_of_week))			https://package.epinowcast.org/articles/germany-age-stratified-nowcasting.html	synthetic	epinowcast.jl			Hierarchical nowcast jointly modeling three age strata. `enw_expectation(...)` includes day-of-week and daily random effects per group (`.group` notation). `enw_reference(~1 + (1|age_group))` allows lognormal delay parameters to vary by age group via partial pooling. `enw_report(...)` accounts for weekend reporting dips shared across groups.
251	epinowcast/enw_age_week_reference	epinowcast	enw_age_week_reference	true	Epinowcast — Time-Varying Delay with Weekly Random Walk by Age Group	epinowcast_age	hosp_triangle_age	enw_expectation(~0 + (1|day_of_week) + (1|day:.group)) + enw_reference(~1 + (1|age_group) + rw(week, by=age_group)) + enw_report(~(1|day_of_week))			https://package.epinowcast.org/articles/germany-age-stratified-nowcasting.html	synthetic	epinowcast.jl			Extends `:enw_age_reference` with time-varying delay: `rw(week, by=age_group)` adds a weekly random walk on delay parameters independently per age group, capturing temporal changes in testing and reporting practices (e.g., shifts in test positivity or lab capacity) that affect different age groups differently.
252	epinowcast/enw_rt_renewal	epinowcast	enw_rt_renewal	true	Epinowcast — Renewal Process with Rt Estimation	epinowcast_rt	hosp_triangle	enw_expectation(r=~1+rw(week), generation_time=gt_pmf, observation=~1+(1|day_of_week)) + enw_reference(~1, dist='lognormal')			https://package.epinowcast.org/articles/single-timeseries-rt-estimation.html	synthetic	epinowcast.jl			Mechanistic renewal-process expectation model that jointly nowcasts and estimates the instantaneous reproduction number Rₜ. `r=~1+rw(week)` specifies a weekly random walk on log(Rₜ). `generation_time=gt_pmf` provides a fixed discretised generation time PMF (Gamma-derived). `observation=~1+(1|day_of_week)` models day-of-week ascertainment variation. `enw_reference(~1, dist='lognormal')` fits a static lognormal reporting delay.
253	epinowcast/bnc_empirical	epinowcast	bnc_empirical	false	Baseline Nowcast — Empirical Delay Estimation	baselinenowcast	hosp_triangle	baselinenowcast(scale_factor = 3, prop_delay = 0.5)			https://baselinenowcast.epinowcast.org/articles/baselinenowcast.html	synthetic	epinowcast.jl	true		Non-Bayesian baseline nowcasting method using empirical delay distributions estimated from historical data. Not a regression formula — specified by two procedural arguments: `scale_factor = 3` allocates 3× max-delay time points as training data; `prop_delay = 0.5` splits training data equally between delay estimation and uncertainty quantification (retrospective error). Outputs probabilistic draws over final counts. `baselinenowcast` is designed as a reference implementation for benchmarking Bayesian nowcasters like `epinowcast`.
254	rstanarm/mtcars_lm	rstanarm	mtcars_lm	true	Motor Trend Cars — Gaussian Linear Model	mtcars	mtcars	mpg ~ wt + am			https://mc-stan.org/rstanarm/articles/priors.html	https://vincentarelbundock.github.io/Rdatasets/csv/datasets/mtcars.csv	rstanarm.jl			`stan_glm` with default weakly-informative priors (autoscaled Normal). Demonstrates how rstanarm's prior autoscaling adapts to predictor scale. Gaussian family, identity link.
255	rstanarm/clouds_lm	rstanarm	clouds_lm	true	Cloud Seeding — Regularized Linear Model (R² Prior)	clouds	clouds	rainfall ~ seeding * (sne + cloudcover + prewetness + echomotion) + time			https://mc-stan.org/rstanarm/articles/lm.html	https://vincentarelbundock.github.io/Rdatasets/csv/HSAUR/clouds.csv	rstanarm.jl			`stan_lm` with an R² prior on explained variance.  Full interaction model of cloud-seeding conditions.  Gaussian family, identity link.
256	rstanarm/womensrole_logit	rstanarm	womensrole_logit	true	Women's Role Survey — Logistic Regression	womensrole	womensrole	cbind(agree, disagree) ~ education + sex			https://mc-stan.org/rstanarm/articles/rstanarm.html	https://vincentarelbundock.github.io/Rdatasets/csv/HSAUR/womensrole.csv	rstanarm.jl			`stan_glm` binomial model of survey agreement with gender-role statements as a function of education and respondent sex.  Grouped binomial with logit link.
257	rstanarm/womensrole_quad	rstanarm	womensrole_quad	true	Women's Role Survey — Logistic with Quadratic Education	womensrole	womensrole	cbind(agree, disagree) ~ education + I(education^2) + sex			https://mc-stan.org/rstanarm/articles/rstanarm.html	https://vincentarelbundock.github.io/Rdatasets/csv/HSAUR/womensrole.csv	rstanarm.jl			Extends the linear education model with a quadratic term to capture diminishing effects at higher education levels.  Binomial / logit.
258	rstanarm/kidiq_hs	rstanarm	kidiq_hs	true	Child IQ — Maternal High-School Status	kidiq	kidiq	kid_score ~ mom_hs			https://mc-stan.org/rstanarm/articles/continuous.html	https://vincentarelbundock.github.io/Rdatasets/csv/rstanarm/kidiq.csv	rstanarm.jl			Baseline Gaussian model regressing child cognitive score on whether the mother completed high school.  Demonstrates default weakly-informative priors.
259	rstanarm/kidiq_iq	rstanarm	kidiq_iq	true	Child IQ — Maternal IQ	kidiq	kidiq	kid_score ~ mom_iq			https://mc-stan.org/rstanarm/articles/continuous.html	https://vincentarelbundock.github.io/Rdatasets/csv/rstanarm/kidiq.csv	rstanarm.jl			Regresses child test score on continuous maternal IQ; single continuous predictor. Gaussian / identity.
260	rstanarm/kidiq_both	rstanarm	kidiq_both	true	Child IQ — Maternal High-School Status and IQ	kidiq	kidiq	kid_score ~ mom_hs + mom_iq			https://mc-stan.org/rstanarm/articles/continuous.html	https://vincentarelbundock.github.io/Rdatasets/csv/rstanarm/kidiq.csv	rstanarm.jl			Additive model combining both maternal predictors.  Gaussian / identity.
261	rstanarm/kidiq_interaction	rstanarm	kidiq_interaction	true	Child IQ — Maternal High-School × IQ Interaction	kidiq	kidiq	kid_score ~ mom_hs * mom_iq			https://mc-stan.org/rstanarm/articles/continuous.html	https://vincentarelbundock.github.io/Rdatasets/csv/rstanarm/kidiq.csv	rstanarm.jl			Full interaction; the slope of maternal IQ on child score is allowed to differ by high-school completion status.  Gaussian / identity.
262	rstanarm/clotting_gamma	rstanarm	clotting_gamma	true	Blood Clotting Time — Gamma GLM	clotting	clotting	clot_time ~ log_plasma * lot_id			https://mc-stan.org/rstanarm/articles/continuous.html	synthetic	rstanarm.jl			`stan_glm` with Gamma family and inverse link, modelling blood clotting time as a function of log plasma concentration, thromboplastin lot, and their interaction. Classic Dobson (2002) §9.2 example.
263	rstanarm/wells_dist	rstanarm	wells_dist	true	Bangladesh Wells — Logistic (Distance Only)	wells	wells	switch ~ dist100			https://mc-stan.org/rstanarm/articles/binomial.html	https://vincentarelbundock.github.io/Rdatasets/csv/rstanarm/wells.csv	rstanarm.jl			`stan_glm` logistic regression of household well-switching on distance to the nearest safe well (in units of 100 metres).  Binomial / logit.
264	rstanarm/wells_both	rstanarm	wells_both	true	Bangladesh Wells — Logistic (Distance + Arsenic)	wells	wells	switch ~ dist100 + arsenic			https://mc-stan.org/rstanarm/articles/binomial.html	https://vincentarelbundock.github.io/Rdatasets/csv/rstanarm/wells.csv	rstanarm.jl			Adds arsenic level of the current well as a second predictor for switching. Binomial / logit.
265	rstanarm/roaches_poisson	rstanarm	roaches_poisson	true	Urban Roaches — Poisson Count Model	roaches	roaches	y ~ roach1 + treatment + senior + offset(log(exposure2))			https://mc-stan.org/rstanarm/articles/count.html	https://vincentarelbundock.github.io/Rdatasets/csv/rstanarm/roaches.csv	rstanarm.jl			`stan_glm` Poisson regression for post-treatment roach trap counts, controlling for pre-treatment baseline and senior-housing status.  Trap-exposure days enter as a log offset.  Poisson / log.
266	rstanarm/roaches_nb	rstanarm	roaches_nb	true	Urban Roaches — Negative Binomial Count Model	roaches	roaches	y ~ roach1 + treatment + senior + offset(log(exposure2))			https://mc-stan.org/rstanarm/articles/count.html	https://vincentarelbundock.github.io/Rdatasets/csv/rstanarm/roaches.csv	rstanarm.jl			Same predictors as `:roaches_poisson` but with the negative binomial family to accommodate overdispersion and excess zeros.  `stan_glm.nb` / log.
267	rstanarm/weightgain_anova	rstanarm	weightgain_anova	true	Rat Weight Gain — Bayesian ANOVA (R² Prior)	weightgain	weightgain	weightgain ~ source * type			https://mc-stan.org/rstanarm/articles/aov.html	https://vincentarelbundock.github.io/Rdatasets/csv/HSAUR/weightgain.csv	rstanarm.jl			`stan_aov` two-way factorial model with R² prior on variance explained by the protein source × protein level interaction.  Gaussian / identity.
268	rstanarm/weightgain_re	rstanarm	weightgain_re	true	Rat Weight Gain — Factors as Random Effects	weightgain	weightgain	weightgain ~ 1 + (1|source) + (1|type) + (1|source:type)			https://mc-stan.org/rstanarm/articles/aov.html	https://vincentarelbundock.github.io/Rdatasets/csv/HSAUR/weightgain.csv	rstanarm.jl			`stan_lmer` refit treating the factorial structure as nested random intercepts, illustrating partial pooling across factor levels.  Gaussian / identity.
269	rstanarm/esoph_polr	rstanarm	esoph_polr	true	Esophageal Cancer — Ordinal Logistic Regression	esoph	esoph	tobgp ~ agegp + alcgp			https://mc-stan.org/rstanarm/articles/polr.html	https://vincentarelbundock.github.io/Rdatasets/csv/datasets/esoph.csv	rstanarm.jl			`stan_polr` proportional-odds model of tobacco consumption group as a function of age and alcohol group.  Ordered logistic.
270	rstanarm/gasoline_beta	rstanarm	gasoline_beta	true	Gasoline Yield — Beta Regression (Mean Only)	gasoline_yield	gasoline_yield	yield ~ gravity + pressure + temp10 + batch			https://mc-stan.org/rstanarm/articles/betareg.html	https://vincentarelbundock.github.io/Rdatasets/csv/betareg/GasolineYield.csv	rstanarm.jl			`stan_betareg` for proportion outcome (0–1): fraction of crude oil converted to gasoline as a function of API gravity, vapor pressure, vaporization temperature, and batch factor.  Beta / logit (mean), constant precision.
271	rstanarm/gasoline_beta_distr	rstanarm	gasoline_beta_distr	true	Gasoline Yield — Distributional Beta Regression	gasoline_yield	gasoline_yield	yield ~ gravity + pressure + temp10 + batch | gravity + pressure			https://mc-stan.org/rstanarm/articles/betareg.html	https://vincentarelbundock.github.io/Rdatasets/csv/betareg/GasolineYield.csv	rstanarm.jl			Extends `:gasoline_beta` by modelling precision (`phi`) as a function of gravity and pressure.  The `|` separator follows the betareg/rstanarm distributional formula interface.  Beta / logit (mean) + log (precision).
272	rstanarm/cbpp_glmm	rstanarm	cbpp_glmm	true	Bovine Pleuropneumonia — Binomial GLMM	cbpp_glmm	cbpp_rs	cbind(incidence, size - incidence) ~ size + period + (1|herd)			https://mc-stan.org/rstanarm/articles/glmer.html	https://vincentarelbundock.github.io/Rdatasets/csv/lme4/cbpp.csv	rstanarm.jl			Canonical `stan_glmer` example from the rstanarm *mixed effects* vignette. Herd-level random intercept for disease incidence across 4 time periods. Binomial / logit.
273	rstanarm/bball_pooled	rstanarm	bball_pooled	true	MLB Batting 1970 — Complete Pooling	bball_pooling	bball1970	cbind(Hits, AB - Hits) ~ 1			https://mc-stan.org/rstanarm/articles/pooling.html	https://vincentarelbundock.github.io/Rdatasets/csv/rstanarm/bball1970.csv	rstanarm.jl			Complete-pooling estimate: single shared batting-average parameter for all 18 players.  Binomial / logit.  Compare with `:bball_nopooling` and `:bball_partial`.
274	rstanarm/bball_nopooling	rstanarm	bball_nopooling	true	MLB Batting 1970 — No Pooling	bball_pooling	bball1970	cbind(Hits, AB - Hits) ~ 0 + Player			https://mc-stan.org/rstanarm/articles/pooling.html	https://vincentarelbundock.github.io/Rdatasets/csv/rstanarm/bball1970.csv	rstanarm.jl			No-pooling model: independent intercept per player, no shrinkage. Binomial / logit.
275	rstanarm/bball_partial	rstanarm	bball_partial	true	MLB Batting 1970 — Partial Pooling (Hierarchical)	bball_pooling	bball1970	cbind(Hits, AB - Hits) ~ (1|Player)			https://mc-stan.org/rstanarm/articles/pooling.html	https://vincentarelbundock.github.io/Rdatasets/csv/rstanarm/bball1970.csv	rstanarm.jl			Hierarchical shrinkage model: player-level random intercepts partially pool estimates toward the population mean.  `stan_glmer` / Binomial / logit. The rstanarm *pooling* vignette shows this recovers end-of-season averages better than either complete or no pooling.
276	vasishth/pupil	vasishth	pupil	true	Pupil Dilation Experiment — Gaussian Regression	pupil	pupil	p_size ~ 1 + c_load			https://bruno.nicenboim.me/bayescogsci/	https://osf.io/z43dz/?action=download	vasishth.jl			Gaussian regression; higher cognitive load → larger pupil dilation.
277	vasishth/spacebar	vasishth	spacebar	true	Spacebar-Pressing Response Times — Lognormal Regression	spacebar	spacebar	t ~ 1 + c_trial			https://bruno.nicenboim.me/bayescogsci/	synthetic	vasishth.jl			Lognormal regression; practice effect: RT decreases linearly on log scale.
278	vasishth/recall_wm	vasishth	recall_wm	true	Working Memory Recall Accuracy — Logistic Regression	recall_wm	recall_wm	correct ~ 1 + c_set_size			https://bruno.nicenboim.me/bayescogsci/	https://osf.io/6r9ka/?action=download	vasishth.jl			Bernoulli(logit) regression; set-size effect on recall accuracy.
279	vasishth/n400_uncorr	vasishth	n400_uncorr	true	N400 EEG — Uncorrelated Varying Slopes	n400	n400	n400 ~ c_cloze + (c_cloze || subj)			https://bruno.nicenboim.me/bayescogsci/	https://osf.io/q7dsk/?action=download	vasishth.jl			Varying intercepts and slopes for subjects, uncorrelated; `||` suppresses the correlation parameter between intercept and slope.
280	vasishth/n400_corr	vasishth	n400_corr	true	N400 EEG — Correlated Varying Slopes	n400	n400	n400 ~ c_cloze + (c_cloze | subj)			https://bruno.nicenboim.me/bayescogsci/	https://osf.io/q7dsk/?action=download	vasishth.jl			Varying intercepts and correlated slopes for subjects; `|` estimates the intercept–slope correlation.
281	vasishth/n400_crossed	vasishth	n400_crossed	true	N400 EEG — Crossed Random Effects	n400	n400	n400 ~ c_cloze + (c_cloze | subj) + (c_cloze | item)			https://bruno.nicenboim.me/bayescogsci/	https://osf.io/q7dsk/?action=download	vasishth.jl			Crossed random effects for subjects and items; both have varying intercepts and slopes.
282	vasishth/n400_distr	vasishth	n400_distr	true	N400 EEG — Distributional Model for Sigma	n400	n400	bf(n400 ~ c_cloze + (c_cloze | subj) + (c_cloze | item), sigma ~ 1 + (1 | subj))			https://bruno.nicenboim.me/bayescogsci/	https://osf.io/q7dsk/?action=download	vasishth.jl			Distributional model: residual sigma modeled with a subject-level random intercept, allowing between-subject variability in residual spread.
283	vasishth/stroop	vasishth	stroop	true	Stroop Task — Lognormal Varying-Slopes Model	stroop	stroop	RT ~ c_cond + (c_cond | subj)			https://bruno.nicenboim.me/bayescogsci/	https://osf.io/n8xa7/?action=download	vasishth.jl			Lognormal regression; varying intercepts and correlated slopes per subject; Stroop congruence effect estimated per subject.
284	vasishth/pooling_partial	vasishth	pooling_partial	true	Hierarchical Pooling — Partial Pooling	pooling	pooling	y ~ 1 + (1 | subj)			https://bruno.nicenboim.me/bayescogsci/	synthetic	vasishth.jl			Hierarchical / partial pooling; adaptive shrinkage across subjects.
285	vasishth/pooling_complete	vasishth	pooling_complete	true	Hierarchical Pooling — Complete Pooling	pooling	pooling	y ~ 1			https://bruno.nicenboim.me/bayescogsci/	synthetic	vasishth.jl			Complete pooling; single intercept ignoring subject identity.
286	vasishth/pooling_none	vasishth	pooling_none	true	Hierarchical Pooling — No Pooling	pooling	pooling	y ~ 0 + factor(subj)			https://bruno.nicenboim.me/bayescogsci/	synthetic	vasishth.jl			No pooling; one intercept per subject; cell-means parameterization.
287	vasishth/contrasts1_treatment	vasishth	contrasts1_treatment	true	Contrast Coding — Treatment Contrast	contrasts1	contrasts1	DV ~ F			https://bruno.nicenboim.me/bayescogsci/	synthetic	vasishth.jl			"Factor as predictor; treatment contrast by default (reference level = ""A"")."
288	vasishth/contrasts1_cellmeans	vasishth	contrasts1_cellmeans	true	Contrast Coding — Cell-Means Parameterization	contrasts1	contrasts1	DV ~ -1 + F			https://bruno.nicenboim.me/bayescogsci/	synthetic	vasishth.jl			Cell-means parameterization; no global intercept; each level gets its own mean.
289	vasishth/contrasts1_monotonic	vasishth	contrasts1_monotonic	true	Contrast Coding — Monotonic Effect	contrasts1	contrasts1	DV ~ 1 + mo(F)			https://bruno.nicenboim.me/bayescogsci/	synthetic	vasishth.jl			Monotonic effect; `F` treated as ordered categorical; `mo()` constrains the effect to be monotonically increasing or decreasing across levels.
290	vasishth/contrasts2x2_factorial	vasishth	contrasts2x2_factorial	true	2×2 Factorial — Full Factorial Model	contrasts2x2	contrasts2x2	DV ~ A * B			https://bruno.nicenboim.me/bayescogsci/	synthetic	vasishth.jl			Full factorial Gaussian model: main effects of `A` and `B` plus A×B interaction.
291	vasishth/contrasts2x2_nested	vasishth	contrasts2x2_nested	true	2×2 Factorial — Nested Model	contrasts2x2	contrasts2x2	DV ~ B / A			https://bruno.nicenboim.me/bayescogsci/	synthetic	vasishth.jl			`A` nested in `B`; `A` effects estimated separately within each level of `B`.
292	vasishth/contrasts2x2_logistic	vasishth	contrasts2x2_logistic	true	2×2 Factorial — Logistic Regression	contrasts2x2	contrasts2x2	pDV ~ A * B			https://bruno.nicenboim.me/bayescogsci/	synthetic	vasishth.jl			Bernoulli(logit) regression; 2×2 factorial design with binary outcome `pDV`.
293	vasishth/meta_sbi	vasishth	meta_sbi	true	Meta-Analysis — Random Effects Model	meta_sbi	meta_sbi	effect | resp_se(SE, sigma = FALSE) ~ 1 + (1 | study_id)			https://bruno.nicenboim.me/bayescogsci/	https://osf.io/du3qp/?action=download	vasishth.jl			`resp_se()` passes known measurement error; `sigma = FALSE` fixes residual SD to 0; random study intercept captures between-study heterogeneity τ.
294	vasishth/indiv_diff_naive	vasishth	indiv_diff_naive	true	Individual Differences — Naive OLS	indiv_diff	indiv_diff	mean_rspeed ~ c_mean_pcu			https://bruno.nicenboim.me/bayescogsci/	https://osf.io/du3qp/?action=download	vasishth.jl			Naive OLS ignoring measurement error in both predictor and response; biased estimates.
295	vasishth/indiv_diff_me	vasishth	indiv_diff_me	true	Individual Differences — Measurement Error Model	indiv_diff	indiv_diff	mean_rspeed | resp_se(se_rspeed, sigma = TRUE) ~ me(c_mean_pcu, se_pcu)			https://bruno.nicenboim.me/bayescogsci/	https://osf.io/du3qp/?action=download	vasishth.jl			Measurement error in both response and predictor; `me()` propagates predictor uncertainty; `resp_se()` propagates response uncertainty and adds residual sigma.
296	bmm/mixture2p_setsize	bmm	mixture2p_setsize	true	Mixture2p — Two-Parameter Mixture Model (Set Size Effects)	color_wheel_mixture	bays2009_synth	thetat ~ 0 + set_size + (0 + set_size | id); kappa ~ 0 + set_size + (0 + set_size | id)			https://venpopov.github.io/bmm/articles/bmm_mixture_models.html	synthetic	bmm.jl			"Two-parameter mixture model for continuous report working memory data (Bays et al. 2009). The response error is decomposed into: - A von Mises (on-target memory) component with concentration `kappa` - A uniform (guessing) component with probability `1 − inv_logit(thetat)`  Both `thetat` (log-odds of remembering) and `kappa` (von Mises concentration, log scale) are regressed on set size with by-participant random slopes. The `0 + set_size` intercept-free parameterisation gives one coefficient per set-size level (treatment of set_size as factor).  bmm model spec: `mixture2p(resp_error = ""error"")`"
297	bmm/mixture3p_setsize	bmm	mixture3p_setsize	true	Mixture3p — Three-Parameter Mixture Model (Non-Target Swaps)	color_wheel_mixture	bays2009_synth	thetat ~ 0 + set_size + (0 + set_size | id); thetant ~ 0 + set_size + (0 + set_size | id); kappa ~ 0 + set_size + (0 + set_size | id)			https://venpopov.github.io/bmm/articles/bmm_mixture_models.html	synthetic	bmm.jl			"Three-parameter mixture model extending `mixture2p` with a non-target swap component (Bays et al. 2009). The response error is a mixture of: - Von Mises centred on the target (memory; `thetat`, `kappa`) - Von Mises centred on a randomly selected non-target (swap; `thetant`, same `kappa`) - Uniform (guessing)  `thetant` captures log-odds of swapping to a non-target. Requires non-target feature angles (`non_target_1`–`non_target_5`) and set_size.  bmm model spec: `mixture3p(resp_error=""error"", nt_features=paste0(""non_target_"",1:5), set_size=""set_size"")`"
298	bmm/sdm_condition	bmm	sdm_condition	true	SDM — Signal Discrimination Model (Condition Effects)	sdm_condition	sdm_synth	c ~ 0 + cond; kappa ~ 0 + cond			https://venpopov.github.io/bmm/articles/bmm_sdm_simple.html	synthetic	bmm.jl			"Signal Discrimination Model (Oberauer 2023) fit to a three-condition continuous report experiment. The SDM represents memory as a signal on a circular space; the response reflects discrimination between a memory trace and noise.  `c` (memory strength, real-valued) and `kappa` (precision, log scale) each receive one coefficient per condition via `0 + cond`. The model uses a custom circular-normal likelihood implemented via brms `stanvar()`.  bmm model spec: `sdm(resp_error = ""y"")`"
299	bmm/imm_full_condition	bmm	imm_full_condition	true	IMM Full — Interference Measurement Model (All Four Parameters)	imm_condition	imm_synth	c ~ 0 + cond; a ~ 0 + cond; s ~ 0 + cond; kappa ~ 0 + cond			https://venpopov.github.io/bmm/articles/bmm_imm.html	synthetic	bmm.jl			"Full Interference Measurement Model (Oberauer & Lin 2017) with all four parameters varying across two conditions: - `c` — baseline memory strength (item activation) - `a` — associative activation (binding strength) - `s` — spatial similarity gradient (spread of interference) - `kappa` — von Mises precision (log scale)  Each parameter gets one coefficient per condition via `0 + cond`. Non-target feature angles (`color_item2`–`color_item5`) and spatial distances (`dist_item2`–`dist_item5`) enter the likelihood directly (not as predictors in the formula).  bmm model spec: `imm(resp_error=""resp_error"", nt_features=paste0(""color_item"",2:5), set_size=""set_size"", nt_distances=paste0(""dist_item"",2:5), version=""full"")`"
300	flocker/single_season_repvarying	flocker	single_season_repvarying	true	Single-Season Occupancy — Multi-Species with Event Covariates	single_season	fd_rep_varying	occ: ~ uc1 + (1 + uc1 | species); det: ~ uc1 + ec1 + (1 + uc1 + ec1 | species)			https://jsocolar.github.io/flocker/articles/flocker_tutorial.html	synthetic	flocker.jl			Single-season multi-species occupancy model with site-level (`uc1`) and visit-level (`ec1`) covariates.  - `occ` sub-model: log-odds of occupancy at a site; `uc1` as fixed slope and   random slope by species. - `det` sub-model: log-odds of detection given presence; both `uc1` and the   event-varying `ec1` with random slopes by species.  Species-level random effects pool information across the 10 species. The model returns a `brmsfit` object; all brms post-processing tools apply.  flocker call: `flock(f_occ = ~ uc1 + (1 + uc1 | species), f_det = ~ uc1 + ec1 + (1 + uc1 + ec1 | species), flocker_data = fd)`
301	flocker/single_season_repconstant	flocker	single_season_repconstant	true	Single-Season Occupancy — Multi-Species, No Event Covariates	single_season	fd_rep_varying	occ: ~ uc1 + (1 + uc1 | species); det: ~ uc1 + (1 + uc1 | species)			https://jsocolar.github.io/flocker/articles/flocker_tutorial.html	synthetic	flocker.jl			"Single-season multi-species occupancy model with only site-level (`uc1`) covariates in both occupancy and detection sub-models (no event-varying covariate). Detection probability is constant across visits within a site, enabling an efficient ""rep-constant"" parameterisation in flocker.  flocker call: `flock(f_occ = ~ uc1 + (1 + uc1 | species), f_det = ~ uc1 + (1 + uc1 | species), flocker_data = fd, rep_constant = TRUE)`"
302	flocker/colex_explicit	flocker	colex_explicit	true	Colonisation-Extinction — Explicit Initial Occupancy	colex_multiseason	fd_multi	occ: ~ uc1; det: ~ uc1 + ec1; col: ~ uc1; ex: ~ uc1			https://jsocolar.github.io/flocker/articles/flocker_tutorial.html	synthetic	flocker.jl			"Dynamic (multi-season) colonisation-extinction occupancy model with explicit estimation of initial occupancy. Four sub-models: - `occ` — initial occupancy at season 1 (log-odds) - `det` — detection given presence (log-odds; with event covariate) - `col` — colonisation probability (log-odds): unoccupied sites becoming occupied - `ex`  — extinction probability (log-odds): occupied sites becoming unoccupied  `multi_init = ""explicit""` in flocker: initial occupancy estimated freely.  flocker call: `flock(f_occ=~uc1, f_det=~uc1+ec1, f_col=~uc1, f_ex=~uc1, flocker_data=fd, multiseason=""colex"", multi_init=""explicit"")`"
303	flocker/colex_equilibrium	flocker	colex_equilibrium	true	Colonisation-Extinction — Equilibrium Initial Occupancy	colex_multiseason	fd_multi	det: ~ uc1 + ec1; col: ~ uc1; ex: ~ uc1			https://jsocolar.github.io/flocker/articles/flocker_tutorial.html	synthetic	flocker.jl			"Dynamic colonisation-extinction occupancy model where initial occupancy is derived from the colonisation/extinction equilibrium rather than estimated as a free parameter. No `occ` sub-model; initial occupancy = col / (col + ex).  `multi_init = ""equilibrium""` in flocker. Reduces parameters and enforces stationarity of the occupancy process.  flocker call: `flock(f_det=~uc1+ec1, f_col=~uc1, f_ex=~uc1, flocker_data=fd, multiseason=""colex"", multi_init=""equilibrium"")`"
304	flocker/autologistic_equilibrium	flocker	autologistic_equilibrium	true	Autologistic Occupancy — Equilibrium Initial Occupancy	autologistic_multiseason	fd_multi	det: ~ uc1 + ec1; col: ~ uc1; auto: ~ 1			https://jsocolar.github.io/flocker/articles/flocker_tutorial.html	synthetic	flocker.jl			"Autologistic dynamic occupancy model: colonisation and persistence share predictor structure; a constant logit-scale offset (`auto: ~ 1`) is added to persistence probability relative to colonisation. Initial occupancy at equilibrium.  `multiseason = ""autologistic""`, `multi_init = ""equilibrium""` in flocker. The autologistic formulation is more parsimonious than explicit colex when persistence and colonisation share the same predictors.  flocker call: `flock(f_det=~uc1+ec1, f_col=~uc1, f_auto=~1, flocker_data=fd, multiseason=""autologistic"", multi_init=""equilibrium"")`"
305	flocker/augmented_multispecies	flocker	augmented_multispecies	true	Data-Augmented Occupancy — Species Richness Estimation	augmented_richness	fd_augmented	occ: ~ (1 | ff_species); det: ~ uc1 + ec1 + (1 + uc1 + ec1 | ff_species)			https://jsocolar.github.io/flocker/articles/flocker_tutorial.html	synthetic	flocker.jl			Data augmentation approach for estimating total species richness from incomplete sampling. The dataset includes 50 observed species plus 50 pseudospecies (all-zero detection histories); the occupancy probability of pseudospecies reflects the probability that an unobserved species is actually present.  `ff_species` is flocker's reserved grouping keyword for species in augmented models. Occupancy random intercept by species captures species-level variation in commonness; detection random slopes by species capture variation in detectability.  flocker call: `flock(f_occ=~(1|ff_species), f_det=~uc1+ec1+(1+uc1+ec1|ff_species), flocker_data=fd, augmented=TRUE)`
306	mvgam/portal_glm_re	mvgam	portal_glm_re	true	Poisson GLM — Hierarchical Year Random Effects	portal_counts	portal_synth	"'count ~ s(year_fac, bs = ""re"") - 1'"			https://nicholasjclark.github.io/mvgam/articles/mvgam_overview.html	synthetic	mvgam.jl			"Baseline Poisson GLM capturing inter-annual variation in rodent counts via hierarchical (random-effects) smooths on year. `s(year_fac, bs = ""re"") - 1` is the mgcv notation for a random intercept per year level with no overall intercept. No explicit latent trend process.  Fit with: `mvgam(count ~ s(year_fac, bs=""re"") - 1, family=poisson(), data=portal_train, trend_model=""None"")`"
307	mvgam/portal_ar_ndvi	mvgam	portal_ar_ndvi	true	Poisson GAM — NDVI Smooth + AR(1) Latent Trend	portal_counts	portal_synth	obs: count ~ 1 | trend: ~ s(ndvi_ma12, k = 6) [AR()]			https://nicholasjclark.github.io/mvgam/articles/mvgam_overview.html	synthetic	mvgam.jl			State-space Poisson model separating a smooth observation-level NDVI effect from a latent AR(1) trend process. The trend captures residual temporal autocorrelation not explained by the environmental covariate.  - `obs` formula: intercept-only observation model - `trend` formula: smooth NDVI effect at the latent process level (`k = 6`   basis functions) - `trend_model = AR()`: AR(1) latent trend  Fit with: `mvgam(count ~ 1, trend_formula = ~ s(ndvi_ma12, k=6), trend_model=AR(), family=poisson(), data=portal_train)`
308	mvgam/portal_shared_trend	mvgam	portal_shared_trend	true	Shared Latent Trend — Multi-Series Seasonal AR(1)	portal_counts	portal_synth	"'obs: count ~ series - 1 | trend: ~ s(season, bs = ""cc"", k = 8) [AR()]'"			https://nicholasjclark.github.io/mvgam/articles/shared_states.html	synthetic	mvgam.jl			"Multi-series Poisson model where all five species share a single latent AR(1) trend, with series-specific observation offsets and a cyclic seasonal spline at the trend level.  - `obs` formula: `series - 1` gives a species-specific intercept (fixed offset) - `trend` formula: cyclic cubic regression spline for seasonality (`bs = ""cc""`) - `trend_model = AR()` with `trend_map` forcing all series to share one trend  The shared-trend structure is specified via a `trend_map` data.frame passed separately to `mvgam()` mapping each series to the same latent trend index.  Fit with: `mvgam(count~series-1, trend_formula=~s(season,bs=""cc"",k=8), trend_model=AR(), family=poisson(), data=portal_train, trend_map=trend_map)`"
309	mvgam/plankton_var	mvgam	plankton_var	true	Gaussian VAR — Tensor-Product Environmental Smooths	plankton_var	plankton_synth	obs: y ~ -1 | trend: ~ te(temp, month, k = c(4, 4)) + te(temp, month, k = c(4, 4), by = trend) - 1 [VAR(cor = TRUE)]			https://nicholasjclark.github.io/mvgam/articles/trend_formulas.html	synthetic	mvgam.jl			Vector Autoregressive (VAR) model for multivariate Gaussian plankton time series with correlated process errors. Environmental forcing (temperature × month tensor product) acts at the latent process level.  - `obs` formula: no observation-level predictors - `trend` formula: shared tensor-product smooth `te(temp, month, k=c(4,4))`   plus species-specific deviations (`by = trend`); `-1` removes intercept - `trend_model = VAR(cor = TRUE)`: VAR with correlated cross-series innovations  The `by = trend` idiom in mvgam indexes each latent trend series, allowing species-specific environmental response curves.  Fit with: `mvgam(y~-1, trend_formula=~te(temp,month,k=c(4,4))+te(temp,month,k=c(4,4),by=trend)-1, trend_model=VAR(cor=TRUE), family=gaussian(), data=plankton_train)`
310	mvgam/salmon_beta_ar	mvgam	salmon_beta_ar	true	Beta AR(1) — Time-Varying Upwelling Effect on Salmon Survival	salmon_survival	salmon_synth	obs: survival ~ 1 | trend: ~ dynamic(CUI.apr, k = 25, scale = FALSE) - 1 [AR()]			https://nicholasjclark.github.io/mvgam/articles/time_varying_effects.html	synthetic	mvgam.jl			Beta-distributed salmon survival proportions with an AR(1) latent trend and a time-varying effect of spring upwelling index (`CUI.apr`).  - `obs` formula: intercept-only observation model (Beta family) - `trend` formula: `dynamic(CUI.apr, k=25, scale=FALSE)` makes the regression   coefficient on upwelling a smooth function of time (random-walk basis with   25 knots) - `trend_model = AR()`: AR(1) latent process in addition to the TVP  The `dynamic()` function in mvgam fits a time-varying parameter (TVP) model where the coefficient evolves as a random walk or Hilbert-space GP over time.  Fit with: `mvgam(survival~1, trend_formula=~dynamic(CUI.apr,k=25,scale=FALSE)-1, trend_model=AR(), family=betar(), data=salmon_train)`
311	mvgam/nmix_detection	mvgam	nmix_detection	true	N-Mixture — Smooth Detection and Abundance Sub-Models	nmix_detection	nmix_synth	"'obs: y ~ s(det_cov, k = 4) + s(det_cov2, k = 4) | trend: ~ s(abund_cov, k = 4) + s(abund_fac, bs = ""re"") [nmix()]'"			https://nicholasjclark.github.io/mvgam/articles/nmixtures.html	synthetic	mvgam.jl			"N-mixture model for imperfect detection with non-parametric smooth effects. The N-mixture likelihood jointly models the imperfect-detection observation process and the true abundance process.  - `obs` formula: detection probability sub-model; smooth effects of two   detection covariates - `trend` formula: latent abundance sub-model; smooth abundance covariate +   hierarchical random effect for the categorical habitat factor - `family = nmix()`: N-mixture likelihood (Royle 2004)  Fit with: `mvgam(y~s(det_cov,k=4)+s(det_cov2,k=4), trend_formula=~s(abund_cov,k=4)+s(abund_fac,bs=""re""), family=nmix(), data=nmix_data)`"
312	lme4/sleepstudy_slope	lme4	sleepstudy_slope	true	Sleep Deprivation — Correlated Random Slopes	sleep_deprivation	sleepstudy	Reaction ~ Days + (Days | Subject)	gaussian		https://cran.r-project.org/web/packages/lme4/vignettes/lmer.pdf	https://vincentarelbundock.github.io/Rdatasets/csv/lme4/sleepstudy.csv	lme4.jl			LMM with correlated by-subject random slope and intercept for `Days`. `(Days | Subject)` fits one 2×2 random-effects covariance matrix per subject.  ```r lmer(Reaction ~ Days + (Days | Subject), data = sleepstudy) ```
313	lme4/sleepstudy_uncorr	lme4	sleepstudy_uncorr	true	Sleep Deprivation — Uncorrelated Random Slopes	sleep_deprivation	sleepstudy	Reaction ~ Days + (Days || Subject)	gaussian		https://cran.r-project.org/web/packages/lme4/vignettes/lmer.pdf	https://vincentarelbundock.github.io/Rdatasets/csv/lme4/sleepstudy.csv	lme4.jl			LMM with **uncorrelated** by-subject random slope and intercept. `(Days || Subject)` constrains the off-diagonal covariance to zero (diagonal random-effects covariance matrix).  ```r lmer(Reaction ~ Days + (Days || Subject), data = sleepstudy) ```
314	lme4/dyestuff_re	lme4	dyestuff_re	true	Dyestuff — Minimal Random-Intercept LMM	dyestuff	dyestuff	Yield ~ 1 + (1 | Batch)	gaussian		https://doi.org/10.18637/jss.v067.i01	https://vincentarelbundock.github.io/Rdatasets/csv/lme4/Dyestuff.csv	lme4.jl			The simplest possible LMM: grand-mean intercept plus a random intercept for each batch. Introductory example in Bates et al. (JSS 2015, §2).  ```r lmer(Yield ~ 1 + (1 | Batch), data = Dyestuff) ```
315	lme4/lme4_cbpp_glmm	lme4	lme4_cbpp_glmm	true	CBPP — Binomial GLMM (lme4 syntax)	cbpp	lme4_cbpp	cbind(incidence, size - incidence) ~ period + (1 | herd)	binomial		https://doi.org/10.18637/jss.v067.i01	https://vincentarelbundock.github.io/Rdatasets/csv/lme4/cbpp.csv	lme4.jl			Binomial GLMM for CBPP incidence using lme4's matrix-response `cbind` syntax. Contrast with the brms equivalent: `incidence | trials(size) ~ period + (1|herd)`.  ```r glmer(cbind(incidence, size - incidence) ~ period + (1 | herd),       family = binomial, data = cbpp) ```
316	lme4/penicillin_crossed	lme4	penicillin_crossed	true	Penicillin — Crossed Random Intercepts	penicillin	penicillin	diameter ~ 1 + (1 | plate) + (1 | sample)	gaussian		https://doi.org/10.18637/jss.v067.i01	https://vincentarelbundock.github.io/Rdatasets/csv/lme4/Penicillin.csv	lme4.jl			LMM with two fully **crossed** random intercepts (plates and samples). Neither grouping factor is nested within the other.  ```r lmer(diameter ~ 1 + (1 | plate) + (1 | sample), data = Penicillin) ```
317	lme4/pastes_nested	lme4	pastes_nested	true	Pastes — Nested Random Effects	pastes	pastes	strength ~ (1 | batch/cask)	gaussian		https://doi.org/10.18637/jss.v067.i01	https://vincentarelbundock.github.io/Rdatasets/csv/lme4/Pastes.csv	lme4.jl			LMM with nested random effects. `batch/cask` expands to `(1|batch) + (1|batch:cask)`; casks are identified locally within each batch, not globally.  ```r lmer(strength ~ (1 | batch/cask), data = Pastes) ```
318	lme4/verbagg_crossed	lme4	verbagg_crossed	true	Verbal Aggression — Bernoulli GLMM, Crossed Random Effects	verbal_aggression	verbagg	r2 ~ Anger + Gender + btype + situ + (1 | id) + (1 | item)	binomial		https://doi.org/10.18637/jss.v067.i01	https://vincentarelbundock.github.io/Rdatasets/csv/lme4/VerbAgg.csv	lme4.jl			Bernoulli GLMM with two fully crossed random intercepts (subjects × items). `r2` is recoded to integer 0/1 from Y/N.  ```r glmer(r2 ~ Anger + Gender + btype + situ + (1|id) + (1|item),       family = binomial, data = VerbAgg) ```
319	lme4/contraception_urban	lme4	contraception_urban	true	Contraception — Binomial GLMM with Random Slopes	contraception	contraception	use ~ age + I(age^2) + livch + urban + (urban | district)	binomial		https://cran.r-project.org/package=lme4	https://vincentarelbundock.github.io/Rdatasets/csv/mlmRev/Contraception.csv	lme4.jl			Binomial GLMM for contraception use with a random slope for `urban` within district — allowing the urban/rural gap to vary across districts. `use` is recoded from Y/N to integer 0/1.  ```r glmer(use ~ age + I(age^2) + livch + urban + (urban | district),       family = binomial, data = Contraception) ```
320	mixed_models_jl/dyestuff_re	mixed_models_jl	dyestuff_re	true	Dyestuff — Minimal Random-Intercept LMM	dyestuff	dyestuff	Yield ~ 1 + (1 | Batch)	gaussian		https://juliastats.org/MixedModels.jl/stable/constructors/	https://vincentarelbundock.github.io/Rdatasets/csv/lme4/Dyestuff.csv	mixed_models_jl.jl			The canonical introductory LMM in MixedModels.jl: one variance component for batch-to-batch variability, no fixed covariates.  ```julia fit(LinearMixedModel, @formula(Yield ~ 1 + (1 | Batch)), dyestuff) ```  Note: MixedModels.jl's bundled copy uses lowercase `yield`/`batch`; the Rdatasets CSV uses `Yield`/`Batch`.
321	mixed_models_jl/sleepstudy_slope	mixed_models_jl	sleepstudy_slope	true	Sleep Deprivation — Correlated Random Slopes	sleep_deprivation	sleepstudy	Reaction ~ 1 + Days + (1 + Days | Subject)	gaussian		https://juliastats.org/MixedModels.jl/stable/constructors/	https://vincentarelbundock.github.io/Rdatasets/csv/lme4/sleepstudy.csv	mixed_models_jl.jl			LMM with correlated by-subject random slope and intercept for `Days`. Idiomatic MixedModels.jl style writes explicit `1 +` intercepts.  ```julia fit(LinearMixedModel, @formula(Reaction ~ 1 + Days + (1 + Days | Subject)), sleepstudy) ```
322	mixed_models_jl/sleepstudy_zerocorr	mixed_models_jl	sleepstudy_zerocorr	true	Sleep Deprivation — Uncorrelated Random Slopes (zerocorr)	sleep_deprivation	sleepstudy	Reaction ~ 1 + Days + zerocorr(1 + Days | Subject)	gaussian		https://juliastats.org/MixedModels.jl/stable/constructors/	https://vincentarelbundock.github.io/Rdatasets/csv/lme4/sleepstudy.csv	mixed_models_jl.jl			Same as the correlated model but with the off-diagonal covariance forced to zero. MixedModels.jl uses `zerocorr()` instead of lme4's `(x || g)` syntax.  ```julia fit(LinearMixedModel,     @formula(Reaction ~ 1 + Days + zerocorr(1 + Days | Subject)), sleepstudy) ```
323	mixed_models_jl/penicillin_crossed	mixed_models_jl	penicillin_crossed	true	Penicillin — Crossed Random Intercepts	penicillin	penicillin	diameter ~ 1 + (1 | plate) + (1 | sample)	gaussian		https://juliastats.org/MixedModels.jl/stable/constructors/	https://vincentarelbundock.github.io/Rdatasets/csv/lme4/Penicillin.csv	mixed_models_jl.jl			LMM with two fully crossed random intercepts. Neither `plate` nor `sample` is nested within the other; both random intercepts appear additively.  ```julia fit(LinearMixedModel,     @formula(diameter ~ 1 + (1 | plate) + (1 | sample)), penicillin) ```
324	mixed_models_jl/pastes_nested	mixed_models_jl	pastes_nested	true	Pastes — Nested Random Effects	pastes	pastes	strength ~ 1 + (1 | batch/cask)	gaussian		https://juliastats.org/MixedModels.jl/stable/constructors/	https://vincentarelbundock.github.io/Rdatasets/csv/lme4/Pastes.csv	mixed_models_jl.jl			LMM with nested random effects: `batch/cask` expands to `(1|batch) + (1|batch:cask)`. Cask labels are local to each batch.  ```julia fit(LinearMixedModel, @formula(strength ~ 1 + (1 | batch/cask)), pastes) ```
325	mixed_models_jl/verbagg_crossed	mixed_models_jl	verbagg_crossed	true	Verbal Aggression — Bernoulli GLMM, Crossed Random Effects	verbal_aggression	verbagg	r2 ~ 1 + Anger + Gender + btype + situ + (1 | id) + (1 | item)	bernoulli		https://juliastats.org/MixedModels.jl/stable/constructors/	https://vincentarelbundock.github.io/Rdatasets/csv/lme4/VerbAgg.csv	mixed_models_jl.jl			Bernoulli GLMM with two crossed random intercepts (subjects × items). `r2` recoded from Y/N to integer 0/1.  ```julia fit(GeneralizedLinearMixedModel,     @formula(r2 ~ 1 + Anger + Gender + btype + situ + (1|id) + (1|item)),     verbagg, Bernoulli()) ```
326	mixed_models_jl/contraception_glmm	mixed_models_jl	contraception_glmm	true	Contraception — Bernoulli GLMM with Polynomial Age	contraception	contraception	use ~ 1 + age + abs2(age) + livch + urban + (1 | district)	bernoulli		https://juliastats.org/MixedModels.jl/stable/constructors/	https://vincentarelbundock.github.io/Rdatasets/csv/mlmRev/Contraception.csv	mixed_models_jl.jl			Bernoulli GLMM for contraception use in Bangladesh. MixedModels.jl uses `abs2()` (squaring function) inside `@formula` instead of R's `I(age^2)`. `use` recoded from Y/N to integer 0/1.  ```julia fit(GeneralizedLinearMixedModel,     @formula(use ~ 1 + age + abs2(age) + livch + urban + (1|district)),     contraception, Bernoulli()) ```
327	inla/cement_lm	inla	cement_lm	true	Cement — Gaussian Linear Model (no random effects)	cement	cement	y ~ x1 + x2 + x3 + x4			https://becarioprecario.bitbucket.io/inla-gitbook/ch-INLA.html	https://vincentarelbundock.github.io/Rdatasets/csv/MASS/cement.csv	inla.jl			"`inla()` with `family = ""gaussian""` — the simplest INLA use case, equivalent to `lm()` but with Bayesian inference via INLA. Demonstrates default weakly-informative priors on regression coefficients."
328	inla/penicillin_iid	inla	penicillin_iid	true	Penicillin — Gaussian GLMM with IID Random Intercept	penicillin	penicillin	diameter ~ 1 + sample + f(plate_id, model = 'iid')			https://becarioprecario.bitbucket.io/inla-gitbook/ch-multilevel.html	https://vincentarelbundock.github.io/Rdatasets/csv/lme4/Penicillin.csv	inla.jl			"`f(plate_id, model = ""iid"")` specifies exchangeable random intercepts per assay plate — the INLA equivalent of `(1|plate)` in lme4.  Gaussian family."
329	inla/sleepstudy_iid	inla	sleepstudy_iid	true	Sleep Deprivation — Gaussian GLMM with IID Random Intercept	sleepstudy	sleepstudy_inla	Reaction ~ 1 + Days + f(subject_id, model = 'iid')			https://becarioprecario.bitbucket.io/inla-gitbook/ch-multilevel.html	https://vincentarelbundock.github.io/Rdatasets/csv/lme4/sleepstudy.csv	inla.jl			Random intercept per subject; `subject_id` is the numeric version of `Subject`. Gaussian family.  Equivalent to `lmer(Reaction ~ Days + (1|Subject))`.
330	inla/sleepstudy_slopes	inla	sleepstudy_slopes	true	Sleep Deprivation — Gaussian GLMM with IID Random Slopes	sleepstudy	sleepstudy_inla	Reaction ~ 1 + f(subject_id, Days, model = 'iid')			https://becarioprecario.bitbucket.io/inla-gitbook/ch-multilevel.html	https://vincentarelbundock.github.io/Rdatasets/csv/lme4/sleepstudy.csv	inla.jl			Random slopes model: `f(subject_id, Days, ...)` specifies subject-specific slopes for `Days` — the INLA way of writing `(0 + Days | Subject)`.  Gaussian family.
331	inla/airp_rw1	inla	airp_rw1	true	Airline Passengers — Random Walk (RW1) Temporal Smoothing	airpassengers_temporal	airpassengers	log_y ~ 0 + f(t, model = 'rw1')			https://becarioprecario.bitbucket.io/inla-gitbook/ch-temporal.html	synthetic	inla.jl			First-order random walk latent field on the time index `t`; the intercept is absorbed into the random walk (hence `0 +`).  Gaussian family.  Equivalent to a Bayesian smoothing spline.
332	inla/airp_rw2	inla	airp_rw2	true	Airline Passengers — Random Walk (RW2) Temporal Smoothing	airpassengers_temporal	airpassengers	log_y ~ 0 + f(t, model = 'rw2')			https://becarioprecario.bitbucket.io/inla-gitbook/ch-temporal.html	synthetic	inla.jl			Second-order random walk; smoother than RW1, penalises second differences. Equivalent to cubic spline smoothing.  Gaussian family.
333	inla/airp_ar1	inla	airp_ar1	true	Airline Passengers — AR(1) Temporal Process	airpassengers_temporal	airpassengers	log_y ~ 0 + f(t, model = 'ar1')			https://becarioprecario.bitbucket.io/inla-gitbook/ch-temporal.html	synthetic	inla.jl			Latent AR(1) process over time.  Estimates autocorrelation parameter ρ jointly with the observation variance.  Gaussian family.
334	inla/airp_seasonal	inla	airp_seasonal	true	Airline Passengers — Seasonal Latent Field	airpassengers_temporal	airpassengers	log_y ~ 0 + f(t, model = 'seasonal', season.length = 12)			https://becarioprecario.bitbucket.io/inla-gitbook/ch-temporal.html	synthetic	inla.jl			Seasonal latent field with period 12 months (sum-to-zero constraint within each year).  Captures multiplicative seasonality on the log scale.  Gaussian family.
335	inla/veteran_weibull	inla	veteran_weibull	true	VA Lung Cancer — Weibull Survival Model	veteran_survival	veteran	inla.surv(time, status) ~ trt + celltype + karno + diagtime + age + prior			https://becarioprecario.bitbucket.io/inla-gitbook/ch-survival.html	https://vincentarelbundock.github.io/Rdatasets/csv/survival/veteran.csv	inla.jl			"`inla.surv()` wraps right-censored event times for INLA's survival families. Weibull proportional hazards model (`family = ""weibullsurv""`); the shape parameter is estimated as a hyperparameter."
336	inla/lidar_rw2	inla	lidar_rw2	true	LIDAR — Nonparametric Regression via RW2	lidar_smooth	lidar	logratio ~ -1 + f(range, model = 'rw2', constr = FALSE)			https://becarioprecario.bitbucket.io/inla-gitbook/ch-smoothing.html	https://vincentarelbundock.github.io/Rdatasets/csv/SemiPar/lidar.csv	inla.jl			1D nonparametric regression using a second-order random walk latent field over the continuous predictor `range`.  `constr = FALSE` drops the sum-to-zero constraint; `-1` removes the fixed intercept (absorbed by the random walk). Gaussian family.  Compare with spline-based approaches.
337	inla/surg_binomial	inla	surg_binomial	true	Hospital Mortality — Binomial IID Overdispersion	surg_mortality	surg	r ~ f(hospital, model = 'iid')			https://becarioprecario.bitbucket.io/inla-gitbook/ch-INLA.html	synthetic	inla.jl			"12-hospital mortality benchmark.  `f(hospital, model = ""iid"")` with `family = ""binomial""` (trials = `n`) shrinks small-hospital rates toward the population mean.  Demonstrates PC priors on the precision hyperparameter."
338	inla/boston_besag	inla	boston_besag	true	Boston Housing — Gaussian Spatial (ICAR / Besag)	boston_spatial	boston_housing	log(medv) ~ crim + zn + indus + chas + nox + rm + age + dis + rad + tax + ptratio + black + lstat + f(id, model = 'besag', graph = W)			https://becarioprecario.bitbucket.io/inla-gitbook/ch-spatial.html	https://vincentarelbundock.github.io/Rdatasets/csv/MASS/Boston.csv	inla.jl			"Intrinsic CAR (Besag) spatial random effect for 506 Boston census tracts. `f(id, model = ""besag"", graph = W)` requires an adjacency matrix `W` (spdep object) passed separately — it is not contained in the tabular data. Gaussian family.  Also fitted with `""bym""` (BYM = ICAR + IID) for comparison."
339	mcmcglmm/plodia_iid	mcmcglmm	plodia_iid	true	Phenoloxidase — Gaussian GLMM with Full-Sib Family Random Effect	plodiaPO_iid	plodiaPO	fixed: PO ~ 1; random: ~FSfamily			https://cran.r-project.org/web/packages/MCMCglmm/vignettes/Overview.pdf	https://vincentarelbundock.github.io/Rdatasets/csv/MCMCglmm/PlodiaPO.csv	mcmcglmm.jl			Intercept-only fixed effects; `~FSfamily` random intercept partitions phenoloxidase variance into between-family and within-family components.  Gaussian family. Textbook introductory example from the MCMCglmm reference manual.
340	mcmcglmm/btdata_iid	mcmcglmm	btdata_iid	true	Blue Tit Tarsus — Gaussian GLMM with Foster-Nest Random Intercept	btdata_iid	btdata	fixed: tarsus ~ sex + hatchdate; random: ~fosternest			https://jarrodhadfield.github.io/MCMCglmm/course-notes/	https://vincentarelbundock.github.io/Rdatasets/csv/MCMCglmm/BTdata.csv	mcmcglmm.jl			Simple random intercept for rearing nest; estimates shared nest environment contribution to tarsus length.  Gaussian family.
341	mcmcglmm/btdata_animal	mcmcglmm	btdata_animal	true	Blue Tit Tarsus — Animal Model (Additive Genetic Variance)	btdata_animal	btdata	fixed: tarsus ~ sex + hatchdate; random: ~fosternest + animal			https://jarrodhadfield.github.io/MCMCglmm/course-notes/	https://vincentarelbundock.github.io/Rdatasets/csv/MCMCglmm/BTdata.csv	mcmcglmm.jl			The canonical MCMCglmm animal model: `animal` random effect with the inverse numerator relationship matrix `Ainv` (from `BTped` via `inverseA()`) separates additive genetic variance from shared rearing-environment variance. `ginverse = list(animal = Ainv)` must be passed at fitting time.  Gaussian family.
342	mcmcglmm/chickweight_rslope	mcmcglmm	chickweight_rslope	true	Chick Growth — Random Regression (Unstructured G-matrix)	chickweight_rslope	chickweight	fixed: weight ~ Time + I(Time^2) + Diet:Time; random: ~us(1 + Time):Chick			https://jarrodhadfield.github.io/MCMCglmm/course-notes/	https://vincentarelbundock.github.io/Rdatasets/csv/datasets/ChickWeight.csv	mcmcglmm.jl			Individual chicks vary in both baseline weight and growth rate. `~us(1 + Time):Chick` fits a 2×2 unstructured G-matrix per chick capturing the (co)variance of intercepts and slopes.  Gaussian family.
343	mcmcglmm/btdata_bivariate	mcmcglmm	btdata_bivariate	true	Blue Tit Bivariate — Multivariate Gaussian Animal Model	btdata_bivariate	btdata	fixed: cbind(tarsus, back) ~ trait - 1 + trait:sex + trait:hatchdate; random: ~us(trait):fosternest + us(trait):animal; rcov: ~us(trait):units			https://jarrodhadfield.github.io/MCMCglmm/course-notes/	https://vincentarelbundock.github.io/Rdatasets/csv/MCMCglmm/BTdata.csv	mcmcglmm.jl			Joint model for tarsus length and back colour.  `trait - 1` gives one intercept per response; `us(trait):animal` estimates a 2×2 genetic covariance matrix across traits.  Allows estimating genetic correlations between morphological traits. `ginverse = list(animal = Ainv)` required.  Gaussian/Gaussian family.
344	mcmcglmm/pbcseq_bivariate	mcmcglmm	pbcseq_bivariate	true	PBC — Bivariate Gaussian + Threshold Joint Model	pbcseq_bivariate	pbcseq	fixed: cbind(log_bili, ascites) ~ trait - 1 + trait:(age + sex); random: ~us(trait):id; rcov: ~us(trait):units			https://jarrodhadfield.github.io/MCMCglmm/course-notes/	https://vincentarelbundock.github.io/Rdatasets/csv/survival/pbcseq.csv	mcmcglmm.jl			"Joint longitudinal model for continuous log-bilirubin (Gaussian) and binary ascites (threshold/probit).  `family = c(""gaussian"", ""threshold"")`. The residual covariance `~us(trait):units` accounts for within-visit correlation between the two outcomes after conditioning on the shared subject random effect."
345	mcmcglmm/sshorns_ordinal	mcmcglmm	sshorns_ordinal	true	Soay Sheep Horn Type — Ordinal Threshold Model	sshorns_ordinal	sshorns	fixed: horn ~ sex; random: ~id			https://jarrodhadfield.github.io/MCMCglmm/course-notes/	https://vincentarelbundock.github.io/Rdatasets/csv/MCMCglmm/SShorns.csv	mcmcglmm.jl			"Ordered threshold (probit) model for horn morphology: polled < scurred < normal. `family = ""threshold""`; residual variance is fixed at 1 for identifiability. `~id` captures repeated-individual variation (some animals appear multiple times)."
346	glmmtmb/owls_zip	glmmtmb	owls_zip	true	Barn Owls — Zero-Inflated Poisson GLMM	owls_zi	owls	NCalls ~ (FT + ArrivalTime)*SexParent + offset(log_brood) + (1|Nest); zi: ~1			https://cran.r-project.org/web/packages/glmmTMB/vignettes/glmmTMB.html	https://vincentarelbundock.github.io/Rdatasets/csv/glmmTMB/Owls.csv	glmmtmb.jl			`glmmTMB` with `family = poisson` and `ziformula = ~1` (constant zero-inflation probability).  Nest random intercept handles clustering; offset accounts for brood size.  Baseline model for owl sibling negotiation calls.
347	glmmtmb/owls_zinb2	glmmtmb	owls_zinb2	true	Barn Owls — Zero-Inflated Negative Binomial (NB2) GLMM	owls_zi	owls	NCalls ~ (FT + ArrivalTime)*SexParent + offset(log_brood) + (1|Nest); zi: ~1			https://cran.r-project.org/web/packages/glmmTMB/vignettes/glmmTMB.html	https://vincentarelbundock.github.io/Rdatasets/csv/glmmTMB/Owls.csv	glmmtmb.jl			Same formula as `:owls_zip` but with `family = nbinom2` (variance = μ + μ²/k). Handles both overdispersion and excess zeros.  AIC typically preferred over the Poisson version.
348	glmmtmb/owls_zinb1	glmmtmb	owls_zinb1	true	Barn Owls — Zero-Inflated Negative Binomial (NB1) GLMM	owls_zi	owls	NCalls ~ (FT + ArrivalTime)*SexParent + BroodSize + (1|Nest); zi: ~1			https://cran.r-project.org/web/packages/glmmTMB/vignettes/glmmTMB.html	https://vincentarelbundock.github.io/Rdatasets/csv/glmmTMB/Owls.csv	glmmtmb.jl			`family = nbinom1` (variance = φμ, linear mean-variance relationship); brood size as a fixed covariate rather than offset.  Contrasts NB1 vs NB2 parameterisation.
349	glmmtmb/owls_hurdle	glmmtmb	owls_hurdle	true	Barn Owls — Hurdle NB1 GLMM	owls_zi	owls	NCalls ~ (FT + ArrivalTime)*SexParent + BroodSize + (1|Nest); zi: ~.			https://cran.r-project.org/web/packages/glmmTMB/vignettes/glmmTMB.html	https://vincentarelbundock.github.io/Rdatasets/csv/glmmTMB/Owls.csv	glmmtmb.jl			Hurdle model: `ziformula = ~.` mirrors the conditional formula in the zero part, combined with `family = truncated_nbinom1` for the positive count part.  Treats zero-generation and positive-count processes as completely separate.
350	glmmtmb/salamanders_zinb2	glmmtmb	salamanders_zinb2	true	Salamanders — ZI NB2 with Species-Varying Zero-Inflation	salamanders_zi	salamanders	count ~ spp + (1|site); zi: ~spp			https://cran.r-project.org/web/packages/glmmTMB/vignettes/glmmTMB.html	https://vincentarelbundock.github.io/Rdatasets/csv/glmmTMB/Salamanders.csv	glmmtmb.jl			Zero-inflation probability varies by species (`ziformula = ~spp`).  The conditional mean count also varies by species with a site random intercept. `family = nbinom2`.
351	glmmtmb/salamanders_genpois	glmmtmb	salamanders_genpois	true	Salamanders — Generalised Poisson with ZI	salamanders_zi	salamanders	count ~ spp + mined + (1|site); zi: ~spp + mined			https://cran.r-project.org/web/packages/glmmTMB/vignettes/glmmTMB.html	https://vincentarelbundock.github.io/Rdatasets/csv/glmmTMB/Salamanders.csv	glmmtmb.jl			`family = genpois` (Generalised Poisson) handles both over- and under-dispersion; zero-inflation depends on both species and mining status.
352	glmmtmb/beta_disp	glmmtmb	beta_disp	true	Beta Regression — Dispersion as Function of Predictor	beta_disp	beta_sim	y ~ x; disp: ~x			https://cran.r-project.org/web/packages/glmmTMB/vignettes/glmmTMB.html	synthetic	glmmtmb.jl			`family = beta_family()` with `dispformula = ~x` models both the mean proportion and the precision (φ) as functions of `x`.  Demonstrates that ignoring heterogeneous dispersion (using `dispformula = ~1`) leads to worse fit.
353	glmmtmb/ar1_covar	glmmtmb	ar1_covar	true	Grouped Time Series — AR(1) Random-Effect Covariance	ar1_covar	ar1_sim	y ~ ar1(times + 0 | group)			https://cran.r-project.org/web/packages/glmmTMB/vignettes/covstruct.html	synthetic	glmmtmb.jl			`ar1(times + 0 | group)` specifies AR(1) autocorrelation across ordered `times` within each `group` as a random-effect covariance structure.  Gaussian family. Distinguishes glmmTMB from lme4, which does not support non-diagonal random-effect covariance natively.
354	glmmtmb/volcano_spatial	glmmtmb	volcano_spatial	true	Volcanic Topography — Spatial Exponential Covariance	volcano_spatial	volcano_spatial	z ~ 1 + exp(pos + 0 | group)			https://cran.r-project.org/web/packages/glmmTMB/vignettes/covstruct.html	synthetic	glmmtmb.jl			`exp(pos + 0 | group)` fits a spatial random field with exponential correlation decay.  `pos` must be a `numFactor` encoding 2D coordinates (x, y).  Gaussian family.  All observations share one group so the full spatial covariance is estimated as a single 100×100 block. Note: `pos = numFactor(x, y)` must be computed before calling `glmmTMB`.
355	glm_jl/dobson_poisson	glm_jl	dobson_poisson	true	Dobson Poisson — Log-Linear GLM	dobson_poisson	dobson_poisson	Counts ~ Outcome + Treatment	poisson		https://juliastats.org/GLM.jl/stable/examples/	synthetic	glm_jl.jl			Canonical example from the GLM.jl documentation (and Dobson 1990). Poisson log-linear model for counts in a two-way layout.  ```julia glm(@formula(Counts ~ Outcome + Treatment), dobson, Poisson()) ```
356	glm_jl/quine_nb	glm_jl	quine_nb	true	Quine — Negative Binomial GLM	quine	quine	Days ~ Eth + Sex + Age + Lrn	negativebinomial		https://juliastats.org/GLM.jl/stable/examples/	https://vincentarelbundock.github.io/Rdatasets/csv/MASS/quine.csv	glm_jl.jl			Negative binomial GLM for overdispersed count data (school absent days). Example from the GLM.jl documentation; R equivalent is `MASS::glm.nb()`.  ```julia negbin(@formula(Days ~ Eth + Sex + Age + Lrn), quine, LogLink()) ```
357	glm_jl/quine_poisson	glm_jl	quine_poisson	true	Quine — Poisson GLM (vs. Negative Binomial)	quine	quine	Days ~ Eth + Sex + Age + Lrn	poisson		https://juliastats.org/GLM.jl/stable/examples/	https://vincentarelbundock.github.io/Rdatasets/csv/MASS/quine.csv	glm_jl.jl			Poisson GLM for school absenteeism counts. Overdispersion relative to Poisson motivates the negative-binomial model (`:quine_nb`). Same formula, different distributional assumption.  ```julia glm(@formula(Days ~ Eth + Sex + Age + Lrn), quine, Poisson()) ```
358	glm_jl/trees_lm	glm_jl	trees_lm	true	Trees — Gaussian GLM (OLS)	trees	trees	Volume ~ Height + Girth	gaussian		https://juliastats.org/GLM.jl/stable/	https://vincentarelbundock.github.io/Rdatasets/csv/datasets/trees.csv	glm_jl.jl			Linear regression of timber volume on tree girth and height; standard OLS via GLM.jl's `lm()` (equivalent to `glm(..., Normal(), IdentityLink())`).  ```julia lm(@formula(Volume ~ Height + Girth), trees) ```
359	glm_jl/pima_logistic	glm_jl	pima_logistic	true	Pima Diabetes — Logistic Regression	pima_diabetes	pima_tr	type ~ npreg + glu + bp + bmi + ped + age	binomial		https://juliastats.org/GLM.jl/stable/	https://vincentarelbundock.github.io/Rdatasets/csv/MASS/Pima.tr.csv	glm_jl.jl			Binary logistic regression for diabetes diagnosis in Pima Indian women. `type` is recoded from Yes/No to integer 0/1.  ```julia glm(@formula(type ~ npreg + glu + bp + bmi + ped + age), pima, Binomial()) ```
360	glm_jl/savings_ols	glm_jl	savings_ols	true	Life-Cycle Savings — Multiple Linear Regression	lifecycle_savings	lifecycle_savings	SR ~ Pop15 + Pop75 + DPI + DDPI	gaussian		https://juliastats.org/GLM.jl/stable/	https://vincentarelbundock.github.io/Rdatasets/csv/datasets/LifeCycleSavings.csv	glm_jl.jl			OLS regression of national savings rate on demographic and income predictors (50 countries). Classic textbook dataset (Belsley et al. 1980).  ```julia lm(@formula(SR ~ Pop15 + Pop75 + DPI + DDPI), LifeCycleSavings) ```
