ordinal	row_key	catalog_source	catalog_key	deployed	name	example	dataset	formula	family_explicit	family_description_claim	claimed_source_url	dataset_source_urls	source_file	hidden_claim	verified_claim	deployed_renderer_family_claim	deployed_family_provenance	retrieved_at	http_status	curl_exit	final_url	content_type	citation_authority_class	data_only_citation	formula_exact_observed	formula_terms_observed	formula_terms_missing	formula_support	family_support	dataset_support	semantic_support_verdict	semantic_support_reason	correction_with_evidence	evidence_anchor	body_sha256
1	bambi/escs	bambi	escs	true	Multiple Linear Regression	escs	escs	drugs ~ o + c + e + a + n		gaussian	https://bambinos.github.io/bambi/notebooks/ESCS_multiple_regression.html	https://ndownloader.figshare.com/files/28870722	bambi.jl		true	gaussian	CatalogServer_default_unsubstantiated	2026-07-28T21:07:08.539495+00:00	200	0	https://bambinos.github.io/bambi/notebooks/ESCS_multiple_regression.html	text/html; charset=utf-8	cited_project_author_publisher_surface	false	true	drugs		exact_text_present	explicit_token_present	name_or_key_present	confirmed	The retrieved official/primary source contains the normalized claimed formula text.		text_offset=0; matched_terms=linear,multiple,regression; context_sha256=9e389253f340799c	39b640cdf7da4d26e676831930e1981e17c153ef1f450d2461f8b18345c28816
2	bambi/cherry_blossoms_explicit	bambi	cherry_blossoms_explicit	true	Regression Splines — Explicit Intercept	cherry_blossoms	cherry_blossoms	doy ~ bs(year, knots=iknots, intercept=True)		gaussian	https://bambinos.github.io/bambi/notebooks/splines_cherry_blossoms.html	https://ndownloader.figshare.com/files/31072807	bambi.jl			gaussian	CatalogServer_default_unsubstantiated	2026-07-28T21:07:08.612484+00:00	200	0	https://bambinos.github.io/bambi/notebooks/splines_cherry_blossoms.html	text/html; charset=utf-8	cited_project_author_publisher_surface	false	true	doy,year,knots,iknots,intercept		exact_text_present	explicit_token_present	name_or_key_present	confirmed	The retrieved official/primary source contains the normalized claimed formula text.		text_offset=2874; matched_terms=cherry_blossoms,doy,year; context_sha256=2f1fa945820e4fd9	f30a483595ba2cabe13f7833db6bc6b71bcdc9d50b4576d208b03ab621f08390
3	bambi/cherry_blossoms_absorbed	bambi	cherry_blossoms_absorbed	true	Regression Splines — Absorbed Intercept	cherry_blossoms	cherry_blossoms	doy ~ bs(year, knots=iknots)		gaussian	https://bambinos.github.io/bambi/notebooks/splines_cherry_blossoms.html	https://ndownloader.figshare.com/files/31072807	bambi.jl			gaussian	CatalogServer_default_unsubstantiated	2026-07-28T21:07:08.612484+00:00	200	0	https://bambinos.github.io/bambi/notebooks/splines_cherry_blossoms.html	text/html; charset=utf-8	cited_project_author_publisher_surface	false	true	doy,year,knots,iknots		exact_text_present	explicit_token_present	name_or_key_present	confirmed	The retrieved official/primary source contains the normalized claimed formula text.		text_offset=2874; matched_terms=cherry_blossoms,doy,year; context_sha256=2f1fa945820e4fd9	f30a483595ba2cabe13f7833db6bc6b71bcdc9d50b4576d208b03ab621f08390
4	bambi/dietox	bambi	dietox	true	Hierarchical Linear Regression — Pig Growth	dietox	dietox	Weight ~ Time + (Time|Pig)		gaussian	https://bambinos.github.io/bambi/notebooks/multi-level_regression.html	https://vincentarelbundock.github.io/Rdatasets/csv/geepack/dietox.csv	bambi.jl			gaussian	CatalogServer_default_unsubstantiated	2026-07-28T21:07:08.571485+00:00	200	0	https://bambinos.github.io/bambi/notebooks/multi-level_regression.html	text/html; charset=utf-8	cited_project_author_publisher_surface	false	true	weight,time,pig		exact_text_present	explicit_token_present	name_or_key_present	confirmed	The retrieved official/primary source contains the normalized claimed formula text.		text_offset=32; matched_terms=hierarchical,linear,pig,regression; context_sha256=5c63a9b5d81f61bc	81282bd4c28db9192948ad5647f670e82caff32ec8bb2a484d444c6f20914364
5	bambi/sleepstudy	bambi	sleepstudy	true	Hierarchical Linear Regression — Sleep Deprivation	sleepstudy	sleepstudy	Reaction ~ 1 + Days + (Days | Subject)		gaussian	https://bambinos.github.io/bambi/notebooks/sleepstudy.html	https://ndownloader.figshare.com/files/31181002	bambi.jl			gaussian	CatalogServer_default_unsubstantiated	2026-07-28T21:07:08.611857+00:00	200	0	https://bambinos.github.io/bambi/notebooks/sleepstudy.html	text/html; charset=utf-8	cited_project_author_publisher_surface	false	true	reaction,days,subject		exact_text_present	explicit_token_present	name_or_key_present	confirmed	The retrieved official/primary source contains the normalized claimed formula text.		text_offset=32; matched_terms=hierarchical,linear,regression,sleep,sleepstudy; context_sha256=f743de055d0c0408	ea98686a223bac28c7fca02e91b479047736565c0fa8e292204398d014a6af2d
6	bambi/radon_pooled	bambi	radon_pooled	true	Radon — Complete Pooling	radon	radon	log_radon ~ 0 + floor		gaussian	https://bambinos.github.io/bambi/notebooks/radon_example.html	https://raw.githubusercontent.com/pymc-devs/pymc-examples/main/examples/data/srrs2.dat	bambi.jl			gaussian	CatalogServer_default_unsubstantiated	2026-07-28T21:07:08.610088+00:00	200	0	https://bambinos.github.io/bambi/notebooks/radon_example.html	text/html; charset=utf-8	cited_project_author_publisher_surface	false	true	log_radon,floor		exact_text_present	explicit_token_present	name_or_key_present	confirmed	The retrieved official/primary source contains the normalized claimed formula text.		text_offset=32; matched_terms=radon; context_sha256=6772ed23bfaf627b	8ef807a88bd293b86636285eca82f476d175186bae5307ae2e30d30ebe6ff09f
7	bambi/radon_nopooling	bambi	radon_nopooling	true	Radon — No Pooling	radon	radon	log_radon ~ 0 + county:floor		gaussian	https://bambinos.github.io/bambi/notebooks/radon_example.html	https://raw.githubusercontent.com/pymc-devs/pymc-examples/main/examples/data/srrs2.dat	bambi.jl			gaussian	CatalogServer_default_unsubstantiated	2026-07-28T21:07:08.610088+00:00	200	0	https://bambinos.github.io/bambi/notebooks/radon_example.html	text/html; charset=utf-8	cited_project_author_publisher_surface	false	true	log_radon,county,floor		exact_text_present	explicit_token_present	name_or_key_present	confirmed	The retrieved official/primary source contains the normalized claimed formula text.		text_offset=1902; matched_terms=county,pooling; context_sha256=be17a1919e3ed9e4	8ef807a88bd293b86636285eca82f476d175186bae5307ae2e30d30ebe6ff09f
8	bambi/radon_partial	bambi	radon_partial	true	Radon — Partial Pooling (Intercept Only)	radon	radon	log_radon ~ 1 + (1|county)		gaussian	https://bambinos.github.io/bambi/notebooks/radon_example.html	https://raw.githubusercontent.com/pymc-devs/pymc-examples/main/examples/data/srrs2.dat	bambi.jl			gaussian	CatalogServer_default_unsubstantiated	2026-07-28T21:07:08.610088+00:00	200	0	https://bambinos.github.io/bambi/notebooks/radon_example.html	text/html; charset=utf-8	cited_project_author_publisher_surface	false	true	log_radon,county		exact_text_present	explicit_token_present	name_or_key_present	confirmed	The retrieved official/primary source contains the normalized claimed formula text.		text_offset=1902; matched_terms=county,intercept,partial,pooling; context_sha256=be17a1919e3ed9e4	8ef807a88bd293b86636285eca82f476d175186bae5307ae2e30d30ebe6ff09f
9	bambi/radon_floor	bambi	radon_floor	true	Radon — Partial Pooling with Floor	radon	radon	log_radon ~ 1 + floor + (1|county)		gaussian	https://bambinos.github.io/bambi/notebooks/radon_example.html	https://raw.githubusercontent.com/pymc-devs/pymc-examples/main/examples/data/srrs2.dat	bambi.jl			gaussian	CatalogServer_default_unsubstantiated	2026-07-28T21:07:08.610088+00:00	200	0	https://bambinos.github.io/bambi/notebooks/radon_example.html	text/html; charset=utf-8	cited_project_author_publisher_surface	false	false	log_radon,floor,county		partial_semantic_terms:3/3	explicit_token_present	name_or_key_present	adapted-but-defensible	The source contains the model's distinctive response/predictor terms but not the exact catalog formula; the catalog expression is an adaptation.		text_offset=1902; matched_terms=county,partial,pooling; context_sha256=be17a1919e3ed9e4	8ef807a88bd293b86636285eca82f476d175186bae5307ae2e30d30ebe6ff09f
10	bambi/radon_slopes	bambi	radon_slopes	true	Radon — Varying Slopes	radon	radon	log_radon ~ floor + (floor|county)		gaussian	https://bambinos.github.io/bambi/notebooks/radon_example.html	https://raw.githubusercontent.com/pymc-devs/pymc-examples/main/examples/data/srrs2.dat	bambi.jl			gaussian	CatalogServer_default_unsubstantiated	2026-07-28T21:07:08.610088+00:00	200	0	https://bambinos.github.io/bambi/notebooks/radon_example.html	text/html; charset=utf-8	cited_project_author_publisher_surface	false	false	log_radon,floor,county		partial_semantic_terms:3/3	explicit_token_present	name_or_key_present	adapted-but-defensible	The source contains the model's distinctive response/predictor terms but not the exact catalog formula; the catalog expression is an adaptation.		text_offset=1902; matched_terms=county,slopes,varying; context_sha256=be17a1919e3ed9e4	8ef807a88bd293b86636285eca82f476d175186bae5307ae2e30d30ebe6ff09f
11	bambi/radon_county_pred	bambi	radon_county_pred	true	Radon — County-Level Uranium Predictor	radon	radon	log_radon ~ floor + log_u + (1|county)		gaussian	https://bambinos.github.io/bambi/notebooks/radon_example.html	https://raw.githubusercontent.com/pymc-devs/pymc-examples/main/examples/data/srrs2.dat	bambi.jl			gaussian	CatalogServer_default_unsubstantiated	2026-07-28T21:07:08.610088+00:00	200	0	https://bambinos.github.io/bambi/notebooks/radon_example.html	text/html; charset=utf-8	cited_project_author_publisher_surface	false	false	log_radon,floor,log_u,county		partial_semantic_terms:4/4	explicit_token_present	name_or_key_present	adapted-but-defensible	The source contains the model's distinctive response/predictor terms but not the exact catalog formula; the catalog expression is an adaptation.		text_offset=4733; matched_terms=log_radon,log_u,uranium; context_sha256=a17613a9646ec98d	8ef807a88bd293b86636285eca82f476d175186bae5307ae2e30d30ebe6ff09f
12	bambi/strack_rrr_simple	bambi	strack_rrr_simple	true	Strack RRR — Simple Random Effects	strack_rrr	strack_rrr	value ~ condition + (1|uid)		gaussian	https://bambinos.github.io/bambi/notebooks/Strack_RRR_re_analysis.html	https://github.com/bambinos/bambi	bambi.jl			gaussian	CatalogServer_default_unsubstantiated	2026-07-28T21:07:08.539671+00:00	200	0	https://bambinos.github.io/bambi/notebooks/Strack_RRR_re_analysis.html	text/html; charset=utf-8	cited_project_author_publisher_surface	false	true	value,condition,uid		exact_text_present	explicit_token_present	name_or_key_present	confirmed	The retrieved official/primary source contains the normalized claimed formula text.		text_offset=19; matched_terms=effects,random,rrr,strack; context_sha256=50939f31cfe51883	5f00a46661437bc2c863ee3f93eefa739def1e7b8b5bf91a145b7082b3aa61ed
13	bambi/strack_rrr_full	bambi	strack_rrr_full	true	Strack RRR — Full Crossed Random Effects	strack_rrr	strack_rrr	value ~ condition + age + gender + (1|uid) + (condition|study) + (condition|stimulus)		gaussian	https://bambinos.github.io/bambi/notebooks/Strack_RRR_re_analysis.html	https://github.com/bambinos/bambi	bambi.jl			gaussian	CatalogServer_default_unsubstantiated	2026-07-28T21:07:08.539671+00:00	200	0	https://bambinos.github.io/bambi/notebooks/Strack_RRR_re_analysis.html	text/html; charset=utf-8	cited_project_author_publisher_surface	false	true	value,condition,age,gender,uid,study,stimulus		exact_text_present	explicit_token_present	name_or_key_present	confirmed	The retrieved official/primary source contains the normalized claimed formula text.		text_offset=382; matched_terms=effects,random,rrr,strack,study; context_sha256=d386e40b775e9b1f	5f00a46661437bc2c863ee3f93eefa739def1e7b8b5bf91a145b7082b3aa61ed
14	bambi/shooter_rate_simple	bambi	shooter_rate_simple	true	Shooter Task — Rate (No Target Effect)	shooter	shooter	rate ~ S(race) * S(object) + (S(race) * S(object) | subject)		gaussian	https://bambinos.github.io/bambi/notebooks/shooter_crossed_random_ANOVA.html	https://raw.githubusercontent.com/bambinos/bambi/main/docs/notebooks/data/shooter.csv	bambi.jl			gaussian	CatalogServer_default_unsubstantiated	2026-07-28T21:07:08.610539+00:00	200	0	https://bambinos.github.io/bambi/notebooks/shooter_crossed_random_ANOVA.html	text/html; charset=utf-8	cited_project_author_publisher_surface	false	true	rate,race,object,subject		exact_text_present	explicit_token_present	name_or_key_present	confirmed	The retrieved official/primary source contains the normalized claimed formula text.		text_offset=2232; matched_terms=object,rate,shooter,subject,target,task; context_sha256=86af394f5bbb0f20	446a4d28141a9e801d04dd212140c443fa160e5f80c19d2a51ee3f48b77c3252
15	bambi/shooter_rate_target	bambi	shooter_rate_target	true	Shooter Task — Rate (With Target Effect)	shooter	shooter	rate ~ S(race) * S(object) + (S(race) * S(object) | subject) + (S(object) | target)		gaussian	https://bambinos.github.io/bambi/notebooks/shooter_crossed_random_ANOVA.html	https://raw.githubusercontent.com/bambinos/bambi/main/docs/notebooks/data/shooter.csv	bambi.jl			gaussian	CatalogServer_default_unsubstantiated	2026-07-28T21:07:08.610539+00:00	200	0	https://bambinos.github.io/bambi/notebooks/shooter_crossed_random_ANOVA.html	text/html; charset=utf-8	cited_project_author_publisher_surface	false	true	rate,race,object,subject,target		exact_text_present	explicit_token_present	name_or_key_present	confirmed	The retrieved official/primary source contains the normalized claimed formula text.		text_offset=2232; matched_terms=object,rate,shooter,subject,target,task; context_sha256=86af394f5bbb0f20	446a4d28141a9e801d04dd212140c443fa160e5f80c19d2a51ee3f48b77c3252
16	bambi/shooter_binary	bambi	shooter_binary	true	Shooter Task — Binary Shoot Decision	shooter	shooter	shoot_or_not[shoot] ~ S(race)*S(object) + (S(race)*S(object) | subject) + (S(object) | target)		bernoulli	https://bambinos.github.io/bambi/notebooks/shooter_crossed_random_ANOVA.html	https://raw.githubusercontent.com/bambinos/bambi/main/docs/notebooks/data/shooter.csv	bambi.jl			gaussian	CatalogServer_default_unsubstantiated	2026-07-28T21:07:08.610539+00:00	200	0	https://bambinos.github.io/bambi/notebooks/shooter_crossed_random_ANOVA.html	text/html; charset=utf-8	cited_project_author_publisher_surface	false	true	shoot_or_not,shoot,race,object,subject,target		exact_text_present	explicit_token_present	name_or_key_present	confirmed	The retrieved official/primary source contains the normalized claimed formula text.		text_offset=2232; matched_terms=object,shoot,shooter,subject,target,task; context_sha256=8202f0c340178976	446a4d28141a9e801d04dd212140c443fa160e5f80c19d2a51ee3f48b77c3252
17	bambi/fixed_random_naive	bambi	fixed_random_naive	true	Fixed/Random Effects — Naive Model	fixed_random	fixed_random	y ~ x + z		bernoulli	https://bambinos.github.io/bambi/notebooks/fixed_random.html	synthetic	bambi.jl			gaussian	CatalogServer_default_unsubstantiated	2026-07-28T21:07:08.553523+00:00	200	0	https://bambinos.github.io/bambi/notebooks/fixed_random.html	text/html; charset=utf-8	cited_project_author_publisher_surface	false	false			insufficient_terms:0/0	explicit_token_present	name_or_key_present	unverifiable	Retrieved source does not expose enough formula-specific evidence to confirm or refute the catalog claim conservatively.		text_offset=0; matched_terms=effects,fixed,model,random; context_sha256=3ee34c860228943a	d4bce0eae68bcb51665e67733fcd6b6842aa9790cbae90236b42613b2ee4e49e
18	bambi/fixed_random_fe	bambi	fixed_random_fe	true	Fixed/Random Effects — Fixed Effects Model	fixed_random	fixed_random	y ~ 0 + C(group) + x + z		bernoulli	https://bambinos.github.io/bambi/notebooks/fixed_random.html	synthetic	bambi.jl			gaussian	CatalogServer_default_unsubstantiated	2026-07-28T21:07:08.553523+00:00	200	0	https://bambinos.github.io/bambi/notebooks/fixed_random.html	text/html; charset=utf-8	cited_project_author_publisher_surface	false	true	group		exact_text_present	explicit_token_present	name_or_key_present	confirmed	The retrieved official/primary source contains the normalized claimed formula text.		text_offset=617; matched_terms=effects,fixed,group,model,random; context_sha256=487827b296c417c8	d4bce0eae68bcb51665e67733fcd6b6842aa9790cbae90236b42613b2ee4e49e
19	bambi/fixed_random_re	bambi	fixed_random_re	true	Fixed/Random Effects — Random Effects Model	fixed_random	fixed_random	y ~ x + z + (1|group)		bernoulli	https://bambinos.github.io/bambi/notebooks/fixed_random.html	synthetic	bambi.jl			gaussian	CatalogServer_default_unsubstantiated	2026-07-28T21:07:08.553523+00:00	200	0	https://bambinos.github.io/bambi/notebooks/fixed_random.html	text/html; charset=utf-8	cited_project_author_publisher_surface	false	true	group		exact_text_present	explicit_token_present	name_or_key_present	confirmed	The retrieved official/primary source contains the normalized claimed formula text.		text_offset=617; matched_terms=effects,fixed,group,model,random; context_sha256=487827b296c417c8	d4bce0eae68bcb51665e67733fcd6b6842aa9790cbae90236b42613b2ee4e49e
20	bambi/fixed_random_mundlak	bambi	fixed_random_mundlak	true	Fixed/Random Effects — Mundlak Machine	fixed_random	fixed_random	y ~ x + z + xbar + (1|group)		bernoulli	https://bambinos.github.io/bambi/notebooks/fixed_random.html	synthetic	bambi.jl			gaussian	CatalogServer_default_unsubstantiated	2026-07-28T21:07:08.553523+00:00	200	0	https://bambinos.github.io/bambi/notebooks/fixed_random.html	text/html; charset=utf-8	cited_project_author_publisher_surface	false	true	xbar,group		exact_text_present	explicit_token_present	name_or_key_present	confirmed	The retrieved official/primary source contains the normalized claimed formula text.		text_offset=617; matched_terms=effects,fixed,group,mundlak,random; context_sha256=487827b296c417c8	d4bce0eae68bcb51665e67733fcd6b6842aa9790cbae90236b42613b2ee4e49e
21	bambi/t_regression_gaussian	bambi	t_regression_gaussian	true	Robust Regression — Gaussian Family	t_regression	t_regression	y ~ x		gaussian	https://bambinos.github.io/bambi/notebooks/t_regression.html	synthetic	bambi.jl			gaussian	CatalogServer_default_unsubstantiated	2026-07-28T21:07:08.615046+00:00	200	0	https://bambinos.github.io/bambi/notebooks/t_regression.html	text/html; charset=utf-8	cited_project_author_publisher_surface	false	false			insufficient_terms:0/0	explicit_token_present	name_or_key_present	unverifiable	Retrieved source does not expose enough formula-specific evidence to confirm or refute the catalog claim conservatively.		text_offset=0; matched_terms=regression,robust; context_sha256=9d343ef506cff257	c314d1505674bdaa1c461cf48d0c3d38237511b38efee0442992e21c6203afa0
22	bambi/t_regression_t	bambi	t_regression_t	true	Robust Regression — Student's t Family	t_regression	t_regression	y ~ x		t	https://bambinos.github.io/bambi/notebooks/t_regression.html	synthetic	bambi.jl			gaussian	CatalogServer_default_unsubstantiated	2026-07-28T21:07:08.615046+00:00	200	0	https://bambinos.github.io/bambi/notebooks/t_regression.html	text/html; charset=utf-8	cited_project_author_publisher_surface	false	false			insufficient_terms:0/0	not_observed	name_or_key_present	unverifiable	Retrieved source does not expose enough formula-specific evidence to confirm or refute the catalog claim conservatively.		text_offset=0; matched_terms=regression,robust; context_sha256=9d343ef506cff257	c314d1505674bdaa1c461cf48d0c3d38237511b38efee0442992e21c6203afa0
23	bambi/predict_new_groups	bambi	predict_new_groups	true	Predict New Groups	predict_new_groups	predict_new_groups	fvc ~ 0 + weeks + smoking_status + (0 + weeks | patient)		gaussian	https://bambinos.github.io/bambi/notebooks/predict_new_groups.html	https://gist.githubusercontent.com/ucals/2cf9d101992cb1b78c2cdd6e3bac6a4b/raw/43034c39052dcf97d4b894d2ec1bc3f90f3623d9/osic_pulmonary_fibrosis.csv	bambi.jl			gaussian	CatalogServer_default_unsubstantiated	2026-07-28T21:07:08.609232+00:00	200	0	https://bambinos.github.io/bambi/notebooks/predict_new_groups.html	text/html; charset=utf-8	cited_project_author_publisher_surface	false	true	fvc,weeks,smoking_status,patient		exact_text_present	explicit_token_present	name_or_key_present	confirmed	The retrieved official/primary source contains the normalized claimed formula text.		text_offset=6432; matched_terms=fvc,smoking_status,weeks; context_sha256=a21d2400efbf8a43	6627763b6c73d1d67ff1ff2e0d1cbe219195cefaf149d03f039644b093c7245f
24	bambi/poly_falling_explicit	bambi	poly_falling_explicit	true	Polynomial Regression — Falling Ball (Explicit)	polynomial_regression	poly_falling	x ~ I(t**2) + 1		gaussian	https://bambinos.github.io/bambi/notebooks/polynomial_regression.html	synthetic	bambi.jl			gaussian	CatalogServer_default_unsubstantiated	2026-07-28T21:07:08.608650+00:00	200	0	https://bambinos.github.io/bambi/notebooks/polynomial_regression.html	text/html; charset=utf-8	cited_project_author_publisher_surface	false	false			insufficient_terms:0/0	explicit_token_present	name_or_key_present	unverifiable	Retrieved source does not expose enough formula-specific evidence to confirm or refute the catalog claim conservatively.		text_offset=0; matched_terms=polynomial,regression; context_sha256=19512a2ece7abe5b	59daf510ec50cbdcfafd6ce16b7f88c8854dd27b3b572930d1ff6202f033b438
25	bambi/poly_falling_alt	bambi	poly_falling_alt	true	Polynomial Regression — Falling Ball (Curly-Brace Syntax)	polynomial_regression	poly_falling	x ~ {t**2} + 1		gaussian	https://bambinos.github.io/bambi/notebooks/polynomial_regression.html	synthetic	bambi.jl			gaussian	CatalogServer_default_unsubstantiated	2026-07-28T21:07:08.608650+00:00	200	0	https://bambinos.github.io/bambi/notebooks/polynomial_regression.html	text/html; charset=utf-8	cited_project_author_publisher_surface	false	false			insufficient_terms:0/0	explicit_token_present	name_or_key_present	unverifiable	Retrieved source does not expose enough formula-specific evidence to confirm or refute the catalog claim conservatively.		text_offset=0; matched_terms=polynomial,regression; context_sha256=19512a2ece7abe5b	59daf510ec50cbdcfafd6ce16b7f88c8854dd27b3b572930d1ff6202f033b438
26	bambi/poly_falling_precomp	bambi	poly_falling_precomp	true	Polynomial Regression — Falling Ball (Pre-Computed Column)	polynomial_regression	poly_falling	x ~ tsquared + 1		gaussian	https://bambinos.github.io/bambi/notebooks/polynomial_regression.html	synthetic	bambi.jl			gaussian	CatalogServer_default_unsubstantiated	2026-07-28T21:07:08.608650+00:00	200	0	https://bambinos.github.io/bambi/notebooks/polynomial_regression.html	text/html; charset=utf-8	cited_project_author_publisher_surface	false	true	tsquared		exact_text_present	explicit_token_present	name_or_key_present	confirmed	The retrieved official/primary source contains the normalized claimed formula text.		text_offset=5355; matched_terms=column,tsquared; context_sha256=c8b5109512c81c87	59daf510ec50cbdcfafd6ce16b7f88c8854dd27b3b572930d1ff6202f033b438
27	bambi/poly_projectile_power	bambi	poly_projectile_power	true	Polynomial Regression — Projectile (Power Basis)	polynomial_regression	poly_projectile	x ~ I(t**2) + t + 1		gaussian	https://bambinos.github.io/bambi/notebooks/polynomial_regression.html	synthetic	bambi.jl			gaussian	CatalogServer_default_unsubstantiated	2026-07-28T21:07:08.608650+00:00	200	0	https://bambinos.github.io/bambi/notebooks/polynomial_regression.html	text/html; charset=utf-8	cited_project_author_publisher_surface	false	false			insufficient_terms:0/0	explicit_token_present	name_or_key_present	unverifiable	Retrieved source does not expose enough formula-specific evidence to confirm or refute the catalog claim conservatively.		text_offset=0; matched_terms=polynomial,regression; context_sha256=19512a2ece7abe5b	59daf510ec50cbdcfafd6ce16b7f88c8854dd27b3b572930d1ff6202f033b438
28	bambi/poly_projectile_poly	bambi	poly_projectile_poly	true	Polynomial Regression — Projectile (poly() Syntax)	polynomial_regression	poly_projectile	x ~ poly(t, 2, raw=True)		gaussian	https://bambinos.github.io/bambi/notebooks/polynomial_regression.html	synthetic	bambi.jl			gaussian	CatalogServer_default_unsubstantiated	2026-07-28T21:07:08.608650+00:00	200	0	https://bambinos.github.io/bambi/notebooks/polynomial_regression.html	text/html; charset=utf-8	cited_project_author_publisher_surface	false	true	raw		exact_text_present	explicit_token_present	name_or_key_present	confirmed	The retrieved official/primary source contains the normalized claimed formula text.		text_offset=4828; matched_terms=raw,syntax; context_sha256=ed1f8f53d496f70d	59daf510ec50cbdcfafd6ce16b7f88c8854dd27b3b572930d1ff6202f033b438
29	bambi/poly_planets	bambi	poly_planets	true	Polynomial Regression — Multi-Planet	polynomial_regression	poly_planets	Height ~ I(Time**2):Planet + Time + 0		gaussian	https://bambinos.github.io/bambi/notebooks/polynomial_regression.html	synthetic	bambi.jl			gaussian	CatalogServer_default_unsubstantiated	2026-07-28T21:07:08.608650+00:00	200	0	https://bambinos.github.io/bambi/notebooks/polynomial_regression.html	text/html; charset=utf-8	cited_project_author_publisher_surface	false	true	height,time,planet		exact_text_present	explicit_token_present	name_or_key_present	confirmed	The retrieved official/primary source contains the normalized claimed formula text.		text_offset=1297; matched_terms=planet,time; context_sha256=613b03594a8d7387	59daf510ec50cbdcfafd6ce16b7f88c8854dd27b3b572930d1ff6202f033b438
30	bambi/logistic_anes	bambi	logistic_anes	true	Logistic Regression — Vote Intention	logistic_anes	logistic_anes	vote['clinton'] ~ party_id + party_id:age		bernoulli	https://bambinos.github.io/bambi/notebooks/logistic_regression.html	https://ndownloader.figshare.com/files/28870740	bambi.jl			gaussian	CatalogServer_default_unsubstantiated	2026-07-28T21:07:08.565065+00:00	200	0	https://bambinos.github.io/bambi/notebooks/logistic_regression.html	text/html; charset=utf-8	cited_project_author_publisher_surface	false	true	vote,clinton,party_id,age		exact_text_present	explicit_token_present	name_or_key_present	confirmed	The retrieved official/primary source contains the normalized claimed formula text.		text_offset=21; matched_terms=intention,logistic,regression,vote; context_sha256=fff96ffd6135f775	2a382b45531c2e5392c7262c8c7644c7d7db7d19977420b9095f6cbeb61179be
31	bambi/model_comparison_linear	bambi	model_comparison_linear	true	Model Comparison — Linear	model_comparison	model_comparison	income['>50K'] ~ sex + race + scale(age) + scale(hs_week)		bernoulli	https://bambinos.github.io/bambi/notebooks/model_comparison.html	https://ndownloader.figshare.com/files/28870743	bambi.jl			gaussian	CatalogServer_default_unsubstantiated	2026-07-28T21:07:08.569578+00:00	200	0	https://bambinos.github.io/bambi/notebooks/model_comparison.html	text/html; charset=utf-8	cited_project_author_publisher_surface	false	true	income,sex,race,scale,age,hs_week		exact_text_present	explicit_token_present	name_or_key_present	confirmed	The retrieved official/primary source contains the normalized claimed formula text.		text_offset=2890; matched_terms=hs_week,income,race,sex; context_sha256=6f402e9a5e8074fa	811f3df2ca426eda2e619b1ef27c8183d040b92ada5535df2a4ec174661956a7
32	bambi/model_comparison_quad	bambi	model_comparison_quad	true	Model Comparison — Quadratic	model_comparison	model_comparison	income['>50K'] ~ sex + race + scale(age) + I(scale(age)**2) + scale(hs_week) + I(scale(hs_week)**2)		bernoulli	https://bambinos.github.io/bambi/notebooks/model_comparison.html	https://ndownloader.figshare.com/files/28870743	bambi.jl			gaussian	CatalogServer_default_unsubstantiated	2026-07-28T21:07:08.569578+00:00	200	0	https://bambinos.github.io/bambi/notebooks/model_comparison.html	text/html; charset=utf-8	cited_project_author_publisher_surface	false	true	income,sex,race,scale,age,hs_week		exact_text_present	explicit_token_present	name_or_key_present	confirmed	The retrieved official/primary source contains the normalized claimed formula text.		text_offset=2890; matched_terms=hs_week,income,race,sex; context_sha256=6f402e9a5e8074fa	811f3df2ca426eda2e619b1ef27c8183d040b92ada5535df2a4ec174661956a7
33	bambi/model_comparison_cubic	bambi	model_comparison_cubic	true	Model Comparison — Cubic	model_comparison	model_comparison	income['>50K'] ~ sex + race + scale(age) + I(scale(age)**2) + I(scale(age)**3) + scale(hs_week) + I(scale(hs_week)**2) + I(scale(hs_week)**3)		bernoulli	https://bambinos.github.io/bambi/notebooks/model_comparison.html	https://ndownloader.figshare.com/files/28870743	bambi.jl			gaussian	CatalogServer_default_unsubstantiated	2026-07-28T21:07:08.569578+00:00	200	0	https://bambinos.github.io/bambi/notebooks/model_comparison.html	text/html; charset=utf-8	cited_project_author_publisher_surface	false	false	income,sex,race,scale,age,hs_week		partial_semantic_terms:6/6	explicit_token_present	name_or_key_present	adapted-but-defensible	The source contains the model's distinctive response/predictor terms but not the exact catalog formula; the catalog expression is an adaptation.		text_offset=2890; matched_terms=hs_week,income,race,sex; context_sha256=6f402e9a5e8074fa	811f3df2ca426eda2e619b1ef27c8183d040b92ada5535df2a4ec174661956a7
34	bambi/hierarchical_binomial_nopooling	bambi	hierarchical_binomial_nopooling	true	Hierarchical Binomial — No Pooling	hierarchical_binomial	hierarchical_binomial	p(H, AB) ~ 0 + playerID		binomial	https://bambinos.github.io/bambi/notebooks/hierarchical_binomial_bambi.html	https://ndownloader.figshare.com/files/29749140	bambi.jl			gaussian	CatalogServer_default_unsubstantiated	2026-07-28T21:07:08.555170+00:00	200	0	https://bambinos.github.io/bambi/notebooks/hierarchical_binomial_bambi.html	text/html; charset=utf-8	cited_project_author_publisher_surface	false	true	playerid		exact_text_present	explicit_token_present	name_or_key_present	confirmed	The retrieved official/primary source contains the normalized claimed formula text.		text_offset=3517; matched_terms=playerid; context_sha256=eb8671f9eeb2dbad	ebedd5c19370a62d47542c2b1ae28116cbd97fc7fc22b25d3e6b004891436864
35	bambi/hierarchical_binomial_partial	bambi	hierarchical_binomial_partial	true	Hierarchical Binomial — Partial Pooling	hierarchical_binomial	hierarchical_binomial	p(H, AB) ~ 1 + (1|playerID)		binomial	https://bambinos.github.io/bambi/notebooks/hierarchical_binomial_bambi.html	https://ndownloader.figshare.com/files/29749140	bambi.jl			gaussian	CatalogServer_default_unsubstantiated	2026-07-28T21:07:08.555170+00:00	200	0	https://bambinos.github.io/bambi/notebooks/hierarchical_binomial_bambi.html	text/html; charset=utf-8	cited_project_author_publisher_surface	false	true	playerid		exact_text_present	explicit_token_present	name_or_key_present	confirmed	The retrieved official/primary source contains the normalized claimed formula text.		text_offset=3517; matched_terms=playerid; context_sha256=eb8671f9eeb2dbad	ebedd5c19370a62d47542c2b1ae28116cbd97fc7fc22b25d3e6b004891436864
36	bambi/alternative_links_logit	bambi	alternative_links_logit	true	Alternative Links — Logit	alternative_links	alternative_links	p(y, n) ~ x		"binomial, link=""logit"""	https://bambinos.github.io/bambi/notebooks/alternative_links_binary.html	synthetic	bambi.jl			gaussian	CatalogServer_default_unsubstantiated	2026-07-28T21:07:08.539819+00:00	200	0	https://bambinos.github.io/bambi/notebooks/alternative_links_binary.html	text/html; charset=utf-8	cited_project_author_publisher_surface	false	false			insufficient_terms:0/0	explicit_token_present	name_or_key_present	unverifiable	Retrieved source does not expose enough formula-specific evidence to confirm or refute the catalog claim conservatively.		text_offset=33; matched_terms=alternative; context_sha256=7f1261d4379aa0f4	7250c7b9eab2a0f090bded1e82b2b8f89af686d50899430657196a2f5ed0290a
37	bambi/alternative_links_probit	bambi	alternative_links_probit	true	Alternative Links — Probit	alternative_links	alternative_links	p(y, n) ~ x		"binomial, link=""probit"""	https://bambinos.github.io/bambi/notebooks/alternative_links_binary.html	synthetic	bambi.jl			gaussian	CatalogServer_default_unsubstantiated	2026-07-28T21:07:08.539819+00:00	200	0	https://bambinos.github.io/bambi/notebooks/alternative_links_binary.html	text/html; charset=utf-8	cited_project_author_publisher_surface	false	false			insufficient_terms:0/0	explicit_token_present	name_or_key_present	unverifiable	Retrieved source does not expose enough formula-specific evidence to confirm or refute the catalog claim conservatively.		text_offset=33; matched_terms=alternative; context_sha256=7f1261d4379aa0f4	7250c7b9eab2a0f090bded1e82b2b8f89af686d50899430657196a2f5ed0290a
38	bambi/alternative_links_cloglog	bambi	alternative_links_cloglog	true	Alternative Links — Complementary Log-Log	alternative_links	alternative_links	p(y, n) ~ x		"binomial, link=""cloglog"""	https://bambinos.github.io/bambi/notebooks/alternative_links_binary.html	synthetic	bambi.jl			gaussian	CatalogServer_default_unsubstantiated	2026-07-28T21:07:08.539819+00:00	200	0	https://bambinos.github.io/bambi/notebooks/alternative_links_binary.html	text/html; charset=utf-8	cited_project_author_publisher_surface	false	false			insufficient_terms:0/0	explicit_token_present	name_or_key_present	unverifiable	Retrieved source does not expose enough formula-specific evidence to confirm or refute the catalog claim conservatively.		text_offset=33; matched_terms=alternative; context_sha256=7f1261d4379aa0f4	7250c7b9eab2a0f090bded1e82b2b8f89af686d50899430657196a2f5ed0290a
39	bambi/wald_gamma_wald	bambi	wald_gamma_wald	true	Wald Regression — Insurance Claims (Wald Family)	wald_gamma	wald_gamma	claimcst0 ~ C(agecat) + gender + area		"wald, link=""log"""	https://bambinos.github.io/bambi/notebooks/wald_gamma_glm.html	https://ndownloader.figshare.com/files/28870713	bambi.jl			gaussian	CatalogServer_default_unsubstantiated	2026-07-28T21:07:08.616255+00:00	200	0	https://bambinos.github.io/bambi/notebooks/wald_gamma_glm.html	text/html; charset=utf-8	cited_project_author_publisher_surface	false	true	claimcst0,agecat,gender,area		exact_text_present	explicit_token_present	name_or_key_present	confirmed	The retrieved official/primary source contains the normalized claimed formula text.		text_offset=2500; matched_terms=agecat,area,claimcst0,gender; context_sha256=5ddf198e5697fb74	e4c4a3febd510eb94a41a200420a2fd29d8fe00559b6bfca2cb4269c85998ebb
40	bambi/wald_gamma_gamma	bambi	wald_gamma_gamma	true	Gamma Regression — Insurance Claims (Gamma Family)	wald_gamma	wald_gamma	claimcst0 ~ agecat + gender + area		"gamma, link=""log"""	https://bambinos.github.io/bambi/notebooks/wald_gamma_glm.html	https://ndownloader.figshare.com/files/28870713	bambi.jl			gaussian	CatalogServer_default_unsubstantiated	2026-07-28T21:07:08.616255+00:00	200	0	https://bambinos.github.io/bambi/notebooks/wald_gamma_glm.html	text/html; charset=utf-8	cited_project_author_publisher_surface	false	true	claimcst0,agecat,gender,area		exact_text_present	explicit_token_present	name_or_key_present	confirmed	The retrieved official/primary source contains the normalized claimed formula text.		text_offset=2500; matched_terms=agecat,area,claimcst0,gender; context_sha256=5ddf198e5697fb74	e4c4a3febd510eb94a41a200420a2fd29d8fe00559b6bfca2cb4269c85998ebb
41	bambi/negative_binomial_main	bambi	negative_binomial_main	true	Negative Binomial — Main Effects	negative_binomial	negative_binomial	daysabs ~ 0 + prog + scale(math)		negativebinomial	https://bambinos.github.io/bambi/notebooks/negative_binomial.html	https://stats.idre.ucla.edu/stat/stata/dae/nb_data.dta	bambi.jl			gaussian	CatalogServer_default_unsubstantiated	2026-07-28T21:07:08.578204+00:00	200	0	https://bambinos.github.io/bambi/notebooks/negative_binomial.html	text/html; charset=utf-8	cited_project_author_publisher_surface	false	true	daysabs,prog,scale,math		exact_text_present	explicit_token_present	name_or_key_present	confirmed	The retrieved official/primary source contains the normalized claimed formula text.		text_offset=6876; matched_terms=daysabs,math,prog; context_sha256=def4faf4c2f65f3e	debca1ede81f7beec4e26cb248077890a7f197c1a3fbdc11fbe3277caba2243f
42	bambi/negative_binomial_interaction	bambi	negative_binomial_interaction	true	Negative Binomial — Interaction	negative_binomial	negative_binomial	daysabs ~ 0 + prog + scale(math) + prog:scale(math)		negativebinomial	https://bambinos.github.io/bambi/notebooks/negative_binomial.html	https://stats.idre.ucla.edu/stat/stata/dae/nb_data.dta	bambi.jl			gaussian	CatalogServer_default_unsubstantiated	2026-07-28T21:07:08.578204+00:00	200	0	https://bambinos.github.io/bambi/notebooks/negative_binomial.html	text/html; charset=utf-8	cited_project_author_publisher_surface	false	true	daysabs,prog,scale,math		exact_text_present	explicit_token_present	name_or_key_present	confirmed	The retrieved official/primary source contains the normalized claimed formula text.		text_offset=6876; matched_terms=daysabs,math,prog; context_sha256=def4faf4c2f65f3e	debca1ede81f7beec4e26cb248077890a7f197c1a3fbdc11fbe3277caba2243f
43	bambi/count_roaches_poisson	bambi	count_roaches_poisson	true	Count Regression with Offset — Poisson	count_roaches	count_roaches	y ~ roach1 + treatment + senior + offset(log(exposure2))		poisson	https://bambinos.github.io/bambi/notebooks/count_roaches.html	https://raw.githubusercontent.com/bambinos/bambi/main/docs/notebooks/data/roaches.csv	bambi.jl			gaussian	CatalogServer_default_unsubstantiated	2026-07-28T21:07:08.550996+00:00	200	0	https://bambinos.github.io/bambi/notebooks/count_roaches.html	text/html; charset=utf-8	cited_project_author_publisher_surface	false	true	roach1,treatment,senior,exposure2		exact_text_present	explicit_token_present	name_or_key_present	confirmed	The retrieved official/primary source contains the normalized claimed formula text.		text_offset=2445; matched_terms=exposure2,roach1,senior,treatment; context_sha256=90d658005d3e94fa	a989a12065ab61d6c63377de0a884d9cc3dd53a6965c6cdbf0081f861c2e0a87
44	bambi/count_roaches_nb	bambi	count_roaches_nb	true	Count Regression with Offset — Negative Binomial	count_roaches	count_roaches	y ~ roach1 + treatment + senior + offset(log(exposure2))		negativebinomial	https://bambinos.github.io/bambi/notebooks/count_roaches.html	https://raw.githubusercontent.com/bambinos/bambi/main/docs/notebooks/data/roaches.csv	bambi.jl			gaussian	CatalogServer_default_unsubstantiated	2026-07-28T21:07:08.550996+00:00	200	0	https://bambinos.github.io/bambi/notebooks/count_roaches.html	text/html; charset=utf-8	cited_project_author_publisher_surface	false	true	roach1,treatment,senior,exposure2		exact_text_present	explicit_token_present	name_or_key_present	confirmed	The retrieved official/primary source contains the normalized claimed formula text.		text_offset=2445; matched_terms=exposure2,roach1,senior,treatment; context_sha256=90d658005d3e94fa	a989a12065ab61d6c63377de0a884d9cc3dd53a6965c6cdbf0081f861c2e0a87
45	bambi/beta_probs_intercept	bambi	beta_probs_intercept	true	Beta Regression — Intercept Only (Probabilities)	beta_regression	beta_probs	probabilities ~ 1		beta	https://bambinos.github.io/bambi/notebooks/beta_regression.html	synthetic	bambi.jl			gaussian	CatalogServer_default_unsubstantiated	2026-07-28T21:07:08.540611+00:00	200	0	https://bambinos.github.io/bambi/notebooks/beta_regression.html	text/html; charset=utf-8	cited_project_author_publisher_surface	false	true	probabilities		exact_text_present	explicit_token_present	name_or_key_present	confirmed	The retrieved official/primary source contains the normalized claimed formula text.		text_offset=2281; matched_terms=probabilities; context_sha256=a0e50e4d1e09a066	c7aed1a5a8da36e25009dc4e85774bc7a447be70df2a5925be1e2d8a01a4972a
46	bambi/beta_coin	bambi	beta_coin	true	Beta Regression — Coin Dirt	beta_regression	beta_coin	p ~ delta_d		beta	https://bambinos.github.io/bambi/notebooks/beta_regression.html	synthetic	bambi.jl			gaussian	CatalogServer_default_unsubstantiated	2026-07-28T21:07:08.540611+00:00	200	0	https://bambinos.github.io/bambi/notebooks/beta_regression.html	text/html; charset=utf-8	cited_project_author_publisher_surface	false	true	delta_d		exact_text_present	explicit_token_present	name_or_key_present	confirmed	The retrieved official/primary source contains the normalized claimed formula text.		text_offset=9652; matched_terms=delta_d; context_sha256=b20280001bd37644	c7aed1a5a8da36e25009dc4e85774bc7a447be70df2a5925be1e2d8a01a4972a
47	bambi/beta_batting_intercept	bambi	beta_batting_intercept	true	Beta Regression — Batting Average Intercept Only	beta_regression	beta_batting	batting_avg ~ 1		beta	https://bambinos.github.io/bambi/notebooks/beta_regression.html	https://ndownloader.figshare.com/files/29749140	bambi.jl			gaussian	CatalogServer_default_unsubstantiated	2026-07-28T21:07:08.540611+00:00	200	0	https://bambinos.github.io/bambi/notebooks/beta_regression.html	text/html; charset=utf-8	cited_project_author_publisher_surface	false	true	batting_avg		exact_text_present	explicit_token_present	name_or_key_present	confirmed	The retrieved official/primary source contains the normalized claimed formula text.		text_offset=12464; matched_terms=average,batting,batting_avg; context_sha256=dcbb021a88ae54f6	c7aed1a5a8da36e25009dc4e85774bc7a447be70df2a5925be1e2d8a01a4972a
48	bambi/beta_batting_shift	bambi	beta_batting_shift	true	Beta Regression — Batting Average with Shift Predictor	beta_regression	beta_batting	batting_avg ~ batting_avg_shift		beta	https://bambinos.github.io/bambi/notebooks/beta_regression.html	https://ndownloader.figshare.com/files/29749140	bambi.jl			gaussian	CatalogServer_default_unsubstantiated	2026-07-28T21:07:08.540611+00:00	200	0	https://bambinos.github.io/bambi/notebooks/beta_regression.html	text/html; charset=utf-8	cited_project_author_publisher_surface	false	true	batting_avg,batting_avg_shift		exact_text_present	explicit_token_present	name_or_key_present	confirmed	The retrieved official/primary source contains the normalized claimed formula text.		text_offset=12464; matched_terms=average,batting,batting_avg; context_sha256=dcbb021a88ae54f6	c7aed1a5a8da36e25009dc4e85774bc7a447be70df2a5925be1e2d8a01a4972a
49	bambi/categorical_toy	bambi	categorical_toy	true	Categorical Regression — Toy Dataset	categorical_regression	categorical_toy	y ~ x		categorical	https://bambinos.github.io/bambi/notebooks/categorical_regression.html	synthetic	bambi.jl			gaussian	CatalogServer_default_unsubstantiated	2026-07-28T21:07:08.545087+00:00	200	0	https://bambinos.github.io/bambi/notebooks/categorical_regression.html	text/html; charset=utf-8	cited_project_author_publisher_surface	false	false			insufficient_terms:0/0	explicit_token_present	name_or_key_present	unverifiable	Retrieved source does not expose enough formula-specific evidence to confirm or refute the catalog claim conservatively.		text_offset=0; matched_terms=categorical,dataset,regression; context_sha256=4b2331b914119f59	d3af4c8cfb9ed02527b12d34dfae6ae98cae021389b6c89484a4571d58b47ed6
50	bambi/categorical_iris	bambi	categorical_iris	true	Categorical Regression — Iris Species	categorical_regression	categorical_regression	species ~ sepal_length + sepal_width + petal_length + petal_width		categorical	https://bambinos.github.io/bambi/notebooks/categorical_regression.html	https://vincentarelbundock.github.io/Rdatasets/csv/datasets/iris.csv	bambi.jl			gaussian	CatalogServer_default_unsubstantiated	2026-07-28T21:07:08.545087+00:00	200	0	https://bambinos.github.io/bambi/notebooks/categorical_regression.html	text/html; charset=utf-8	cited_project_author_publisher_surface	false	true	species,sepal_length,sepal_width,petal_length,petal_width		exact_text_present	explicit_token_present	name_or_key_present	confirmed	The retrieved official/primary source contains the normalized claimed formula text.		text_offset=4700; matched_terms=petal_length,petal_width,sepal_length,sepal_width,species; context_sha256=ab27749f451acefe	d3af4c8cfb9ed02527b12d34dfae6ae98cae021389b6c89484a4571d58b47ed6
51	bambi/categorical_alligator	bambi	categorical_alligator	true	Categorical Regression — Alligator Food Choice	categorical_regression	categorical_alligator	choice ~ length + sex		categorical	https://bambinos.github.io/bambi/notebooks/categorical_regression.html	synthetic	bambi.jl			gaussian	CatalogServer_default_unsubstantiated	2026-07-28T21:07:08.545087+00:00	200	0	https://bambinos.github.io/bambi/notebooks/categorical_regression.html	text/html; charset=utf-8	cited_project_author_publisher_surface	false	true	choice,length,sex		exact_text_present	explicit_token_present	name_or_key_present	confirmed	The retrieved official/primary source contains the normalized claimed formula text.		text_offset=7484; matched_terms=alligator,choice,food,sex; context_sha256=991c32098c88e3f8	d3af4c8cfb9ed02527b12d34dfae6ae98cae021389b6c89484a4571d58b47ed6
52	bambi/circular_vonmises	bambi	circular_vonmises	true	Circular Regression — Von Mises Family	circular_regression	circular_regression	direction ~ distance		vonmises	https://bambinos.github.io/bambi/notebooks/circular_regression.html	https://ndownloader.figshare.com/files/34446077	bambi.jl			gaussian	CatalogServer_default_unsubstantiated	2026-07-28T21:07:08.548265+00:00	200	0	https://bambinos.github.io/bambi/notebooks/circular_regression.html	text/html; charset=utf-8	cited_project_author_publisher_surface	false	true	direction,distance		exact_text_present	explicit_token_present	name_or_key_present	confirmed	The retrieved official/primary source contains the normalized claimed formula text.		text_offset=0; matched_terms=circular,regression; context_sha256=ca82a03e9f7ce9bf	55699db4a48e4b67d2127310598349787cede90de9214c3abf15748140f8de9c
53	bambi/circular_gaussian	bambi	circular_gaussian	true	Circular Regression — Gaussian Comparison	circular_regression	circular_regression	direction ~ distance		gaussian	https://bambinos.github.io/bambi/notebooks/circular_regression.html	https://ndownloader.figshare.com/files/34446077	bambi.jl			gaussian	CatalogServer_default_unsubstantiated	2026-07-28T21:07:08.548265+00:00	200	0	https://bambinos.github.io/bambi/notebooks/circular_regression.html	text/html; charset=utf-8	cited_project_author_publisher_surface	false	true	direction,distance		exact_text_present	explicit_token_present	name_or_key_present	confirmed	The retrieved official/primary source contains the normalized claimed formula text.		text_offset=9; matched_terms=circular,comparison,regression; context_sha256=9ba25b40e2187b4b	55699db4a48e4b67d2127310598349787cede90de9214c3abf15748140f8de9c
54	bambi/quantile_p10	bambi	quantile_p10	true	Quantile Regression — p10 (Asymmetric Laplace)	quantile_regression	quantile_regression	bmi ~ bs(age, knots=knots)		asymmetriclaplace, kappa=0	https://bambinos.github.io/bambi/notebooks/quantile_regression.html	https://raw.githubusercontent.com/bambinos/bambi/main/docs/notebooks/data/bmi.csv	bambi.jl			gaussian	CatalogServer_default_unsubstantiated	2026-07-28T21:07:08.609709+00:00	200	0	https://bambinos.github.io/bambi/notebooks/quantile_regression.html	text/html; charset=utf-8	cited_project_author_publisher_surface	false	true	bmi,age,knots		exact_text_present	explicit_token_present	name_or_key_present	confirmed	The retrieved official/primary source contains the normalized claimed formula text.		text_offset=1653; matched_terms=age,asymmetric,laplace; context_sha256=6eb28875a17f13e4	505a4d8639de329e318e736aeddf4bb83790ab37a5fe482cd46f3b300d5c5496
55	bambi/quantile_p50	bambi	quantile_p50	true	Quantile Regression — p50 (Asymmetric Laplace)	quantile_regression	quantile_regression	bmi ~ bs(age, knots=knots)		asymmetriclaplace, kappa=0	https://bambinos.github.io/bambi/notebooks/quantile_regression.html	https://raw.githubusercontent.com/bambinos/bambi/main/docs/notebooks/data/bmi.csv	bambi.jl			gaussian	CatalogServer_default_unsubstantiated	2026-07-28T21:07:08.609709+00:00	200	0	https://bambinos.github.io/bambi/notebooks/quantile_regression.html	text/html; charset=utf-8	cited_project_author_publisher_surface	false	true	bmi,age,knots		exact_text_present	explicit_token_present	name_or_key_present	confirmed	The retrieved official/primary source contains the normalized claimed formula text.		text_offset=1653; matched_terms=age,asymmetric,laplace; context_sha256=6eb28875a17f13e4	505a4d8639de329e318e736aeddf4bb83790ab37a5fe482cd46f3b300d5c5496
56	bambi/quantile_p90	bambi	quantile_p90	true	Quantile Regression — p90 (Asymmetric Laplace)	quantile_regression	quantile_regression	bmi ~ bs(age, knots=knots)		asymmetriclaplace, kappa=0	https://bambinos.github.io/bambi/notebooks/quantile_regression.html	https://raw.githubusercontent.com/bambinos/bambi/main/docs/notebooks/data/bmi.csv	bambi.jl			gaussian	CatalogServer_default_unsubstantiated	2026-07-28T21:07:08.609709+00:00	200	0	https://bambinos.github.io/bambi/notebooks/quantile_regression.html	text/html; charset=utf-8	cited_project_author_publisher_surface	false	true	bmi,age,knots		exact_text_present	explicit_token_present	name_or_key_present	confirmed	The retrieved official/primary source contains the normalized claimed formula text.		text_offset=1653; matched_terms=age,asymmetric,laplace; context_sha256=6eb28875a17f13e4	505a4d8639de329e318e736aeddf4bb83790ab37a5fe482cd46f3b300d5c5496
57	bambi/quantile_gaussian	bambi	quantile_gaussian	true	Quantile Regression — Gaussian Comparison	quantile_regression	quantile_regression	bmi ~ bs(age, knots=knots)		gaussian	https://bambinos.github.io/bambi/notebooks/quantile_regression.html	https://raw.githubusercontent.com/bambinos/bambi/main/docs/notebooks/data/bmi.csv	bambi.jl			gaussian	CatalogServer_default_unsubstantiated	2026-07-28T21:07:08.609709+00:00	200	0	https://bambinos.github.io/bambi/notebooks/quantile_regression.html	text/html; charset=utf-8	cited_project_author_publisher_surface	false	true	bmi,age,knots		exact_text_present	explicit_token_present	name_or_key_present	confirmed	The retrieved official/primary source contains the normalized claimed formula text.		text_offset=9; matched_terms=comparison,quantile,regression; context_sha256=56dc6fe916551122	505a4d8639de329e318e736aeddf4bb83790ab37a5fe482cd46f3b300d5c5496
58	bambi/mister_p	bambi	mister_p	true	MrP — Multilevel Regression and Post-Stratification	mister_p	mister_p	p(abortion, n) ~ male + repvote + (1|state) + (1|eth) + (1|edu) + (1|male:eth) + (1|edu:age) + (1|edu:eth)		binomial	https://bambinos.github.io/bambi/notebooks/mister_p.html	https://dataverse.harvard.edu/	bambi.jl			gaussian	CatalogServer_default_unsubstantiated	2026-07-28T21:07:08.565784+00:00	200	0	https://bambinos.github.io/bambi/notebooks/mister_p.html	text/html; charset=utf-8	cited_project_author_publisher_surface	false	true	abortion,male,repvote,state,eth,edu,age		exact_text_present	explicit_token_present	name_or_key_present	confirmed	The retrieved official/primary source contains the normalized claimed formula text.		text_offset=0; matched_terms=and,multilevel,post,regression,stratification; context_sha256=81581b0f77b20a2c	b800c72ba2e9afe07aaf0e29cd799123a14a7450e1ef73817e5da2bd18a0c897
59	bambi/zip_mu	bambi	zip_mu	true	Zero Inflated Poisson — Mu Component	zero_inflated	zero_inflated	count ~ livebait + camper + persons + child		zero_inflated_poisson	https://bambinos.github.io/bambi/notebooks/zero_inflated_regression.html	https://stats.idre.ucla.edu/stat/data/fish.csv	bambi.jl			gaussian	CatalogServer_default_unsubstantiated	2026-07-28T21:07:08.636314+00:00	200	0	https://bambinos.github.io/bambi/notebooks/zero_inflated_regression.html	text/html; charset=utf-8	cited_project_author_publisher_surface	false	true	count,livebait,camper,persons,child		exact_text_present	explicit_token_present	name_or_key_present	confirmed	The retrieved official/primary source contains the normalized claimed formula text.		text_offset=6908; matched_terms=camper,child,livebait,persons; context_sha256=9b0bf006f7585db3	33ca671e76ad52b873ffbb752c2d4fa94f142238d38ea4b2f5a3f43d30ef877d
60	bambi/zip_psi	bambi	zip_psi	true	Zero Inflated Poisson — Psi Component	zero_inflated	zero_inflated	psi ~ livebait + camper + persons + child		zero_inflated_poisson	https://bambinos.github.io/bambi/notebooks/zero_inflated_regression.html	https://stats.idre.ucla.edu/stat/data/fish.csv	bambi.jl			gaussian	CatalogServer_default_unsubstantiated	2026-07-28T21:07:08.636314+00:00	200	0	https://bambinos.github.io/bambi/notebooks/zero_inflated_regression.html	text/html; charset=utf-8	cited_project_author_publisher_surface	false	true	psi,livebait,camper,persons,child		exact_text_present	explicit_token_present	name_or_key_present	confirmed	The retrieved official/primary source contains the normalized claimed formula text.		text_offset=6908; matched_terms=camper,child,livebait,persons; context_sha256=9b0bf006f7585db3	33ca671e76ad52b873ffbb752c2d4fa94f142238d38ea4b2f5a3f43d30ef877d
61	bambi/hurdle_mu	bambi	hurdle_mu	true	Hurdle Poisson — Mu Component	zero_inflated	zero_inflated	count ~ livebait + camper + persons + child		hurdle_poisson	https://bambinos.github.io/bambi/notebooks/zero_inflated_regression.html	https://stats.idre.ucla.edu/stat/data/fish.csv	bambi.jl			gaussian	CatalogServer_default_unsubstantiated	2026-07-28T21:07:08.636314+00:00	200	0	https://bambinos.github.io/bambi/notebooks/zero_inflated_regression.html	text/html; charset=utf-8	cited_project_author_publisher_surface	false	true	count,livebait,camper,persons,child		exact_text_present	explicit_token_present	name_or_key_present	confirmed	The retrieved official/primary source contains the normalized claimed formula text.		text_offset=6908; matched_terms=camper,child,livebait,persons; context_sha256=9b0bf006f7585db3	33ca671e76ad52b873ffbb752c2d4fa94f142238d38ea4b2f5a3f43d30ef877d
62	bambi/hurdle_psi	bambi	hurdle_psi	true	Hurdle Poisson — Psi Component	zero_inflated	zero_inflated	psi ~ livebait + camper + persons + child		hurdle_poisson	https://bambinos.github.io/bambi/notebooks/zero_inflated_regression.html	https://stats.idre.ucla.edu/stat/data/fish.csv	bambi.jl			gaussian	CatalogServer_default_unsubstantiated	2026-07-28T21:07:08.636314+00:00	200	0	https://bambinos.github.io/bambi/notebooks/zero_inflated_regression.html	text/html; charset=utf-8	cited_project_author_publisher_surface	false	true	psi,livebait,camper,persons,child		exact_text_present	explicit_token_present	name_or_key_present	confirmed	The retrieved official/primary source contains the normalized claimed formula text.		text_offset=6908; matched_terms=camper,child,livebait,persons; context_sha256=9b0bf006f7585db3	33ca671e76ad52b873ffbb752c2d4fa94f142238d38ea4b2f5a3f43d30ef877d
63	bambi/ordinal_trolley_intercept	bambi	ordinal_trolley_intercept	true	Ordinal Regression — Trolley Intercept Only	ordinal_regression	ordinal_regression	response ~ 0		cumulative	https://bambinos.github.io/bambi/notebooks/ordinal_regression.html	https://raw.githubusercontent.com/rmcelreath/rethinking/master/data/Trolley.csv	bambi.jl			gaussian	CatalogServer_default_unsubstantiated	2026-07-28T21:07:08.579350+00:00	200	0	https://bambinos.github.io/bambi/notebooks/ordinal_regression.html	text/html; charset=utf-8	cited_project_author_publisher_surface	false	true	response		exact_text_present	explicit_token_present	name_or_key_present	confirmed	The retrieved official/primary source contains the normalized claimed formula text.		text_offset=0; matched_terms=ordinal,regression; context_sha256=0fc766a8a8edf409	9e01c47abcf9189d305e12bab6b552fa9c834e855ef5f0e87cd99b15eeeaa130
64	bambi/ordinal_trolley_effects	bambi	ordinal_trolley_effects	true	Ordinal Regression — Trolley Action/Intention/Contact	ordinal_regression	ordinal_regression	response ~ 0 + action + intention + contact + action:intention + contact:intention		cumulative	https://bambinos.github.io/bambi/notebooks/ordinal_regression.html	https://raw.githubusercontent.com/rmcelreath/rethinking/master/data/Trolley.csv	bambi.jl			gaussian	CatalogServer_default_unsubstantiated	2026-07-28T21:07:08.579350+00:00	200	0	https://bambinos.github.io/bambi/notebooks/ordinal_regression.html	text/html; charset=utf-8	cited_project_author_publisher_surface	false	true	response,action,intention,contact		exact_text_present	explicit_token_present	name_or_key_present	confirmed	The retrieved official/primary source contains the normalized claimed formula text.		text_offset=651; matched_terms=intention,ordinal,regression,response; context_sha256=38bb6fa9fd533544	9e01c47abcf9189d305e12bab6b552fa9c834e855ef5f0e87cd99b15eeeaa130
65	bambi/ordinal_hr_years	bambi	ordinal_hr_years	true	Ordinal Regression — HR Years at Company	ordinal_regression	hr_attrition	YearsAtCompany ~ 0 + TotalWorkingYears		sratio	https://bambinos.github.io/bambi/notebooks/ordinal_regression.html	https://raw.githubusercontent.com/bambinos/bambi/main/docs/notebooks/data/hr_employee_attrition.tsv.txt	bambi.jl			gaussian	CatalogServer_default_unsubstantiated	2026-07-28T21:07:08.579350+00:00	200	0	https://bambinos.github.io/bambi/notebooks/ordinal_regression.html	text/html; charset=utf-8	cited_project_author_publisher_surface	false	true	yearsatcompany,totalworkingyears		exact_text_present	explicit_token_present	name_or_key_present	confirmed	The retrieved official/primary source contains the normalized claimed formula text.		text_offset=23187; matched_terms=company,years,yearsatcompany; context_sha256=785da7d4f2aefe8c	9e01c47abcf9189d305e12bab6b552fa9c834e855ef5f0e87cd99b15eeeaa130
66	bambi/distributional_const_alpha	bambi	distributional_const_alpha	true	Distributional Models — Constant Alpha	distributional_models	distributional_synth	y ~ x		gamma	https://bambinos.github.io/bambi/notebooks/distributional_models.html	synthetic	bambi.jl			gaussian	CatalogServer_default_unsubstantiated	2026-07-28T21:07:08.551176+00:00	200	0	https://bambinos.github.io/bambi/notebooks/distributional_models.html	text/html; charset=utf-8	cited_project_author_publisher_surface	false	false			insufficient_terms:0/0	explicit_token_present	name_or_key_present	unverifiable	Retrieved source does not expose enough formula-specific evidence to confirm or refute the catalog claim conservatively.		text_offset=0; matched_terms=distributional,models; context_sha256=42702691e45b2eec	f1569469b846c24ed4db169275feb8607d57cf0f65b059cb86259f5309e40a89
67	bambi/distributional_var_alpha	bambi	distributional_var_alpha	true	Distributional Models — Varying Alpha	distributional_models	distributional_synth	y ~ x  +  alpha ~ x		gamma	https://bambinos.github.io/bambi/notebooks/distributional_models.html	synthetic	bambi.jl			gaussian	CatalogServer_default_unsubstantiated	2026-07-28T21:07:08.551176+00:00	200	0	https://bambinos.github.io/bambi/notebooks/distributional_models.html	text/html; charset=utf-8	cited_project_author_publisher_surface	false	true			exact_text_present	explicit_token_present	name_or_key_present	confirmed	The retrieved official/primary source contains the normalized claimed formula text.		text_offset=0; matched_terms=distributional,models; context_sha256=42702691e45b2eec	f1569469b846c24ed4db169275feb8607d57cf0f65b059cb86259f5309e40a89
68	bambi/distributional_bikes	bambi	distributional_bikes	true	Distributional Models — Bikes Spline	distributional_models	distributional_models	count ~ 0 + bs(hour, 8, intercept=True)  +  alpha ~ 0 + bs(hour, 8, intercept=True)		gamma	https://bambinos.github.io/bambi/notebooks/distributional_models.html	https://ndownloader.figshare.com/files/38737026	bambi.jl			gaussian	CatalogServer_default_unsubstantiated	2026-07-28T21:07:08.551176+00:00	200	0	https://bambinos.github.io/bambi/notebooks/distributional_models.html	text/html; charset=utf-8	cited_project_author_publisher_surface	false	true	count,hour,intercept		exact_text_present	explicit_token_present	name_or_key_present	confirmed	The retrieved official/primary source contains the normalized claimed formula text.		text_offset=9599; matched_terms=bikes,hour; context_sha256=462c1ed30f151e54	f1569469b846c24ed4db169275feb8607d57cf0f65b059cb86259f5309e40a89
69	bambi/hsgp_1d_basic	bambi	hsgp_1d_basic	true	HSGP 1D — Basic	hsgp_1d	hsgp_1d	y ~ 0 + hsgp(x, m=10, c=2)		gaussian	https://bambinos.github.io/bambi/notebooks/hsgp_1d.html	synthetic	bambi.jl			gaussian	CatalogServer_default_unsubstantiated	2026-07-28T21:07:08.555326+00:00	200	0	https://bambinos.github.io/bambi/notebooks/hsgp_1d.html	text/html; charset=utf-8	cited_project_author_publisher_surface	false	true			exact_text_present	explicit_token_present	name_or_key_present	confirmed	The retrieved official/primary source contains the normalized claimed formula text.		text_offset=1652; matched_terms=basic; context_sha256=5c87a6e073bd6f2d	d0b05a1a6a43cefbcf8ab0e1dfb2ab38ab30768a1d56b0d88a3e9252e631f53a
70	bambi/hsgp_1d_centered	bambi	hsgp_1d_centered	true	HSGP 1D — Centered Parameterization	hsgp_1d	hsgp_1d	y ~ 0 + hsgp(x, m=10, c=2, centered=True)		gaussian	https://bambinos.github.io/bambi/notebooks/hsgp_1d.html	synthetic	bambi.jl			gaussian	CatalogServer_default_unsubstantiated	2026-07-28T21:07:08.555326+00:00	200	0	https://bambinos.github.io/bambi/notebooks/hsgp_1d.html	text/html; charset=utf-8	cited_project_author_publisher_surface	false	true	centered		exact_text_present	explicit_token_present	name_or_key_present	confirmed	The retrieved official/primary source contains the normalized claimed formula text.		text_offset=7409; matched_terms=centered; context_sha256=7f1f09d7aea59e8f	d0b05a1a6a43cefbcf8ab0e1dfb2ab38ab30768a1d56b0d88a3e9252e631f53a
71	bambi/hsgp_1d_by_group	bambi	hsgp_1d_by_group	true	HSGP 1D — By Group (Shared Covariance)	hsgp_1d	gam_data	y ~ 0 + hsgp(x2, by=fac, m=12, c=1.5)		gaussian	https://bambinos.github.io/bambi/notebooks/hsgp_1d.html	https://raw.githubusercontent.com/bambinos/bambi/main/docs/notebooks/data/gam_data.csv	bambi.jl			gaussian	CatalogServer_default_unsubstantiated	2026-07-28T21:07:08.555326+00:00	200	0	https://bambinos.github.io/bambi/notebooks/hsgp_1d.html	text/html; charset=utf-8	cited_project_author_publisher_surface	false	true	fac		exact_text_present	explicit_token_present	name_or_key_present	confirmed	The retrieved official/primary source contains the normalized claimed formula text.		text_offset=10826; matched_terms=fac,shared; context_sha256=4788300cf05a696e	d0b05a1a6a43cefbcf8ab0e1dfb2ab38ab30768a1d56b0d88a3e9252e631f53a
72	bambi/hsgp_1d_nocov	bambi	hsgp_1d_nocov	true	HSGP 1D — By Group (No Shared Covariance)	hsgp_1d	gam_data	y ~ 0 + hsgp(x2, by=fac, m=12, c=1.5, share_cov=False)		gaussian	https://bambinos.github.io/bambi/notebooks/hsgp_1d.html	https://raw.githubusercontent.com/bambinos/bambi/main/docs/notebooks/data/gam_data.csv	bambi.jl			gaussian	CatalogServer_default_unsubstantiated	2026-07-28T21:07:08.555326+00:00	200	0	https://bambinos.github.io/bambi/notebooks/hsgp_1d.html	text/html; charset=utf-8	cited_project_author_publisher_surface	false	true	fac,share_cov		exact_text_present	explicit_token_present	name_or_key_present	confirmed	The retrieved official/primary source contains the normalized claimed formula text.		text_offset=10826; matched_terms=fac,share_cov,shared; context_sha256=4788300cf05a696e	d0b05a1a6a43cefbcf8ab0e1dfb2ab38ab30768a1d56b0d88a3e9252e631f53a
73	bambi/hsgp_2d_iso	bambi	hsgp_2d_iso	true	HSGP 2D — Isotropic	hsgp_2d	hsgp_2d	outcome ~ 0 + hsgp(x, y, c=1.5, m=10)		gaussian	https://bambinos.github.io/bambi/notebooks/hsgp_2d.html	synthetic	bambi.jl			gaussian	CatalogServer_default_unsubstantiated	2026-07-28T21:07:08.560226+00:00	200	0	https://bambinos.github.io/bambi/notebooks/hsgp_2d.html	text/html; charset=utf-8	cited_project_author_publisher_surface	false	true	outcome		exact_text_present	explicit_token_present	name_or_key_present	confirmed	The retrieved official/primary source contains the normalized claimed formula text.		text_offset=4527; matched_terms=outcome; context_sha256=519d90bc59e48fd0	00bd5200788fcf21d9d133c15ed1228fe6f2e516a155d04c3e3b025e0ad3487b
74	bambi/hsgp_2d_by_group	bambi	hsgp_2d_by_group	true	HSGP 2D — By Group (Shared Covariance)	hsgp_2d	hsgp_2d	outcome ~ 0 + hsgp(x, y, by=group, c=1.5, m=10)		gaussian	https://bambinos.github.io/bambi/notebooks/hsgp_2d.html	synthetic	bambi.jl			gaussian	CatalogServer_default_unsubstantiated	2026-07-28T21:07:08.560226+00:00	200	0	https://bambinos.github.io/bambi/notebooks/hsgp_2d.html	text/html; charset=utf-8	cited_project_author_publisher_surface	false	true	outcome,group		exact_text_present	explicit_token_present	name_or_key_present	confirmed	The retrieved official/primary source contains the normalized claimed formula text.		text_offset=577; matched_terms=group; context_sha256=487827b296c417c8	00bd5200788fcf21d9d133c15ed1228fe6f2e516a155d04c3e3b025e0ad3487b
75	bambi/hsgp_2d_nocov	bambi	hsgp_2d_nocov	true	HSGP 2D — By Group (No Shared Covariance)	hsgp_2d	hsgp_2d	outcome ~ 0 + hsgp(x, y, by=group, c=1.5, m=10, share_cov=False)		gaussian	https://bambinos.github.io/bambi/notebooks/hsgp_2d.html	synthetic	bambi.jl			gaussian	CatalogServer_default_unsubstantiated	2026-07-28T21:07:08.560226+00:00	200	0	https://bambinos.github.io/bambi/notebooks/hsgp_2d.html	text/html; charset=utf-8	cited_project_author_publisher_surface	false	true	outcome,group,share_cov		exact_text_present	explicit_token_present	name_or_key_present	confirmed	The retrieved official/primary source contains the normalized claimed formula text.		text_offset=577; matched_terms=group; context_sha256=487827b296c417c8	00bd5200788fcf21d9d133c15ed1228fe6f2e516a155d04c3e3b025e0ad3487b
76	bambi/hsgp_2d_aniso	bambi	hsgp_2d_aniso	true	HSGP 2D — Anisotropic	hsgp_2d	hsgp_2d	outcome ~ 0 + hsgp(x, y, c=1.5, m=10, iso=False)		gaussian	https://bambinos.github.io/bambi/notebooks/hsgp_2d.html	synthetic	bambi.jl			gaussian	CatalogServer_default_unsubstantiated	2026-07-28T21:07:08.560226+00:00	200	0	https://bambinos.github.io/bambi/notebooks/hsgp_2d.html	text/html; charset=utf-8	cited_project_author_publisher_surface	false	true	outcome,iso		exact_text_present	explicit_token_present	name_or_key_present	confirmed	The retrieved official/primary source contains the normalized claimed formula text.		text_offset=4527; matched_terms=outcome; context_sha256=519d90bc59e48fd0	00bd5200788fcf21d9d133c15ed1228fe6f2e516a155d04c3e3b025e0ad3487b
77	bambi/hsgp_2d_poisson	bambi	hsgp_2d_poisson	true	HSGP 2D — Spatial Poisson Count Data	hsgp_2d	poisson_data	Count ~ 0 + Year + X1:Year + (1|Site) + hsgp(Lon, Lat, by=Year, m=5, c=1.5)		poisson	https://bambinos.github.io/bambi/notebooks/hsgp_2d.html	https://raw.githubusercontent.com/bambinos/bambi/main/docs/notebooks/data/poisson_data.csv	bambi.jl			gaussian	CatalogServer_default_unsubstantiated	2026-07-28T21:07:08.560226+00:00	200	0	https://bambinos.github.io/bambi/notebooks/hsgp_2d.html	text/html; charset=utf-8	cited_project_author_publisher_surface	false	true	count,year,site,lon,lat		exact_text_present	explicit_token_present	name_or_key_present	confirmed	The retrieved official/primary source contains the normalized claimed formula text.		text_offset=982; matched_terms=count,lat; context_sha256=4edf77b00ec2251f	00bd5200788fcf21d9d133c15ed1228fe6f2e516a155d04c3e3b025e0ad3487b
78	bambi/survival_intercept	bambi	survival_intercept	true	Survival Model — Intercept Only	survival_model	survival_model	censored(days_to_event / 31, adopt) ~ 1		exponential,	https://bambinos.github.io/bambi/notebooks/survival_model.html	https://raw.githubusercontent.com/rmcelreath/rethinking/master/data/AustinCats.csv	bambi.jl			gaussian	CatalogServer_default_unsubstantiated	2026-07-28T21:07:08.614043+00:00	200	0	https://bambinos.github.io/bambi/notebooks/survival_model.html	text/html; charset=utf-8	cited_project_author_publisher_surface	false	true	censored,days_to_event,adopt		exact_text_present	explicit_token_present	name_or_key_present	confirmed	The retrieved official/primary source contains the normalized claimed formula text.		text_offset=1769; matched_terms=adopt,censored; context_sha256=3489f2cd887b9a62	f3c4ee91f4c1c4531310f75d4845f10712c777d82c5e192b4ca9add6d7cbec97
79	bambi/survival_color	bambi	survival_color	true	Survival Model — Color Effect	survival_model	survival_model	censored(days_to_event / 31, adopt) ~ 0 + color_id		"exponential, link=""log"""	https://bambinos.github.io/bambi/notebooks/survival_model.html	https://raw.githubusercontent.com/rmcelreath/rethinking/master/data/AustinCats.csv	bambi.jl			gaussian	CatalogServer_default_unsubstantiated	2026-07-28T21:07:08.614043+00:00	200	0	https://bambinos.github.io/bambi/notebooks/survival_model.html	text/html; charset=utf-8	cited_project_author_publisher_surface	false	true	censored,days_to_event,adopt,color_id		exact_text_present	explicit_token_present	name_or_key_present	confirmed	The retrieved official/primary source contains the normalized claimed formula text.		text_offset=1769; matched_terms=adopt,censored,color; context_sha256=3489f2cd887b9a62	f3c4ee91f4c1c4531310f75d4845f10712c777d82c5e192b4ca9add6d7cbec97
80	bambi/survival_disc_sim	bambi	survival_disc_sim	true	Discrete Time Survival — Simulated Data	survival_discrete_time	survival_discrete_time	event ~ treatment + age + time		"bernoulli, link=""cloglog"""	https://bambinos.github.io/bambi/notebooks/survival_discrete_time_notebook.html	synthetic	bambi.jl			gaussian	CatalogServer_default_unsubstantiated	2026-07-28T21:07:08.613134+00:00	200	0	https://bambinos.github.io/bambi/notebooks/survival_discrete_time_notebook.html	text/html; charset=utf-8	cited_project_author_publisher_surface	false	true	event,treatment,age,time		exact_text_present	explicit_token_present	name_or_key_present	confirmed	The retrieved official/primary source contains the normalized claimed formula text.		text_offset=9; matched_terms=data,discrete,survival,time; context_sha256=8ba4d102b114acc2	e58a6aa3998e564c96b29412f6a541b96c67dcb25c338c77f4100815ccb2e1a5
81	bambi/survival_disc_binomial	bambi	survival_disc_binomial	true	Discrete Time Survival — Binomial Child Mortality	survival_discrete_time	child_mortality	p(events, at_risk) ~ sex + socBranch + period + scale(birth_decade)		"binomial, link=""cloglog"""	https://bambinos.github.io/bambi/notebooks/survival_discrete_time_notebook.html	https://raw.githubusercontent.com/bambinos/bambi/main/docs/notebooks/data/child.csv	bambi.jl			gaussian	CatalogServer_default_unsubstantiated	2026-07-28T21:07:08.613134+00:00	200	0	https://bambinos.github.io/bambi/notebooks/survival_discrete_time_notebook.html	text/html; charset=utf-8	cited_project_author_publisher_surface	false	true	events,at_risk,sex,socbranch,period,scale,birth_decade		exact_text_present	explicit_token_present	name_or_key_present	confirmed	The retrieved official/primary source contains the normalized claimed formula text.		text_offset=2230; matched_terms=child,mortality,period,sex; context_sha256=c0d987b5bf5ea18b	e58a6aa3998e564c96b29412f6a541b96c67dcb25c338c77f4100815ccb2e1a5
82	bambi/survival_disc_spline	bambi	survival_disc_spline	true	Discrete Time Survival — Spline Baseline Hazard	survival_discrete_time	child_mortality	p(events, at_risk) ~ sex + socBranch + bs(period, df=4) + scale(birth_decade)		"binomial, link=""cloglog"""	https://bambinos.github.io/bambi/notebooks/survival_discrete_time_notebook.html	https://raw.githubusercontent.com/bambinos/bambi/main/docs/notebooks/data/child.csv	bambi.jl			gaussian	CatalogServer_default_unsubstantiated	2026-07-28T21:07:08.613134+00:00	200	0	https://bambinos.github.io/bambi/notebooks/survival_discrete_time_notebook.html	text/html; charset=utf-8	cited_project_author_publisher_surface	false	true	events,at_risk,sex,socbranch,period,scale,birth_decade		exact_text_present	explicit_token_present	name_or_key_present	confirmed	The retrieved official/primary source contains the normalized claimed formula text.		text_offset=0; matched_terms=discrete,hazard,spline,survival,time; context_sha256=4b41f07b7f13d8b8	e58a6aa3998e564c96b29412f6a541b96c67dcb25c338c77f4100815ccb2e1a5
83	bambi/survival_disc_poisson	bambi	survival_disc_poisson	true	Discrete Time Survival — Poisson Alternative	survival_discrete_time	child_mortality	events ~ sex + socBranch + period + scale(birth_decade) + offset(log(at_risk))		poisson	https://bambinos.github.io/bambi/notebooks/survival_discrete_time_notebook.html	https://raw.githubusercontent.com/bambinos/bambi/main/docs/notebooks/data/child.csv	bambi.jl			gaussian	CatalogServer_default_unsubstantiated	2026-07-28T21:07:08.613134+00:00	200	0	https://bambinos.github.io/bambi/notebooks/survival_discrete_time_notebook.html	text/html; charset=utf-8	cited_project_author_publisher_surface	false	true	events,sex,socbranch,period,scale,birth_decade,at_risk		exact_text_present	explicit_token_present	name_or_key_present	confirmed	The retrieved official/primary source contains the normalized claimed formula text.		text_offset=0; matched_terms=discrete,survival,time; context_sha256=4b41f07b7f13d8b8	e58a6aa3998e564c96b29412f6a541b96c67dcb25c338c77f4100815ccb2e1a5
84	bambi/survival_cont_weibull	bambi	survival_cont_weibull	true	Continuous Time Survival — Weibull	survival_continuous_time	survival_continuous_time	censored(time, censoring) ~ treatment + age		weibull	https://bambinos.github.io/bambi/notebooks/survival_continuous_time_notebook.html	synthetic	bambi.jl			gaussian	CatalogServer_default_unsubstantiated	2026-07-28T21:07:08.612896+00:00	200	0	https://bambinos.github.io/bambi/notebooks/survival_continuous_time_notebook.html	text/html; charset=utf-8	cited_project_author_publisher_surface	false	true	censored,time,censoring,treatment,age		exact_text_present	explicit_token_present	name_or_key_present	confirmed	The retrieved official/primary source contains the normalized claimed formula text.		text_offset=11; matched_terms=continuous,survival,time; context_sha256=1f28fa95cccb75ec	d4fa259213a97f9ef27b2d48434b8f792ecc668ca926af51d7fbf0fb30b2916d
85	bambi/survival_cont_retention_fe	bambi	survival_cont_retention_fe	true	Continuous Time Survival — Retention Fixed Effects	survival_continuous_time	retention	censored(month, censoring) ~ C(gender) + C(level) + C(field) + sentiment + intention		weibull	https://bambinos.github.io/bambi/notebooks/survival_continuous_time_notebook.html	https://raw.githubusercontent.com/bambinos/bambi/main/docs/notebooks/data/retention.csv	bambi.jl			gaussian	CatalogServer_default_unsubstantiated	2026-07-28T21:07:08.612896+00:00	200	0	https://bambinos.github.io/bambi/notebooks/survival_continuous_time_notebook.html	text/html; charset=utf-8	cited_project_author_publisher_surface	false	true	censored,month,censoring,gender,level,field,sentiment,intention		exact_text_present	explicit_token_present	name_or_key_present	confirmed	The retrieved official/primary source contains the normalized claimed formula text.		text_offset=700; matched_terms=continuous,effects,fixed,intention,level,survival,time; context_sha256=38bb6fa9fd533544	d4fa259213a97f9ef27b2d48434b8f792ecc668ca926af51d7fbf0fb30b2916d
86	bambi/survival_cont_retention_re	bambi	survival_cont_retention_re	true	Continuous Time Survival — Retention Random Effects	survival_continuous_time	retention	censored(month, censoring) ~ C(gender) + C(level) + sentiment + intention + (1|field)		weibull	https://bambinos.github.io/bambi/notebooks/survival_continuous_time_notebook.html	https://raw.githubusercontent.com/bambinos/bambi/main/docs/notebooks/data/retention.csv	bambi.jl			gaussian	CatalogServer_default_unsubstantiated	2026-07-28T21:07:08.612896+00:00	200	0	https://bambinos.github.io/bambi/notebooks/survival_continuous_time_notebook.html	text/html; charset=utf-8	cited_project_author_publisher_surface	false	true	censored,month,censoring,gender,level,sentiment,intention,field		exact_text_present	explicit_token_present	name_or_key_present	confirmed	The retrieved official/primary source contains the normalized claimed formula text.		text_offset=700; matched_terms=continuous,effects,intention,level,random,survival,time; context_sha256=38bb6fa9fd533544	d4fa259213a97f9ef27b2d48434b8f792ecc668ca926af51d7fbf0fb30b2916d
87	bambi/orthopoly_explicit	bambi	orthopoly_explicit	true	Orthogonal Polynomial — Explicit Quadratic	orthogonal_polynomial	orthopoly_projectile	x ~ I(t**2) + t + 1		gaussian	https://bambinos.github.io/bambi/notebooks/orthogonal_polynomial_reg.html	synthetic	bambi.jl			gaussian	CatalogServer_default_unsubstantiated	2026-07-28T21:07:08.579484+00:00	200	0	https://bambinos.github.io/bambi/notebooks/orthogonal_polynomial_reg.html	text/html; charset=utf-8	cited_project_author_publisher_surface	false	false			insufficient_terms:0/0	explicit_token_present	name_or_key_present	unverifiable	Retrieved source does not expose enough formula-specific evidence to confirm or refute the catalog claim conservatively.		text_offset=0; matched_terms=orthogonal,polynomial; context_sha256=44c7d3f2a97b1a75	d78ffb6abe92e25cf2bca2715982301ec1461ca1c9269214ea8d27ecadceb5f5
88	bambi/orthopoly_poly	bambi	orthopoly_poly	true	Orthogonal Polynomial — poly() Degree 2	orthogonal_polynomial	orthopoly_projectile	x ~ poly(t, 2) + 1		gaussian	https://bambinos.github.io/bambi/notebooks/orthogonal_polynomial_reg.html	synthetic	bambi.jl			gaussian	CatalogServer_default_unsubstantiated	2026-07-28T21:07:08.579484+00:00	200	0	https://bambinos.github.io/bambi/notebooks/orthogonal_polynomial_reg.html	text/html; charset=utf-8	cited_project_author_publisher_surface	false	true			exact_text_present	explicit_token_present	name_or_key_present	confirmed	The retrieved official/primary source contains the normalized claimed formula text.		text_offset=0; matched_terms=orthogonal,polynomial; context_sha256=44c7d3f2a97b1a75	d78ffb6abe92e25cf2bca2715982301ec1461ca1c9269214ea8d27ecadceb5f5
89	bambi/orthopoly_linear	bambi	orthopoly_linear	true	Orthogonal Polynomial — MPG Linear	orthogonal_polynomial	orthogonal_polynomial	mpg ~ horsepower		gaussian	https://bambinos.github.io/bambi/notebooks/orthogonal_polynomial_reg.html	https://raw.githubusercontent.com/mwaskom/seaborn-data/master/mpg.csv	bambi.jl			gaussian	CatalogServer_default_unsubstantiated	2026-07-28T21:07:08.579484+00:00	200	0	https://bambinos.github.io/bambi/notebooks/orthogonal_polynomial_reg.html	text/html; charset=utf-8	cited_project_author_publisher_surface	false	true	mpg,horsepower		exact_text_present	explicit_token_present	name_or_key_present	confirmed	The retrieved official/primary source contains the normalized claimed formula text.		text_offset=23064; matched_terms=horsepower,mpg; context_sha256=175adbbd0837f515	d78ffb6abe92e25cf2bca2715982301ec1461ca1c9269214ea8d27ecadceb5f5
90	bambi/orthopoly_quad	bambi	orthopoly_quad	true	Orthogonal Polynomial — MPG Quadratic	orthogonal_polynomial	orthogonal_polynomial	mpg ~ poly(horsepower, 2)		gaussian	https://bambinos.github.io/bambi/notebooks/orthogonal_polynomial_reg.html	https://raw.githubusercontent.com/mwaskom/seaborn-data/master/mpg.csv	bambi.jl			gaussian	CatalogServer_default_unsubstantiated	2026-07-28T21:07:08.579484+00:00	200	0	https://bambinos.github.io/bambi/notebooks/orthogonal_polynomial_reg.html	text/html; charset=utf-8	cited_project_author_publisher_surface	false	true	mpg,horsepower		exact_text_present	explicit_token_present	name_or_key_present	confirmed	The retrieved official/primary source contains the normalized claimed formula text.		text_offset=23064; matched_terms=horsepower,mpg; context_sha256=175adbbd0837f515	d78ffb6abe92e25cf2bca2715982301ec1461ca1c9269214ea8d27ecadceb5f5
91	bambi/orthopoly_compare	bambi	orthopoly_compare	true	Orthogonal Polynomial — MPG Degree Comparison	orthogonal_polynomial	orthogonal_polynomial	mpg ~ poly(horsepower, degree)		gaussian	https://bambinos.github.io/bambi/notebooks/orthogonal_polynomial_reg.html	https://raw.githubusercontent.com/mwaskom/seaborn-data/master/mpg.csv	bambi.jl			gaussian	CatalogServer_default_unsubstantiated	2026-07-28T21:07:08.579484+00:00	200	0	https://bambinos.github.io/bambi/notebooks/orthogonal_polynomial_reg.html	text/html; charset=utf-8	cited_project_author_publisher_surface	false	true	mpg,horsepower,degree		exact_text_present	explicit_token_present	name_or_key_present	confirmed	The retrieved official/primary source contains the normalized claimed formula text.		text_offset=23064; matched_terms=horsepower,mpg; context_sha256=175adbbd0837f515	d78ffb6abe92e25cf2bca2715982301ec1461ca1c9269214ea8d27ecadceb5f5
92	bambi/plot_pred_linear	bambi	plot_pred_linear	true	Plot Predictions — Linear Regression (mtcars)	plot_predictions	plot_predictions	mpg ~ 0 + hp * wt + cyl + gear		gaussian	https://bambinos.github.io/bambi/notebooks/plot_predictions.html	https://ndownloader.figshare.com/files/40208785	bambi.jl			gaussian	CatalogServer_default_unsubstantiated	2026-07-28T21:07:08.592202+00:00	200	0	https://bambinos.github.io/bambi/notebooks/plot_predictions.html	text/html; charset=utf-8	cited_project_author_publisher_surface	false	true	mpg,cyl,gear		exact_text_present	explicit_token_present	name_or_key_present	confirmed	The retrieved official/primary source contains the normalized claimed formula text.		text_offset=8273; matched_terms=cyl,gear,mpg,mtcars; context_sha256=8858e609c36ef089	6b68089a312b80350b36da48667d8ea84c395e817f4789b2541cbf13d9f44b3a
93	bambi/plot_pred_nb	bambi	plot_pred_nb	true	Plot Predictions — Negative Binomial (Student Absences)	plot_predictions	negative_binomial	daysabs ~ 0 + prog + scale(math) + prog:scale(math)		negativebinomial	https://bambinos.github.io/bambi/notebooks/plot_predictions.html	https://stats.idre.ucla.edu/stat/stata/dae/nb_data.dta	bambi.jl			gaussian	CatalogServer_default_unsubstantiated	2026-07-28T21:07:08.592202+00:00	200	0	https://bambinos.github.io/bambi/notebooks/plot_predictions.html	text/html; charset=utf-8	cited_project_author_publisher_surface	false	true	daysabs,prog,scale,math		exact_text_present	explicit_token_present	name_or_key_present	confirmed	The retrieved official/primary source contains the normalized claimed formula text.		text_offset=20456; matched_terms=absences,daysabs,prog; context_sha256=00bf11f570d55b21	6b68089a312b80350b36da48667d8ea84c395e817f4789b2541cbf13d9f44b3a
94	bambi/plot_pred_logistic	bambi	plot_pred_logistic	true	Plot Predictions — Logistic Regression (Movies)	plot_predictions	plot_pred_movies	certified_fresh ~ 0 + scale(length) * style		bernoulli	https://bambinos.github.io/bambi/notebooks/plot_predictions.html	https://vincentarelbundock.github.io/Rdatasets/csv/ggplot2movies/movies.csv	bambi.jl			gaussian	CatalogServer_default_unsubstantiated	2026-07-28T21:07:08.592202+00:00	200	0	https://bambinos.github.io/bambi/notebooks/plot_predictions.html	text/html; charset=utf-8	cited_project_author_publisher_surface	false	true	certified_fresh,scale,length,style		exact_text_present	explicit_token_present	name_or_key_present	confirmed	The retrieved official/primary source contains the normalized claimed formula text.		text_offset=0; matched_terms=logistic,plot,predictions,regression; context_sha256=a0ef9dea4803ea5f	6b68089a312b80350b36da48667d8ea84c395e817f4789b2541cbf13d9f44b3a
95	bambi/plot_pred_distr	bambi	plot_pred_distr	true	Plot Predictions — Distributional Gamma	plot_predictions	distributional_synth	y ~ x  +  alpha ~ x		gamma	https://bambinos.github.io/bambi/notebooks/plot_predictions.html	synthetic	bambi.jl			gaussian	CatalogServer_default_unsubstantiated	2026-07-28T21:07:08.592202+00:00	200	0	https://bambinos.github.io/bambi/notebooks/plot_predictions.html	text/html; charset=utf-8	cited_project_author_publisher_surface	false	true			exact_text_present	explicit_token_present	name_or_key_present	confirmed	The retrieved official/primary source contains the normalized claimed formula text.		text_offset=0; matched_terms=plot,predictions; context_sha256=a0ef9dea4803ea5f	6b68089a312b80350b36da48667d8ea84c395e817f4789b2541cbf13d9f44b3a
96	bambi/plot_comp_zip	bambi	plot_comp_zip	true	Plot Comparisons — ZIP Fish Count	plot_comparisons	plot_comparisons	count ~ livebait + camper + persons + child		zero_inflated_poisson	https://bambinos.github.io/bambi/notebooks/plot_comparisons.html	https://stats.idre.ucla.edu/stat/data/fish.csv	bambi.jl			gaussian	CatalogServer_default_unsubstantiated	2026-07-28T21:07:08.584793+00:00	200	0	https://bambinos.github.io/bambi/notebooks/plot_comparisons.html	text/html; charset=utf-8	cited_project_author_publisher_surface	false	true	count,livebait,camper,persons,child		exact_text_present	explicit_token_present	name_or_key_present	confirmed	The retrieved official/primary source contains the normalized claimed formula text.		text_offset=7532; matched_terms=camper,child,fish,livebait,persons; context_sha256=515f94543c072c11	07d4e5a60f376398cecd92dc232f42d2a2299bc96cfa83d426784a55a6425a9b
97	bambi/plot_comp_logistic	bambi	plot_comp_logistic	true	Plot Comparisons — Logistic Titanic Survival	plot_comparisons	titanic	Survived ~ PClass * SexCode * Age		bernoulli	https://bambinos.github.io/bambi/notebooks/plot_comparisons.html	https://vincentarelbundock.github.io/Rdatasets/csv/Stat2Data/Titanic.csv	bambi.jl			gaussian	CatalogServer_default_unsubstantiated	2026-07-28T21:07:08.584793+00:00	200	0	https://bambinos.github.io/bambi/notebooks/plot_comparisons.html	text/html; charset=utf-8	cited_project_author_publisher_surface	false	true	survived,pclass,sexcode,age		exact_text_present	explicit_token_present	name_or_key_present	confirmed	The retrieved official/primary source contains the normalized claimed formula text.		text_offset=25375; matched_terms=pclass,sexcode,survived,titanic; context_sha256=5f9e0f9d56bda82f	07d4e5a60f376398cecd92dc232f42d2a2299bc96cfa83d426784a55a6425a9b
98	bambi/plot_slopes_main	bambi	plot_slopes_main	true	Plot Slopes — Main Effects	plot_slopes	plot_slopes	switch ~ dist100 + arsenic + educ4		bernoulli	https://bambinos.github.io/bambi/notebooks/plot_slopes.html	https://vincentarelbundock.github.io/Rdatasets/csv/carData/Wells.csv	bambi.jl			gaussian	CatalogServer_default_unsubstantiated	2026-07-28T21:07:08.602190+00:00	200	0	https://bambinos.github.io/bambi/notebooks/plot_slopes.html	text/html; charset=utf-8	cited_project_author_publisher_surface	false	true	switch,dist100,arsenic,educ4		exact_text_present	explicit_token_present	name_or_key_present	confirmed	The retrieved official/primary source contains the normalized claimed formula text.		text_offset=0; matched_terms=effects,plot,slopes; context_sha256=755eaf7dbddfdc3e	98c5f2c6e86d94f1206621e95113d3188f857cff0ea255943217d24308beed33
99	bambi/plot_slopes_interaction	bambi	plot_slopes_interaction	true	Plot Slopes — With Interactions	plot_slopes	plot_slopes	switch ~ dist100 + arsenic + educ4 + dist100:educ4 + arsenic:educ4		bernoulli	https://bambinos.github.io/bambi/notebooks/plot_slopes.html	https://vincentarelbundock.github.io/Rdatasets/csv/carData/Wells.csv	bambi.jl			gaussian	CatalogServer_default_unsubstantiated	2026-07-28T21:07:08.602190+00:00	200	0	https://bambinos.github.io/bambi/notebooks/plot_slopes.html	text/html; charset=utf-8	cited_project_author_publisher_surface	false	true	switch,dist100,arsenic,educ4		exact_text_present	explicit_token_present	name_or_key_present	confirmed	The retrieved official/primary source contains the normalized claimed formula text.		text_offset=0; matched_terms=plot,slopes,with; context_sha256=755eaf7dbddfdc3e	98c5f2c6e86d94f1206621e95113d3188f857cff0ea255943217d24308beed33
100	bambi/alternative_samplers	bambi	alternative_samplers	true	Using Other Samplers — JAX-Based Samplers	alternative_samplers	alternative_samplers	y ~ x		gaussian	https://bambinos.github.io/bambi/notebooks/alternative_samplers.html	synthetic	bambi.jl			gaussian	CatalogServer_default_unsubstantiated	2026-07-28T21:07:08.540278+00:00	200	0	https://bambinos.github.io/bambi/notebooks/alternative_samplers.html	text/html; charset=utf-8	cited_project_author_publisher_surface	false	false			insufficient_terms:0/0	explicit_token_present	name_or_key_present	unverifiable	Retrieved source does not expose enough formula-specific evidence to confirm or refute the catalog claim conservatively.		text_offset=2335; matched_terms=jax,samplers; context_sha256=6422cae3c84d7fee	6feb082cb5c26e22247346b4bd42f5643751bb15baf7b8f2ab087f39020d256d
101	brms/cbpp_binomial	brms	cbpp_binomial	true	Custom Families — Standard Binomial GLMM	cbpp	cbpp	incidence | trials(size) ~ period + (1|herd)			https://paulbuerkner.com/brms/articles/brms_customfamilies.html	https://vincentarelbundock.github.io/Rdatasets/csv/lme4/cbpp.csv	brms.jl			gaussian	CatalogServer_default_unsubstantiated	2026-07-28T21:07:09.937281+00:00	200	0	https://paulbuerkner.com/brms/articles/brms_customfamilies.html	text/html; charset=utf-8	cited_project_author_publisher_surface	false	true	incidence,trials,size,period,herd		exact_text_present	not_claimed	name_or_key_present	confirmed	The retrieved official/primary source contains the normalized claimed formula text.		text_offset=1363; matched_terms=cbpp,herd,incidence,period,size,trials; context_sha256=87cbaf3b3e4e6995	f249e80402f17f831b5c152855b3ae4ddfa734e30f55f935ac82ddb4c1415579
102	brms/cbpp_beta_binomial	brms	cbpp_beta_binomial	true	Custom Families — Beta-Binomial GLMM	cbpp	cbpp	incidence | vint(size) ~ period + (1|herd)			https://paulbuerkner.com/brms/articles/brms_customfamilies.html	https://vincentarelbundock.github.io/Rdatasets/csv/lme4/cbpp.csv	brms.jl			gaussian	CatalogServer_default_unsubstantiated	2026-07-28T21:07:09.937281+00:00	200	0	https://paulbuerkner.com/brms/articles/brms_customfamilies.html	text/html; charset=utf-8	cited_project_author_publisher_surface	false	true	incidence,vint,size,period,herd		exact_text_present	not_claimed	name_or_key_present	confirmed	The retrieved official/primary source contains the normalized claimed formula text.		text_offset=1363; matched_terms=cbpp,herd,incidence,period,size; context_sha256=87cbaf3b3e4e6995	f249e80402f17f831b5c152855b3ae4ddfa734e30f55f935ac82ddb4c1415579
103	brms/distreg_normal	brms	distreg_normal	true	Distributional Regression — Location-Scale Normal	distreg	distreg_dat1	bf(symptom_post ~ group, sigma ~ group)			https://paulbuerkner.com/brms/articles/brms_distreg.html	synthetic	brms.jl			gaussian	CatalogServer_default_unsubstantiated	2026-07-28T21:07:09.939583+00:00	200	0	https://paulbuerkner.com/brms/articles/brms_distreg.html	text/html; charset=utf-8	cited_project_author_publisher_surface	false	true	symptom_post,group		exact_text_present	not_claimed	name_or_key_present	confirmed	The retrieved official/primary source contains the normalized claimed formula text.		text_offset=425; matched_terms=distributional,location,regression,scale; context_sha256=9da75331fa7ca5b3	47179d08c36f3ab1bb5679d78acaf48f9ce8815c5e7e5469d7a7deb0d47a00ce
104	brms/distreg_nb	brms	distreg_nb	true	Distributional Regression — Negative Binomial Counts	distreg	distreg_fish	count ~ persons + child + camper			https://paulbuerkner.com/brms/articles/brms_distreg.html	http://paulbuerkner.com/data/fish.csv	brms.jl			gaussian	CatalogServer_default_unsubstantiated	2026-07-28T21:07:09.939583+00:00	200	0	https://paulbuerkner.com/brms/articles/brms_distreg.html	text/html; charset=utf-8	cited_project_author_publisher_surface	false	true	count,persons,child,camper		exact_text_present	not_claimed	name_or_key_present	confirmed	The retrieved official/primary source contains the normalized claimed formula text.		text_offset=7193; matched_terms=camper,child,count,persons; context_sha256=bc03350948706b21	47179d08c36f3ab1bb5679d78acaf48f9ce8815c5e7e5469d7a7deb0d47a00ce
105	brms/distreg_zip	brms	distreg_zip	true	Distributional Regression — Zero-Inflated Poisson	distreg	distreg_fish	bf(count ~ persons + child + camper, zi ~ child)			https://paulbuerkner.com/brms/articles/brms_distreg.html	http://paulbuerkner.com/data/fish.csv	brms.jl			gaussian	CatalogServer_default_unsubstantiated	2026-07-28T21:07:09.939583+00:00	200	0	https://paulbuerkner.com/brms/articles/brms_distreg.html	text/html; charset=utf-8	cited_project_author_publisher_surface	false	true	count,persons,child,camper		exact_text_present	not_claimed	name_or_key_present	confirmed	The retrieved official/primary source contains the normalized claimed formula text.		text_offset=7193; matched_terms=camper,child,count,persons; context_sha256=bc03350948706b21	47179d08c36f3ab1bb5679d78acaf48f9ce8815c5e7e5469d7a7deb0d47a00ce
106	brms/distreg_gam	brms	distreg_gam	true	Distributional Regression — Smooth GAM	distreg	distreg_gam	bf(y ~ s(x1) + s(x2) + (1|fac), sigma ~ s(x0) + (1|fac))			https://paulbuerkner.com/brms/articles/brms_distreg.html	synthetic	brms.jl			gaussian	CatalogServer_default_unsubstantiated	2026-07-28T21:07:09.939583+00:00	200	0	https://paulbuerkner.com/brms/articles/brms_distreg.html	text/html; charset=utf-8	cited_project_author_publisher_surface	false	true	fac		exact_text_present	not_claimed	name_or_key_present	confirmed	The retrieved official/primary source contains the normalized claimed formula text.		text_offset=11; matched_terms=distributional,regression; context_sha256=1d21d8235c8f46eb	47179d08c36f3ab1bb5679d78acaf48f9ce8815c5e7e5469d7a7deb0d47a00ce
107	brms/nhanes_imputed	brms	nhanes_imputed	true	Handle Missing Values — Multiple Imputation	nhanes	nhanes	bmi ~ age * chl			https://paulbuerkner.com/brms/articles/brms_missings.html	https://vincentarelbundock.github.io/Rdatasets/csv/mice/nhanes.csv	brms.jl			gaussian	CatalogServer_default_unsubstantiated	2026-07-28T21:07:09.942004+00:00	200	0	https://paulbuerkner.com/brms/articles/brms_missings.html	text/html; charset=utf-8	cited_project_author_publisher_surface	false	true	bmi,age,chl		exact_text_present	not_claimed	name_or_key_present	confirmed	The retrieved official/primary source contains the normalized claimed formula text.		text_offset=1075; matched_terms=bmi,chl,imputation,multiple,nhanes; context_sha256=c2d6b14cff60be16	89df3726b04404037f14d895c50a5dd59bebaf18a98625e24a5254e124467259
108	brms/nhanes_joint	brms	nhanes_joint	true	Handle Missing Values — Joint Imputation Model	nhanes	nhanes	bf(bmi | mi() ~ age * mi(chl)) + bf(chl | mi() ~ age) + set_rescor(FALSE)			https://paulbuerkner.com/brms/articles/brms_missings.html	https://vincentarelbundock.github.io/Rdatasets/csv/mice/nhanes.csv	brms.jl			gaussian	CatalogServer_default_unsubstantiated	2026-07-28T21:07:09.942004+00:00	200	0	https://paulbuerkner.com/brms/articles/brms_missings.html	text/html; charset=utf-8	cited_project_author_publisher_surface	false	true	bmi,age,chl,set_rescor		exact_text_present	not_claimed	name_or_key_present	confirmed	The retrieved official/primary source contains the normalized claimed formula text.		text_offset=1075; matched_terms=bmi,chl,imputation,model,nhanes; context_sha256=c2d6b14cff60be16	89df3726b04404037f14d895c50a5dd59bebaf18a98625e24a5254e124467259
109	brms/nhanes_error	brms	nhanes_error	true	Handle Missing Values — Measurement Error Variant	nhanes	nhanes	bf(bmi | mi() ~ age * mi(chl)) + bf(chl | mi(se = se_chl) ~ age) + set_rescor(FALSE)			https://paulbuerkner.com/brms/articles/brms_missings.html	https://vincentarelbundock.github.io/Rdatasets/csv/mice/nhanes.csv	brms.jl			gaussian	CatalogServer_default_unsubstantiated	2026-07-28T21:07:09.942004+00:00	200	0	https://paulbuerkner.com/brms/articles/brms_missings.html	text/html; charset=utf-8	cited_project_author_publisher_surface	false	false	bmi,age,chl,set_rescor	se_chl	partial_semantic_terms:4/5	not_claimed	name_or_key_present	adapted-but-defensible	The source contains the model's distinctive response/predictor terms but not the exact catalog formula; the catalog expression is an adaptation.		text_offset=108; matched_terms=age,handle,missing,values; context_sha256=2b7baba0456f00a5	89df3726b04404037f14d895c50a5dd59bebaf18a98625e24a5254e124467259
110	brms/income_mo	brms	income_mo	true	Monotonic Effects — Main Effect	income	income	ls ~ mo(income)			https://paulbuerkner.com/brms/articles/brms_monotonic.html	synthetic	brms.jl			gaussian	CatalogServer_default_unsubstantiated	2026-07-28T21:07:09.945438+00:00	200	0	https://paulbuerkner.com/brms/articles/brms_monotonic.html	text/html; charset=utf-8	cited_project_author_publisher_surface	false	true	income		exact_text_present	not_claimed	name_or_key_present	confirmed	The retrieved official/primary source contains the normalized claimed formula text.		text_offset=2515; matched_terms=income,main; context_sha256=628901b5e2010317	a70d1695d23774eec151d7163ea5b78d4ab4648d048e11565cb133e757b3c025
111	brms/income_num	brms	income_num	true	Monotonic Effects — Numeric Comparison	income	income	ls ~ income_num			https://paulbuerkner.com/brms/articles/brms_monotonic.html	synthetic	brms.jl			gaussian	CatalogServer_default_unsubstantiated	2026-07-28T21:07:09.945438+00:00	200	0	https://paulbuerkner.com/brms/articles/brms_monotonic.html	text/html; charset=utf-8	cited_project_author_publisher_surface	false	true	income_num		exact_text_present	not_claimed	name_or_key_present	confirmed	The retrieved official/primary source contains the normalized claimed formula text.		text_offset=4716; matched_terms=income_num,numeric; context_sha256=b67e6b58b9effc46	a70d1695d23774eec151d7163ea5b78d4ab4648d048e11565cb133e757b3c025
112	brms/income_nominal	brms	income_nominal	true	Monotonic Effects — Nominal Factor Comparison	income	income	ls ~ income			https://paulbuerkner.com/brms/articles/brms_monotonic.html	synthetic	brms.jl			gaussian	CatalogServer_default_unsubstantiated	2026-07-28T21:07:09.945438+00:00	200	0	https://paulbuerkner.com/brms/articles/brms_monotonic.html	text/html; charset=utf-8	cited_project_author_publisher_surface	false	true	income		exact_text_present	not_claimed	name_or_key_present	confirmed	The retrieved official/primary source contains the normalized claimed formula text.		text_offset=11; matched_terms=effects,factor,monotonic; context_sha256=8be9cd8c844f1f4a	a70d1695d23774eec151d7163ea5b78d4ab4648d048e11565cb133e757b3c025
113	brms/income_mo_age	brms	income_mo_age	true	Monotonic Effects — Interaction with Age	income	income	ls ~ mo(income) * age			https://paulbuerkner.com/brms/articles/brms_monotonic.html	synthetic	brms.jl			gaussian	CatalogServer_default_unsubstantiated	2026-07-28T21:07:09.945438+00:00	200	0	https://paulbuerkner.com/brms/articles/brms_monotonic.html	text/html; charset=utf-8	cited_project_author_publisher_surface	false	true	income,age		exact_text_present	not_claimed	name_or_key_present	confirmed	The retrieved official/primary source contains the normalized claimed formula text.		text_offset=115; matched_terms=age,effects,monotonic,with; context_sha256=db150f66b58caa1f	a70d1695d23774eec151d7163ea5b78d4ab4648d048e11565cb133e757b3c025
114	brms/income_mo_city	brms	income_mo_city	true	Monotonic Effects — City-Level Random Slopes	income	income	ls ~ mo(income) * age + (mo(income) | city)			https://paulbuerkner.com/brms/articles/brms_monotonic.html	synthetic	brms.jl			gaussian	CatalogServer_default_unsubstantiated	2026-07-28T21:07:09.945438+00:00	200	0	https://paulbuerkner.com/brms/articles/brms_monotonic.html	text/html; charset=utf-8	cited_project_author_publisher_surface	false	true	income,age,city		exact_text_present	not_claimed	name_or_key_present	confirmed	The retrieved official/primary source contains the normalized claimed formula text.		text_offset=2515; matched_terms=income,level; context_sha256=628901b5e2010317	a70d1695d23774eec151d7163ea5b78d4ab4648d048e11565cb133e757b3c025
115	brms/btdata_compact	brms	btdata_compact	true	Multivariate Models — Compact mvbind Syntax	btdata	btdata	bf(mvbind(tarsus, back) ~ sex + hatchdate + (1|p|fosternest) + (1|q|dam)) + set_rescor(TRUE)			https://paulbuerkner.com/brms/articles/brms_multivariate.html	https://vincentarelbundock.github.io/Rdatasets/csv/MCMCglmm/BTdata.csv	brms.jl			gaussian	CatalogServer_default_unsubstantiated	2026-07-28T21:07:09.960455+00:00	200	0	https://paulbuerkner.com/brms/articles/brms_multivariate.html	text/html; charset=utf-8	cited_project_author_publisher_surface	false	true	mvbind,tarsus,back,sex,hatchdate,fosternest,dam,set_rescor		exact_text_present	not_claimed	name_or_key_present	confirmed	The retrieved official/primary source contains the normalized claimed formula text.		text_offset=1140; matched_terms=back,btdata,dam,fosternest,hatchdate,mvbind,set_rescor,sex,tarsus; context_sha256=e368ec1230fe725a	af83dd53217f1f1ec37d468b66e0ed351a28f64005629f88970a8e446280dbd5
116	brms/btdata_explicit	brms	btdata_explicit	true	Multivariate Models — Explicit Separate Formulas	btdata	btdata	bf(tarsus ~ sex + hatchdate + (1|p|fosternest) + (1|q|dam)) + bf(back ~ sex + hatchdate + (1|p|fosternest) + (1|q|dam)) + set_rescor(TRUE)			https://paulbuerkner.com/brms/articles/brms_multivariate.html	https://vincentarelbundock.github.io/Rdatasets/csv/MCMCglmm/BTdata.csv	brms.jl			gaussian	CatalogServer_default_unsubstantiated	2026-07-28T21:07:09.960455+00:00	200	0	https://paulbuerkner.com/brms/articles/brms_multivariate.html	text/html; charset=utf-8	cited_project_author_publisher_surface	false	false	tarsus,sex,hatchdate,fosternest,dam,back,set_rescor		partial_semantic_terms:7/7	not_claimed	name_or_key_present	adapted-but-defensible	The source contains the model's distinctive response/predictor terms but not the exact catalog formula; the catalog expression is an adaptation.		text_offset=1140; matched_terms=back,btdata,dam,fosternest,hatchdate,separate,set_rescor,sex,tarsus; context_sha256=e368ec1230fe725a	af83dd53217f1f1ec37d468b66e0ed351a28f64005629f88970a8e446280dbd5
117	brms/btdata_spline	brms	btdata_spline	true	Multivariate Models — Skew-Normal with Splines	btdata	btdata	bf(tarsus ~ sex + s(hatchdate, k=5) + (1|p|fosternest) + (1|q|dam), family = skew_normal()) + bf(back ~ sex + s(hatchdate, k=5) + (1|p|fosternest) + (1|q|dam)) + set_rescor(TRUE)			https://paulbuerkner.com/brms/articles/brms_multivariate.html	https://vincentarelbundock.github.io/Rdatasets/csv/MCMCglmm/BTdata.csv	brms.jl			gaussian	CatalogServer_default_unsubstantiated	2026-07-28T21:07:09.960455+00:00	200	0	https://paulbuerkner.com/brms/articles/brms_multivariate.html	text/html; charset=utf-8	cited_project_author_publisher_surface	false	false	tarsus,sex,hatchdate,fosternest,dam,skew_normal,back,set_rescor		partial_semantic_terms:8/8	not_claimed	name_or_key_present	adapted-but-defensible	The source contains the model's distinctive response/predictor terms but not the exact catalog formula; the catalog expression is an adaptation.		text_offset=1140; matched_terms=back,btdata,dam,fosternest,hatchdate,normal,set_rescor,sex,tarsus; context_sha256=e368ec1230fe725a	af83dd53217f1f1ec37d468b66e0ed351a28f64005629f88970a8e446280dbd5
118	brms/nonlinear_exp	brms	nonlinear_exp	true	Nonlinear Models — Exponential Decay	nonlinear	nonlinear_dat	bf(y ~ b1 * exp(b2 * x), b1 + b2 ~ 1, nl = TRUE)			https://paulbuerkner.com/brms/articles/brms_nonlinear.html	synthetic	brms.jl			gaussian	CatalogServer_default_unsubstantiated	2026-07-28T21:07:09.960755+00:00	200	0	https://paulbuerkner.com/brms/articles/brms_nonlinear.html	text/html; charset=utf-8	cited_project_author_publisher_surface	false	true			exact_text_present	not_claimed	name_or_key_present	confirmed	The retrieved official/primary source contains the normalized claimed formula text.		text_offset=22; matched_terms=models; context_sha256=6ce79f36bda8b02d	54687a3fcb71e843c9dd84227eab8b668fa0ae4a03929623ad27ce31bcb8d86c
119	brms/nonlinear_linear	brms	nonlinear_linear	true	Nonlinear Models — Linear Comparison	nonlinear	nonlinear_dat	y ~ x			https://paulbuerkner.com/brms/articles/brms_nonlinear.html	synthetic	brms.jl			gaussian	CatalogServer_default_unsubstantiated	2026-07-28T21:07:09.960755+00:00	200	0	https://paulbuerkner.com/brms/articles/brms_nonlinear.html	text/html; charset=utf-8	cited_project_author_publisher_surface	false	false			insufficient_terms:0/0	not_claimed	name_or_key_present	unverifiable	Retrieved source does not expose enough formula-specific evidence to confirm or refute the catalog claim conservatively.		text_offset=22; matched_terms=linear,models; context_sha256=6ce79f36bda8b02d	54687a3fcb71e843c9dd84227eab8b668fa0ae4a03929623ad27ce31bcb8d86c
120	brms/nonlinear_loss	brms	nonlinear_loss	true	Nonlinear Models — Weibull Loss Development	nonlinear	loss	bf(cum ~ ult * (1 - exp(-(dev/theta)^omega)), ult ~ 1 + (1|AY), omega ~ 1, theta ~ 1, nl = TRUE)			https://paulbuerkner.com/brms/articles/brms_nonlinear.html	synthetic	brms.jl			gaussian	CatalogServer_default_unsubstantiated	2026-07-28T21:07:09.960755+00:00	200	0	https://paulbuerkner.com/brms/articles/brms_nonlinear.html	text/html; charset=utf-8	cited_project_author_publisher_surface	false	true	cum,ult,dev,theta,omega		exact_text_present	not_claimed	name_or_key_present	confirmed	The retrieved official/primary source contains the normalized claimed formula text.		text_offset=7751; matched_terms=cum,dev,loss,omega,theta; context_sha256=b78704a47b736ff1	54687a3fcb71e843c9dd84227eab8b668fa0ae4a03929623ad27ce31bcb8d86c
121	brms/phylo_simple_re	brms	phylo_simple_re	true	Phylogenetic Models — Simple Random Effect	phylogenetics	phylo_simple	phen ~ cofactor + (1|gr(phylo, cov = A))			https://paulbuerkner.com/brms/articles/brms_phylogenetics.html	http://paulbuerkner.com/data/data_simple.txt	brms.jl			gaussian	CatalogServer_default_unsubstantiated	2026-07-28T21:07:09.960974+00:00	200	0	https://paulbuerkner.com/brms/articles/brms_phylogenetics.html	text/html; charset=utf-8	cited_project_author_publisher_surface	false	true	phen,cofactor,phylo,cov		exact_text_present	not_claimed	name_or_key_present	confirmed	The retrieved official/primary source contains the normalized claimed formula text.		text_offset=1314; matched_terms=cofactor,cov,phen,simple; context_sha256=a64b3ceeee029bf9	516b583db69a478b0990fb1cc14b7f4efac5c2246b184ad12601ede456f8c2a6
122	brms/phylo_simple_resid	brms	phylo_simple_resid	true	Phylogenetic Models — Additional Residual Effect	phylogenetics	phylo_simple	phen ~ cofactor + (1|gr(phylo, cov = A)) + (1|phylo)			https://paulbuerkner.com/brms/articles/brms_phylogenetics.html	http://paulbuerkner.com/data/data_simple.txt	brms.jl			gaussian	CatalogServer_default_unsubstantiated	2026-07-28T21:07:09.960974+00:00	200	0	https://paulbuerkner.com/brms/articles/brms_phylogenetics.html	text/html; charset=utf-8	cited_project_author_publisher_surface	false	false	phen,cofactor,phylo,cov		partial_semantic_terms:4/4	not_claimed	name_or_key_present	adapted-but-defensible	The source contains the model's distinctive response/predictor terms but not the exact catalog formula; the catalog expression is an adaptation.		text_offset=1314; matched_terms=cofactor,cov,phen; context_sha256=a64b3ceeee029bf9	516b583db69a478b0990fb1cc14b7f4efac5c2246b184ad12601ede456f8c2a6
123	brms/phylo_repeat_re	brms	phylo_repeat_re	true	Phylogenetic Models — Repeated Observations	phylogenetics	phylo_repeat	phen ~ cofactor + (1|gr(phylo, cov = A)) + (1|species)			https://paulbuerkner.com/brms/articles/brms_phylogenetics.html	http://paulbuerkner.com/data/data_repeat.txt	brms.jl			gaussian	CatalogServer_default_unsubstantiated	2026-07-28T21:07:09.960974+00:00	200	0	https://paulbuerkner.com/brms/articles/brms_phylogenetics.html	text/html; charset=utf-8	cited_project_author_publisher_surface	false	false	phen,cofactor,phylo,cov,species		partial_semantic_terms:5/5	not_claimed	name_or_key_present	adapted-but-defensible	The source contains the model's distinctive response/predictor terms but not the exact catalog formula; the catalog expression is an adaptation.		text_offset=11; matched_terms=models,phylo,phylogenetic,species; context_sha256=db99a8ce1a54dd12	516b583db69a478b0990fb1cc14b7f4efac5c2246b184ad12601ede456f8c2a6
124	brms/phylo_effect	brms	phylo_effect	true	Phylogenetic Models — Meta-Analysis	phylogenetics	phylo_effect	Zr | se(sqrt(1/(N-3))) ~ 1 + (1|gr(phylo, cov = A))			https://paulbuerkner.com/brms/articles/brms_phylogenetics.html	http://paulbuerkner.com/data/data_effect.txt	brms.jl			gaussian	CatalogServer_default_unsubstantiated	2026-07-28T21:07:09.960974+00:00	200	0	https://paulbuerkner.com/brms/articles/brms_phylogenetics.html	text/html; charset=utf-8	cited_project_author_publisher_surface	false	true	phylo,cov		exact_text_present	not_claimed	name_or_key_present	confirmed	The retrieved official/primary source contains the normalized claimed formula text.		text_offset=11; matched_terms=models,phylo,phylogenetic; context_sha256=db99a8ce1a54dd12	516b583db69a478b0990fb1cc14b7f4efac5c2246b184ad12601ede456f8c2a6
125	brms/phylo_pois	brms	phylo_pois	true	Phylogenetic Models — Poisson Family	phylogenetics	phylo_pois	phen_pois ~ cofactor + (1|gr(phylo, cov = A))			https://paulbuerkner.com/brms/articles/brms_phylogenetics.html	http://paulbuerkner.com/data/data_pois.txt	brms.jl			gaussian	CatalogServer_default_unsubstantiated	2026-07-28T21:07:09.960974+00:00	200	0	https://paulbuerkner.com/brms/articles/brms_phylogenetics.html	text/html; charset=utf-8	cited_project_author_publisher_surface	false	true	phen_pois,cofactor,phylo,cov		exact_text_present	not_claimed	name_or_key_present	confirmed	The retrieved official/primary source contains the normalized claimed formula text.		text_offset=11; matched_terms=models,phylo,phylogenetic; context_sha256=db99a8ce1a54dd12	516b583db69a478b0990fb1cc14b7f4efac5c2246b184ad12601ede456f8c2a6
126	mcelreath/globe	mcelreath	globe	true	Globe Tossing	globe	globe	w | trials(n) ~ 0 + Intercept			synthetic	synthetic	mcelreath.jl			gaussian	CatalogServer_default_unsubstantiated						no_external_authority	false	false		trials,intercept	not_evaluable	not_evaluable	synthetic_claim_only	unverifiable	No external model citation: catalog claim is synthetic/uncited.			
127	mcelreath/howell1_intercept	mcelreath	howell1_intercept	true	Heights and Weights — Intercept Only	howell1	howell1	height ~ 1			https://github.com/rmcelreath/rethinking/blob/master/data/Howell1.csv	https://github.com/rmcelreath/rethinking/blob/master/data/Howell1.csv	mcelreath.jl			gaussian	CatalogServer_default_unsubstantiated	2026-07-28T21:07:08.791120+00:00	200	0	https://github.com/rmcelreath/rethinking/blob/master/data/Howell1.csv	text/html; charset=utf-8	dataset_repository_or_file_only	true	false	height		not_supported_by_data_file	not_supported_by_data_file	reachable_data_file	unverifiable	The cited resource is a data file; it can support dataset provenance but not the claimed model formula or family.		text_offset=16; matched_terms=and,howell1; context_sha256=632344e52fe7cdfd	b71bdfb560983f7c706f90cfac747d850e3f6cd47540aedf6cf7032502fd50e7
128	mcelreath/howell1_linear	mcelreath	howell1_linear	true	Heights and Weights — Linear Regression	howell1	howell1	height ~ 1 + weight_c			https://github.com/rmcelreath/rethinking/blob/master/data/Howell1.csv	https://github.com/rmcelreath/rethinking/blob/master/data/Howell1.csv	mcelreath.jl			gaussian	CatalogServer_default_unsubstantiated	2026-07-28T21:07:08.791120+00:00	200	0	https://github.com/rmcelreath/rethinking/blob/master/data/Howell1.csv	text/html; charset=utf-8	dataset_repository_or_file_only	true	false	height	weight_c	not_supported_by_data_file	not_supported_by_data_file	reachable_data_file	unverifiable	The cited resource is a data file; it can support dataset provenance but not the claimed model formula or family.		text_offset=16; matched_terms=and,howell1; context_sha256=632344e52fe7cdfd	b71bdfb560983f7c706f90cfac747d850e3f6cd47540aedf6cf7032502fd50e7
129	mcelreath/howell1_quad	mcelreath	howell1_quad	true	Heights and Weights — Quadratic Polynomial	howell1	howell1	height ~ 1 + weight_s + weight_s2			https://github.com/rmcelreath/rethinking/blob/master/data/Howell1.csv	https://github.com/rmcelreath/rethinking/blob/master/data/Howell1.csv	mcelreath.jl			gaussian	CatalogServer_default_unsubstantiated	2026-07-28T21:07:08.791120+00:00	200	0	https://github.com/rmcelreath/rethinking/blob/master/data/Howell1.csv	text/html; charset=utf-8	dataset_repository_or_file_only	true	false	height	weight_s,weight_s2	not_supported_by_data_file	not_supported_by_data_file	reachable_data_file	unverifiable	The cited resource is a data file; it can support dataset provenance but not the claimed model formula or family.		text_offset=16; matched_terms=and,howell1; context_sha256=632344e52fe7cdfd	b71bdfb560983f7c706f90cfac747d850e3f6cd47540aedf6cf7032502fd50e7
130	mcelreath/howell1_cubic	mcelreath	howell1_cubic	true	Heights and Weights — Cubic Polynomial	howell1	howell1	height ~ 1 + weight_s + weight_s2 + weight_s3			https://github.com/rmcelreath/rethinking/blob/master/data/Howell1.csv	https://github.com/rmcelreath/rethinking/blob/master/data/Howell1.csv	mcelreath.jl			gaussian	CatalogServer_default_unsubstantiated	2026-07-28T21:07:08.791120+00:00	200	0	https://github.com/rmcelreath/rethinking/blob/master/data/Howell1.csv	text/html; charset=utf-8	dataset_repository_or_file_only	true	false	height	weight_s,weight_s2,weight_s3	not_supported_by_data_file	not_supported_by_data_file	reachable_data_file	unverifiable	The cited resource is a data file; it can support dataset provenance but not the claimed model formula or family.		text_offset=16; matched_terms=and,howell1; context_sha256=632344e52fe7cdfd	b71bdfb560983f7c706f90cfac747d850e3f6cd47540aedf6cf7032502fd50e7
131	mcelreath/howell1_nl	mcelreath	howell1_nl	true	Heights and Weights — Nonlinear Exponential Growth	howell1	howell1	bf(height ~ a + exp(lb) * weight_c, a ~ 1, lb ~ 1, nl = TRUE)			https://github.com/rmcelreath/rethinking/blob/master/data/Howell1.csv	https://github.com/rmcelreath/rethinking/blob/master/data/Howell1.csv	mcelreath.jl			gaussian	CatalogServer_default_unsubstantiated	2026-07-28T21:07:08.791120+00:00	200	0	https://github.com/rmcelreath/rethinking/blob/master/data/Howell1.csv	text/html; charset=utf-8	dataset_repository_or_file_only	true	false	height	weight_c	not_supported_by_data_file	not_supported_by_data_file	reachable_data_file	unverifiable	The cited resource is a data file; it can support dataset provenance but not the claimed model formula or family.		text_offset=16; matched_terms=and,howell1; context_sha256=632344e52fe7cdfd	b71bdfb560983f7c706f90cfac747d850e3f6cd47540aedf6cf7032502fd50e7
132	mcelreath/howell1_volume	mcelreath	howell1_volume	true	Heights and Weights — Nonlinear Volume Model	howell1	howell1	bf(w ~ log(3.141593 * k * p^2 * h^3), k + p ~ 1, nl = TRUE)			https://github.com/rmcelreath/rethinking/blob/master/data/Howell1.csv	https://github.com/rmcelreath/rethinking/blob/master/data/Howell1.csv	mcelreath.jl			gaussian	CatalogServer_default_unsubstantiated	2026-07-28T21:07:08.791120+00:00	200	0	https://github.com/rmcelreath/rethinking/blob/master/data/Howell1.csv	text/html; charset=utf-8	dataset_repository_or_file_only	true	false			not_supported_by_data_file	not_supported_by_data_file	reachable_data_file	unverifiable	The cited resource is a data file; it can support dataset provenance but not the claimed model formula or family.		text_offset=16; matched_terms=and,howell1; context_sha256=632344e52fe7cdfd	b71bdfb560983f7c706f90cfac747d850e3f6cd47540aedf6cf7032502fd50e7
133	mcelreath/cherry_blossoms	mcelreath	cherry_blossoms	true	Cherry Blossoms — B-Spline Regression	cherry_blossoms	cherry_blossoms	doy ~ 1 + B			https://github.com/rmcelreath/rethinking/blob/master/data/cherry_blossoms.csv	https://github.com/rmcelreath/rethinking/blob/master/data/cherry_blossoms.csv	mcelreath.jl			gaussian	CatalogServer_default_unsubstantiated	2026-07-28T21:07:09.212176+00:00	200	0	https://github.com/rmcelreath/rethinking/blob/master/data/cherry_blossoms.csv	text/html; charset=utf-8	dataset_repository_or_file_only	true	false	doy		not_supported_by_data_file	not_supported_by_data_file	reachable_data_file	unverifiable	The cited resource is a data file; it can support dataset provenance but not the claimed model formula or family.		text_offset=16; matched_terms=blossoms,cherry,cherry_blossoms; context_sha256=04edcdb4b41ed34b	6289dcbf4163e079715b9fe9adcf0d2dcefd5a8128382845504faf3df27cdf86
134	mcelreath/waffle_divorce_a	mcelreath	waffle_divorce_a	true	Waffle Divorce — Age Predicts Divorce	waffle_divorce	waffle_divorce	D ~ 1 + A			https://github.com/rmcelreath/rethinking/blob/master/data/WaffleDivorce.csv	https://github.com/rmcelreath/rethinking/blob/master/data/WaffleDivorce.csv	mcelreath.jl			gaussian	CatalogServer_default_unsubstantiated	2026-07-28T21:07:09.209014+00:00	200	0	https://github.com/rmcelreath/rethinking/blob/master/data/WaffleDivorce.csv	text/html; charset=utf-8	dataset_repository_or_file_only	true	false			not_supported_by_data_file	not_supported_by_data_file	reachable_data_file	unverifiable	The cited resource is a data file; it can support dataset provenance but not the claimed model formula or family.		text_offset=16; matched_terms=age,divorce,waffle; context_sha256=160636ce03bb2dfe	167844c595c3f1cd1c8c3d7bf34f49555f148f8a145643aa69150158d47d0fd4
135	mcelreath/waffle_divorce_m	mcelreath	waffle_divorce_m	true	Waffle Divorce — Marriage Rate Predicts Divorce	waffle_divorce	waffle_divorce	D ~ 1 + M			https://github.com/rmcelreath/rethinking/blob/master/data/WaffleDivorce.csv	https://github.com/rmcelreath/rethinking/blob/master/data/WaffleDivorce.csv	mcelreath.jl			gaussian	CatalogServer_default_unsubstantiated	2026-07-28T21:07:09.209014+00:00	200	0	https://github.com/rmcelreath/rethinking/blob/master/data/WaffleDivorce.csv	text/html; charset=utf-8	dataset_repository_or_file_only	true	false			not_supported_by_data_file	not_supported_by_data_file	reachable_data_file	unverifiable	The cited resource is a data file; it can support dataset provenance but not the claimed model formula or family.		text_offset=16; matched_terms=divorce,rate,waffle; context_sha256=160636ce03bb2dfe	167844c595c3f1cd1c8c3d7bf34f49555f148f8a145643aa69150158d47d0fd4
136	mcelreath/waffle_divorce_am	mcelreath	waffle_divorce_am	true	Waffle Divorce — Multiple Regression (M's effect vanishes)	waffle_divorce	waffle_divorce	D ~ 1 + M + A			https://github.com/rmcelreath/rethinking/blob/master/data/WaffleDivorce.csv	https://github.com/rmcelreath/rethinking/blob/master/data/WaffleDivorce.csv	mcelreath.jl			gaussian	CatalogServer_default_unsubstantiated	2026-07-28T21:07:09.209014+00:00	200	0	https://github.com/rmcelreath/rethinking/blob/master/data/WaffleDivorce.csv	text/html; charset=utf-8	dataset_repository_or_file_only	true	false			not_supported_by_data_file	not_supported_by_data_file	reachable_data_file	unverifiable	The cited resource is a data file; it can support dataset provenance but not the claimed model formula or family.		text_offset=16; matched_terms=divorce,waffle; context_sha256=160636ce03bb2dfe	167844c595c3f1cd1c8c3d7bf34f49555f148f8a145643aa69150158d47d0fd4
137	mcelreath/waffle_divorce_mediator	mcelreath	waffle_divorce_mediator	true	Waffle Divorce — Mediator Regression (A predicts M)	waffle_divorce	waffle_divorce	M ~ 1 + A			https://github.com/rmcelreath/rethinking/blob/master/data/WaffleDivorce.csv	https://github.com/rmcelreath/rethinking/blob/master/data/WaffleDivorce.csv	mcelreath.jl			gaussian	CatalogServer_default_unsubstantiated	2026-07-28T21:07:09.209014+00:00	200	0	https://github.com/rmcelreath/rethinking/blob/master/data/WaffleDivorce.csv	text/html; charset=utf-8	dataset_repository_or_file_only	true	false			not_supported_by_data_file	not_supported_by_data_file	reachable_data_file	unverifiable	The cited resource is a data file; it can support dataset provenance but not the claimed model formula or family.		text_offset=16; matched_terms=divorce,waffle; context_sha256=160636ce03bb2dfe	167844c595c3f1cd1c8c3d7bf34f49555f148f8a145643aa69150158d47d0fd4
138	mcelreath/waffle_divorce_multivariate	mcelreath	waffle_divorce_multivariate	true	Waffle Divorce — Multivariate Simultaneous Causal Model	waffle_divorce	waffle_divorce	bf(D ~ 1 + M + A) + bf(M ~ 1 + A) + set_rescor(FALSE)			https://github.com/rmcelreath/rethinking/blob/master/data/WaffleDivorce.csv	https://github.com/rmcelreath/rethinking/blob/master/data/WaffleDivorce.csv	mcelreath.jl			gaussian	CatalogServer_default_unsubstantiated	2026-07-28T21:07:09.209014+00:00	200	0	https://github.com/rmcelreath/rethinking/blob/master/data/WaffleDivorce.csv	text/html; charset=utf-8	dataset_repository_or_file_only	true	false		set_rescor	not_supported_by_data_file	not_supported_by_data_file	reachable_data_file	unverifiable	The cited resource is a data file; it can support dataset provenance but not the claimed model formula or family.		text_offset=16; matched_terms=divorce,waffle; context_sha256=160636ce03bb2dfe	167844c595c3f1cd1c8c3d7bf34f49555f148f8a145643aa69150158d47d0fd4
139	mcelreath/waffle_divorce_meas_err	mcelreath	waffle_divorce_meas_err	true	Waffle Divorce — Measurement Error Model	waffle_divorce	waffle_divorce	D_obs | mi(D_sd) ~ 1 + A + M			https://github.com/rmcelreath/rethinking/blob/master/data/WaffleDivorce.csv	https://github.com/rmcelreath/rethinking/blob/master/data/WaffleDivorce.csv	mcelreath.jl			gaussian	CatalogServer_default_unsubstantiated	2026-07-28T21:07:09.209014+00:00	200	0	https://github.com/rmcelreath/rethinking/blob/master/data/WaffleDivorce.csv	text/html; charset=utf-8	dataset_repository_or_file_only	true	false		d_obs,d_sd	not_supported_by_data_file	not_supported_by_data_file	reachable_data_file	unverifiable	The cited resource is a data file; it can support dataset provenance but not the claimed model formula or family.		text_offset=16; matched_terms=divorce,waffle; context_sha256=160636ce03bb2dfe	167844c595c3f1cd1c8c3d7bf34f49555f148f8a145643aa69150158d47d0fd4
140	mcelreath/milk_neo	mcelreath	milk_neo	true	Milk Energy — Neocortex Predictor	milk	milk	kcal_s ~ 1 + neo_s			https://github.com/rmcelreath/rethinking/blob/master/data/milk.csv	https://github.com/rmcelreath/rethinking/blob/master/data/milk.csv	mcelreath.jl			gaussian	CatalogServer_default_unsubstantiated	2026-07-28T21:07:09.303216+00:00	200	0	https://github.com/rmcelreath/rethinking/blob/master/data/milk.csv	text/html; charset=utf-8	dataset_repository_or_file_only	true	false		kcal_s,neo_s	not_supported_by_data_file	not_supported_by_data_file	reachable_data_file	unverifiable	The cited resource is a data file; it can support dataset provenance but not the claimed model formula or family.		text_offset=16; matched_terms=milk; context_sha256=d37e6c5d94b0c33b	fbab77b9fefe7b76e6e31f064a01dd7b1dbafd5884dd5d4e06bcbc1c6d15880c
141	mcelreath/milk_mass	mcelreath	milk_mass	true	Milk Energy — Log Body Mass Predictor	milk	milk	kcal_s ~ 1 + logmass_s			https://github.com/rmcelreath/rethinking/blob/master/data/milk.csv	https://github.com/rmcelreath/rethinking/blob/master/data/milk.csv	mcelreath.jl			gaussian	CatalogServer_default_unsubstantiated	2026-07-28T21:07:09.303216+00:00	200	0	https://github.com/rmcelreath/rethinking/blob/master/data/milk.csv	text/html; charset=utf-8	dataset_repository_or_file_only	true	false		kcal_s,logmass_s	not_supported_by_data_file	not_supported_by_data_file	reachable_data_file	unverifiable	The cited resource is a data file; it can support dataset provenance but not the claimed model formula or family.		text_offset=16; matched_terms=milk; context_sha256=d37e6c5d94b0c33b	fbab77b9fefe7b76e6e31f064a01dd7b1dbafd5884dd5d4e06bcbc1c6d15880c
142	mcelreath/milk_both	mcelreath	milk_both	true	Milk Energy — Neocortex and Mass (Masked Association)	milk	milk	kcal_s ~ 1 + neo_s + logmass_s			https://github.com/rmcelreath/rethinking/blob/master/data/milk.csv	https://github.com/rmcelreath/rethinking/blob/master/data/milk.csv	mcelreath.jl			gaussian	CatalogServer_default_unsubstantiated	2026-07-28T21:07:09.303216+00:00	200	0	https://github.com/rmcelreath/rethinking/blob/master/data/milk.csv	text/html; charset=utf-8	dataset_repository_or_file_only	true	false		kcal_s,neo_s,logmass_s	not_supported_by_data_file	not_supported_by_data_file	reachable_data_file	unverifiable	The cited resource is a data file; it can support dataset provenance but not the claimed model formula or family.		text_offset=16; matched_terms=and,milk; context_sha256=d37e6c5d94b0c33b	fbab77b9fefe7b76e6e31f064a01dd7b1dbafd5884dd5d4e06bcbc1c6d15880c
143	mcelreath/milk_clade	mcelreath	milk_clade	true	Milk Energy — Clade Index Model	milk	milk	kcal_s ~ 0 + clade			https://github.com/rmcelreath/rethinking/blob/master/data/milk.csv	https://github.com/rmcelreath/rethinking/blob/master/data/milk.csv	mcelreath.jl			gaussian	CatalogServer_default_unsubstantiated	2026-07-28T21:07:09.303216+00:00	200	0	https://github.com/rmcelreath/rethinking/blob/master/data/milk.csv	text/html; charset=utf-8	dataset_repository_or_file_only	true	false	clade	kcal_s	not_supported_by_data_file	not_supported_by_data_file	reachable_data_file	unverifiable	The cited resource is a data file; it can support dataset provenance but not the claimed model formula or family.		text_offset=16; matched_terms=milk; context_sha256=d37e6c5d94b0c33b	fbab77b9fefe7b76e6e31f064a01dd7b1dbafd5884dd5d4e06bcbc1c6d15880c
144	mcelreath/milk_mi	mcelreath	milk_mi	true	Milk Energy — Joint Missing-Data Model	milk	milk	bf(k ~ 1 + mi(b) + m) + bf(b | mi() ~ 1) + set_rescor(FALSE)			https://github.com/rmcelreath/rethinking/blob/master/data/milk.csv	https://github.com/rmcelreath/rethinking/blob/master/data/milk.csv	mcelreath.jl			gaussian	CatalogServer_default_unsubstantiated	2026-07-28T21:07:09.303216+00:00	200	0	https://github.com/rmcelreath/rethinking/blob/master/data/milk.csv	text/html; charset=utf-8	dataset_repository_or_file_only	true	false		set_rescor	not_supported_by_data_file	not_supported_by_data_file	reachable_data_file	unverifiable	The cited resource is a data file; it can support dataset provenance but not the claimed model formula or family.		text_offset=16; matched_terms=data,milk; context_sha256=d37e6c5d94b0c33b	fbab77b9fefe7b76e6e31f064a01dd7b1dbafd5884dd5d4e06bcbc1c6d15880c
145	mcelreath/plant_growth_baseline	mcelreath	plant_growth_baseline	true	Plant Growth — Baseline (No Treatment Effect)	plant_growth	plant_growth	h1 ~ 0 + h0			synthetic	synthetic	mcelreath.jl			gaussian	CatalogServer_default_unsubstantiated						no_external_authority	false	false			not_evaluable	not_evaluable	synthetic_claim_only	unverifiable	No external model citation: catalog claim is synthetic/uncited.			
146	mcelreath/plant_growth_biased	mcelreath	plant_growth_biased	true	Plant Growth — Post-Treatment Bias	plant_growth	plant_growth	bf(h1 ~ h0 * (a + t * treatment + f * fungus), a + t + f ~ 1, nl = TRUE)			synthetic	synthetic	mcelreath.jl			gaussian	CatalogServer_default_unsubstantiated						no_external_authority	false	false		treatment,fungus	not_evaluable	not_evaluable	synthetic_claim_only	unverifiable	No external model citation: catalog claim is synthetic/uncited.			
147	mcelreath/plant_growth_causal	mcelreath	plant_growth_causal	true	Plant Growth — Causal Model (Excluding Mediator)	plant_growth	plant_growth	bf(h1 ~ h0 * (a + t * treatment), a + t ~ 1, nl = TRUE)			synthetic	synthetic	mcelreath.jl			gaussian	CatalogServer_default_unsubstantiated						no_external_authority	false	false		treatment	not_evaluable	not_evaluable	synthetic_claim_only	unverifiable	No external model citation: catalog claim is synthetic/uncited.			
148	mcelreath/happiness_collider	mcelreath	happiness_collider	true	Happiness — Collider Bias (Spurious Age Effect)	happiness	happiness	happiness ~ 0 + mid + a			synthetic	synthetic	mcelreath.jl			gaussian	CatalogServer_default_unsubstantiated						no_external_authority	false	false		happiness,mid	not_evaluable	not_evaluable	synthetic_claim_only	unverifiable	No external model citation: catalog claim is synthetic/uncited.			
149	mcelreath/happiness_causal	mcelreath	happiness_causal	true	Happiness — Causal Model (No Age Effect)	happiness	happiness	happiness ~ 0 + Intercept + a			synthetic	synthetic	mcelreath.jl			gaussian	CatalogServer_default_unsubstantiated						no_external_authority	false	false		happiness,intercept	not_evaluable	not_evaluable	synthetic_claim_only	unverifiable	No external model citation: catalog claim is synthetic/uncited.			
150	mcelreath/rugged_pooled	mcelreath	rugged_pooled	true	Terrain Ruggedness — Pooled Model	rugged	rugged	log_gdp_std ~ 1 + rugged_std_c			https://github.com/rmcelreath/rethinking/blob/master/data/rugged.csv	https://github.com/rmcelreath/rethinking/blob/master/data/rugged.csv	mcelreath.jl			gaussian	CatalogServer_default_unsubstantiated	2026-07-28T21:07:09.338519+00:00	200	0	https://github.com/rmcelreath/rethinking/blob/master/data/rugged.csv	text/html; charset=utf-8	dataset_repository_or_file_only	true	false		log_gdp_std,rugged_std_c	not_supported_by_data_file	not_supported_by_data_file	reachable_data_file	unverifiable	The cited resource is a data file; it can support dataset provenance but not the claimed model formula or family.		text_offset=16; matched_terms=rugged; context_sha256=220092ae6a1d60c7	d2da37d896ba1c70eda2a6b8c79dc4ce5b3d965080922875998004341dc3bc65
151	mcelreath/rugged_continent	mcelreath	rugged_continent	true	Terrain Ruggedness — Continent Intercepts	rugged	rugged	log_gdp_std ~ 0 + cid + rugged_std_c			https://github.com/rmcelreath/rethinking/blob/master/data/rugged.csv	https://github.com/rmcelreath/rethinking/blob/master/data/rugged.csv	mcelreath.jl			gaussian	CatalogServer_default_unsubstantiated	2026-07-28T21:07:09.338519+00:00	200	0	https://github.com/rmcelreath/rethinking/blob/master/data/rugged.csv	text/html; charset=utf-8	dataset_repository_or_file_only	true	false		log_gdp_std,cid,rugged_std_c	not_supported_by_data_file	not_supported_by_data_file	reachable_data_file	unverifiable	The cited resource is a data file; it can support dataset provenance but not the claimed model formula or family.		text_offset=16; matched_terms=rugged; context_sha256=220092ae6a1d60c7	d2da37d896ba1c70eda2a6b8c79dc4ce5b3d965080922875998004341dc3bc65
152	mcelreath/rugged_nl	mcelreath	rugged_nl	true	Terrain Ruggedness — Nonlinear Continent Slopes	rugged	rugged	bf(log_gdp_std ~ 0 + a + b * rugged_std_c, a ~ 0 + cid, b ~ 0 + cid, nl = TRUE)			https://github.com/rmcelreath/rethinking/blob/master/data/rugged.csv	https://github.com/rmcelreath/rethinking/blob/master/data/rugged.csv	mcelreath.jl			gaussian	CatalogServer_default_unsubstantiated	2026-07-28T21:07:09.338519+00:00	200	0	https://github.com/rmcelreath/rethinking/blob/master/data/rugged.csv	text/html; charset=utf-8	dataset_repository_or_file_only	true	false		log_gdp_std,rugged_std_c,cid	not_supported_by_data_file	not_supported_by_data_file	reachable_data_file	unverifiable	The cited resource is a data file; it can support dataset provenance but not the claimed model formula or family.		text_offset=16; matched_terms=rugged; context_sha256=220092ae6a1d60c7	d2da37d896ba1c70eda2a6b8c79dc4ce5b3d965080922875998004341dc3bc65
153	mcelreath/tulips_additive	mcelreath	tulips_additive	true	Tulips — Additive Water and Shade Effects	tulips	tulips	blooms_std ~ 1 + water_cent + shade_cent			https://github.com/rmcelreath/rethinking/blob/master/data/tulips.csv	https://github.com/rmcelreath/rethinking/blob/master/data/tulips.csv	mcelreath.jl			gaussian	CatalogServer_default_unsubstantiated	2026-07-28T21:07:09.351203+00:00	200	0	https://github.com/rmcelreath/rethinking/blob/master/data/tulips.csv	text/html; charset=utf-8	dataset_repository_or_file_only	true	false		blooms_std,water_cent,shade_cent	not_supported_by_data_file	not_supported_by_data_file	reachable_data_file	unverifiable	The cited resource is a data file; it can support dataset provenance but not the claimed model formula or family.		text_offset=16; matched_terms=and,tulips; context_sha256=481c5c729ff117e4	dd536e93c430fd72cd142adb61026299ab537b320e8fe143f255828c4ffd9cb3
154	mcelreath/tulips_interaction	mcelreath	tulips_interaction	true	Tulips — Water × Shade Interaction	tulips	tulips	blooms_std ~ 1 + water_cent + shade_cent + water_cent:shade_cent			https://github.com/rmcelreath/rethinking/blob/master/data/tulips.csv	https://github.com/rmcelreath/rethinking/blob/master/data/tulips.csv	mcelreath.jl			gaussian	CatalogServer_default_unsubstantiated	2026-07-28T21:07:09.351203+00:00	200	0	https://github.com/rmcelreath/rethinking/blob/master/data/tulips.csv	text/html; charset=utf-8	dataset_repository_or_file_only	true	false		blooms_std,water_cent,shade_cent	not_supported_by_data_file	not_supported_by_data_file	reachable_data_file	unverifiable	The cited resource is a data file; it can support dataset provenance but not the claimed model formula or family.		text_offset=16; matched_terms=tulips; context_sha256=481c5c729ff117e4	dd536e93c430fd72cd142adb61026299ab537b320e8fe143f255828c4ffd9cb3
155	mcelreath/hetero	mcelreath	hetero	true	Distributional Model — Heteroscedastic Gaussian	hetero	hetero	bf(y ~ 1, sigma ~ 1 + x)			synthetic	synthetic	mcelreath.jl			gaussian	CatalogServer_default_unsubstantiated						no_external_authority	false	false			not_evaluable	not_evaluable	synthetic_claim_only	unverifiable	No external model citation: catalog claim is synthetic/uncited.			
156	mcelreath/chimpanzees_intercept	mcelreath	chimpanzees_intercept	true	Chimpanzees — Intercept Only	chimpanzees	chimpanzees	pulled_left | trials(1) ~ 1			https://github.com/rmcelreath/rethinking/blob/master/data/chimpanzees.csv	https://github.com/rmcelreath/rethinking/blob/master/data/chimpanzees.csv	mcelreath.jl			gaussian	CatalogServer_default_unsubstantiated	2026-07-28T21:07:09.276703+00:00	200	0	https://github.com/rmcelreath/rethinking/blob/master/data/chimpanzees.csv	text/html; charset=utf-8	dataset_repository_or_file_only	true	false	pulled_left	trials	not_supported_by_data_file	not_supported_by_data_file	reachable_data_file	unverifiable	The cited resource is a data file; it can support dataset provenance but not the claimed model formula or family.		text_offset=16; matched_terms=chimpanzees; context_sha256=b5705e9daad7244d	4df9b5dd105ba7ee8e5377db84f3fa6268c70421af4ccb4073afa1175b604a81
157	mcelreath/chimpanzees_actors	mcelreath	chimpanzees_actors	true	Chimpanzees — Actor-Indexed Intercepts and Treatment Effects	chimpanzees	chimpanzees	bf(pulled_left | trials(1) ~ a + b, a ~ 0 + actor, b ~ 0 + treatment, nl = TRUE)			https://github.com/rmcelreath/rethinking/blob/master/data/chimpanzees.csv	https://github.com/rmcelreath/rethinking/blob/master/data/chimpanzees.csv	mcelreath.jl			gaussian	CatalogServer_default_unsubstantiated	2026-07-28T21:07:09.276703+00:00	200	0	https://github.com/rmcelreath/rethinking/blob/master/data/chimpanzees.csv	text/html; charset=utf-8	dataset_repository_or_file_only	true	false	pulled_left,actor	trials,treatment	not_supported_by_data_file	not_supported_by_data_file	reachable_data_file	unverifiable	The cited resource is a data file; it can support dataset provenance but not the claimed model formula or family.		text_offset=16; matched_terms=and,chimpanzees; context_sha256=b5705e9daad7244d	4df9b5dd105ba7ee8e5377db84f3fa6268c70421af4ccb4073afa1175b604a81
158	mcelreath/chimpanzees_multilevel	mcelreath	chimpanzees_multilevel	true	Chimpanzees — Multilevel Partial Pooling	chimpanzees	chimpanzees	bf(pulled_left | trials(1) ~ a + b, a ~ 1 + (1 | actor) + (1 | block), b ~ 0 + treatment, nl = TRUE)			https://github.com/rmcelreath/rethinking/blob/master/data/chimpanzees.csv	https://github.com/rmcelreath/rethinking/blob/master/data/chimpanzees.csv	mcelreath.jl			gaussian	CatalogServer_default_unsubstantiated	2026-07-28T21:07:09.276703+00:00	200	0	https://github.com/rmcelreath/rethinking/blob/master/data/chimpanzees.csv	text/html; charset=utf-8	dataset_repository_or_file_only	true	false	pulled_left,actor,block	trials,treatment	not_supported_by_data_file	not_supported_by_data_file	reachable_data_file	unverifiable	The cited resource is a data file; it can support dataset provenance but not the claimed model formula or family.		text_offset=16; matched_terms=chimpanzees; context_sha256=b5705e9daad7244d	4df9b5dd105ba7ee8e5377db84f3fa6268c70421af4ccb4073afa1175b604a81
159	mcelreath/chimpanzees_slopes	mcelreath	chimpanzees_slopes	true	Chimpanzees — Varying Slopes by Treatment	chimpanzees	chimpanzees	pulled_left | trials(1) ~ 0 + treatment + (0 + treatment | actor) + (0 + treatment | block)			https://github.com/rmcelreath/rethinking/blob/master/data/chimpanzees.csv	https://github.com/rmcelreath/rethinking/blob/master/data/chimpanzees.csv	mcelreath.jl			gaussian	CatalogServer_default_unsubstantiated	2026-07-28T21:07:09.276703+00:00	200	0	https://github.com/rmcelreath/rethinking/blob/master/data/chimpanzees.csv	text/html; charset=utf-8	dataset_repository_or_file_only	true	false	pulled_left,actor,block	trials,treatment	not_supported_by_data_file	not_supported_by_data_file	reachable_data_file	unverifiable	The cited resource is a data file; it can support dataset provenance but not the claimed model formula or family.		text_offset=16; matched_terms=chimpanzees; context_sha256=b5705e9daad7244d	4df9b5dd105ba7ee8e5377db84f3fa6268c70421af4ccb4073afa1175b604a81
160	mcelreath/ucbadmit_gender	mcelreath	ucbadmit_gender	true	UC Berkeley Admissions — Gender Gap	ucbadmit	ucbadmit	admit | trials(applications) ~ 0 + gid			https://github.com/rmcelreath/rethinking/blob/master/data/UCBadmit.csv	https://github.com/rmcelreath/rethinking/blob/master/data/UCBadmit.csv	mcelreath.jl			gaussian	CatalogServer_default_unsubstantiated	2026-07-28T21:07:09.085885+00:00	200	0	https://github.com/rmcelreath/rethinking/blob/master/data/UCBadmit.csv	text/html; charset=utf-8	dataset_repository_or_file_only	true	false	admit,applications	trials,gid	not_supported_by_data_file	not_supported_by_data_file	reachable_data_file	unverifiable	The cited resource is a data file; it can support dataset provenance but not the claimed model formula or family.		text_offset=16; matched_terms=ucbadmit; context_sha256=e78aa5438f77db3a	204381d39961a280a21dceb618682a7543c26617d875fd765bdcd583b547b4a9
161	mcelreath/ucbadmit_dept	mcelreath	ucbadmit_dept	true	UC Berkeley Admissions — Gender + Department	ucbadmit	ucbadmit	bf(admit | trials(applications) ~ a + d, a ~ 0 + gid, d ~ 0 + dept, nl = TRUE)			https://github.com/rmcelreath/rethinking/blob/master/data/UCBadmit.csv	https://github.com/rmcelreath/rethinking/blob/master/data/UCBadmit.csv	mcelreath.jl			gaussian	CatalogServer_default_unsubstantiated	2026-07-28T21:07:09.085885+00:00	200	0	https://github.com/rmcelreath/rethinking/blob/master/data/UCBadmit.csv	text/html; charset=utf-8	dataset_repository_or_file_only	true	false	admit,applications,dept	trials,gid	not_supported_by_data_file	not_supported_by_data_file	reachable_data_file	unverifiable	The cited resource is a data file; it can support dataset provenance but not the claimed model formula or family.		text_offset=16; matched_terms=ucbadmit; context_sha256=e78aa5438f77db3a	204381d39961a280a21dceb618682a7543c26617d875fd765bdcd583b547b4a9
162	mcelreath/ucbadmit_beta_binomial	mcelreath	ucbadmit_beta_binomial	true	UC Berkeley Admissions — Beta-Binomial	ucbadmit	ucbadmit	admit | vint(applications) ~ 0 + gid			https://github.com/rmcelreath/rethinking/blob/master/data/UCBadmit.csv	https://github.com/rmcelreath/rethinking/blob/master/data/UCBadmit.csv	mcelreath.jl			gaussian	CatalogServer_default_unsubstantiated	2026-07-28T21:07:09.085885+00:00	200	0	https://github.com/rmcelreath/rethinking/blob/master/data/UCBadmit.csv	text/html; charset=utf-8	dataset_repository_or_file_only	true	false	admit,applications	vint,gid	not_supported_by_data_file	not_supported_by_data_file	reachable_data_file	unverifiable	The cited resource is a data file; it can support dataset provenance but not the claimed model formula or family.		text_offset=16; matched_terms=ucbadmit; context_sha256=e78aa5438f77db3a	204381d39961a280a21dceb618682a7543c26617d875fd765bdcd583b547b4a9
163	mcelreath/kline_intercept	mcelreath	kline_intercept	true	Kline Island — Intercept-Only Poisson	kline	kline	total_tools ~ 1			https://github.com/rmcelreath/rethinking/blob/master/data/Kline.csv	https://github.com/rmcelreath/rethinking/blob/master/data/Kline.csv	mcelreath.jl			gaussian	CatalogServer_default_unsubstantiated	2026-07-28T21:07:08.805646+00:00	200	0	https://github.com/rmcelreath/rethinking/blob/master/data/Kline.csv	text/html; charset=utf-8	dataset_repository_or_file_only	true	false	total_tools		not_supported_by_data_file	not_supported_by_data_file	reachable_data_file	unverifiable	The cited resource is a data file; it can support dataset provenance but not the claimed model formula or family.		text_offset=16; matched_terms=kline; context_sha256=ed2e1b6cd73a873a	4181ae11a26a394e5090460fdf5b3bd4f0e867b2f442d3252d15baef52e253dc
164	mcelreath/kline_contact	mcelreath	kline_contact	true	Kline Island — Contact-Indexed Intercepts and Log-Population Slopes	kline	kline	bf(total_tools ~ a + b * log_pop_std, a + b ~ 0 + cid, nl = TRUE)			https://github.com/rmcelreath/rethinking/blob/master/data/Kline.csv	https://github.com/rmcelreath/rethinking/blob/master/data/Kline.csv	mcelreath.jl			gaussian	CatalogServer_default_unsubstantiated	2026-07-28T21:07:08.805646+00:00	200	0	https://github.com/rmcelreath/rethinking/blob/master/data/Kline.csv	text/html; charset=utf-8	dataset_repository_or_file_only	true	false	total_tools	log_pop_std,cid	not_supported_by_data_file	not_supported_by_data_file	reachable_data_file	unverifiable	The cited resource is a data file; it can support dataset provenance but not the claimed model formula or family.		text_offset=16; matched_terms=and,kline; context_sha256=ed2e1b6cd73a873a	4181ae11a26a394e5090460fdf5b3bd4f0e867b2f442d3252d15baef52e253dc
165	mcelreath/kline_power	mcelreath	kline_power	true	Kline Island — Scientific Power-Law Model	kline	kline	bf(total_tools ~ exp(a) * population^b / g, a + b ~ 0 + cid, g ~ 1, nl = TRUE)			https://github.com/rmcelreath/rethinking/blob/master/data/Kline.csv	https://github.com/rmcelreath/rethinking/blob/master/data/Kline.csv	mcelreath.jl			gaussian	CatalogServer_default_unsubstantiated	2026-07-28T21:07:08.805646+00:00	200	0	https://github.com/rmcelreath/rethinking/blob/master/data/Kline.csv	text/html; charset=utf-8	dataset_repository_or_file_only	true	false	total_tools,population	cid	not_supported_by_data_file	not_supported_by_data_file	reachable_data_file	unverifiable	The cited resource is a data file; it can support dataset provenance but not the claimed model formula or family.		text_offset=16; matched_terms=kline; context_sha256=ed2e1b6cd73a873a	4181ae11a26a394e5090460fdf5b3bd4f0e867b2f442d3252d15baef52e253dc
166	mcelreath/kline2	mcelreath	kline2	true	Kline Island — Gaussian Process over Geography	kline2	kline2	bf(total_tools ~ exp(a) * population^b / g, a ~ 1 + gp(lat_adj, lon2_adj, scale=FALSE), b + g ~ 1, nl = TRUE)			https://github.com/rmcelreath/rethinking/blob/master/data/Kline2.csv	https://github.com/rmcelreath/rethinking/blob/master/data/Kline2.csv	mcelreath.jl			gaussian	CatalogServer_default_unsubstantiated	2026-07-28T21:07:08.823422+00:00	200	0	https://github.com/rmcelreath/rethinking/blob/master/data/Kline2.csv	text/html; charset=utf-8	dataset_repository_or_file_only	true	false	total_tools,population	lat_adj,lon2_adj,scale	not_supported_by_data_file	not_supported_by_data_file	reachable_data_file	unverifiable	The cited resource is a data file; it can support dataset provenance but not the claimed model formula or family.		text_offset=16; matched_terms=kline,kline2; context_sha256=d037f95f3aa9501f	6c4f69e1bacd4afd55210150548230c35066a87ceb7ab91d5630c371b8d91b01
167	mcelreath/trolley_intercept	mcelreath	trolley_intercept	true	Trolley — Intercept Only (6 Thresholds)	trolley	trolley	response ~ 1			https://github.com/rmcelreath/rethinking/blob/master/data/Trolley.csv	https://github.com/rmcelreath/rethinking/blob/master/data/Trolley.csv	mcelreath.jl			gaussian	CatalogServer_default_unsubstantiated	2026-07-28T21:07:09.060798+00:00	200	0	https://github.com/rmcelreath/rethinking/blob/master/data/Trolley.csv	text/html; charset=utf-8	dataset_repository_or_file_only	true	false		response	not_supported_by_data_file	not_supported_by_data_file	reachable_data_file	unverifiable	The cited resource is a data file; it can support dataset provenance but not the claimed model formula or family.		text_offset=16; matched_terms=trolley; context_sha256=76f44321385d2a02	bbe2404bf859581e30ec96173a876dc58b0945753404effd3fbb4b3a15ea8e7b
168	mcelreath/trolley_effects	mcelreath	trolley_effects	true	Trolley — Action, Contact, and Intention Effects	trolley	trolley	response ~ 1 + action + contact + intention + intention:action + intention:contact			https://github.com/rmcelreath/rethinking/blob/master/data/Trolley.csv	https://github.com/rmcelreath/rethinking/blob/master/data/Trolley.csv	mcelreath.jl			gaussian	CatalogServer_default_unsubstantiated	2026-07-28T21:07:09.060798+00:00	200	0	https://github.com/rmcelreath/rethinking/blob/master/data/Trolley.csv	text/html; charset=utf-8	dataset_repository_or_file_only	true	false	action,contact	response,intention	not_supported_by_data_file	not_supported_by_data_file	reachable_data_file	unverifiable	The cited resource is a data file; it can support dataset provenance but not the claimed model formula or family.		text_offset=16; matched_terms=action,and,trolley; context_sha256=76f44321385d2a02	bbe2404bf859581e30ec96173a876dc58b0945753404effd3fbb4b3a15ea8e7b
169	mcelreath/trolley_edu	mcelreath	trolley_edu	true	Trolley — Monotonic Education Effect	trolley	trolley	response ~ 1 + action + contact + intention + mo(edu_new)			https://github.com/rmcelreath/rethinking/blob/master/data/Trolley.csv	https://github.com/rmcelreath/rethinking/blob/master/data/Trolley.csv	mcelreath.jl			gaussian	CatalogServer_default_unsubstantiated	2026-07-28T21:07:09.060798+00:00	200	0	https://github.com/rmcelreath/rethinking/blob/master/data/Trolley.csv	text/html; charset=utf-8	dataset_repository_or_file_only	true	false	action,contact	response,intention,edu_new	not_supported_by_data_file	not_supported_by_data_file	reachable_data_file	unverifiable	The cited resource is a data file; it can support dataset provenance but not the claimed model formula or family.		text_offset=16; matched_terms=trolley; context_sha256=76f44321385d2a02	bbe2404bf859581e30ec96173a876dc58b0945753404effd3fbb4b3a15ea8e7b
170	mcelreath/reedfrogs_nopooling	mcelreath	reedfrogs_nopooling	true	Reed Frogs — No-Pooling Model	reedfrogs	reedfrogs	surv | trials(density) ~ 0 + factor(tank)			https://github.com/rmcelreath/rethinking/blob/master/data/reedfrogs.csv	https://github.com/rmcelreath/rethinking/blob/master/data/reedfrogs.csv	mcelreath.jl			gaussian	CatalogServer_default_unsubstantiated	2026-07-28T21:07:09.323884+00:00	200	0	https://github.com/rmcelreath/rethinking/blob/master/data/reedfrogs.csv	text/html; charset=utf-8	dataset_repository_or_file_only	true	false	surv,density	trials,factor,tank	not_supported_by_data_file	not_supported_by_data_file	reachable_data_file	unverifiable	The cited resource is a data file; it can support dataset provenance but not the claimed model formula or family.		text_offset=16; matched_terms=frogs,reed,reedfrogs; context_sha256=ac29c29e7390b0ee	626ee205610b0b1cab7d9cd59b5732e21ee5e623a2f9747847d7dc1f7ef7f6a4
171	mcelreath/reedfrogs_partial	mcelreath	reedfrogs_partial	true	Reed Frogs — Partial Pooling via Multilevel Model	reedfrogs	reedfrogs	surv | trials(density) ~ 1 + (1 | tank)			https://github.com/rmcelreath/rethinking/blob/master/data/reedfrogs.csv	https://github.com/rmcelreath/rethinking/blob/master/data/reedfrogs.csv	mcelreath.jl			gaussian	CatalogServer_default_unsubstantiated	2026-07-28T21:07:09.323884+00:00	200	0	https://github.com/rmcelreath/rethinking/blob/master/data/reedfrogs.csv	text/html; charset=utf-8	dataset_repository_or_file_only	true	false	surv,density	trials,tank	not_supported_by_data_file	not_supported_by_data_file	reachable_data_file	unverifiable	The cited resource is a data file; it can support dataset provenance but not the claimed model formula or family.		text_offset=16; matched_terms=frogs,reed,reedfrogs; context_sha256=ac29c29e7390b0ee	626ee205610b0b1cab7d9cd59b5732e21ee5e623a2f9747847d7dc1f7ef7f6a4
172	mcelreath/cafe	mcelreath	cafe	true	Café Visit Times — Varying Slopes	cafe	cafe	wait ~ 1 + afternoon + (1 + afternoon | cafe)			synthetic	synthetic	mcelreath.jl			gaussian	CatalogServer_default_unsubstantiated						no_external_authority	false	false		wait,afternoon,cafe	not_evaluable	not_evaluable	synthetic_claim_only	unverifiable	No external model citation: catalog claim is synthetic/uncited.			
173	mcelreath/primates301_ols	mcelreath	primates301_ols	true	Primates — OLS Without Phylogeny	primates301	primates301	b ~ 1 + m + g			https://github.com/rmcelreath/rethinking/blob/master/data/Primates301.csv	https://github.com/rmcelreath/rethinking/blob/master/data/Primates301.csv	mcelreath.jl			gaussian	CatalogServer_default_unsubstantiated	2026-07-28T21:07:09.045987+00:00	200	0	https://github.com/rmcelreath/rethinking/blob/master/data/Primates301.csv	text/html; charset=utf-8	dataset_repository_or_file_only	true	false			not_supported_by_data_file	not_supported_by_data_file	reachable_data_file	unverifiable	The cited resource is a data file; it can support dataset provenance but not the claimed model formula or family.		text_offset=16; matched_terms=ols,primates,primates301; context_sha256=bc0314b59a95d091	d3835fd6679855ad4dc4ad2ff987d78bef8cdf5c081814eec4ac93fb2d93e9c7
174	mcelreath/primates301_phylo	mcelreath	primates301_phylo	true	Primates — Phylogenetic Regression	primates301	primates301	b ~ 1 + m + g + fcor(R)			https://github.com/rmcelreath/rethinking/blob/master/data/Primates301.csv	https://github.com/rmcelreath/rethinking/blob/master/data/Primates301.csv	mcelreath.jl			gaussian	CatalogServer_default_unsubstantiated	2026-07-28T21:07:09.045987+00:00	200	0	https://github.com/rmcelreath/rethinking/blob/master/data/Primates301.csv	text/html; charset=utf-8	dataset_repository_or_file_only	true	false		fcor	not_supported_by_data_file	not_supported_by_data_file	reachable_data_file	unverifiable	The cited resource is a data file; it can support dataset provenance but not the claimed model formula or family.		text_offset=16; matched_terms=primates,primates301; context_sha256=bc0314b59a95d091	d3835fd6679855ad4dc4ad2ff987d78bef8cdf5c081814eec4ac93fb2d93e9c7
175	mcelreath/moralizing_gods	mcelreath	moralizing_gods	true	Moralizing Gods — Missing-Data Handling	moralizing_gods	moralizing_gods	moralizing_gods | trials(1) ~ 1 + writing			https://github.com/rmcelreath/rethinking/blob/master/data/Moralizing_gods.csv	https://github.com/rmcelreath/rethinking/blob/master/data/Moralizing_gods.csv	mcelreath.jl			gaussian	CatalogServer_default_unsubstantiated	2026-07-28T21:07:08.871433+00:00	200	0	https://github.com/rmcelreath/rethinking/blob/master/data/Moralizing_gods.csv	text/html; charset=utf-8	dataset_repository_or_file_only	true	false	moralizing_gods,writing	trials	not_supported_by_data_file	not_supported_by_data_file	reachable_data_file	unverifiable	The cited resource is a data file; it can support dataset provenance but not the claimed model formula or family.		text_offset=16; matched_terms=data,gods,moralizing,moralizing_gods; context_sha256=c5111e593a929a96	5cc3c887852cb6c79bfe209f8ae33fe6d63db37407ce374991a619649efdf9bb
176	mcelreath/panda_nuts	mcelreath	panda_nuts	true	Panda Nuts — Nonlinear Learning-Curve Model	panda_nuts	panda_nuts	bf(n_panda ~ seconds * phi * (1 - exp(-k * age_s))^theta, phi + k + theta ~ 1, nl = TRUE)			https://github.com/rmcelreath/rethinking/blob/master/data/Panda_nuts.csv	https://github.com/rmcelreath/rethinking/blob/master/data/Panda_nuts.csv	mcelreath.jl			gaussian	CatalogServer_default_unsubstantiated	2026-07-28T21:07:09.037331+00:00	200	0	https://github.com/rmcelreath/rethinking/blob/master/data/Panda_nuts.csv	text/html; charset=utf-8	dataset_repository_or_file_only	true	false	seconds	n_panda,phi,age_s,theta	not_supported_by_data_file	not_supported_by_data_file	reachable_data_file	unverifiable	The cited resource is a data file; it can support dataset provenance but not the claimed model formula or family.		text_offset=16; matched_terms=nuts,panda,panda_nuts; context_sha256=e2f5f554829f1915	40bf314403b9542c47f100ec80acf0cba2a243b0c47e68ab609cc274ee033042
177	mcelreath/lynx_hare_ar	mcelreath	lynx_hare_ar	true	Lynx and Hare — AR(1) Autoregressive Model	lynx_hare	lynx_hare	Hare ~ 1 + ar(time = Year, p = 1)			https://github.com/rmcelreath/rethinking/blob/master/data/Lynx_Hare.csv	https://github.com/rmcelreath/rethinking/blob/master/data/Lynx_Hare.csv	mcelreath.jl			gaussian	CatalogServer_default_unsubstantiated	2026-07-28T21:07:08.858582+00:00	200	0	https://github.com/rmcelreath/rethinking/blob/master/data/Lynx_Hare.csv	text/html; charset=utf-8	dataset_repository_or_file_only	true	false	hare,time,year		not_supported_by_data_file	not_supported_by_data_file	reachable_data_file	unverifiable	The cited resource is a data file; it can support dataset provenance but not the claimed model formula or family.		text_offset=16; matched_terms=and,hare,lynx,lynx_hare; context_sha256=21fb141c4214aff9	6aba449e6ee0db1a9523f83ab67bf6c865ba08a5e4e31c40ab834a2e4054c07f
178	mcelreath/lynx_hare_lag	mcelreath	lynx_hare_lag	true	Lynx and Hare — Lag-1 Regression	lynx_hare	lynx_hare	Hare ~ 1 + Hare_1			https://github.com/rmcelreath/rethinking/blob/master/data/Lynx_Hare.csv	https://github.com/rmcelreath/rethinking/blob/master/data/Lynx_Hare.csv	mcelreath.jl			gaussian	CatalogServer_default_unsubstantiated	2026-07-28T21:07:08.858582+00:00	200	0	https://github.com/rmcelreath/rethinking/blob/master/data/Lynx_Hare.csv	text/html; charset=utf-8	dataset_repository_or_file_only	true	false	hare	hare_1	not_supported_by_data_file	not_supported_by_data_file	reachable_data_file	unverifiable	The cited resource is a data file; it can support dataset provenance but not the claimed model formula or family.		text_offset=16; matched_terms=and,hare,lynx,lynx_hare; context_sha256=21fb141c4214aff9	6aba449e6ee0db1a9523f83ab67bf6c865ba08a5e4e31c40ab834a2e4054c07f
179	mcelreath/lynx_hare_mi	mcelreath	lynx_hare_mi	true	Lynx and Hare — Missing-Data Model for Lagged Hare	lynx_hare	lynx_hare	bf(Hare ~ 1 + mi(Hare_1)) + bf(Hare_1 | mi() ~ 1) + set_rescor(FALSE)			https://github.com/rmcelreath/rethinking/blob/master/data/Lynx_Hare.csv	https://github.com/rmcelreath/rethinking/blob/master/data/Lynx_Hare.csv	mcelreath.jl			gaussian	CatalogServer_default_unsubstantiated	2026-07-28T21:07:08.858582+00:00	200	0	https://github.com/rmcelreath/rethinking/blob/master/data/Lynx_Hare.csv	text/html; charset=utf-8	dataset_repository_or_file_only	true	false	hare	hare_1,set_rescor	not_supported_by_data_file	not_supported_by_data_file	reachable_data_file	unverifiable	The cited resource is a data file; it can support dataset provenance but not the claimed model formula or family.		text_offset=16; matched_terms=and,data,for,hare,lynx,lynx_hare; context_sha256=21fb141c4214aff9	6aba449e6ee0db1a9523f83ab67bf6c865ba08a5e4e31c40ab834a2e4054c07f
180	mcelreath/lynx_hare_var	mcelreath	lynx_hare_var	true	Lynx and Hare — Bivariate VAR(1)	lynx_hare	lynx_hare	bf(Hare ~ 0 + Intercept + Hare_1 + Lynx_1) + bf(Lynx ~ 0 + Intercept + Lynx_1 + Hare_1) + set_rescor(FALSE)			https://github.com/rmcelreath/rethinking/blob/master/data/Lynx_Hare.csv	https://github.com/rmcelreath/rethinking/blob/master/data/Lynx_Hare.csv	mcelreath.jl			gaussian	CatalogServer_default_unsubstantiated	2026-07-28T21:07:08.858582+00:00	200	0	https://github.com/rmcelreath/rethinking/blob/master/data/Lynx_Hare.csv	text/html; charset=utf-8	dataset_repository_or_file_only	true	false	hare,lynx	intercept,hare_1,lynx_1,set_rescor	not_supported_by_data_file	not_supported_by_data_file	reachable_data_file	unverifiable	The cited resource is a data file; it can support dataset provenance but not the claimed model formula or family.		text_offset=16; matched_terms=and,hare,lynx,lynx_hare; context_sha256=21fb141c4214aff9	6aba449e6ee0db1a9523f83ab67bf6c865ba08a5e4e31c40ab834a2e4054c07f
181	mcelreath/mcelreath_btdata_intercept	mcelreath	mcelreath_btdata_intercept	true	Blue Tit Morphology — Intercept Only	btdata	btdata	mvbind(tarsus, back) ~ 1			https://vincentarelbundock.github.io/Rdatasets/csv/MCMCglmm/BTdata.csv	https://vincentarelbundock.github.io/Rdatasets/csv/MCMCglmm/BTdata.csv	mcelreath.jl			gaussian	CatalogServer_default_unsubstantiated	2026-07-28T21:07:10.636004+00:00	404	0	https://vincentarelbundock.github.io/Rdatasets/csv/MCMCglmm/BTdata.csv	text/html; charset=utf-8	dataset_repository_or_file_only	true	false		mvbind,tarsus,back	not_evaluable	not_evaluable	not_evaluable	dead-source	Citation retrieval failed (HTTP 404, curl 0).	Dead data mirror path; the current official MCMCglmm manual documents BTdata at https://stat.ethz.ch/CRAN/web/packages/MCMCglmm/MCMCglmm.pdf, but that still cannot validate these model formulas.		c8d3f50462ddb77ac44b5e6146cf67ba38a960a3aeec506f3abdca98716fa854
182	mcelreath/mcelreath_btdata_full	mcelreath	mcelreath_btdata_full	true	Blue Tit Morphology — Full Model	btdata	btdata	mvbind(tarsus, back) ~ sex + hatchdate + (1 | p | fosternest) + (1 | q | dam)			https://vincentarelbundock.github.io/Rdatasets/csv/MCMCglmm/BTdata.csv	https://vincentarelbundock.github.io/Rdatasets/csv/MCMCglmm/BTdata.csv	mcelreath.jl			gaussian	CatalogServer_default_unsubstantiated	2026-07-28T21:07:10.636004+00:00	404	0	https://vincentarelbundock.github.io/Rdatasets/csv/MCMCglmm/BTdata.csv	text/html; charset=utf-8	dataset_repository_or_file_only	true	false		mvbind,tarsus,back,sex,hatchdate,fosternest,dam	not_evaluable	not_evaluable	not_evaluable	dead-source	Citation retrieval failed (HTTP 404, curl 0).	Dead data mirror path; the current official MCMCglmm manual documents BTdata at https://stat.ethz.ch/CRAN/web/packages/MCMCglmm/MCMCglmm.pdf, but that still cannot validate these model formulas.		c8d3f50462ddb77ac44b5e6146cf67ba38a960a3aeec506f3abdca98716fa854
183	mcelreath/mcelreath_btdata_interaction	mcelreath	mcelreath_btdata_interaction	true	Blue Tit Morphology — Sex × Hatchdate Interaction	btdata	btdata	mvbind(tarsus, back) ~ sex * hatchdate + (1 | p | fosternest) + (1 | q | dam)			https://vincentarelbundock.github.io/Rdatasets/csv/MCMCglmm/BTdata.csv	https://vincentarelbundock.github.io/Rdatasets/csv/MCMCglmm/BTdata.csv	mcelreath.jl			gaussian	CatalogServer_default_unsubstantiated	2026-07-28T21:07:10.636004+00:00	404	0	https://vincentarelbundock.github.io/Rdatasets/csv/MCMCglmm/BTdata.csv	text/html; charset=utf-8	dataset_repository_or_file_only	true	false		mvbind,tarsus,back,sex,hatchdate,fosternest,dam	not_evaluable	not_evaluable	not_evaluable	dead-source	Citation retrieval failed (HTTP 404, curl 0).	Dead data mirror path; the current official MCMCglmm manual documents BTdata at https://stat.ethz.ch/CRAN/web/packages/MCMCglmm/MCMCglmm.pdf, but that still cannot validate these model formulas.		c8d3f50462ddb77ac44b5e6146cf67ba38a960a3aeec506f3abdca98716fa854
184	kruschke/z15n50	kruschke	z15n50	true	Coin-Flip — Bernoulli Intercept	z15n50	z15n50	y ~ 1			synthetic	synthetic	kruschke.jl			gaussian	CatalogServer_default_unsubstantiated						no_external_authority	false	false			not_evaluable	not_evaluable	synthetic_claim_only	unverifiable	No external model citation: catalog claim is synthetic/uncited.			
185	kruschke/z6n8z2n7	kruschke	z6n8z2n7	true	Coin-Flip — Two-Mint Separate Intercepts	z6n8z2n7	z6n8z2n7	y ~ 0 + s			synthetic	synthetic	kruschke.jl			gaussian	CatalogServer_default_unsubstantiated						no_external_authority	false	false			not_evaluable	not_evaluable	synthetic_claim_only	unverifiable	No external model citation: catalog claim is synthetic/uncited.			
186	kruschke/therapeutic_touch	kruschke	therapeutic_touch	true	Hierarchical Bernoulli — Therapeutic Touch	therapeutic_touch	therapeutic_touch	y ~ 1 + (1 | s)			https://raw.githubusercontent.com/ASKurz/Doing-Bayesian-Data-Analysis-in-brms-and-the-tidyverse/master/data.R/TherapeuticTouchData.csv	https://raw.githubusercontent.com/ASKurz/Doing-Bayesian-Data-Analysis-in-brms-and-the-tidyverse/master/data.R/TherapeuticTouchData.csv	kruschke.jl			gaussian	CatalogServer_default_unsubstantiated	2026-07-28T21:07:10.332865+00:00	200	0	https://raw.githubusercontent.com/ASKurz/Doing-Bayesian-Data-Analysis-in-brms-and-the-tidyverse/master/data.R/TherapeuticTouchData.csv	text/plain; charset=utf-8	dataset_repository_or_file_only	true	false			not_supported_by_data_file	not_supported_by_data_file	reachable_data_file	unverifiable	The cited resource is a data file; it can support dataset provenance but not the claimed model formula or family.			8c196a3e124a649fe2df5e5446db1331b5af0c6041dfed4db8557c1f2267c64a
187	kruschke/batting_average	kruschke	batting_average	true	Hierarchical Binomial — MLB Batting Average	batting_average	batting_average	Hits | trials(AtBats) ~ 1 + (1 | PriPos) + (1 | PriPos:Player)			https://raw.githubusercontent.com/ASKurz/Doing-Bayesian-Data-Analysis-in-brms-and-the-tidyverse/master/data.R/BattingAverage.csv	https://raw.githubusercontent.com/ASKurz/Doing-Bayesian-Data-Analysis-in-brms-and-the-tidyverse/master/data.R/BattingAverage.csv	kruschke.jl			gaussian	CatalogServer_default_unsubstantiated	2026-07-28T21:07:09.965699+00:00	200	0	https://raw.githubusercontent.com/ASKurz/Doing-Bayesian-Data-Analysis-in-brms-and-the-tidyverse/master/data.R/BattingAverage.csv	text/plain; charset=utf-8	dataset_repository_or_file_only	true	false	hits,atbats,pripos,player	trials	not_supported_by_data_file	not_supported_by_data_file	reachable_data_file	unverifiable	The cited resource is a data file; it can support dataset provenance but not the claimed model formula or family.			7ead4594f4ec61e672966bfd5399a8435fc88fd1a0bb329a29d23e5daf6c8c71
188	kruschke/recall_conditions	kruschke	recall_conditions	true	Binomial Recall — Separate Probability per Condition	recall	recall	n_recalled | trials(20) ~ 0 + condition			synthetic	synthetic	kruschke.jl			gaussian	CatalogServer_default_unsubstantiated						no_external_authority	false	false		n_recalled,trials,condition	not_evaluable	not_evaluable	synthetic_claim_only	unverifiable	No external model citation: catalog claim is synthetic/uncited.			
189	kruschke/recall_pooled	kruschke	recall_pooled	true	Binomial Recall — Pooled Single Intercept	recall	recall	n_recalled | trials(20) ~ 1			synthetic	synthetic	kruschke.jl			gaussian	CatalogServer_default_unsubstantiated						no_external_authority	false	false		n_recalled,trials	not_evaluable	not_evaluable	synthetic_claim_only	unverifiable	No external model citation: catalog claim is synthetic/uncited.			
190	kruschke/two_group_iq_baseline	kruschke	two_group_iq_baseline	true	Two-Group IQ — Single-Group Baseline	two_group_iq	two_group_iq	Score ~ 1			https://raw.githubusercontent.com/ASKurz/Doing-Bayesian-Data-Analysis-in-brms-and-the-tidyverse/master/data.R/TwoGroupIQ.csv	https://raw.githubusercontent.com/ASKurz/Doing-Bayesian-Data-Analysis-in-brms-and-the-tidyverse/master/data.R/TwoGroupIQ.csv	kruschke.jl			gaussian	CatalogServer_default_unsubstantiated	2026-07-28T21:07:10.339080+00:00	200	0	https://raw.githubusercontent.com/ASKurz/Doing-Bayesian-Data-Analysis-in-brms-and-the-tidyverse/master/data.R/TwoGroupIQ.csv	text/plain; charset=utf-8	dataset_repository_or_file_only	true	false	score		not_supported_by_data_file	not_supported_by_data_file	reachable_data_file	unverifiable	The cited resource is a data file; it can support dataset provenance but not the claimed model formula or family.		text_offset=9; matched_terms=group; context_sha256=adb0d0c353d7f84f	70f71d94b7a074a644e7e35edb9d4c0afc472d98e91aace317282ca9122d3ace
191	kruschke/two_group_iq_hetero	kruschke	two_group_iq_hetero	true	Two-Group IQ — Heteroscedastic Groups	two_group_iq	two_group_iq	bf(Score ~ 0 + Group, sigma ~ 0 + Group)			https://raw.githubusercontent.com/ASKurz/Doing-Bayesian-Data-Analysis-in-brms-and-the-tidyverse/master/data.R/TwoGroupIQ.csv	https://raw.githubusercontent.com/ASKurz/Doing-Bayesian-Data-Analysis-in-brms-and-the-tidyverse/master/data.R/TwoGroupIQ.csv	kruschke.jl			gaussian	CatalogServer_default_unsubstantiated	2026-07-28T21:07:10.339080+00:00	200	0	https://raw.githubusercontent.com/ASKurz/Doing-Bayesian-Data-Analysis-in-brms-and-the-tidyverse/master/data.R/TwoGroupIQ.csv	text/plain; charset=utf-8	dataset_repository_or_file_only	true	false	score,group		not_supported_by_data_file	not_supported_by_data_file	reachable_data_file	unverifiable	The cited resource is a data file; it can support dataset provenance but not the claimed model formula or family.		text_offset=9; matched_terms=group; context_sha256=adb0d0c353d7f84f	70f71d94b7a074a644e7e35edb9d4c0afc472d98e91aace317282ca9122d3ace
192	kruschke/calcium	kruschke	calcium	true	Calcium RCT — Separate Group Means	calcium	calcium	decrease ~ 0 + treatment			https://jse.amstat.org/datasets/calcium.dat.txt	https://jse.amstat.org/datasets/calcium.dat.txt	kruschke.jl			gaussian	CatalogServer_default_unsubstantiated	2026-07-28T21:07:09.408742+00:00	200	0	https://jse.amstat.org/datasets/calcium.dat.txt	text/plain	dataset_repository_or_file_only	true	false		decrease,treatment	not_supported_by_data_file	not_supported_by_data_file	reachable_data_file	unverifiable	The cited resource is a data file; it can support dataset provenance but not the claimed model formula or family.			e14c797dd5bd58155e8c73c1cf593d839ef24eef9582a9b2b434349a7c4d69f0
193	kruschke/htwt	kruschke	htwt	true	Simple Linear Regression — Height Predicts Weight	htwt	htwt	weight_z ~ 1 + height_z			https://raw.githubusercontent.com/ASKurz/Doing-Bayesian-Data-Analysis-in-brms-and-the-tidyverse/master/data.R/HtWtData300.csv	https://raw.githubusercontent.com/ASKurz/Doing-Bayesian-Data-Analysis-in-brms-and-the-tidyverse/master/data.R/HtWtData300.csv	kruschke.jl			gaussian	CatalogServer_default_unsubstantiated	2026-07-28T21:07:10.160342+00:00	200	0	https://raw.githubusercontent.com/ASKurz/Doing-Bayesian-Data-Analysis-in-brms-and-the-tidyverse/master/data.R/HtWtData300.csv	text/plain; charset=utf-8	dataset_repository_or_file_only	true	false		weight_z,height_z	not_supported_by_data_file	not_supported_by_data_file	reachable_data_file	unverifiable	The cited resource is a data file; it can support dataset provenance but not the claimed model formula or family.		text_offset=8; matched_terms=height,weight; context_sha256=845a7b139d2f0091	318d00661b7cadb3154f0cbbb9b8fc88db5d86107d22fcb5e72e221246e6767a
194	kruschke/hier_linreg	kruschke	hier_linreg	true	Hierarchical Linear Regression — Varying Intercepts and Slopes	hier_linreg	hier_linreg	y_z ~ 1 + x_z + (1 + x_z || Subj)			https://raw.githubusercontent.com/ASKurz/Doing-Bayesian-Data-Analysis-in-brms-and-the-tidyverse/master/data.R/HierLinRegressData.csv	https://raw.githubusercontent.com/ASKurz/Doing-Bayesian-Data-Analysis-in-brms-and-the-tidyverse/master/data.R/HierLinRegressData.csv	kruschke.jl			gaussian	CatalogServer_default_unsubstantiated	2026-07-28T21:07:10.109685+00:00	200	0	https://raw.githubusercontent.com/ASKurz/Doing-Bayesian-Data-Analysis-in-brms-and-the-tidyverse/master/data.R/HierLinRegressData.csv	text/plain; charset=utf-8	dataset_repository_or_file_only	true	false	subj	y_z,x_z	not_supported_by_data_file	not_supported_by_data_file	reachable_data_file	unverifiable	The cited resource is a data file; it can support dataset provenance but not the claimed model formula or family.			f4a51d469ebb1d67aef279d9165253eda9b41214045f5ceb141255472525b30f
195	kruschke/income_famsize	kruschke	income_famsize	true	Income by Family Size — Measurement-Error Model	income_famsize	income_famsize	median_income_z | se(se_z, sigma = TRUE) ~ 1 + family_size_z + I(family_size_z^2) + (1 + family_size_z + I(family_size_z^2) || State)			https://raw.githubusercontent.com/ASKurz/Doing-Bayesian-Data-Analysis-in-brms-and-the-tidyverse/master/data.R/IncomeFamszState3yr.csv	https://raw.githubusercontent.com/ASKurz/Doing-Bayesian-Data-Analysis-in-brms-and-the-tidyverse/master/data.R/IncomeFamszState3yr.csv	kruschke.jl			gaussian	CatalogServer_default_unsubstantiated	2026-07-28T21:07:10.162378+00:00	200	0	https://raw.githubusercontent.com/ASKurz/Doing-Bayesian-Data-Analysis-in-brms-and-the-tidyverse/master/data.R/IncomeFamszState3yr.csv	text/plain; charset=utf-8	dataset_repository_or_file_only	true	false	state	median_income_z,se_z,family_size_z	not_supported_by_data_file	not_supported_by_data_file	reachable_data_file	unverifiable	The cited resource is a data file; it can support dataset provenance but not the claimed model formula or family.		text_offset=33; matched_terms=income,size; context_sha256=1705863e0e3622cd	88f508e44c65442cebc8b07cf24d9708968a29880c789abbdae66931b2705c83
196	kruschke/guber1999_base	kruschke	guber1999_base	true	Guber 1999 — Base Multiple Regression	guber1999	guber1999	satt_z ~ 1 + spend_z + prcnt_take_z			https://raw.githubusercontent.com/ASKurz/Doing-Bayesian-Data-Analysis-in-brms-and-the-tidyverse/master/data.R/Guber1999data.csv	https://raw.githubusercontent.com/ASKurz/Doing-Bayesian-Data-Analysis-in-brms-and-the-tidyverse/master/data.R/Guber1999data.csv	kruschke.jl			gaussian	CatalogServer_default_unsubstantiated	2026-07-28T21:07:10.007548+00:00	200	0	https://raw.githubusercontent.com/ASKurz/Doing-Bayesian-Data-Analysis-in-brms-and-the-tidyverse/master/data.R/Guber1999data.csv	text/plain; charset=utf-8	dataset_repository_or_file_only	true	false		satt_z,spend_z,prcnt_take_z	not_supported_by_data_file	not_supported_by_data_file	reachable_data_file	unverifiable	The cited resource is a data file; it can support dataset provenance but not the claimed model formula or family.			b312ecb8cee1a9ddf956e55aa478992826e05e03e54509212f599e8d4362dd19
197	kruschke/guber1999_complement	kruschke	guber1999_complement	true	Guber 1999 — Complement Proportion Predictor	guber1999	guber1999	satt_z ~ 0 + Intercept + spend_z + prcnt_take_z + prop_not_take_z			https://raw.githubusercontent.com/ASKurz/Doing-Bayesian-Data-Analysis-in-brms-and-the-tidyverse/master/data.R/Guber1999data.csv	https://raw.githubusercontent.com/ASKurz/Doing-Bayesian-Data-Analysis-in-brms-and-the-tidyverse/master/data.R/Guber1999data.csv	kruschke.jl			gaussian	CatalogServer_default_unsubstantiated	2026-07-28T21:07:10.007548+00:00	200	0	https://raw.githubusercontent.com/ASKurz/Doing-Bayesian-Data-Analysis-in-brms-and-the-tidyverse/master/data.R/Guber1999data.csv	text/plain; charset=utf-8	dataset_repository_or_file_only	true	false		satt_z,intercept,spend_z,prcnt_take_z,prop_not_take_z	not_supported_by_data_file	not_supported_by_data_file	reachable_data_file	unverifiable	The cited resource is a data file; it can support dataset provenance but not the claimed model formula or family.			b312ecb8cee1a9ddf956e55aa478992826e05e03e54509212f599e8d4362dd19
198	kruschke/guber1999_interaction	kruschke	guber1999_interaction	true	Guber 1999 — Interaction Term	guber1999	guber1999	satt_z ~ 1 + spend_z + prcnt_take_z + interaction_z			https://raw.githubusercontent.com/ASKurz/Doing-Bayesian-Data-Analysis-in-brms-and-the-tidyverse/master/data.R/Guber1999data.csv	https://raw.githubusercontent.com/ASKurz/Doing-Bayesian-Data-Analysis-in-brms-and-the-tidyverse/master/data.R/Guber1999data.csv	kruschke.jl			gaussian	CatalogServer_default_unsubstantiated	2026-07-28T21:07:10.007548+00:00	200	0	https://raw.githubusercontent.com/ASKurz/Doing-Bayesian-Data-Analysis-in-brms-and-the-tidyverse/master/data.R/Guber1999data.csv	text/plain; charset=utf-8	dataset_repository_or_file_only	true	false		satt_z,spend_z,prcnt_take_z,interaction_z	not_supported_by_data_file	not_supported_by_data_file	reachable_data_file	unverifiable	The cited resource is a data file; it can support dataset provenance but not the claimed model formula or family.			b312ecb8cee1a9ddf956e55aa478992826e05e03e54509212f599e8d4362dd19
199	kruschke/fruitfly_hierarchical	kruschke	fruitfly_hierarchical	true	Fruitfly — Hierarchical One-Way ANOVA	fruitfly	fruitfly	Longevity ~ 1 + (1 | CompanionNumber)			https://raw.githubusercontent.com/ASKurz/Doing-Bayesian-Data-Analysis-in-brms-and-the-tidyverse/master/data.R/FruitflyDataReduced.csv	https://raw.githubusercontent.com/ASKurz/Doing-Bayesian-Data-Analysis-in-brms-and-the-tidyverse/master/data.R/FruitflyDataReduced.csv	kruschke.jl			gaussian	CatalogServer_default_unsubstantiated	2026-07-28T21:07:09.985423+00:00	200	0	https://raw.githubusercontent.com/ASKurz/Doing-Bayesian-Data-Analysis-in-brms-and-the-tidyverse/master/data.R/FruitflyDataReduced.csv	text/plain; charset=utf-8	dataset_repository_or_file_only	true	false	longevity,companionnumber		not_supported_by_data_file	not_supported_by_data_file	reachable_data_file	unverifiable	The cited resource is a data file; it can support dataset provenance but not the claimed model formula or family.		text_offset=484; matched_terms=one; context_sha256=4bad4b52c4db734f	8d9575b76856558b1f244348d63080da3a0bd1d57d3fd3ff05c12f51ef51699e
200	kruschke/fruitfly_pooled	kruschke	fruitfly_pooled	true	Fruitfly — Pooled Baseline	fruitfly	fruitfly	Longevity ~ 1			https://raw.githubusercontent.com/ASKurz/Doing-Bayesian-Data-Analysis-in-brms-and-the-tidyverse/master/data.R/FruitflyDataReduced.csv	https://raw.githubusercontent.com/ASKurz/Doing-Bayesian-Data-Analysis-in-brms-and-the-tidyverse/master/data.R/FruitflyDataReduced.csv	kruschke.jl			gaussian	CatalogServer_default_unsubstantiated	2026-07-28T21:07:09.985423+00:00	200	0	https://raw.githubusercontent.com/ASKurz/Doing-Bayesian-Data-Analysis-in-brms-and-the-tidyverse/master/data.R/FruitflyDataReduced.csv	text/plain; charset=utf-8	dataset_repository_or_file_only	true	false	longevity		not_supported_by_data_file	not_supported_by_data_file	reachable_data_file	unverifiable	The cited resource is a data file; it can support dataset provenance but not the claimed model formula or family.			8d9575b76856558b1f244348d63080da3a0bd1d57d3fd3ff05c12f51ef51699e
201	kruschke/fruitfly_robust	kruschke	fruitfly_robust	true	Fruitfly — Robust ANOVA with Heterogeneous Sigma	fruitfly	fruitfly	bf(Longevity ~ 0 + CompanionNumber, sigma ~ 0 + CompanionNumber)			https://raw.githubusercontent.com/ASKurz/Doing-Bayesian-Data-Analysis-in-brms-and-the-tidyverse/master/data.R/FruitflyDataReduced.csv	https://raw.githubusercontent.com/ASKurz/Doing-Bayesian-Data-Analysis-in-brms-and-the-tidyverse/master/data.R/FruitflyDataReduced.csv	kruschke.jl			gaussian	CatalogServer_default_unsubstantiated	2026-07-28T21:07:09.985423+00:00	200	0	https://raw.githubusercontent.com/ASKurz/Doing-Bayesian-Data-Analysis-in-brms-and-the-tidyverse/master/data.R/FruitflyDataReduced.csv	text/plain; charset=utf-8	dataset_repository_or_file_only	true	false	longevity,companionnumber		not_supported_by_data_file	not_supported_by_data_file	reachable_data_file	unverifiable	The cited resource is a data file; it can support dataset provenance but not the claimed model formula or family.			8d9575b76856558b1f244348d63080da3a0bd1d57d3fd3ff05c12f51ef51699e
202	kruschke/fruitfly_ancova	kruschke	fruitfly_ancova	true	Fruitfly — ANCOVA with Thorax Covariate	fruitfly	fruitfly	Longevity ~ 1 + thorax_c + (1 | CompanionNumber)			https://raw.githubusercontent.com/ASKurz/Doing-Bayesian-Data-Analysis-in-brms-and-the-tidyverse/master/data.R/FruitflyDataReduced.csv	https://raw.githubusercontent.com/ASKurz/Doing-Bayesian-Data-Analysis-in-brms-and-the-tidyverse/master/data.R/FruitflyDataReduced.csv	kruschke.jl			gaussian	CatalogServer_default_unsubstantiated	2026-07-28T21:07:09.985423+00:00	200	0	https://raw.githubusercontent.com/ASKurz/Doing-Bayesian-Data-Analysis-in-brms-and-the-tidyverse/master/data.R/FruitflyDataReduced.csv	text/plain; charset=utf-8	dataset_repository_or_file_only	true	false	longevity,companionnumber	thorax_c	not_supported_by_data_file	not_supported_by_data_file	reachable_data_file	unverifiable	The cited resource is a data file; it can support dataset provenance but not the claimed model formula or family.		text_offset=26; matched_terms=thorax; context_sha256=c590a6dcf7a426d9	8d9575b76856558b1f244348d63080da3a0bd1d57d3fd3ff05c12f51ef51699e
203	kruschke/fruitfly_anhecova	kruschke	fruitfly_anhecova	true	Fruitfly — ANHECOVA with Random Thorax Slope	fruitfly	fruitfly	Longevity ~ 1 + thorax_c + (1 + thorax_c | CompanionNumber)			https://raw.githubusercontent.com/ASKurz/Doing-Bayesian-Data-Analysis-in-brms-and-the-tidyverse/master/data.R/FruitflyDataReduced.csv	https://raw.githubusercontent.com/ASKurz/Doing-Bayesian-Data-Analysis-in-brms-and-the-tidyverse/master/data.R/FruitflyDataReduced.csv	kruschke.jl			gaussian	CatalogServer_default_unsubstantiated	2026-07-28T21:07:09.985423+00:00	200	0	https://raw.githubusercontent.com/ASKurz/Doing-Bayesian-Data-Analysis-in-brms-and-the-tidyverse/master/data.R/FruitflyDataReduced.csv	text/plain; charset=utf-8	dataset_repository_or_file_only	true	false	longevity,companionnumber	thorax_c	not_supported_by_data_file	not_supported_by_data_file	reachable_data_file	unverifiable	The cited resource is a data file; it can support dataset provenance but not the claimed model formula or family.		text_offset=26; matched_terms=thorax; context_sha256=c590a6dcf7a426d9	8d9575b76856558b1f244348d63080da3a0bd1d57d3fd3ff05c12f51ef51699e
204	kruschke/salary_anova	kruschke	salary_anova	true	Salary — Two-Way Random Effects ANOVA	salary	salary	Salary ~ 1 + (1 | Pos) + (1 | Org) + (1 | Pos:Org)			https://raw.githubusercontent.com/ASKurz/Doing-Bayesian-Data-Analysis-in-brms-and-the-tidyverse/master/data.R/Salary.csv	https://raw.githubusercontent.com/ASKurz/Doing-Bayesian-Data-Analysis-in-brms-and-the-tidyverse/master/data.R/Salary.csv	kruschke.jl			gaussian	CatalogServer_default_unsubstantiated	2026-07-28T21:07:10.187978+00:00	200	0	https://raw.githubusercontent.com/ASKurz/Doing-Bayesian-Data-Analysis-in-brms-and-the-tidyverse/master/data.R/Salary.csv	text/plain; charset=utf-8	dataset_repository_or_file_only	true	false	salary,pos,org		not_supported_by_data_file	not_supported_by_data_file	reachable_data_file	unverifiable	The cited resource is a data file; it can support dataset provenance but not the claimed model formula or family.		text_offset=38; matched_terms=salary; context_sha256=21df16d2d4f4c1c5	ce8a8abd352b9d86ca51c35735979269870ff7c529130a4922e1d61bda9b9c0e
205	kruschke/salary_robust	kruschke	salary_robust	true	Salary — Robust ANOVA with Heterogeneous Residual Variance	salary	salary	bf(Salary ~ 1 + (1 | Pos) + (1 | Org) + (1 | Pos:Org), sigma ~ 1 + (1 | Pos:Org))			https://raw.githubusercontent.com/ASKurz/Doing-Bayesian-Data-Analysis-in-brms-and-the-tidyverse/master/data.R/Salary.csv	https://raw.githubusercontent.com/ASKurz/Doing-Bayesian-Data-Analysis-in-brms-and-the-tidyverse/master/data.R/Salary.csv	kruschke.jl			gaussian	CatalogServer_default_unsubstantiated	2026-07-28T21:07:10.187978+00:00	200	0	https://raw.githubusercontent.com/ASKurz/Doing-Bayesian-Data-Analysis-in-brms-and-the-tidyverse/master/data.R/Salary.csv	text/plain; charset=utf-8	dataset_repository_or_file_only	true	false	salary,pos,org		not_supported_by_data_file	not_supported_by_data_file	reachable_data_file	unverifiable	The cited resource is a data file; it can support dataset provenance but not the claimed model formula or family.		text_offset=38; matched_terms=salary; context_sha256=21df16d2d4f4c1c5	ce8a8abd352b9d86ca51c35735979269870ff7c529130a4922e1d61bda9b9c0e
206	kruschke/splitplot_field	kruschke	splitplot_field	true	Split-Plot ANOVA — With Field Blocking	splitplot	splitplot	Yield ~ 1 + (1 | Till) + (1 | Fert) + (1 | Field) + (1 | Till:Fert)			https://raw.githubusercontent.com/ASKurz/Doing-Bayesian-Data-Analysis-in-brms-and-the-tidyverse/master/data.R/SplitPlotAgriData.csv	https://raw.githubusercontent.com/ASKurz/Doing-Bayesian-Data-Analysis-in-brms-and-the-tidyverse/master/data.R/SplitPlotAgriData.csv	kruschke.jl			gaussian	CatalogServer_default_unsubstantiated	2026-07-28T21:07:10.281330+00:00	200	0	https://raw.githubusercontent.com/ASKurz/Doing-Bayesian-Data-Analysis-in-brms-and-the-tidyverse/master/data.R/SplitPlotAgriData.csv	text/plain; charset=utf-8	dataset_repository_or_file_only	true	false	yield,till,fert,field		not_supported_by_data_file	not_supported_by_data_file	reachable_data_file	unverifiable	The cited resource is a data file; it can support dataset provenance but not the claimed model formula or family.		text_offset=1; matched_terms=field; context_sha256=7212e8df20e3ce5d	57796f7dabaeb5aceb77965af55317517d9fcd8ad4dd9c1e1ec4e57ac6feb397
207	kruschke/splitplot_nofield	kruschke	splitplot_nofield	true	Split-Plot ANOVA — Without Field Blocking	splitplot	splitplot	Yield ~ 1 + (1 | Till) + (1 | Fert) + (1 | Till:Fert)			https://raw.githubusercontent.com/ASKurz/Doing-Bayesian-Data-Analysis-in-brms-and-the-tidyverse/master/data.R/SplitPlotAgriData.csv	https://raw.githubusercontent.com/ASKurz/Doing-Bayesian-Data-Analysis-in-brms-and-the-tidyverse/master/data.R/SplitPlotAgriData.csv	kruschke.jl			gaussian	CatalogServer_default_unsubstantiated	2026-07-28T21:07:10.281330+00:00	200	0	https://raw.githubusercontent.com/ASKurz/Doing-Bayesian-Data-Analysis-in-brms-and-the-tidyverse/master/data.R/SplitPlotAgriData.csv	text/plain; charset=utf-8	dataset_repository_or_file_only	true	false	yield,till,fert		not_supported_by_data_file	not_supported_by_data_file	reachable_data_file	unverifiable	The cited resource is a data file; it can support dataset provenance but not the claimed model formula or family.		text_offset=1; matched_terms=field; context_sha256=7212e8df20e3ce5d	57796f7dabaeb5aceb77965af55317517d9fcd8ad4dd9c1e1ec4e57ac6feb397
208	kruschke/htwt110_single	kruschke	htwt110_single	true	Logistic Regression — Single Predictor (Weight)	htwt110	htwt110	male ~ 1 + weight_z			https://raw.githubusercontent.com/ASKurz/Doing-Bayesian-Data-Analysis-in-brms-and-the-tidyverse/master/data.R/HtWtData110.csv	https://raw.githubusercontent.com/ASKurz/Doing-Bayesian-Data-Analysis-in-brms-and-the-tidyverse/master/data.R/HtWtData110.csv	kruschke.jl			gaussian	CatalogServer_default_unsubstantiated	2026-07-28T21:07:10.155256+00:00	200	0	https://raw.githubusercontent.com/ASKurz/Doing-Bayesian-Data-Analysis-in-brms-and-the-tidyverse/master/data.R/HtWtData110.csv	text/plain; charset=utf-8	dataset_repository_or_file_only	true	false	male	weight_z	not_supported_by_data_file	not_supported_by_data_file	reachable_data_file	unverifiable	The cited resource is a data file; it can support dataset provenance but not the claimed model formula or family.		text_offset=17; matched_terms=weight; context_sha256=c56cf755888c515c	5e92e84f20b1948e3ef853e7165f9bbbd7b1f0a98b0a2d007008fb014afeacbe
209	kruschke/htwt110_two_pred	kruschke	htwt110_two_pred	true	Logistic Regression — Two Predictors (Weight and Height)	htwt110	htwt110	male ~ 1 + weight_z + height_z			https://raw.githubusercontent.com/ASKurz/Doing-Bayesian-Data-Analysis-in-brms-and-the-tidyverse/master/data.R/HtWtData110.csv	https://raw.githubusercontent.com/ASKurz/Doing-Bayesian-Data-Analysis-in-brms-and-the-tidyverse/master/data.R/HtWtData110.csv	kruschke.jl			gaussian	CatalogServer_default_unsubstantiated	2026-07-28T21:07:10.155256+00:00	200	0	https://raw.githubusercontent.com/ASKurz/Doing-Bayesian-Data-Analysis-in-brms-and-the-tidyverse/master/data.R/HtWtData110.csv	text/plain; charset=utf-8	dataset_repository_or_file_only	true	false	male	weight_z,height_z	not_supported_by_data_file	not_supported_by_data_file	reachable_data_file	unverifiable	The cited resource is a data file; it can support dataset provenance but not the claimed model formula or family.		text_offset=17; matched_terms=height,weight; context_sha256=c56cf755888c515c	5e92e84f20b1948e3ef853e7165f9bbbd7b1f0a98b0a2d007008fb014afeacbe
210	kruschke/htwt110_robust	kruschke	htwt110_robust	true	Robust Logistic Regression — Mixture with Guessing	htwt110	htwt110	bf(male ~ a * 0.5 + (1 - a) * 1 / (1 + exp(-(b0 + b1 * weight_z))), a + b0 + b1 ~ 1, nl = TRUE)			https://raw.githubusercontent.com/ASKurz/Doing-Bayesian-Data-Analysis-in-brms-and-the-tidyverse/master/data.R/HtWtData110.csv	https://raw.githubusercontent.com/ASKurz/Doing-Bayesian-Data-Analysis-in-brms-and-the-tidyverse/master/data.R/HtWtData110.csv	kruschke.jl			gaussian	CatalogServer_default_unsubstantiated	2026-07-28T21:07:10.155256+00:00	200	0	https://raw.githubusercontent.com/ASKurz/Doing-Bayesian-Data-Analysis-in-brms-and-the-tidyverse/master/data.R/HtWtData110.csv	text/plain; charset=utf-8	dataset_repository_or_file_only	true	false	male	weight_z	not_supported_by_data_file	not_supported_by_data_file	reachable_data_file	unverifiable	The cited resource is a data file; it can support dataset provenance but not the claimed model formula or family.			5e92e84f20b1948e3ef853e7165f9bbbd7b1f0a98b0a2d007008fb014afeacbe
211	kruschke/softmax_categorical	kruschke	softmax_categorical	true	Softmax — Categorical Regression with Two Predictors	softmax	softmax1	Y ~ 0 + Intercept + X1 + X2			https://raw.githubusercontent.com/ASKurz/Doing-Bayesian-Data-Analysis-in-brms-and-the-tidyverse/master/data.R/SoftmaxRegData1.csv	https://raw.githubusercontent.com/ASKurz/Doing-Bayesian-Data-Analysis-in-brms-and-the-tidyverse/master/data.R/SoftmaxRegData1.csv	kruschke.jl			gaussian	CatalogServer_default_unsubstantiated	2026-07-28T21:07:10.191100+00:00	200	0	https://raw.githubusercontent.com/ASKurz/Doing-Bayesian-Data-Analysis-in-brms-and-the-tidyverse/master/data.R/SoftmaxRegData1.csv	text/plain; charset=utf-8	dataset_repository_or_file_only	true	false		intercept	not_supported_by_data_file	not_supported_by_data_file	reachable_data_file	unverifiable	The cited resource is a data file; it can support dataset provenance but not the claimed model formula or family.			2379a4153441611caa1fa0c15ad3825e22e7f241aed9c1b7d8b677cdeb801beb
212	kruschke/softmax_baseline	kruschke	softmax_baseline	true	Softmax — Intercepts-Only Baseline	softmax	softmax1	Y ~ 1			https://raw.githubusercontent.com/ASKurz/Doing-Bayesian-Data-Analysis-in-brms-and-the-tidyverse/master/data.R/SoftmaxRegData1.csv	https://raw.githubusercontent.com/ASKurz/Doing-Bayesian-Data-Analysis-in-brms-and-the-tidyverse/master/data.R/SoftmaxRegData1.csv	kruschke.jl			gaussian	CatalogServer_default_unsubstantiated	2026-07-28T21:07:10.191100+00:00	200	0	https://raw.githubusercontent.com/ASKurz/Doing-Bayesian-Data-Analysis-in-brms-and-the-tidyverse/master/data.R/SoftmaxRegData1.csv	text/plain; charset=utf-8	dataset_repository_or_file_only	true	false			not_supported_by_data_file	not_supported_by_data_file	reachable_data_file	unverifiable	The cited resource is a data file; it can support dataset provenance but not the claimed model formula or family.			2379a4153441611caa1fa0c15ad3825e22e7f241aed9c1b7d8b677cdeb801beb
213	kruschke/condlog1_ordinal	kruschke	condlog1_ordinal	true	Conditional Logistic — Ordinal Regression (Data Set 1)	softmax	condlog1	Y_ord ~ 1 + cs(X1) + cs(X2)			https://raw.githubusercontent.com/ASKurz/Doing-Bayesian-Data-Analysis-in-brms-and-the-tidyverse/master/data.R/CondLogistRegData1.csv	https://raw.githubusercontent.com/ASKurz/Doing-Bayesian-Data-Analysis-in-brms-and-the-tidyverse/master/data.R/CondLogistRegData1.csv	kruschke.jl			gaussian	CatalogServer_default_unsubstantiated	2026-07-28T21:07:09.982748+00:00	200	0	https://raw.githubusercontent.com/ASKurz/Doing-Bayesian-Data-Analysis-in-brms-and-the-tidyverse/master/data.R/CondLogistRegData1.csv	text/plain; charset=utf-8	dataset_repository_or_file_only	true	false		y_ord	not_supported_by_data_file	not_supported_by_data_file	reachable_data_file	unverifiable	The cited resource is a data file; it can support dataset provenance but not the claimed model formula or family.			670192f3f6b071b4973efb73e703a7d1556bc79e98f7d157c9d38fd65a8e85ac
214	kruschke/condlog2_ordinal	kruschke	condlog2_ordinal	true	Conditional Logistic — Ordinal Regression (Data Set 2)	softmax	condlog2	Y_ord ~ 1 + cs(X1) + cs(X2)			https://raw.githubusercontent.com/ASKurz/Doing-Bayesian-Data-Analysis-in-brms-and-the-tidyverse/master/data.R/CondLogistRegData2.csv	https://raw.githubusercontent.com/ASKurz/Doing-Bayesian-Data-Analysis-in-brms-and-the-tidyverse/master/data.R/CondLogistRegData2.csv	kruschke.jl			gaussian	CatalogServer_default_unsubstantiated	2026-07-28T21:07:09.983253+00:00	200	0	https://raw.githubusercontent.com/ASKurz/Doing-Bayesian-Data-Analysis-in-brms-and-the-tidyverse/master/data.R/CondLogistRegData2.csv	text/plain; charset=utf-8	dataset_repository_or_file_only	true	false		y_ord	not_supported_by_data_file	not_supported_by_data_file	reachable_data_file	unverifiable	The cited resource is a data file; it can support dataset provenance but not the claimed model formula or family.			e45f5db58f237e25665a4e2437e4f761f998a230cfa35dfdca7871ea5b2d0b0d
215	kruschke/ordinal_probit_intercept	kruschke	ordinal_probit_intercept	true	Ordinal Probit — Intercept Only	ordinal_probit	ordinal_probit	Y ~ 1			https://raw.githubusercontent.com/ASKurz/Doing-Bayesian-Data-Analysis-in-brms-and-the-tidyverse/master/data.R/OrdinalProbitData1.csv	https://raw.githubusercontent.com/ASKurz/Doing-Bayesian-Data-Analysis-in-brms-and-the-tidyverse/master/data.R/OrdinalProbitData1.csv	kruschke.jl			gaussian	CatalogServer_default_unsubstantiated	2026-07-28T21:07:10.183653+00:00	200	0	https://raw.githubusercontent.com/ASKurz/Doing-Bayesian-Data-Analysis-in-brms-and-the-tidyverse/master/data.R/OrdinalProbitData1.csv	text/plain; charset=utf-8	dataset_repository_or_file_only	true	false			not_supported_by_data_file	not_supported_by_data_file	reachable_data_file	unverifiable	The cited resource is a data file; it can support dataset provenance but not the claimed model formula or family.			8784ec1578398216646404186442a8c6ca982c746b48e2ee65e645c4adc4a144
216	kruschke/ordinal_probit_disc	kruschke	ordinal_probit_disc	true	Ordinal Probit — Discrimination Parameter	ordinal_probit	ordinal_probit	bf(Y ~ 1 + X) + lf(disc ~ 0 + X, cmc = FALSE)			https://raw.githubusercontent.com/ASKurz/Doing-Bayesian-Data-Analysis-in-brms-and-the-tidyverse/master/data.R/OrdinalProbitData1.csv	https://raw.githubusercontent.com/ASKurz/Doing-Bayesian-Data-Analysis-in-brms-and-the-tidyverse/master/data.R/OrdinalProbitData1.csv	kruschke.jl			gaussian	CatalogServer_default_unsubstantiated	2026-07-28T21:07:10.183653+00:00	200	0	https://raw.githubusercontent.com/ASKurz/Doing-Bayesian-Data-Analysis-in-brms-and-the-tidyverse/master/data.R/OrdinalProbitData1.csv	text/plain; charset=utf-8	dataset_repository_or_file_only	true	false		disc,cmc	not_supported_by_data_file	not_supported_by_data_file	reachable_data_file	unverifiable	The cited resource is a data file; it can support dataset provenance but not the claimed model formula or family.			8784ec1578398216646404186442a8c6ca982c746b48e2ee65e645c4adc4a144
217	kruschke/ordinal_probit_hetero	kruschke	ordinal_probit_hetero	true	Ordinal Probit — Heteroscedastic Gaussian Comparison	ordinal_probit	ordinal_probit	bf(Y ~ 0 + X, sigma ~ 0 + X)			https://raw.githubusercontent.com/ASKurz/Doing-Bayesian-Data-Analysis-in-brms-and-the-tidyverse/master/data.R/OrdinalProbitData1.csv	https://raw.githubusercontent.com/ASKurz/Doing-Bayesian-Data-Analysis-in-brms-and-the-tidyverse/master/data.R/OrdinalProbitData1.csv	kruschke.jl			gaussian	CatalogServer_default_unsubstantiated	2026-07-28T21:07:10.183653+00:00	200	0	https://raw.githubusercontent.com/ASKurz/Doing-Bayesian-Data-Analysis-in-brms-and-the-tidyverse/master/data.R/OrdinalProbitData1.csv	text/plain; charset=utf-8	dataset_repository_or_file_only	true	false			not_supported_by_data_file	not_supported_by_data_file	reachable_data_file	unverifiable	The cited resource is a data file; it can support dataset provenance but not the claimed model formula or family.			8784ec1578398216646404186442a8c6ca982c746b48e2ee65e645c4adc4a144
218	kruschke/happiness_assets	kruschke	happiness_assets	true	Happiness and Assets — Cumulative Ordinal Probit	happiness_assets	happiness_assets	Happiness ~ 1 + Assets_s			https://raw.githubusercontent.com/ASKurz/Doing-Bayesian-Data-Analysis-in-brms-and-the-tidyverse/master/data.R/HappinessAssetsDebt.csv	https://raw.githubusercontent.com/ASKurz/Doing-Bayesian-Data-Analysis-in-brms-and-the-tidyverse/master/data.R/HappinessAssetsDebt.csv	kruschke.jl			gaussian	CatalogServer_default_unsubstantiated	2026-07-28T21:07:10.014834+00:00	200	0	https://raw.githubusercontent.com/ASKurz/Doing-Bayesian-Data-Analysis-in-brms-and-the-tidyverse/master/data.R/HappinessAssetsDebt.csv	text/plain; charset=utf-8	dataset_repository_or_file_only	true	false	happiness	assets_s	not_supported_by_data_file	not_supported_by_data_file	reachable_data_file	unverifiable	The cited resource is a data file; it can support dataset provenance but not the claimed model formula or family.		text_offset=1; matched_terms=assets,happiness; context_sha256=bd6bf8ad0da2ca4a	9ec06f4a16d976b4d39a4ef801080696ef9336d9f67302bd0f0d12151c570051
219	kruschke/movies	kruschke	movies	true	Movie Ratings — Cumulative Ordinal Regression	movies	movies	Rating ~ 1 + Year_s + Length_s			https://raw.githubusercontent.com/ASKurz/Doing-Bayesian-Data-Analysis-in-brms-and-the-tidyverse/master/data.R/Movies.csv	https://raw.githubusercontent.com/ASKurz/Doing-Bayesian-Data-Analysis-in-brms-and-the-tidyverse/master/data.R/Movies.csv	kruschke.jl			gaussian	CatalogServer_default_unsubstantiated	2026-07-28T21:07:10.164408+00:00	200	0	https://raw.githubusercontent.com/ASKurz/Doing-Bayesian-Data-Analysis-in-brms-and-the-tidyverse/master/data.R/Movies.csv	text/plain; charset=utf-8	dataset_repository_or_file_only	true	false	rating	year_s,length_s	not_supported_by_data_file	not_supported_by_data_file	reachable_data_file	unverifiable	The cited resource is a data file; it can support dataset provenance but not the claimed model formula or family.			133165b6ff33a95fd0136803646d0f2fb85f0e124b2944351b9190773d59129c
220	kruschke/haireye_poisson	kruschke	haireye_poisson	true	Hair-Eye Color — Poisson Log-Linear	haireye	haireye	Count ~ 1 + (1 | Hair) + (1 | Eye) + (1 | Hair:Eye)			https://raw.githubusercontent.com/ASKurz/Doing-Bayesian-Data-Analysis-in-brms-and-the-tidyverse/master/data.R/HairEyeColor.csv	https://raw.githubusercontent.com/ASKurz/Doing-Bayesian-Data-Analysis-in-brms-and-the-tidyverse/master/data.R/HairEyeColor.csv	kruschke.jl			gaussian	CatalogServer_default_unsubstantiated	2026-07-28T21:07:10.010587+00:00	200	0	https://raw.githubusercontent.com/ASKurz/Doing-Bayesian-Data-Analysis-in-brms-and-the-tidyverse/master/data.R/HairEyeColor.csv	text/plain; charset=utf-8	dataset_repository_or_file_only	true	false	count,hair,eye		not_supported_by_data_file	not_supported_by_data_file	reachable_data_file	unverifiable	The cited resource is a data file; it can support dataset provenance but not the claimed model formula or family.		text_offset=0; matched_terms=eye,hair; context_sha256=97719b33587fed7a	e405c295c6aeafef9ba0c84bcc6880c16c4cf56614724410e8e158493a6ce44f
221	kruschke/haireye_binomial	kruschke	haireye_binomial	true	Hair-Eye Color — Binomial Version	haireye	haireye	Count | trials(264) ~ 1 + (1 | Hair) + (1 | Eye) + (1 | Hair:Eye)			https://raw.githubusercontent.com/ASKurz/Doing-Bayesian-Data-Analysis-in-brms-and-the-tidyverse/master/data.R/HairEyeColor.csv	https://raw.githubusercontent.com/ASKurz/Doing-Bayesian-Data-Analysis-in-brms-and-the-tidyverse/master/data.R/HairEyeColor.csv	kruschke.jl			gaussian	CatalogServer_default_unsubstantiated	2026-07-28T21:07:10.010587+00:00	200	0	https://raw.githubusercontent.com/ASKurz/Doing-Bayesian-Data-Analysis-in-brms-and-the-tidyverse/master/data.R/HairEyeColor.csv	text/plain; charset=utf-8	dataset_repository_or_file_only	true	false	count,hair,eye	trials	not_supported_by_data_file	not_supported_by_data_file	reachable_data_file	unverifiable	The cited resource is a data file; it can support dataset provenance but not the claimed model formula or family.		text_offset=0; matched_terms=eye,hair; context_sha256=97719b33587fed7a	e405c295c6aeafef9ba0c84bcc6880c16c4cf56614724410e8e158493a6ce44f
222	kruschke/censored_missing	kruschke	censored_missing	true	Censored Data — Missing Values Model	censored	censored	y_na ~ 1			synthetic	synthetic	kruschke.jl			gaussian	CatalogServer_default_unsubstantiated						no_external_authority	false	false		y_na	not_evaluable	not_evaluable	synthetic_claim_only	unverifiable	No external model citation: catalog claim is synthetic/uncited.			
223	kruschke/censored_lr	kruschke	censored_lr	true	Censored Data — Left/Right Censoring	censored	censored	y1 | cens(cen1) ~ 1			synthetic	synthetic	kruschke.jl			gaussian	CatalogServer_default_unsubstantiated						no_external_authority	false	false		cens,cen1	not_evaluable	not_evaluable	synthetic_claim_only	unverifiable	No external model citation: catalog claim is synthetic/uncited.			
224	kruschke/censored_interval	kruschke	censored_interval	true	Censored Data — Interval Censoring	censored	censored	y2 | cens(cen2, y3) ~ 1			synthetic	synthetic	kruschke.jl			gaussian	CatalogServer_default_unsubstantiated						no_external_authority	false	false		cens,cen2	not_evaluable	not_evaluable	synthetic_claim_only	unverifiable	No external model citation: catalog claim is synthetic/uncited.			
225	burkner_papers/epilepsy_base	burkner_papers	epilepsy_base	true	Epileptic Seizure Counts — Poisson GLMM	epilepsy	epilepsy	count ~ zBase * Trt + (1 | patient)			https://doi.org/10.18637/jss.v080.i01	https://vincentarelbundock.github.io/Rdatasets/csv/MASS/epil.csv	burkner_papers.jl			gaussian	CatalogServer_default_unsubstantiated	2026-07-28T21:07:08.677061+00:00	200	0	https://www.jstatsoft.org/article/view/v080i01	text/html; charset=utf-8	cited_project_author_publisher_surface	false	false		count,zbase,trt,patient	insufficient_terms:0/4	not_claimed	not_observed	unverifiable	Retrieved source does not expose enough formula-specific evidence to confirm or refute the catalog claim conservatively.			89f79a2d3c77d1fd081c0dcfeac5e9c692e82ee1290a2edbf18b33898b9711b1
226	burkner_papers/epilepsy_trunc	burkner_papers	epilepsy_trunc	true	Epileptic Seizure Counts — Truncated Poisson	epilepsy	epilepsy	count | trunc(ub = 104) ~ zBase * Trt + (1 | patient)			https://doi.org/10.18637/jss.v080.i01	https://vincentarelbundock.github.io/Rdatasets/csv/MASS/epil.csv	burkner_papers.jl			gaussian	CatalogServer_default_unsubstantiated	2026-07-28T21:07:08.677061+00:00	200	0	https://www.jstatsoft.org/article/view/v080i01	text/html; charset=utf-8	cited_project_author_publisher_surface	false	false		count,trunc,zbase,trt,patient	insufficient_terms:0/5	not_claimed	not_observed	unverifiable	Retrieved source does not expose enough formula-specific evidence to confirm or refute the catalog claim conservatively.			89f79a2d3c77d1fd081c0dcfeac5e9c692e82ee1290a2edbf18b33898b9711b1
227	burkner_papers/epilepsy_simple	burkner_papers	epilepsy_simple	true	Epileptic Seizure Counts — Simplified Main Effects	epilepsy	epilepsy	count ~ Trt + (1 | patient)			https://doi.org/10.18637/jss.v080.i01	https://vincentarelbundock.github.io/Rdatasets/csv/MASS/epil.csv	burkner_papers.jl			gaussian	CatalogServer_default_unsubstantiated	2026-07-28T21:07:08.677061+00:00	200	0	https://www.jstatsoft.org/article/view/v080i01	text/html; charset=utf-8	cited_project_author_publisher_surface	false	false		count,trt,patient	insufficient_terms:0/3	not_claimed	name_or_key_present	unverifiable	Retrieved source does not expose enough formula-specific evidence to confirm or refute the catalog claim conservatively.		text_offset=95; matched_terms=main; context_sha256=21c362c03492e446	89f79a2d3c77d1fd081c0dcfeac5e9c692e82ee1290a2edbf18b33898b9711b1
228	burkner_papers/inhaler	burkner_papers	inhaler	true	Inhaler Ordinal Ratings — Sequential Ratio Model	inhaler	inhaler	rating ~ period + carry + cs(treat)			https://doi.org/10.18637/jss.v080.i01	synthetic	burkner_papers.jl			gaussian	CatalogServer_default_unsubstantiated	2026-07-28T21:07:08.677061+00:00	200	0	https://www.jstatsoft.org/article/view/v080i01	text/html; charset=utf-8	cited_project_author_publisher_surface	false	false		rating,period,carry,treat	insufficient_terms:0/4	not_claimed	name_or_key_present	unverifiable	Retrieved source does not expose enough formula-specific evidence to confirm or refute the catalog claim conservatively.		text_offset=765; matched_terms=ordinal; context_sha256=c098b783eecbbe32	89f79a2d3c77d1fd081c0dcfeac5e9c692e82ee1290a2edbf18b33898b9711b1
229	burkner_papers/kidney	burkner_papers	kidney	true	Kidney Recurrence Times — Lognormal Survival	kidney	kidney	time | cens(censored) ~ age * sex + disease + (1 | patient)			https://doi.org/10.18637/jss.v080.i01	synthetic	burkner_papers.jl			gaussian	CatalogServer_default_unsubstantiated	2026-07-28T21:07:08.677061+00:00	200	0	https://www.jstatsoft.org/article/view/v080i01	text/html; charset=utf-8	cited_project_author_publisher_surface	false	false	censored	time,cens,age,sex,disease,patient	insufficient_terms:1/7	not_claimed	name_or_key_present	unverifiable	Retrieved source does not expose enough formula-specific evidence to confirm or refute the catalog claim conservatively.		text_offset=964; matched_terms=censored,survival; context_sha256=067988a9480bce7d	89f79a2d3c77d1fd081c0dcfeac5e9c692e82ee1290a2edbf18b33898b9711b1
230	burkner_papers/hetero_jss_sigma	burkner_papers	hetero_jss_sigma	true	Heteroscedastic Model — Group-Specific Sigma	hetero_jss	hetero_jss	bf(y ~ x, sigma ~ 0 + x)			https://doi.org/10.18637/jss.v080.i01	synthetic	burkner_papers.jl			gaussian	CatalogServer_default_unsubstantiated	2026-07-28T21:07:08.677061+00:00	200	0	https://www.jstatsoft.org/article/view/v080i01	text/html; charset=utf-8	cited_project_author_publisher_surface	false	false			insufficient_terms:0/0	not_claimed	name_or_key_present	unverifiable	Retrieved source does not expose enough formula-specific evidence to confirm or refute the catalog claim conservatively.		text_offset=43; matched_terms=model; context_sha256=8f3ad7ab69b41eeb	89f79a2d3c77d1fd081c0dcfeac5e9c692e82ee1290a2edbf18b33898b9711b1
231	burkner_papers/hetero_jss_quantile	burkner_papers	hetero_jss_quantile	true	Quantile Regression — Asymmetric Laplace	hetero_jss	hetero_jss	bf(y ~ x, quantile = 0.25)			https://doi.org/10.18637/jss.v080.i01	synthetic	burkner_papers.jl			gaussian	CatalogServer_default_unsubstantiated	2026-07-28T21:07:08.677061+00:00	200	0	https://www.jstatsoft.org/article/view/v080i01	text/html; charset=utf-8	cited_project_author_publisher_surface	false	false		quantile	insufficient_terms:0/1	not_claimed	not_observed	unverifiable	Retrieved source does not expose enough formula-specific evidence to confirm or refute the catalog claim conservatively.			89f79a2d3c77d1fd081c0dcfeac5e9c692e82ee1290a2edbf18b33898b9711b1
232	burkner_papers/fish_rj_poisson	burkner_papers	fish_rj_poisson	true	Fish Counts — Poisson Baseline	fish_rj	fish_rj	count ~ persons + child + camper			https://doi.org/10.32614/RJ-2018-017	http://paulbuerkner.com/data/fish.csv	burkner_papers.jl			gaussian	CatalogServer_default_unsubstantiated	2026-07-28T21:07:08.679121+00:00	200	0	https://journal.r-project.org/articles/RJ-2018-017/index.html	text/html	cited_project_author_publisher_surface	false	true	count,persons,child,camper		exact_text_present	not_claimed	name_or_key_present	confirmed	The retrieved official/primary source contains the normalized claimed formula text.		text_offset=19622; matched_terms=camper,persons; context_sha256=97f7f57bb9fe4237	33aed1138c3b66dd945cdccac47d9cd5436d5c509bf30b296940900f1605c1bb
233	burkner_papers/fish_rj_zip	burkner_papers	fish_rj_zip	true	Fish Counts — Zero-Inflated Poisson	fish_rj	fish_rj	bf(count ~ persons + child + camper, zi ~ child)			https://doi.org/10.32614/RJ-2018-017	http://paulbuerkner.com/data/fish.csv	burkner_papers.jl			gaussian	CatalogServer_default_unsubstantiated	2026-07-28T21:07:08.679121+00:00	200	0	https://journal.r-project.org/articles/RJ-2018-017/index.html	text/html	cited_project_author_publisher_surface	false	true	count,persons,child,camper		exact_text_present	not_claimed	name_or_key_present	confirmed	The retrieved official/primary source contains the normalized claimed formula text.		text_offset=19622; matched_terms=camper,persons; context_sha256=97f7f57bb9fe4237	33aed1138c3b66dd945cdccac47d9cd5436d5c509bf30b296940900f1605c1bb
234	burkner_papers/rent99_spline	burkner_papers	rent99_spline	true	Munich Rent Data — Tensor-Product Spline	rent99	rent99	rentsqm ~ t2(area, yearc) + (1 | district)			https://doi.org/10.32614/RJ-2018-017	synthetic	burkner_papers.jl			gaussian	CatalogServer_default_unsubstantiated	2026-07-28T21:07:08.679121+00:00	200	0	https://journal.r-project.org/articles/RJ-2018-017/index.html	text/html	cited_project_author_publisher_surface	false	true	rentsqm,area,yearc,district		exact_text_present	not_claimed	name_or_key_present	confirmed	The retrieved official/primary source contains the normalized claimed formula text.		text_offset=24669; matched_terms=area,district,rent99,rentsqm,tensor,yearc; context_sha256=1dbb381e9ff43c89	33aed1138c3b66dd945cdccac47d9cd5436d5c509bf30b296940900f1605c1bb
235	burkner_papers/rent99_distr	burkner_papers	rent99_distr	true	Munich Rent Data — Distributional Smooth Regression	rent99	rent99	bf(rentsqm ~ t2(area, yearc) + (1 | ID1 | district), sigma ~ t2(area, yearc) + (1 | ID1 | district))			https://doi.org/10.32614/RJ-2018-017	synthetic	burkner_papers.jl			gaussian	CatalogServer_default_unsubstantiated	2026-07-28T21:07:08.679121+00:00	200	0	https://journal.r-project.org/articles/RJ-2018-017/index.html	text/html	cited_project_author_publisher_surface	false	true	rentsqm,area,yearc,id1,district		exact_text_present	not_claimed	name_or_key_present	confirmed	The retrieved official/primary source contains the normalized claimed formula text.		text_offset=24433; matched_terms=area,district,rent99,rentsqm,yearc; context_sha256=c89dc6acd9dad696	33aed1138c3b66dd945cdccac47d9cd5436d5c509bf30b296940900f1605c1bb
236	burkner_papers/loss_rj	burkner_papers	loss_rj	true	Nonlinear Loss Development — Weibull Curve	loss_rj	loss_rj	bf(cum ~ ult * (1 - exp(-(dev/theta)^omega)), ult ~ 1 + (1 | AY), omega ~ 1, theta ~ 1, nl = TRUE)			https://doi.org/10.32614/RJ-2018-017	synthetic	burkner_papers.jl			gaussian	CatalogServer_default_unsubstantiated	2026-07-28T21:07:08.679121+00:00	200	0	https://journal.r-project.org/articles/RJ-2018-017/index.html	text/html	cited_project_author_publisher_surface	false	true	cum,ult,dev,theta,omega		exact_text_present	not_claimed	name_or_key_present	confirmed	The retrieved official/primary source contains the normalized claimed formula text.		text_offset=14910; matched_terms=cum; context_sha256=7b3689ac451198b7	33aed1138c3b66dd945cdccac47d9cd5436d5c509bf30b296940900f1605c1bb
237	burkner_papers/multi_member_equal	burkner_papers	multi_member_equal	true	Multiple Membership Model — Equal Weights	multi_member	multi_member	y ~ 1 + (1 | mm(s1, s2))			https://doi.org/10.32614/RJ-2018-017	synthetic	burkner_papers.jl			gaussian	CatalogServer_default_unsubstantiated	2026-07-28T21:07:08.679121+00:00	200	0	https://journal.r-project.org/articles/RJ-2018-017/index.html	text/html	cited_project_author_publisher_surface	false	true			exact_text_present	not_claimed	name_or_key_present	confirmed	The retrieved official/primary source contains the normalized claimed formula text.		text_offset=9869; matched_terms=multiple; context_sha256=a74dfa343ea9579a	33aed1138c3b66dd945cdccac47d9cd5436d5c509bf30b296940900f1605c1bb
238	burkner_papers/multi_member_weighted	burkner_papers	multi_member_weighted	true	Multiple Membership Model — Weighted	multi_member	multi_member	y ~ 1 + (1 | mm(s1, s2, weights = cbind(w1, w2)))			https://doi.org/10.32614/RJ-2018-017	synthetic	burkner_papers.jl			gaussian	CatalogServer_default_unsubstantiated	2026-07-28T21:07:08.679121+00:00	200	0	https://journal.r-project.org/articles/RJ-2018-017/index.html	text/html	cited_project_author_publisher_surface	false	true	weights,cbind		exact_text_present	not_claimed	name_or_key_present	confirmed	The retrieved official/primary source contains the normalized claimed formula text.		text_offset=40765; matched_terms=weights; context_sha256=8e854b44867b64ef	33aed1138c3b66dd945cdccac47d9cd5436d5c509bf30b296940900f1605c1bb
239	action_models/rw_jget_lr	action_models	rw_jget_lr	true	Rescorla-Wagner × JGET — Learning Rate vs. Delusional Ideation	rw_jget	jget_sub	learning_rate ~ 1 + pdi_total + session + (1 | ID)			https://github.com/ComputationalPsychiatry/ActionModels.jl/blob/main/docs/julia_files/D_tutorials_examples/example_jget.jl	https://github.com/ComputationalPsychiatry/ActionModels.jl/tree/main/docs/example_data/JGET	action_models.jl			gaussian	CatalogServer_default_unsubstantiated	2026-07-28T21:07:08.702298+00:00	200	0	https://github.com/ComputationalPsychiatry/ActionModels.jl/blob/main/docs/julia_files/D_tutorials_examples/example_jget.jl	text/html; charset=utf-8	cited_project_author_publisher_surface	false	true	learning_rate,pdi_total,session		exact_text_present	not_claimed	name_or_key_present	confirmed	The retrieved official/primary source contains the normalized claimed formula text.		text_offset=4531; matched_terms=delusional,ideation,rescorla,wagner; context_sha256=5c9515f8227a128e	9c5ed72bb4336c5b7f66f49b2195f21f2423bfa023fe2a1cad2fc4adb246139d
240	action_models/rw_jget_noise	action_models	rw_jget_noise	true	Rescorla-Wagner × JGET — Action Noise vs. Delusional Ideation	rw_jget	jget_sub	action_noise ~ 1 + pdi_total + session + (1 | ID)			https://github.com/ComputationalPsychiatry/ActionModels.jl/blob/main/docs/julia_files/D_tutorials_examples/example_jget.jl	https://github.com/ComputationalPsychiatry/ActionModels.jl/tree/main/docs/example_data/JGET	action_models.jl			gaussian	CatalogServer_default_unsubstantiated	2026-07-28T21:07:08.702298+00:00	200	0	https://github.com/ComputationalPsychiatry/ActionModels.jl/blob/main/docs/julia_files/D_tutorials_examples/example_jget.jl	text/html; charset=utf-8	cited_project_author_publisher_surface	false	true	action_noise,pdi_total,session		exact_text_present	not_claimed	name_or_key_present	confirmed	The retrieved official/primary source contains the normalized claimed formula text.		text_offset=4531; matched_terms=delusional,ideation,rescorla,wagner; context_sha256=5c9515f8227a128e	9c5ed72bb4336c5b7f66f49b2195f21f2423bfa023fe2a1cad2fc4adb246139d
241	action_models/pvl_igt_lr	action_models	pvl_igt_lr	true	PVL-Delta × IGT — Learning Rate vs. Clinical Group	pvl_igt	ahn_igt	learning_rate ~ clinical_group + (1 | subjID)			https://github.com/ComputationalPsychiatry/ActionModels.jl/blob/main/docs/julia_files/C_premade_models/pvl_delta.jl	https://github.com/ComputationalPsychiatry/ActionModels.jl/tree/main/docs/example_data/ahn_et_al_2014	action_models.jl			gaussian	CatalogServer_default_unsubstantiated	2026-07-28T21:07:08.688848+00:00	200	0	https://github.com/ComputationalPsychiatry/ActionModels.jl/blob/main/docs/julia_files/C_premade_models/pvl_delta.jl	text/html; charset=utf-8	cited_project_author_publisher_surface	false	false	learning_rate,clinical_group,subjid		contradicted_by_cited_source	not_claimed	healthy_control_subset_only	mismatch	Cited code loads only healthy controls and defines independent population priors; it does not regress any parameter on clinical_group.	Represent the cited code as independent LogitNormal/LogNormal population priors, or cite a different source that actually fits clinical_group effects.	source anchors: IGTdata_healthy_control.txt; population_model; session_cols=:subjID	139a8323d4c6c2a4e8d6cc48fd51ac4f3c2eb60c6269ff517ee9f8f36f59f233
242	action_models/pvl_igt_reward	action_models	pvl_igt_reward	true	PVL-Delta × IGT — Reward Sensitivity vs. Clinical Group	pvl_igt	ahn_igt	reward_sensitivity ~ clinical_group + (1 | subjID)			https://github.com/ComputationalPsychiatry/ActionModels.jl/blob/main/docs/julia_files/C_premade_models/pvl_delta.jl	https://github.com/ComputationalPsychiatry/ActionModels.jl/tree/main/docs/example_data/ahn_et_al_2014	action_models.jl			gaussian	CatalogServer_default_unsubstantiated	2026-07-28T21:07:08.688848+00:00	200	0	https://github.com/ComputationalPsychiatry/ActionModels.jl/blob/main/docs/julia_files/C_premade_models/pvl_delta.jl	text/html; charset=utf-8	cited_project_author_publisher_surface	false	false	reward_sensitivity,clinical_group,subjid		contradicted_by_cited_source	not_claimed	healthy_control_subset_only	mismatch	Cited code loads only healthy controls and defines independent population priors; it does not regress any parameter on clinical_group.	Represent the cited code as independent LogitNormal/LogNormal population priors, or cite a different source that actually fits clinical_group effects.	source anchors: IGTdata_healthy_control.txt; population_model; session_cols=:subjID	139a8323d4c6c2a4e8d6cc48fd51ac4f3c2eb60c6269ff517ee9f8f36f59f233
243	action_models/pvl_igt_loss	action_models	pvl_igt_loss	true	PVL-Delta × IGT — Loss Aversion vs. Clinical Group	pvl_igt	ahn_igt	loss_aversion ~ clinical_group + (1 | subjID)			https://github.com/ComputationalPsychiatry/ActionModels.jl/blob/main/docs/julia_files/C_premade_models/pvl_delta.jl	https://github.com/ComputationalPsychiatry/ActionModels.jl/tree/main/docs/example_data/ahn_et_al_2014	action_models.jl			gaussian	CatalogServer_default_unsubstantiated	2026-07-28T21:07:08.688848+00:00	200	0	https://github.com/ComputationalPsychiatry/ActionModels.jl/blob/main/docs/julia_files/C_premade_models/pvl_delta.jl	text/html; charset=utf-8	cited_project_author_publisher_surface	false	false	loss_aversion,clinical_group,subjid		contradicted_by_cited_source	not_claimed	healthy_control_subset_only	mismatch	Cited code loads only healthy controls and defines independent population priors; it does not regress any parameter on clinical_group.	Represent the cited code as independent LogitNormal/LogNormal population priors, or cite a different source that actually fits clinical_group effects.	source anchors: IGTdata_healthy_control.txt; population_model; session_cols=:subjID	139a8323d4c6c2a4e8d6cc48fd51ac4f3c2eb60c6269ff517ee9f8f36f59f233
244	action_models/pvl_igt_noise	action_models	pvl_igt_noise	true	PVL-Delta × IGT — Action Noise vs. Clinical Group	pvl_igt	ahn_igt	action_noise ~ clinical_group + (1 | subjID)			https://github.com/ComputationalPsychiatry/ActionModels.jl/blob/main/docs/julia_files/C_premade_models/pvl_delta.jl	https://github.com/ComputationalPsychiatry/ActionModels.jl/tree/main/docs/example_data/ahn_et_al_2014	action_models.jl			gaussian	CatalogServer_default_unsubstantiated	2026-07-28T21:07:08.688848+00:00	200	0	https://github.com/ComputationalPsychiatry/ActionModels.jl/blob/main/docs/julia_files/C_premade_models/pvl_delta.jl	text/html; charset=utf-8	cited_project_author_publisher_surface	false	false	action_noise,clinical_group,subjid		contradicted_by_cited_source	not_claimed	healthy_control_subset_only	mismatch	Cited code loads only healthy controls and defines independent population priors; it does not regress any parameter on clinical_group.	Represent the cited code as independent LogitNormal/LogNormal population priors, or cite a different source that actually fits clinical_group effects.	source anchors: IGTdata_healthy_control.txt; population_model; session_cols=:subjID	139a8323d4c6c2a4e8d6cc48fd51ac4f3c2eb60c6269ff517ee9f8f36f59f233
245	epidist/delay_naive	epidist	delay_naive	true	Delay Distribution — Naive Lognormal (No Bias Correction)	outbreak_delays	outbreak_aggregated	delay | weights(n) ~ 1			https://epidist.epinowcast.org/articles/epidist.html	synthetic	epidist.jl			gaussian	CatalogServer_default_unsubstantiated	2026-07-28T21:07:08.682310+00:00	200	0	https://epidist.epinowcast.org/articles/epidist.html	text/html; charset=utf-8	cited_project_author_publisher_surface	false	true	delay,weights		exact_text_present	not_claimed	name_or_key_present	confirmed	The retrieved official/primary source contains the normalized claimed formula text.		text_offset=809; matched_terms=bias,delay,distribution; context_sha256=d3039d5a94900bd3	d735348045497d28be6651a72d94f0c44699342bb75d1bb0b8a14764bc0530c5
246	epidist/delay_marginal	epidist	delay_marginal	true	Delay Distribution — Marginal Lognormal (Censoring + Truncation Corrected)	outbreak_delays	outbreak_aggregated	delay_lwr | weights(n) + vreal(relative_obs_time, pwindow, swindow, delay_upr) ~ 1			https://epidist.epinowcast.org/articles/epidist.html	synthetic	epidist.jl			gaussian	CatalogServer_default_unsubstantiated	2026-07-28T21:07:08.682310+00:00	200	0	https://epidist.epinowcast.org/articles/epidist.html	text/html; charset=utf-8	cited_project_author_publisher_surface	false	true	delay_lwr,weights,vreal,relative_obs_time,pwindow,swindow,delay_upr		exact_text_present	not_claimed	name_or_key_present	confirmed	The retrieved official/primary source contains the normalized claimed formula text.		text_offset=25123; matched_terms=delay_lwr,delay_upr,pwindow,relative_obs_time,swindow; context_sha256=cf579c2a31b86858	d735348045497d28be6651a72d94f0c44699342bb75d1bb0b8a14764bc0530c5
247	epinowcast/enw_basic	epinowcast	enw_basic	true	'Epinowcast — Basic: Geometric Random Walk + Lognormal Delay'	epinowcast_basic	hosp_triangle	enw_expectation(~0 + (1|day)) + enw_reference(~1, dist='lognormal')			https://package.epinowcast.org/articles/epinowcast.html	synthetic	epinowcast.jl			gaussian	CatalogServer_default_unsubstantiated	2026-07-28T21:07:09.855522+00:00	200	0	https://package.epinowcast.org/articles/epinowcast.html	text/html; charset=utf-8	cited_project_author_publisher_surface	false	false	enw_expectation,day,enw_reference,lognormal	dist	partial_semantic_terms:4/5	not_claimed	name_or_key_present	adapted-but-defensible	The source contains the model's distinctive response/predictor terms but not the exact catalog formula; the catalog expression is an adaptation.		text_offset=10480; matched_terms=geometric,random,walk; context_sha256=d58a988d62508610	740bdaf817675c63e0bc01036c739c0c499799331e7099bfd1e134ef20643c33
248	epinowcast/enw_report_dow	epinowcast	enw_report_dow	true	Epinowcast — Report Day-of-Week Effects	epinowcast_basic	hosp_triangle	enw_expectation(~0 + (1|day)) + enw_reference(~1, dist='lognormal') + enw_report(~(1|day_of_week))			https://package.epinowcast.org/articles/epinowcast.html	synthetic	epinowcast.jl			gaussian	CatalogServer_default_unsubstantiated	2026-07-28T21:07:09.855522+00:00	200	0	https://package.epinowcast.org/articles/epinowcast.html	text/html; charset=utf-8	cited_project_author_publisher_surface	false	false	enw_expectation,day,enw_reference,lognormal,day_of_week	dist,enw_report	partial_semantic_terms:5/7	not_claimed	name_or_key_present	adapted-but-defensible	The source contains the model's distinctive response/predictor terms but not the exact catalog formula; the catalog expression is an adaptation.		text_offset=13378; matched_terms=day_of_week,enw_expectation,enw_reference; context_sha256=0d72ecfae1634003	740bdaf817675c63e0bc01036c739c0c499799331e7099bfd1e134ef20643c33
249	epinowcast/enw_np_reference	epinowcast	enw_np_reference	true	Epinowcast — Non-parametric Hazard Delay Model	epinowcast_basic	hosp_triangle	enw_expectation(~0 + (1|day)) + enw_reference(parametric=~0, non_parametric=~0+delay)			https://package.epinowcast.org/articles/model.html	synthetic	epinowcast.jl			gaussian	CatalogServer_default_unsubstantiated	2026-07-28T21:07:09.896540+00:00	200	0	https://package.epinowcast.org/articles/model.html	text/html; charset=utf-8	cited_project_author_publisher_surface	false	false	enw_expectation,day,enw_reference,parametric,non_parametric,delay		partial_semantic_terms:6/6	not_claimed	name_or_key_present	adapted-but-defensible	The source contains the model's distinctive response/predictor terms but not the exact catalog formula; the catalog expression is an adaptation.		text_offset=613; matched_terms=delay,epinowcast,model,parametric; context_sha256=8afdfaac62f0be35	06d122e87b9f208fb9394004e9a08529e800d888abfb4e63d9e4c96ab5106ea9
250	epinowcast/enw_age_reference	epinowcast	enw_age_reference	true	Epinowcast — Age-Stratified Hierarchical Delays	epinowcast_age	hosp_triangle_age	enw_expectation(~0 + (1|day_of_week) + (1|day:.group)) + enw_reference(~1 + (1|age_group)) + enw_report(~(1|day_of_week))			https://package.epinowcast.org/articles/germany-age-stratified-nowcasting.html	synthetic	epinowcast.jl			gaussian	CatalogServer_default_unsubstantiated	2026-07-28T21:07:09.875463+00:00	200	0	https://package.epinowcast.org/articles/germany-age-stratified-nowcasting.html	text/html; charset=utf-8	cited_project_author_publisher_surface	false	false	enw_expectation,day_of_week,day,group,enw_reference,age_group,enw_report		partial_semantic_terms:7/7	not_claimed	name_or_key_present	adapted-but-defensible	The source contains the model's distinctive response/predictor terms but not the exact catalog formula; the catalog expression is an adaptation.		text_offset=81; matched_terms=age,delays,epinowcast,hierarchical,stratified; context_sha256=b65d55bf275b11d5	45520f1716eda0228889d5d5590674f8a21a272dea2a2649b94cc50f81417cb0
251	epinowcast/enw_age_week_reference	epinowcast	enw_age_week_reference	true	Epinowcast — Time-Varying Delay with Weekly Random Walk by Age Group	epinowcast_age	hosp_triangle_age	enw_expectation(~0 + (1|day_of_week) + (1|day:.group)) + enw_reference(~1 + (1|age_group) + rw(week, by=age_group)) + enw_report(~(1|day_of_week))			https://package.epinowcast.org/articles/germany-age-stratified-nowcasting.html	synthetic	epinowcast.jl			gaussian	CatalogServer_default_unsubstantiated	2026-07-28T21:07:09.875463+00:00	200	0	https://package.epinowcast.org/articles/germany-age-stratified-nowcasting.html	text/html; charset=utf-8	cited_project_author_publisher_surface	false	false	enw_expectation,day_of_week,day,group,enw_reference,age_group,week,enw_report		partial_semantic_terms:8/8	not_claimed	name_or_key_present	adapted-but-defensible	The source contains the model's distinctive response/predictor terms but not the exact catalog formula; the catalog expression is an adaptation.		text_offset=3490; matched_terms=age_group,day,group,week,weekly; context_sha256=610aba9ae384f22f	45520f1716eda0228889d5d5590674f8a21a272dea2a2649b94cc50f81417cb0
252	epinowcast/enw_rt_renewal	epinowcast	enw_rt_renewal	true	Epinowcast — Renewal Process with Rt Estimation	epinowcast_rt	hosp_triangle	enw_expectation(r=~1+rw(week), generation_time=gt_pmf, observation=~1+(1|day_of_week)) + enw_reference(~1, dist='lognormal')			https://package.epinowcast.org/articles/single-timeseries-rt-estimation.html	synthetic	epinowcast.jl			gaussian	CatalogServer_default_unsubstantiated	2026-07-28T21:07:09.917559+00:00	200	0	https://package.epinowcast.org/articles/single-timeseries-rt-estimation.html	text/html; charset=utf-8	cited_project_author_publisher_surface	false	false	enw_expectation,week,generation_time,gt_pmf,observation,day_of_week,enw_reference,lognormal	dist	partial_semantic_terms:8/9	not_claimed	name_or_key_present	adapted-but-defensible	The source contains the model's distinctive response/predictor terms but not the exact catalog formula; the catalog expression is an adaptation.		text_offset=106; matched_terms=epinowcast,process,with; context_sha256=4dabaca90d90d39e	fef2fce245227d9bca65823ed59fe365eb170dcb7af21277c2bf84ffd3772202
253	epinowcast/bnc_empirical	epinowcast	bnc_empirical	false	Baseline Nowcast — Empirical Delay Estimation	baselinenowcast	hosp_triangle	baselinenowcast(scale_factor = 3, prop_delay = 0.5)			https://baselinenowcast.epinowcast.org/articles/baselinenowcast.html	synthetic	epinowcast.jl	true		gaussian	CatalogServer_default_unsubstantiated	2026-07-28T21:07:08.638168+00:00	200	0	https://baselinenowcast.epinowcast.org/articles/baselinenowcast.html	text/html; charset=utf-8	cited_project_author_publisher_surface	false	false	baselinenowcast,scale_factor,prop_delay		partial_semantic_terms:3/3	not_claimed	name_or_key_present	adapted-but-defensible	The source contains the model's distinctive response/predictor terms but not the exact catalog formula; the catalog expression is an adaptation.		text_offset=21; matched_terms=baselinenowcast,nowcast; context_sha256=f6fce7cd72442cbf	6c8796f563fb3ac9244783a81211858598719efb4bae79d7b34e6134865f9c4c
254	rstanarm/mtcars_lm	rstanarm	mtcars_lm	true	Motor Trend Cars — Gaussian Linear Model	mtcars	mtcars	mpg ~ wt + am			https://mc-stan.org/rstanarm/articles/priors.html	https://vincentarelbundock.github.io/Rdatasets/csv/datasets/mtcars.csv	rstanarm.jl			gaussian	CatalogServer_default_unsubstantiated	2026-07-28T21:07:09.540481+00:00	200	0	https://mc-stan.org/rstanarm/articles/priors.html	text/html; charset=utf-8	cited_project_author_publisher_surface	false	false	mpg		insufficient_terms:1/1	not_claimed	name_or_key_present	unverifiable	Retrieved source does not expose enough formula-specific evidence to confirm or refute the catalog claim conservatively.		text_offset=4568; matched_terms=linear,mpg,mtcars; context_sha256=035acacd9369bccd	ae5aa580f776ccec1544823f9c488562e2a8042ba1ae96303d5aa5e553768c32
255	rstanarm/clouds_lm	rstanarm	clouds_lm	true	Cloud Seeding — Regularized Linear Model (R² Prior)	clouds	clouds	rainfall ~ seeding * (sne + cloudcover + prewetness + echomotion) + time			https://mc-stan.org/rstanarm/articles/lm.html	https://vincentarelbundock.github.io/Rdatasets/csv/HSAUR/clouds.csv	rstanarm.jl			gaussian	CatalogServer_default_unsubstantiated	2026-07-28T21:07:09.519017+00:00	200	0	https://mc-stan.org/rstanarm/articles/lm.html	text/html; charset=utf-8	cited_project_author_publisher_surface	false	true	rainfall,seeding,sne,cloudcover,prewetness,echomotion,time		exact_text_present	not_claimed	name_or_key_present	confirmed	The retrieved official/primary source contains the normalized claimed formula text.		text_offset=11382; matched_terms=cloud,cloudcover,clouds,echomotion,prewetness,rainfall,seeding,sne; context_sha256=7c705fda9e95cae0	846ba2bd7eee331908140adbbcbec6638b1f23cbd3d3552816c1723e10ae1541
256	rstanarm/womensrole_logit	rstanarm	womensrole_logit	true	Women's Role Survey — Logistic Regression	womensrole	womensrole	cbind(agree, disagree) ~ education + sex			https://mc-stan.org/rstanarm/articles/rstanarm.html	https://vincentarelbundock.github.io/Rdatasets/csv/HSAUR/womensrole.csv	rstanarm.jl			gaussian	CatalogServer_default_unsubstantiated	2026-07-28T21:07:09.546094+00:00	200	0	https://mc-stan.org/rstanarm/articles/rstanarm.html	text/html; charset=utf-8	cited_project_author_publisher_surface	false	false	cbind,agree,disagree,education	sex	partial_semantic_terms:4/5	not_claimed	name_or_key_present	adapted-but-defensible	The source contains the model's distinctive response/predictor terms but not the exact catalog formula; the catalog expression is an adaptation.		text_offset=4064; matched_terms=agree,disagree,education,role,survey,women; context_sha256=e9f1a0cbfd365b08	684acb427701858666bfc2d0c0136f45fe9b8116dd6e663c4e53c6797d505527
257	rstanarm/womensrole_quad	rstanarm	womensrole_quad	true	Women's Role Survey — Logistic with Quadratic Education	womensrole	womensrole	cbind(agree, disagree) ~ education + I(education^2) + sex			https://mc-stan.org/rstanarm/articles/rstanarm.html	https://vincentarelbundock.github.io/Rdatasets/csv/HSAUR/womensrole.csv	rstanarm.jl			gaussian	CatalogServer_default_unsubstantiated	2026-07-28T21:07:09.546094+00:00	200	0	https://mc-stan.org/rstanarm/articles/rstanarm.html	text/html; charset=utf-8	cited_project_author_publisher_surface	false	false	cbind,agree,disagree,education	sex	partial_semantic_terms:4/5	not_claimed	name_or_key_present	adapted-but-defensible	The source contains the model's distinctive response/predictor terms but not the exact catalog formula; the catalog expression is an adaptation.		text_offset=4064; matched_terms=agree,disagree,education,role,survey,women; context_sha256=e9f1a0cbfd365b08	684acb427701858666bfc2d0c0136f45fe9b8116dd6e663c4e53c6797d505527
258	rstanarm/kidiq_hs	rstanarm	kidiq_hs	true	Child IQ — Maternal High-School Status	kidiq	kidiq	kid_score ~ mom_hs			https://mc-stan.org/rstanarm/articles/continuous.html	https://vincentarelbundock.github.io/Rdatasets/csv/rstanarm/kidiq.csv	rstanarm.jl			gaussian	CatalogServer_default_unsubstantiated	2026-07-28T21:07:09.492940+00:00	200	0	https://mc-stan.org/rstanarm/articles/continuous.html	text/html; charset=utf-8	cited_project_author_publisher_surface	false	true	kid_score,mom_hs		exact_text_present	not_claimed	name_or_key_present	confirmed	The retrieved official/primary source contains the normalized claimed formula text.		text_offset=6888; matched_terms=kid_score,kidiq,mom_hs,school; context_sha256=2d357f0134244df5	d7d41e7799ffacab9928f07245a9c166b8f29bd98055dd36364c38532fb30c39
259	rstanarm/kidiq_iq	rstanarm	kidiq_iq	true	Child IQ — Maternal IQ	kidiq	kidiq	kid_score ~ mom_iq			https://mc-stan.org/rstanarm/articles/continuous.html	https://vincentarelbundock.github.io/Rdatasets/csv/rstanarm/kidiq.csv	rstanarm.jl			gaussian	CatalogServer_default_unsubstantiated	2026-07-28T21:07:09.492940+00:00	200	0	https://mc-stan.org/rstanarm/articles/continuous.html	text/html; charset=utf-8	cited_project_author_publisher_surface	false	false	kid_score,mom_iq		partial_semantic_terms:2/2	not_claimed	name_or_key_present	adapted-but-defensible	The source contains the model's distinctive response/predictor terms but not the exact catalog formula; the catalog expression is an adaptation.		text_offset=6888; matched_terms=kid_score,kidiq,mom_iq; context_sha256=2d357f0134244df5	d7d41e7799ffacab9928f07245a9c166b8f29bd98055dd36364c38532fb30c39
260	rstanarm/kidiq_both	rstanarm	kidiq_both	true	Child IQ — Maternal High-School Status and IQ	kidiq	kidiq	kid_score ~ mom_hs + mom_iq			https://mc-stan.org/rstanarm/articles/continuous.html	https://vincentarelbundock.github.io/Rdatasets/csv/rstanarm/kidiq.csv	rstanarm.jl			gaussian	CatalogServer_default_unsubstantiated	2026-07-28T21:07:09.492940+00:00	200	0	https://mc-stan.org/rstanarm/articles/continuous.html	text/html; charset=utf-8	cited_project_author_publisher_surface	false	true	kid_score,mom_hs,mom_iq		exact_text_present	not_claimed	name_or_key_present	confirmed	The retrieved official/primary source contains the normalized claimed formula text.		text_offset=6888; matched_terms=kid_score,kidiq,mom_hs,mom_iq,school; context_sha256=2d357f0134244df5	d7d41e7799ffacab9928f07245a9c166b8f29bd98055dd36364c38532fb30c39
261	rstanarm/kidiq_interaction	rstanarm	kidiq_interaction	true	Child IQ — Maternal High-School × IQ Interaction	kidiq	kidiq	kid_score ~ mom_hs * mom_iq			https://mc-stan.org/rstanarm/articles/continuous.html	https://vincentarelbundock.github.io/Rdatasets/csv/rstanarm/kidiq.csv	rstanarm.jl			gaussian	CatalogServer_default_unsubstantiated	2026-07-28T21:07:09.492940+00:00	200	0	https://mc-stan.org/rstanarm/articles/continuous.html	text/html; charset=utf-8	cited_project_author_publisher_surface	false	true	kid_score,mom_hs,mom_iq		exact_text_present	not_claimed	name_or_key_present	confirmed	The retrieved official/primary source contains the normalized claimed formula text.		text_offset=6888; matched_terms=interaction,kid_score,kidiq,mom_hs,mom_iq,school; context_sha256=2d357f0134244df5	d7d41e7799ffacab9928f07245a9c166b8f29bd98055dd36364c38532fb30c39
262	rstanarm/clotting_gamma	rstanarm	clotting_gamma	true	Blood Clotting Time — Gamma GLM	clotting	clotting	clot_time ~ log_plasma * lot_id			https://mc-stan.org/rstanarm/articles/continuous.html	synthetic	rstanarm.jl			gaussian	CatalogServer_default_unsubstantiated	2026-07-28T21:07:09.492940+00:00	200	0	https://mc-stan.org/rstanarm/articles/continuous.html	text/html; charset=utf-8	cited_project_author_publisher_surface	false	true	clot_time,log_plasma,lot_id		exact_text_present	not_claimed	name_or_key_present	confirmed	The retrieved official/primary source contains the normalized claimed formula text.		text_offset=17089; matched_terms=clot_time,log_plasma,lot_id; context_sha256=bebc6c2838fc246c	d7d41e7799ffacab9928f07245a9c166b8f29bd98055dd36364c38532fb30c39
263	rstanarm/wells_dist	rstanarm	wells_dist	true	Bangladesh Wells — Logistic (Distance Only)	wells	wells	switch ~ dist100			https://mc-stan.org/rstanarm/articles/binomial.html	https://vincentarelbundock.github.io/Rdatasets/csv/rstanarm/wells.csv	rstanarm.jl			gaussian	CatalogServer_default_unsubstantiated	2026-07-28T21:07:09.490762+00:00	200	0	https://mc-stan.org/rstanarm/articles/binomial.html	text/html; charset=utf-8	cited_project_author_publisher_surface	false	true	switch,dist100		exact_text_present	not_claimed	name_or_key_present	confirmed	The retrieved official/primary source contains the normalized claimed formula text.		text_offset=6449; matched_terms=bangladesh,distance,logistic,switch,wells; context_sha256=fcbf85e7d6e744f1	15a620ef7e58a9b003b16385fedd4d5f1d4be123d64e7a88f5b3412ff9057f68
264	rstanarm/wells_both	rstanarm	wells_both	true	Bangladesh Wells — Logistic (Distance + Arsenic)	wells	wells	switch ~ dist100 + arsenic			https://mc-stan.org/rstanarm/articles/binomial.html	https://vincentarelbundock.github.io/Rdatasets/csv/rstanarm/wells.csv	rstanarm.jl			gaussian	CatalogServer_default_unsubstantiated	2026-07-28T21:07:09.490762+00:00	200	0	https://mc-stan.org/rstanarm/articles/binomial.html	text/html; charset=utf-8	cited_project_author_publisher_surface	false	true	switch,dist100,arsenic		exact_text_present	not_claimed	name_or_key_present	confirmed	The retrieved official/primary source contains the normalized claimed formula text.		text_offset=6449; matched_terms=arsenic,bangladesh,distance,logistic,switch,wells; context_sha256=fcbf85e7d6e744f1	15a620ef7e58a9b003b16385fedd4d5f1d4be123d64e7a88f5b3412ff9057f68
265	rstanarm/roaches_poisson	rstanarm	roaches_poisson	true	Urban Roaches — Poisson Count Model	roaches	roaches	y ~ roach1 + treatment + senior + offset(log(exposure2))			https://mc-stan.org/rstanarm/articles/count.html	https://vincentarelbundock.github.io/Rdatasets/csv/rstanarm/roaches.csv	rstanarm.jl			gaussian	CatalogServer_default_unsubstantiated	2026-07-28T21:07:09.513135+00:00	200	0	https://mc-stan.org/rstanarm/articles/count.html	text/html; charset=utf-8	cited_project_author_publisher_surface	false	true	roach1,treatment,senior,exposure2		exact_text_present	not_claimed	name_or_key_present	confirmed	The retrieved official/primary source contains the normalized claimed formula text.		text_offset=5635; matched_terms=exposure2,roach1,roaches,senior,treatment,urban; context_sha256=1b95cd5a81da4ef3	ded8391def17065606637410777d52354c67381c23251ccb691ad50fa806372c
266	rstanarm/roaches_nb	rstanarm	roaches_nb	true	Urban Roaches — Negative Binomial Count Model	roaches	roaches	y ~ roach1 + treatment + senior + offset(log(exposure2))			https://mc-stan.org/rstanarm/articles/count.html	https://vincentarelbundock.github.io/Rdatasets/csv/rstanarm/roaches.csv	rstanarm.jl			gaussian	CatalogServer_default_unsubstantiated	2026-07-28T21:07:09.513135+00:00	200	0	https://mc-stan.org/rstanarm/articles/count.html	text/html; charset=utf-8	cited_project_author_publisher_surface	false	true	roach1,treatment,senior,exposure2		exact_text_present	not_claimed	name_or_key_present	confirmed	The retrieved official/primary source contains the normalized claimed formula text.		text_offset=5635; matched_terms=exposure2,roach1,roaches,senior,treatment,urban; context_sha256=1b95cd5a81da4ef3	ded8391def17065606637410777d52354c67381c23251ccb691ad50fa806372c
267	rstanarm/weightgain_anova	rstanarm	weightgain_anova	true	Rat Weight Gain — Bayesian ANOVA (R² Prior)	weightgain	weightgain	weightgain ~ source * type			https://mc-stan.org/rstanarm/articles/aov.html	https://vincentarelbundock.github.io/Rdatasets/csv/HSAUR/weightgain.csv	rstanarm.jl			gaussian	CatalogServer_default_unsubstantiated	2026-07-28T21:07:09.469924+00:00	200	0	https://mc-stan.org/rstanarm/articles/aov.html	text/html; charset=utf-8	cited_project_author_publisher_surface	false	true	weightgain,source,type		exact_text_present	not_claimed	name_or_key_present	confirmed	The retrieved official/primary source contains the normalized claimed formula text.		text_offset=5401; matched_terms=gain,type,weight,weightgain; context_sha256=2f806ed9d1612af5	56eb1a63e0e9c064b72347bf3982f16ca40c8969f7c54782c8bb2cc59155c23a
268	rstanarm/weightgain_re	rstanarm	weightgain_re	true	Rat Weight Gain — Factors as Random Effects	weightgain	weightgain	weightgain ~ 1 + (1|source) + (1|type) + (1|source:type)			https://mc-stan.org/rstanarm/articles/aov.html	https://vincentarelbundock.github.io/Rdatasets/csv/HSAUR/weightgain.csv	rstanarm.jl			gaussian	CatalogServer_default_unsubstantiated	2026-07-28T21:07:09.469924+00:00	200	0	https://mc-stan.org/rstanarm/articles/aov.html	text/html; charset=utf-8	cited_project_author_publisher_surface	false	true	weightgain,source,type		exact_text_present	not_claimed	name_or_key_present	confirmed	The retrieved official/primary source contains the normalized claimed formula text.		text_offset=5401; matched_terms=factors,gain,type,weight,weightgain; context_sha256=2f806ed9d1612af5	56eb1a63e0e9c064b72347bf3982f16ca40c8969f7c54782c8bb2cc59155c23a
269	rstanarm/esoph_polr	rstanarm	esoph_polr	true	Esophageal Cancer — Ordinal Logistic Regression	esoph	esoph	tobgp ~ agegp + alcgp			https://mc-stan.org/rstanarm/articles/polr.html	https://vincentarelbundock.github.io/Rdatasets/csv/datasets/esoph.csv	rstanarm.jl			gaussian	CatalogServer_default_unsubstantiated	2026-07-28T21:07:09.534032+00:00	200	0	https://mc-stan.org/rstanarm/articles/polr.html	text/html; charset=utf-8	cited_project_author_publisher_surface	false	true	tobgp,agegp,alcgp		exact_text_present	not_claimed	name_or_key_present	confirmed	The retrieved official/primary source contains the normalized claimed formula text.		text_offset=7659; matched_terms=agegp,alcgp,esoph,logistic,tobgp; context_sha256=47e4dea962ac56bd	533ad83a535371bb5dada24527eeb6038383f2977cf5ea644691af6cce6d32d8
270	rstanarm/gasoline_beta	rstanarm	gasoline_beta	true	Gasoline Yield — Beta Regression (Mean Only)	gasoline_yield	gasoline_yield	yield ~ gravity + pressure + temp10 + batch			https://mc-stan.org/rstanarm/articles/betareg.html	https://vincentarelbundock.github.io/Rdatasets/csv/betareg/GasolineYield.csv	rstanarm.jl			gaussian	CatalogServer_default_unsubstantiated	2026-07-28T21:07:09.490464+00:00	200	0	https://mc-stan.org/rstanarm/articles/betareg.html	text/html; charset=utf-8	cited_project_author_publisher_surface	false	false	yield,pressure,batch	gravity,temp10	partial_semantic_terms:3/5	not_claimed	name_or_key_present	adapted-but-defensible	The source contains the model's distinctive response/predictor terms but not the exact catalog formula; the catalog expression is an adaptation.		text_offset=9083; matched_terms=batch,gasoline,pressure,yield; context_sha256=a3785a003ef5b7b5	09187c56b853cea8a08d6a08143de1b267e82921e8ee20b3f4e2275a45c2c00a
271	rstanarm/gasoline_beta_distr	rstanarm	gasoline_beta_distr	true	Gasoline Yield — Distributional Beta Regression	gasoline_yield	gasoline_yield	yield ~ gravity + pressure + temp10 + batch | gravity + pressure			https://mc-stan.org/rstanarm/articles/betareg.html	https://vincentarelbundock.github.io/Rdatasets/csv/betareg/GasolineYield.csv	rstanarm.jl			gaussian	CatalogServer_default_unsubstantiated	2026-07-28T21:07:09.490464+00:00	200	0	https://mc-stan.org/rstanarm/articles/betareg.html	text/html; charset=utf-8	cited_project_author_publisher_surface	false	false	yield,pressure,batch	gravity,temp10	partial_semantic_terms:3/5	not_claimed	name_or_key_present	adapted-but-defensible	The source contains the model's distinctive response/predictor terms but not the exact catalog formula; the catalog expression is an adaptation.		text_offset=9083; matched_terms=batch,gasoline,pressure,yield; context_sha256=a3785a003ef5b7b5	09187c56b853cea8a08d6a08143de1b267e82921e8ee20b3f4e2275a45c2c00a
272	rstanarm/cbpp_glmm	rstanarm	cbpp_glmm	true	Bovine Pleuropneumonia — Binomial GLMM	cbpp_glmm	cbpp_rs	cbind(incidence, size - incidence) ~ size + period + (1|herd)			https://mc-stan.org/rstanarm/articles/glmer.html	https://vincentarelbundock.github.io/Rdatasets/csv/lme4/cbpp.csv	rstanarm.jl			gaussian	CatalogServer_default_unsubstantiated	2026-07-28T21:07:09.513258+00:00	200	0	https://mc-stan.org/rstanarm/articles/glmer.html	text/html; charset=utf-8	cited_project_author_publisher_surface	false	false	period	cbind,incidence,size,herd	insufficient_terms:1/5	not_claimed	name_or_key_present	unverifiable	Retrieved source does not expose enough formula-specific evidence to confirm or refute the catalog claim conservatively.		text_offset=13900; matched_terms=period; context_sha256=f247dbe11b6eb839	f2563a582de8860513c8a519c3360be5edf58e78e8c673da7542b4305c0ce32b
273	rstanarm/bball_pooled	rstanarm	bball_pooled	true	MLB Batting 1970 — Complete Pooling	bball_pooling	bball1970	cbind(Hits, AB - Hits) ~ 1			https://mc-stan.org/rstanarm/articles/pooling.html	https://vincentarelbundock.github.io/Rdatasets/csv/rstanarm/bball1970.csv	rstanarm.jl			gaussian	CatalogServer_default_unsubstantiated	2026-07-28T21:07:09.536226+00:00	200	0	https://mc-stan.org/rstanarm/articles/pooling.html	text/html; charset=utf-8	cited_project_author_publisher_surface	false	true	cbind,hits		exact_text_present	not_claimed	name_or_key_present	confirmed	The retrieved official/primary source contains the normalized claimed formula text.		text_offset=2619; matched_terms=batting,bball1970,hits; context_sha256=61f02db1bd365e7f	4f81fd6bbec4833fbdfe96e57477cc9183e5d14d1823f1e3d05ce7f255f06f58
274	rstanarm/bball_nopooling	rstanarm	bball_nopooling	true	MLB Batting 1970 — No Pooling	bball_pooling	bball1970	cbind(Hits, AB - Hits) ~ 0 + Player			https://mc-stan.org/rstanarm/articles/pooling.html	https://vincentarelbundock.github.io/Rdatasets/csv/rstanarm/bball1970.csv	rstanarm.jl			gaussian	CatalogServer_default_unsubstantiated	2026-07-28T21:07:09.536226+00:00	200	0	https://mc-stan.org/rstanarm/articles/pooling.html	text/html; charset=utf-8	cited_project_author_publisher_surface	false	false	cbind,hits,player		partial_semantic_terms:3/3	not_claimed	name_or_key_present	adapted-but-defensible	The source contains the model's distinctive response/predictor terms but not the exact catalog formula; the catalog expression is an adaptation.		text_offset=2619; matched_terms=batting,bball1970,hits,player; context_sha256=61f02db1bd365e7f	4f81fd6bbec4833fbdfe96e57477cc9183e5d14d1823f1e3d05ce7f255f06f58
275	rstanarm/bball_partial	rstanarm	bball_partial	true	MLB Batting 1970 — Partial Pooling (Hierarchical)	bball_pooling	bball1970	cbind(Hits, AB - Hits) ~ (1|Player)			https://mc-stan.org/rstanarm/articles/pooling.html	https://vincentarelbundock.github.io/Rdatasets/csv/rstanarm/bball1970.csv	rstanarm.jl			gaussian	CatalogServer_default_unsubstantiated	2026-07-28T21:07:09.536226+00:00	200	0	https://mc-stan.org/rstanarm/articles/pooling.html	text/html; charset=utf-8	cited_project_author_publisher_surface	false	true	cbind,hits,player		exact_text_present	not_claimed	name_or_key_present	confirmed	The retrieved official/primary source contains the normalized claimed formula text.		text_offset=2619; matched_terms=batting,bball1970,hits,player; context_sha256=61f02db1bd365e7f	4f81fd6bbec4833fbdfe96e57477cc9183e5d14d1823f1e3d05ce7f255f06f58
276	vasishth/pupil	vasishth	pupil	true	Pupil Dilation Experiment — Gaussian Regression	pupil	pupil	p_size ~ 1 + c_load			https://bruno.nicenboim.me/bayescogsci/	https://osf.io/z43dz/?action=download	vasishth.jl			gaussian	CatalogServer_default_unsubstantiated	2026-07-28T21:07:08.657145+00:00	200	0	https://bruno.nicenboim.me/bayescogsci/	text/html; charset=utf-8	cited_project_author_publisher_surface	false	false		p_size,c_load	insufficient_root_page_terms:0/2	not_claimed	name_or_key_present	unverifiable	Cited book root exposes navigation/TOC text but no stable row-level formula anchor; term overlap is insufficient.		text_offset=2657; matched_terms=pupil; context_sha256=dc0c03f132244ae5	0da3ad5098c1564dc496c72497e159de860a3987c94ab887a5f4f2dada80a1c6
277	vasishth/spacebar	vasishth	spacebar	true	Spacebar-Pressing Response Times — Lognormal Regression	spacebar	spacebar	t ~ 1 + c_trial			https://bruno.nicenboim.me/bayescogsci/	synthetic	vasishth.jl			gaussian	CatalogServer_default_unsubstantiated	2026-07-28T21:07:08.657145+00:00	200	0	https://bruno.nicenboim.me/bayescogsci/	text/html; charset=utf-8	cited_project_author_publisher_surface	false	false		c_trial	insufficient_root_page_terms:0/1	not_claimed	name_or_key_present	unverifiable	Cited book root exposes navigation/TOC text but no stable row-level formula anchor; term overlap is insufficient.		text_offset=1980; matched_terms=pressing,regression; context_sha256=2f32c21d7a0de7e7	0da3ad5098c1564dc496c72497e159de860a3987c94ab887a5f4f2dada80a1c6
278	vasishth/recall_wm	vasishth	recall_wm	true	Working Memory Recall Accuracy — Logistic Regression	recall_wm	recall_wm	correct ~ 1 + c_set_size			https://bruno.nicenboim.me/bayescogsci/	https://osf.io/6r9ka/?action=download	vasishth.jl			gaussian	CatalogServer_default_unsubstantiated	2026-07-28T21:07:08.657145+00:00	200	0	https://bruno.nicenboim.me/bayescogsci/	text/html; charset=utf-8	cited_project_author_publisher_surface	false	false	correct	c_set_size	insufficient_root_page_terms:1/2	not_claimed	name_or_key_present	unverifiable	Cited book root exposes navigation/TOC text but no stable row-level formula anchor; term overlap is insufficient.		text_offset=7078; matched_terms=accuracy,memory,working; context_sha256=5e8142b627513c3c	0da3ad5098c1564dc496c72497e159de860a3987c94ab887a5f4f2dada80a1c6
279	vasishth/n400_uncorr	vasishth	n400_uncorr	true	N400 EEG — Uncorrelated Varying Slopes	n400	n400	n400 ~ c_cloze + (c_cloze || subj)			https://bruno.nicenboim.me/bayescogsci/	https://osf.io/q7dsk/?action=download	vasishth.jl			gaussian	CatalogServer_default_unsubstantiated	2026-07-28T21:07:08.657145+00:00	200	0	https://bruno.nicenboim.me/bayescogsci/	text/html; charset=utf-8	cited_project_author_publisher_surface	false	false	n400	c_cloze,subj	insufficient_root_page_terms:1/3	not_claimed	name_or_key_present	unverifiable	Cited book root exposes navigation/TOC text but no stable row-level formula anchor; term overlap is insufficient.		text_offset=3381; matched_terms=n400,slopes,varying; context_sha256=04635c6336d488d7	0da3ad5098c1564dc496c72497e159de860a3987c94ab887a5f4f2dada80a1c6
280	vasishth/n400_corr	vasishth	n400_corr	true	N400 EEG — Correlated Varying Slopes	n400	n400	n400 ~ c_cloze + (c_cloze | subj)			https://bruno.nicenboim.me/bayescogsci/	https://osf.io/q7dsk/?action=download	vasishth.jl			gaussian	CatalogServer_default_unsubstantiated	2026-07-28T21:07:08.657145+00:00	200	0	https://bruno.nicenboim.me/bayescogsci/	text/html; charset=utf-8	cited_project_author_publisher_surface	false	false	n400	c_cloze,subj	insufficient_root_page_terms:1/3	not_claimed	name_or_key_present	unverifiable	Cited book root exposes navigation/TOC text but no stable row-level formula anchor; term overlap is insufficient.		text_offset=3381; matched_terms=correlated,n400,slopes,varying; context_sha256=04635c6336d488d7	0da3ad5098c1564dc496c72497e159de860a3987c94ab887a5f4f2dada80a1c6
281	vasishth/n400_crossed	vasishth	n400_crossed	true	N400 EEG — Crossed Random Effects	n400	n400	n400 ~ c_cloze + (c_cloze | subj) + (c_cloze | item)			https://bruno.nicenboim.me/bayescogsci/	https://osf.io/q7dsk/?action=download	vasishth.jl			gaussian	CatalogServer_default_unsubstantiated	2026-07-28T21:07:08.657145+00:00	200	0	https://bruno.nicenboim.me/bayescogsci/	text/html; charset=utf-8	cited_project_author_publisher_surface	false	false	n400,item	c_cloze,subj	insufficient_root_page_terms:2/4	not_claimed	name_or_key_present	unverifiable	Cited book root exposes navigation/TOC text but no stable row-level formula anchor; term overlap is insufficient.		text_offset=3381; matched_terms=item,n400; context_sha256=04635c6336d488d7	0da3ad5098c1564dc496c72497e159de860a3987c94ab887a5f4f2dada80a1c6
282	vasishth/n400_distr	vasishth	n400_distr	true	N400 EEG — Distributional Model for Sigma	n400	n400	bf(n400 ~ c_cloze + (c_cloze | subj) + (c_cloze | item), sigma ~ 1 + (1 | subj))			https://bruno.nicenboim.me/bayescogsci/	https://osf.io/q7dsk/?action=download	vasishth.jl			gaussian	CatalogServer_default_unsubstantiated	2026-07-28T21:07:08.657145+00:00	200	0	https://bruno.nicenboim.me/bayescogsci/	text/html; charset=utf-8	cited_project_author_publisher_surface	false	false	n400,item	c_cloze,subj	insufficient_root_page_terms:2/4	not_claimed	name_or_key_present	unverifiable	Cited book root exposes navigation/TOC text but no stable row-level formula anchor; term overlap is insufficient.		text_offset=3381; matched_terms=distributional,item,n400; context_sha256=04635c6336d488d7	0da3ad5098c1564dc496c72497e159de860a3987c94ab887a5f4f2dada80a1c6
283	vasishth/stroop	vasishth	stroop	true	Stroop Task — Lognormal Varying-Slopes Model	stroop	stroop	RT ~ c_cond + (c_cond | subj)			https://bruno.nicenboim.me/bayescogsci/	https://osf.io/n8xa7/?action=download	vasishth.jl			gaussian	CatalogServer_default_unsubstantiated	2026-07-28T21:07:08.657145+00:00	200	0	https://bruno.nicenboim.me/bayescogsci/	text/html; charset=utf-8	cited_project_author_publisher_surface	false	false		c_cond,subj	insufficient_root_page_terms:0/2	not_claimed	name_or_key_present	unverifiable	Cited book root exposes navigation/TOC text but no stable row-level formula anchor; term overlap is insufficient.		text_offset=3811; matched_terms=slopes,stroop,varying; context_sha256=a06edce566caf0d3	0da3ad5098c1564dc496c72497e159de860a3987c94ab887a5f4f2dada80a1c6
284	vasishth/pooling_partial	vasishth	pooling_partial	true	Hierarchical Pooling — Partial Pooling	pooling	pooling	y ~ 1 + (1 | subj)			https://bruno.nicenboim.me/bayescogsci/	synthetic	vasishth.jl			gaussian	CatalogServer_default_unsubstantiated	2026-07-28T21:07:08.657145+00:00	200	0	https://bruno.nicenboim.me/bayescogsci/	text/html; charset=utf-8	cited_project_author_publisher_surface	false	false		subj	insufficient_root_page_terms:0/1	not_claimed	name_or_key_present	unverifiable	Cited book root exposes navigation/TOC text but no stable row-level formula anchor; term overlap is insufficient.		text_offset=3408; matched_terms=hierarchical,pooling; context_sha256=6e18afc0025cec7b	0da3ad5098c1564dc496c72497e159de860a3987c94ab887a5f4f2dada80a1c6
285	vasishth/pooling_complete	vasishth	pooling_complete	true	Hierarchical Pooling — Complete Pooling	pooling	pooling	y ~ 1			https://bruno.nicenboim.me/bayescogsci/	synthetic	vasishth.jl			gaussian	CatalogServer_default_unsubstantiated	2026-07-28T21:07:08.657145+00:00	200	0	https://bruno.nicenboim.me/bayescogsci/	text/html; charset=utf-8	cited_project_author_publisher_surface	false	false			insufficient_root_page_terms:0/0	not_claimed	name_or_key_present	unverifiable	Cited book root exposes navigation/TOC text but no stable row-level formula anchor; term overlap is insufficient.		text_offset=3408; matched_terms=complete,hierarchical,pooling; context_sha256=6e18afc0025cec7b	0da3ad5098c1564dc496c72497e159de860a3987c94ab887a5f4f2dada80a1c6
286	vasishth/pooling_none	vasishth	pooling_none	true	Hierarchical Pooling — No Pooling	pooling	pooling	y ~ 0 + factor(subj)			https://bruno.nicenboim.me/bayescogsci/	synthetic	vasishth.jl			gaussian	CatalogServer_default_unsubstantiated	2026-07-28T21:07:08.657145+00:00	200	0	https://bruno.nicenboim.me/bayescogsci/	text/html; charset=utf-8	cited_project_author_publisher_surface	false	false	factor	subj	insufficient_root_page_terms:1/2	not_claimed	name_or_key_present	unverifiable	Cited book root exposes navigation/TOC text but no stable row-level formula anchor; term overlap is insufficient.		text_offset=3408; matched_terms=factor,hierarchical,pooling; context_sha256=6e18afc0025cec7b	0da3ad5098c1564dc496c72497e159de860a3987c94ab887a5f4f2dada80a1c6
287	vasishth/contrasts1_treatment	vasishth	contrasts1_treatment	true	Contrast Coding — Treatment Contrast	contrasts1	contrasts1	DV ~ F			https://bruno.nicenboim.me/bayescogsci/	synthetic	vasishth.jl			gaussian	CatalogServer_default_unsubstantiated	2026-07-28T21:07:08.657145+00:00	200	0	https://bruno.nicenboim.me/bayescogsci/	text/html; charset=utf-8	cited_project_author_publisher_surface	false	false			insufficient_root_page_terms:0/0	not_claimed	name_or_key_present	unverifiable	Cited book root exposes navigation/TOC text but no stable row-level formula anchor; term overlap is insufficient.		text_offset=3994; matched_terms=coding,contrast,treatment; context_sha256=35c65b83c306ef95	0da3ad5098c1564dc496c72497e159de860a3987c94ab887a5f4f2dada80a1c6
288	vasishth/contrasts1_cellmeans	vasishth	contrasts1_cellmeans	true	Contrast Coding — Cell-Means Parameterization	contrasts1	contrasts1	DV ~ -1 + F			https://bruno.nicenboim.me/bayescogsci/	synthetic	vasishth.jl			gaussian	CatalogServer_default_unsubstantiated	2026-07-28T21:07:08.657145+00:00	200	0	https://bruno.nicenboim.me/bayescogsci/	text/html; charset=utf-8	cited_project_author_publisher_surface	false	false			insufficient_root_page_terms:0/0	not_claimed	name_or_key_present	unverifiable	Cited book root exposes navigation/TOC text but no stable row-level formula anchor; term overlap is insufficient.		text_offset=3994; matched_terms=cell,coding,contrast,means,parameterization; context_sha256=35c65b83c306ef95	0da3ad5098c1564dc496c72497e159de860a3987c94ab887a5f4f2dada80a1c6
289	vasishth/contrasts1_monotonic	vasishth	contrasts1_monotonic	true	Contrast Coding — Monotonic Effect	contrasts1	contrasts1	DV ~ 1 + mo(F)			https://bruno.nicenboim.me/bayescogsci/	synthetic	vasishth.jl			gaussian	CatalogServer_default_unsubstantiated	2026-07-28T21:07:08.657145+00:00	200	0	https://bruno.nicenboim.me/bayescogsci/	text/html; charset=utf-8	cited_project_author_publisher_surface	false	false			insufficient_root_page_terms:0/0	not_claimed	name_or_key_present	unverifiable	Cited book root exposes navigation/TOC text but no stable row-level formula anchor; term overlap is insufficient.		text_offset=3994; matched_terms=coding,contrast,effect,monotonic; context_sha256=35c65b83c306ef95	0da3ad5098c1564dc496c72497e159de860a3987c94ab887a5f4f2dada80a1c6
290	vasishth/contrasts2x2_factorial	vasishth	contrasts2x2_factorial	true	2×2 Factorial — Full Factorial Model	contrasts2x2	contrasts2x2	DV ~ A * B			https://bruno.nicenboim.me/bayescogsci/	synthetic	vasishth.jl			gaussian	CatalogServer_default_unsubstantiated	2026-07-28T21:07:08.657145+00:00	200	0	https://bruno.nicenboim.me/bayescogsci/	text/html; charset=utf-8	cited_project_author_publisher_surface	false	false			insufficient_root_page_terms:0/0	not_claimed	name_or_key_present	unverifiable	Cited book root exposes navigation/TOC text but no stable row-level formula anchor; term overlap is insufficient.		text_offset=4965; matched_terms=factorial; context_sha256=16820ec92d1e4218	0da3ad5098c1564dc496c72497e159de860a3987c94ab887a5f4f2dada80a1c6
291	vasishth/contrasts2x2_nested	vasishth	contrasts2x2_nested	true	2×2 Factorial — Nested Model	contrasts2x2	contrasts2x2	DV ~ B / A			https://bruno.nicenboim.me/bayescogsci/	synthetic	vasishth.jl			gaussian	CatalogServer_default_unsubstantiated	2026-07-28T21:07:08.657145+00:00	200	0	https://bruno.nicenboim.me/bayescogsci/	text/html; charset=utf-8	cited_project_author_publisher_surface	false	false			insufficient_root_page_terms:0/0	not_claimed	name_or_key_present	unverifiable	Cited book root exposes navigation/TOC text but no stable row-level formula anchor; term overlap is insufficient.		text_offset=4965; matched_terms=factorial,nested; context_sha256=16820ec92d1e4218	0da3ad5098c1564dc496c72497e159de860a3987c94ab887a5f4f2dada80a1c6
292	vasishth/contrasts2x2_logistic	vasishth	contrasts2x2_logistic	true	2×2 Factorial — Logistic Regression	contrasts2x2	contrasts2x2	pDV ~ A * B			https://bruno.nicenboim.me/bayescogsci/	synthetic	vasishth.jl			gaussian	CatalogServer_default_unsubstantiated	2026-07-28T21:07:08.657145+00:00	200	0	https://bruno.nicenboim.me/bayescogsci/	text/html; charset=utf-8	cited_project_author_publisher_surface	false	false		pdv	insufficient_root_page_terms:0/1	not_claimed	name_or_key_present	unverifiable	Cited book root exposes navigation/TOC text but no stable row-level formula anchor; term overlap is insufficient.		text_offset=4965; matched_terms=factorial; context_sha256=16820ec92d1e4218	0da3ad5098c1564dc496c72497e159de860a3987c94ab887a5f4f2dada80a1c6
293	vasishth/meta_sbi	vasishth	meta_sbi	true	Meta-Analysis — Random Effects Model	meta_sbi	meta_sbi	effect | resp_se(SE, sigma = FALSE) ~ 1 + (1 | study_id)			https://bruno.nicenboim.me/bayescogsci/	https://osf.io/du3qp/?action=download	vasishth.jl			gaussian	CatalogServer_default_unsubstantiated	2026-07-28T21:07:08.657145+00:00	200	0	https://bruno.nicenboim.me/bayescogsci/	text/html; charset=utf-8	cited_project_author_publisher_surface	false	false	effect,resp_se	study_id	insufficient_root_page_terms:2/3	not_claimed	name_or_key_present	unverifiable	Cited book root exposes navigation/TOC text but no stable row-level formula anchor; term overlap is insufficient.		text_offset=30; matched_terms=analysis,random; context_sha256=272356c594e5fcad	0da3ad5098c1564dc496c72497e159de860a3987c94ab887a5f4f2dada80a1c6
294	vasishth/indiv_diff_naive	vasishth	indiv_diff_naive	true	Individual Differences — Naive OLS	indiv_diff	indiv_diff	mean_rspeed ~ c_mean_pcu			https://bruno.nicenboim.me/bayescogsci/	https://osf.io/du3qp/?action=download	vasishth.jl			gaussian	CatalogServer_default_unsubstantiated	2026-07-28T21:07:08.657145+00:00	200	0	https://bruno.nicenboim.me/bayescogsci/	text/html; charset=utf-8	cited_project_author_publisher_surface	false	false		mean_rspeed,c_mean_pcu	insufficient_root_page_terms:0/2	not_claimed	name_or_key_present	unverifiable	Cited book root exposes navigation/TOC text but no stable row-level formula anchor; term overlap is insufficient.		text_offset=7044; matched_terms=individual; context_sha256=5a6aca1b85321831	0da3ad5098c1564dc496c72497e159de860a3987c94ab887a5f4f2dada80a1c6
295	vasishth/indiv_diff_me	vasishth	indiv_diff_me	true	Individual Differences — Measurement Error Model	indiv_diff	indiv_diff	mean_rspeed | resp_se(se_rspeed, sigma = TRUE) ~ me(c_mean_pcu, se_pcu)			https://bruno.nicenboim.me/bayescogsci/	https://osf.io/du3qp/?action=download	vasishth.jl			gaussian	CatalogServer_default_unsubstantiated	2026-07-28T21:07:08.657145+00:00	200	0	https://bruno.nicenboim.me/bayescogsci/	text/html; charset=utf-8	cited_project_author_publisher_surface	false	false	resp_se	mean_rspeed,se_rspeed,c_mean_pcu,se_pcu	insufficient_root_page_terms:1/5	not_claimed	name_or_key_present	unverifiable	Cited book root exposes navigation/TOC text but no stable row-level formula anchor; term overlap is insufficient.		text_offset=7044; matched_terms=error,individual,measurement; context_sha256=5a6aca1b85321831	0da3ad5098c1564dc496c72497e159de860a3987c94ab887a5f4f2dada80a1c6
296	bmm/mixture2p_setsize	bmm	mixture2p_setsize	true	Mixture2p — Two-Parameter Mixture Model (Set Size Effects)	color_wheel_mixture	bays2009_synth	thetat ~ 0 + set_size + (0 + set_size | id); kappa ~ 0 + set_size + (0 + set_size | id)			https://venpopov.github.io/bmm/articles/bmm_mixture_models.html	synthetic	bmm.jl			gaussian	CatalogServer_default_unsubstantiated	2026-07-28T21:07:10.506686+00:00	200	0	https://venpopov.com/bmm/articles/bmm_mixture_models.html	text/html; charset=utf-8	cited_project_author_publisher_surface	false	true	thetat,set_size,kappa		exact_text_present	not_claimed	name_or_key_present	confirmed	The retrieved official/primary source contains the normalized claimed formula text.		text_offset=304; matched_terms=mixture,mixture2p,model,parameter,two; context_sha256=8acdd559218600da	94d3dddc560dab3bd667ef9f5925d94c62986d7b1a898be4f936aafc2ea3b780
297	bmm/mixture3p_setsize	bmm	mixture3p_setsize	true	Mixture3p — Three-Parameter Mixture Model (Non-Target Swaps)	color_wheel_mixture	bays2009_synth	thetat ~ 0 + set_size + (0 + set_size | id); thetant ~ 0 + set_size + (0 + set_size | id); kappa ~ 0 + set_size + (0 + set_size | id)			https://venpopov.github.io/bmm/articles/bmm_mixture_models.html	synthetic	bmm.jl			gaussian	CatalogServer_default_unsubstantiated	2026-07-28T21:07:10.506686+00:00	200	0	https://venpopov.com/bmm/articles/bmm_mixture_models.html	text/html; charset=utf-8	cited_project_author_publisher_surface	false	true	thetat,set_size,thetant,kappa		exact_text_present	not_claimed	name_or_key_present	confirmed	The retrieved official/primary source contains the normalized claimed formula text.		text_offset=2056; matched_terms=kappa,mixture3p,non,target; context_sha256=8b6fd683436daffe	94d3dddc560dab3bd667ef9f5925d94c62986d7b1a898be4f936aafc2ea3b780
298	bmm/sdm_condition	bmm	sdm_condition	true	SDM — Signal Discrimination Model (Condition Effects)	sdm_condition	sdm_synth	c ~ 0 + cond; kappa ~ 0 + cond			https://venpopov.github.io/bmm/articles/bmm_sdm_simple.html	synthetic	bmm.jl			gaussian	CatalogServer_default_unsubstantiated	2026-07-28T21:07:10.519856+00:00	200	0	https://venpopov.com/bmm/articles/bmm_sdm_simple.html	text/html; charset=utf-8	cited_project_author_publisher_surface	false	true	cond,kappa		exact_text_present	not_claimed	name_or_key_present	confirmed	The retrieved official/primary source contains the normalized claimed formula text.		text_offset=33; matched_terms=discrimination,model,sdm,signal; context_sha256=940076ea42039941	ad66d7e4537a123137fbcb012c1f1e98fe0581e873b6be86bc91e171c347dcb1
299	bmm/imm_full_condition	bmm	imm_full_condition	true	IMM Full — Interference Measurement Model (All Four Parameters)	imm_condition	imm_synth	c ~ 0 + cond; a ~ 0 + cond; s ~ 0 + cond; kappa ~ 0 + cond			https://venpopov.github.io/bmm/articles/bmm_imm.html	synthetic	bmm.jl			gaussian	CatalogServer_default_unsubstantiated	2026-07-28T21:07:10.490475+00:00	200	0	https://venpopov.com/bmm/articles/bmm_imm.html	text/html; charset=utf-8	cited_project_author_publisher_surface	false	true	cond,kappa		exact_text_present	not_claimed	name_or_key_present	confirmed	The retrieved official/primary source contains the normalized claimed formula text.		text_offset=36; matched_terms=imm,interference,measurement,model; context_sha256=e5104adb7999fb04	c4b15c50ca0952de9e5714c219af342de8836efdea4fc9f802aae0c0bd0fa3e4
300	flocker/single_season_repvarying	flocker	single_season_repvarying	true	Single-Season Occupancy — Multi-Species with Event Covariates	single_season	fd_rep_varying	occ: ~ uc1 + (1 + uc1 | species); det: ~ uc1 + ec1 + (1 + uc1 + ec1 | species)			https://jsocolar.github.io/flocker/articles/flocker_tutorial.html	synthetic	flocker.jl			gaussian	CatalogServer_default_unsubstantiated	2026-07-28T21:07:09.422927+00:00	200	0	https://jsocolar.github.io/flocker/articles/flocker_tutorial.html	text/html; charset=utf-8	cited_project_author_publisher_surface	false	false	occ,uc1,species,ec1	det	partial_semantic_terms:4/5	not_claimed	name_or_key_present	adapted-but-defensible	The source contains the model's distinctive response/predictor terms but not the exact catalog formula; the catalog expression is an adaptation.		text_offset=8; matched_terms=multi,occ,occupancy,season,single,with; context_sha256=82c40cbbd2585ba1	f743402bfca80aa2382ddc6bd3693a28f65d99f81ec0ad82c5ec9f5671151b1d
301	flocker/single_season_repconstant	flocker	single_season_repconstant	true	Single-Season Occupancy — Multi-Species, No Event Covariates	single_season	fd_rep_varying	occ: ~ uc1 + (1 + uc1 | species); det: ~ uc1 + (1 + uc1 | species)			https://jsocolar.github.io/flocker/articles/flocker_tutorial.html	synthetic	flocker.jl			gaussian	CatalogServer_default_unsubstantiated	2026-07-28T21:07:09.422927+00:00	200	0	https://jsocolar.github.io/flocker/articles/flocker_tutorial.html	text/html; charset=utf-8	cited_project_author_publisher_surface	false	false	occ,uc1,species	det	partial_semantic_terms:3/4	not_claimed	name_or_key_present	adapted-but-defensible	The source contains the model's distinctive response/predictor terms but not the exact catalog formula; the catalog expression is an adaptation.		text_offset=8; matched_terms=multi,occ,occupancy,season,single; context_sha256=82c40cbbd2585ba1	f743402bfca80aa2382ddc6bd3693a28f65d99f81ec0ad82c5ec9f5671151b1d
302	flocker/colex_explicit	flocker	colex_explicit	true	Colonisation-Extinction — Explicit Initial Occupancy	colex_multiseason	fd_multi	occ: ~ uc1; det: ~ uc1 + ec1; col: ~ uc1; ex: ~ uc1			https://jsocolar.github.io/flocker/articles/flocker_tutorial.html	synthetic	flocker.jl			gaussian	CatalogServer_default_unsubstantiated	2026-07-28T21:07:09.422927+00:00	200	0	https://jsocolar.github.io/flocker/articles/flocker_tutorial.html	text/html; charset=utf-8	cited_project_author_publisher_surface	false	false	occ,uc1,ec1	det,col	partial_semantic_terms:3/5	not_claimed	name_or_key_present	adapted-but-defensible	The source contains the model's distinctive response/predictor terms but not the exact catalog formula; the catalog expression is an adaptation.		text_offset=7618; matched_terms=ec1,extinction,uc1; context_sha256=be85c1023b3b2173	f743402bfca80aa2382ddc6bd3693a28f65d99f81ec0ad82c5ec9f5671151b1d
303	flocker/colex_equilibrium	flocker	colex_equilibrium	true	Colonisation-Extinction — Equilibrium Initial Occupancy	colex_multiseason	fd_multi	det: ~ uc1 + ec1; col: ~ uc1; ex: ~ uc1			https://jsocolar.github.io/flocker/articles/flocker_tutorial.html	synthetic	flocker.jl			gaussian	CatalogServer_default_unsubstantiated	2026-07-28T21:07:09.422927+00:00	200	0	https://jsocolar.github.io/flocker/articles/flocker_tutorial.html	text/html; charset=utf-8	cited_project_author_publisher_surface	false	false	uc1,ec1	det,col	insufficient_terms:2/4	not_claimed	name_or_key_present	unverifiable	Retrieved source does not expose enough formula-specific evidence to confirm or refute the catalog claim conservatively.		text_offset=7618; matched_terms=ec1,extinction,uc1; context_sha256=be85c1023b3b2173	f743402bfca80aa2382ddc6bd3693a28f65d99f81ec0ad82c5ec9f5671151b1d
304	flocker/autologistic_equilibrium	flocker	autologistic_equilibrium	true	Autologistic Occupancy — Equilibrium Initial Occupancy	autologistic_multiseason	fd_multi	det: ~ uc1 + ec1; col: ~ uc1; auto: ~ 1			https://jsocolar.github.io/flocker/articles/flocker_tutorial.html	synthetic	flocker.jl			gaussian	CatalogServer_default_unsubstantiated	2026-07-28T21:07:09.422927+00:00	200	0	https://jsocolar.github.io/flocker/articles/flocker_tutorial.html	text/html; charset=utf-8	cited_project_author_publisher_surface	false	false	uc1,ec1	det,col,auto	insufficient_terms:2/5	not_claimed	name_or_key_present	unverifiable	Retrieved source does not expose enough formula-specific evidence to confirm or refute the catalog claim conservatively.		text_offset=7618; matched_terms=autologistic,ec1,uc1; context_sha256=be85c1023b3b2173	f743402bfca80aa2382ddc6bd3693a28f65d99f81ec0ad82c5ec9f5671151b1d
305	flocker/augmented_multispecies	flocker	augmented_multispecies	true	Data-Augmented Occupancy — Species Richness Estimation	augmented_richness	fd_augmented	occ: ~ (1 | ff_species); det: ~ uc1 + ec1 + (1 + uc1 + ec1 | ff_species)			https://jsocolar.github.io/flocker/articles/flocker_tutorial.html	synthetic	flocker.jl			gaussian	CatalogServer_default_unsubstantiated	2026-07-28T21:07:09.422927+00:00	200	0	https://jsocolar.github.io/flocker/articles/flocker_tutorial.html	text/html; charset=utf-8	cited_project_author_publisher_surface	false	false	occ,ff_species,uc1,ec1	det	partial_semantic_terms:4/5	not_claimed	name_or_key_present	adapted-but-defensible	The source contains the model's distinctive response/predictor terms but not the exact catalog formula; the catalog expression is an adaptation.		text_offset=8; matched_terms=augmented,data,occ,occupancy; context_sha256=82c40cbbd2585ba1	f743402bfca80aa2382ddc6bd3693a28f65d99f81ec0ad82c5ec9f5671151b1d
306	mvgam/portal_glm_re	mvgam	portal_glm_re	true	Poisson GLM — Hierarchical Year Random Effects	portal_counts	portal_synth	"'count ~ s(year_fac, bs = ""re"") - 1'"			https://nicholasjclark.github.io/mvgam/articles/mvgam_overview.html	synthetic	mvgam.jl			gaussian	CatalogServer_default_unsubstantiated	2026-07-28T21:07:09.793350+00:00	200	0	https://nicholasjclark.github.io/mvgam/articles/mvgam_overview.html	text/html; charset=utf-8	cited_project_author_publisher_surface	false	true	count,year_fac		exact_text_present	not_claimed	name_or_key_present	confirmed	The retrieved official/primary source contains the normalized claimed formula text.		text_offset=5761; matched_terms=count,random; context_sha256=21c5491f0e6c04ee	b0b7617d9d0a07e1786a4166f73f1f08e3c82f87c9be1982807d68bb50e78cde
307	mvgam/portal_ar_ndvi	mvgam	portal_ar_ndvi	true	Poisson GAM — NDVI Smooth + AR(1) Latent Trend	portal_counts	portal_synth	obs: count ~ 1 | trend: ~ s(ndvi_ma12, k = 6) [AR()]			https://nicholasjclark.github.io/mvgam/articles/mvgam_overview.html	synthetic	mvgam.jl			gaussian	CatalogServer_default_unsubstantiated	2026-07-28T21:07:09.793350+00:00	200	0	https://nicholasjclark.github.io/mvgam/articles/mvgam_overview.html	text/html; charset=utf-8	cited_project_author_publisher_surface	false	false	count,trend,ndvi_ma12	obs	partial_semantic_terms:3/4	not_claimed	name_or_key_present	adapted-but-defensible	The source contains the model's distinctive response/predictor terms but not the exact catalog formula; the catalog expression is an adaptation.		text_offset=213; matched_terms=gam,latent,trend; context_sha256=4505aac0b2fcf8aa	b0b7617d9d0a07e1786a4166f73f1f08e3c82f87c9be1982807d68bb50e78cde
308	mvgam/portal_shared_trend	mvgam	portal_shared_trend	true	Shared Latent Trend — Multi-Series Seasonal AR(1)	portal_counts	portal_synth	"'obs: count ~ series - 1 | trend: ~ s(season, bs = ""cc"", k = 8) [AR()]'"			https://nicholasjclark.github.io/mvgam/articles/shared_states.html	synthetic	mvgam.jl			gaussian	CatalogServer_default_unsubstantiated	2026-07-28T21:07:09.796581+00:00	200	0	https://nicholasjclark.github.io/mvgam/articles/shared_states.html	text/html; charset=utf-8	cited_project_author_publisher_surface	false	false	series,trend,season	obs,count	partial_semantic_terms:3/5	not_claimed	name_or_key_present	adapted-but-defensible	The source contains the model's distinctive response/predictor terms but not the exact catalog formula; the catalog expression is an adaptation.		text_offset=530; matched_terms=latent,series,shared,trend; context_sha256=2e8e48295a839467	7dc2a5989b77c6ee638afbfd95d3e46c2b4a49d76c92b10f7e757e440fae266f
309	mvgam/plankton_var	mvgam	plankton_var	true	Gaussian VAR — Tensor-Product Environmental Smooths	plankton_var	plankton_synth	obs: y ~ -1 | trend: ~ te(temp, month, k = c(4, 4)) + te(temp, month, k = c(4, 4), by = trend) - 1 [VAR(cor = TRUE)]			https://nicholasjclark.github.io/mvgam/articles/trend_formulas.html	synthetic	mvgam.jl			gaussian	CatalogServer_default_unsubstantiated	2026-07-28T21:07:09.817308+00:00	200	0	https://nicholasjclark.github.io/mvgam/articles/trend_formulas.html	text/html; charset=utf-8	cited_project_author_publisher_surface	false	false	obs,trend,temp,month,var,cor		partial_semantic_terms:6/6	not_claimed	name_or_key_present	adapted-but-defensible	The source contains the model's distinctive response/predictor terms but not the exact catalog formula; the catalog expression is an adaptation.		text_offset=720; matched_terms=obs,trend,var; context_sha256=fec4bce5c8ff369c	3e9708296a12f3eb1fb9df12772575500b8c554285aa313baf385bffb6ff081f
310	mvgam/salmon_beta_ar	mvgam	salmon_beta_ar	true	Beta AR(1) — Time-Varying Upwelling Effect on Salmon Survival	salmon_survival	salmon_synth	obs: survival ~ 1 | trend: ~ dynamic(CUI.apr, k = 25, scale = FALSE) - 1 [AR()]			https://nicholasjclark.github.io/mvgam/articles/time_varying_effects.html	synthetic	mvgam.jl			gaussian	CatalogServer_default_unsubstantiated	2026-07-28T21:07:09.815158+00:00	200	0	https://nicholasjclark.github.io/mvgam/articles/time_varying_effects.html	text/html; charset=utf-8	cited_project_author_publisher_surface	false	false	survival,trend,dynamic,cui,apr,scale	obs	partial_semantic_terms:6/7	not_claimed	name_or_key_present	adapted-but-defensible	The source contains the model's distinctive response/predictor terms but not the exact catalog formula; the catalog expression is an adaptation.		text_offset=9409; matched_terms=apr,cui,salmon,survival,upwelling; context_sha256=60b5d3572c5f83e5	63fc3eb4b911de31533e6b4fede016e2191ce456e09eda98a23dd2cc32ad3d19
311	mvgam/nmix_detection	mvgam	nmix_detection	true	N-Mixture — Smooth Detection and Abundance Sub-Models	nmix_detection	nmix_synth	"'obs: y ~ s(det_cov, k = 4) + s(det_cov2, k = 4) | trend: ~ s(abund_cov, k = 4) + s(abund_fac, bs = ""re"") [nmix()]'"			https://nicholasjclark.github.io/mvgam/articles/nmixtures.html	synthetic	mvgam.jl			gaussian	CatalogServer_default_unsubstantiated	2026-07-28T21:07:09.794041+00:00	200	0	https://nicholasjclark.github.io/mvgam/articles/nmixtures.html	text/html; charset=utf-8	cited_project_author_publisher_surface	false	false	obs,det_cov,det_cov2,trend,abund_cov,abund_fac,nmix		partial_semantic_terms:7/7	not_claimed	name_or_key_present	adapted-but-defensible	The source contains the model's distinctive response/predictor terms but not the exact catalog formula; the catalog expression is an adaptation.		text_offset=370; matched_terms=abundance,and,detection,mixture,models,nmix,obs; context_sha256=7d04bfd1c5e84efa	761e3c6197d7083c51c85c0e9b77c2af5ce2746c03b0bae9fec9d8c6f2891e81
312	lme4/sleepstudy_slope	lme4	sleepstudy_slope	true	Sleep Deprivation — Correlated Random Slopes	sleep_deprivation	sleepstudy	Reaction ~ Days + (Days | Subject)	gaussian		https://cran.r-project.org/web/packages/lme4/vignettes/lmer.pdf	https://vincentarelbundock.github.io/Rdatasets/csv/lme4/sleepstudy.csv	lme4.jl			gaussian	explicit_metadata	2026-07-28T21:07:08.672557+00:00	200	0	https://cran.r-project.org/web/packages/lme4/vignettes/lmer.pdf	application/pdf	cited_project_author_publisher_surface	false	false		reaction,days,subject	insufficient_terms:0/3	not_observed	not_observed	unverifiable	Retrieved source does not expose enough formula-specific evidence to confirm or refute the catalog claim conservatively.			60474d07bdb3a511f804a6cd2e73494fd8eb5713f532e2382f69c5dea2e8782e
313	lme4/sleepstudy_uncorr	lme4	sleepstudy_uncorr	true	Sleep Deprivation — Uncorrelated Random Slopes	sleep_deprivation	sleepstudy	Reaction ~ Days + (Days || Subject)	gaussian		https://cran.r-project.org/web/packages/lme4/vignettes/lmer.pdf	https://vincentarelbundock.github.io/Rdatasets/csv/lme4/sleepstudy.csv	lme4.jl			gaussian	explicit_metadata	2026-07-28T21:07:08.672557+00:00	200	0	https://cran.r-project.org/web/packages/lme4/vignettes/lmer.pdf	application/pdf	cited_project_author_publisher_surface	false	false		reaction,days,subject	insufficient_terms:0/3	not_observed	not_observed	unverifiable	Retrieved source does not expose enough formula-specific evidence to confirm or refute the catalog claim conservatively.			60474d07bdb3a511f804a6cd2e73494fd8eb5713f532e2382f69c5dea2e8782e
314	lme4/dyestuff_re	lme4	dyestuff_re	true	Dyestuff — Minimal Random-Intercept LMM	dyestuff	dyestuff	Yield ~ 1 + (1 | Batch)	gaussian		https://doi.org/10.18637/jss.v067.i01	https://vincentarelbundock.github.io/Rdatasets/csv/lme4/Dyestuff.csv	lme4.jl			gaussian	explicit_metadata	2026-07-28T21:07:08.675823+00:00	200	0	https://www.jstatsoft.org/article/view/v067i01	text/html; charset=utf-8	cited_project_author_publisher_surface	false	false		yield,batch	insufficient_terms:0/2	not_observed	name_or_key_present	unverifiable	Retrieved source does not expose enough formula-specific evidence to confirm or refute the catalog claim conservatively.		text_offset=828; matched_terms=random; context_sha256=d4d494ca9c17b710	f8896f4f4e07e9374273dc8bf5cf41a2a1b669b105281e393b193e56fcab1f1f
315	lme4/lme4_cbpp_glmm	lme4	lme4_cbpp_glmm	true	CBPP — Binomial GLMM (lme4 syntax)	cbpp	lme4_cbpp	cbind(incidence, size - incidence) ~ period + (1 | herd)	binomial		https://doi.org/10.18637/jss.v067.i01	https://vincentarelbundock.github.io/Rdatasets/csv/lme4/cbpp.csv	lme4.jl			binomial	explicit_metadata	2026-07-28T21:07:08.675823+00:00	200	0	https://www.jstatsoft.org/article/view/v067i01	text/html; charset=utf-8	cited_project_author_publisher_surface	false	false		cbind,incidence,size,period,herd	insufficient_terms:0/5	not_observed	name_or_key_present	unverifiable	Retrieved source does not expose enough formula-specific evidence to confirm or refute the catalog claim conservatively.		text_offset=42; matched_terms=lme4; context_sha256=730673dc67fbe355	f8896f4f4e07e9374273dc8bf5cf41a2a1b669b105281e393b193e56fcab1f1f
316	lme4/penicillin_crossed	lme4	penicillin_crossed	true	Penicillin — Crossed Random Intercepts	penicillin	penicillin	diameter ~ 1 + (1 | plate) + (1 | sample)	gaussian		https://doi.org/10.18637/jss.v067.i01	https://vincentarelbundock.github.io/Rdatasets/csv/lme4/Penicillin.csv	lme4.jl			gaussian	explicit_metadata	2026-07-28T21:07:08.675823+00:00	200	0	https://www.jstatsoft.org/article/view/v067i01	text/html; charset=utf-8	cited_project_author_publisher_surface	false	false		diameter,plate,sample	insufficient_terms:0/3	not_observed	name_or_key_present	unverifiable	Retrieved source does not expose enough formula-specific evidence to confirm or refute the catalog claim conservatively.		text_offset=828; matched_terms=random; context_sha256=d4d494ca9c17b710	f8896f4f4e07e9374273dc8bf5cf41a2a1b669b105281e393b193e56fcab1f1f
317	lme4/pastes_nested	lme4	pastes_nested	true	Pastes — Nested Random Effects	pastes	pastes	strength ~ (1 | batch/cask)	gaussian		https://doi.org/10.18637/jss.v067.i01	https://vincentarelbundock.github.io/Rdatasets/csv/lme4/Pastes.csv	lme4.jl			gaussian	explicit_metadata	2026-07-28T21:07:08.675823+00:00	200	0	https://www.jstatsoft.org/article/view/v067i01	text/html; charset=utf-8	cited_project_author_publisher_surface	false	false		strength,batch,cask	insufficient_terms:0/3	not_observed	name_or_key_present	unverifiable	Retrieved source does not expose enough formula-specific evidence to confirm or refute the catalog claim conservatively.		text_offset=828; matched_terms=random; context_sha256=d4d494ca9c17b710	f8896f4f4e07e9374273dc8bf5cf41a2a1b669b105281e393b193e56fcab1f1f
318	lme4/verbagg_crossed	lme4	verbagg_crossed	true	Verbal Aggression — Bernoulli GLMM, Crossed Random Effects	verbal_aggression	verbagg	r2 ~ Anger + Gender + btype + situ + (1 | id) + (1 | item)	binomial		https://doi.org/10.18637/jss.v067.i01	https://vincentarelbundock.github.io/Rdatasets/csv/lme4/VerbAgg.csv	lme4.jl			binomial	explicit_metadata	2026-07-28T21:07:08.675823+00:00	200	0	https://www.jstatsoft.org/article/view/v067i01	text/html; charset=utf-8	cited_project_author_publisher_surface	false	false		anger,gender,btype,situ,item	insufficient_terms:0/5	not_observed	name_or_key_present	unverifiable	Retrieved source does not expose enough formula-specific evidence to confirm or refute the catalog claim conservatively.		text_offset=828; matched_terms=random; context_sha256=d4d494ca9c17b710	f8896f4f4e07e9374273dc8bf5cf41a2a1b669b105281e393b193e56fcab1f1f
319	lme4/contraception_urban	lme4	contraception_urban	true	Contraception — Binomial GLMM with Random Slopes	contraception	contraception	use ~ age + I(age^2) + livch + urban + (urban | district)	binomial		https://cran.r-project.org/package=lme4	https://vincentarelbundock.github.io/Rdatasets/csv/mlmRev/Contraception.csv	lme4.jl			binomial	explicit_metadata	2026-07-28T21:07:08.657201+00:00	200	0	https://cran.r-project.org/web/packages/lme4/index.html	text/html	cited_project_author_publisher_surface	false	false	use	age,livch,urban,district	insufficient_terms:1/5	not_observed	name_or_key_present	unverifiable	Retrieved source does not expose enough formula-specific evidence to confirm or refute the catalog claim conservatively.		text_offset=6718; matched_terms=use; context_sha256=6e2225a2efaa5227	9b773393d8025ed77ecc71827823f7f2c7414dce9141ddaf1f7d2bf9d2659144
320	mixed_models_jl/dyestuff_re	mixed_models_jl	dyestuff_re	true	Dyestuff — Minimal Random-Intercept LMM	dyestuff	dyestuff	Yield ~ 1 + (1 | Batch)	gaussian		https://juliastats.org/MixedModels.jl/stable/constructors/	https://vincentarelbundock.github.io/Rdatasets/csv/lme4/Dyestuff.csv	mixed_models_jl.jl			gaussian	explicit_metadata	2026-07-28T21:07:09.466472+00:00	200	0	https://juliastats.org/MixedModels.jl/stable/constructors/	text/html; charset=utf-8	cited_project_author_publisher_surface	false	true	yield,batch		exact_text_present	explicit_token_present	name_or_key_present	confirmed	The retrieved official/primary source contains the normalized claimed formula text.		text_offset=1500; matched_terms=batch,dyestuff,yield; context_sha256=0bedac9d24450ebf	0f6390175fa9f0133ae9150f500ce5bdd3ee2e101849b0c5578fc10cbee8284e
321	mixed_models_jl/sleepstudy_slope	mixed_models_jl	sleepstudy_slope	true	Sleep Deprivation — Correlated Random Slopes	sleep_deprivation	sleepstudy	Reaction ~ 1 + Days + (1 + Days | Subject)	gaussian		https://juliastats.org/MixedModels.jl/stable/constructors/	https://vincentarelbundock.github.io/Rdatasets/csv/lme4/sleepstudy.csv	mixed_models_jl.jl			gaussian	explicit_metadata	2026-07-28T21:07:09.466472+00:00	200	0	https://juliastats.org/MixedModels.jl/stable/constructors/	text/html; charset=utf-8	cited_project_author_publisher_surface	false	false	reaction,days,subject		partial_semantic_terms:3/3	explicit_token_present	name_or_key_present	adapted-but-defensible	The source contains the model's distinctive response/predictor terms but not the exact catalog formula; the catalog expression is an adaptation.		text_offset=9318; matched_terms=days,deprivation,reaction,sleep,sleepstudy,slopes,subject; context_sha256=1a3843f3c5a56629	0f6390175fa9f0133ae9150f500ce5bdd3ee2e101849b0c5578fc10cbee8284e
322	mixed_models_jl/sleepstudy_zerocorr	mixed_models_jl	sleepstudy_zerocorr	true	Sleep Deprivation — Uncorrelated Random Slopes (zerocorr)	sleep_deprivation	sleepstudy	Reaction ~ 1 + Days + zerocorr(1 + Days | Subject)	gaussian		https://juliastats.org/MixedModels.jl/stable/constructors/	https://vincentarelbundock.github.io/Rdatasets/csv/lme4/sleepstudy.csv	mixed_models_jl.jl			gaussian	explicit_metadata	2026-07-28T21:07:09.466472+00:00	200	0	https://juliastats.org/MixedModels.jl/stable/constructors/	text/html; charset=utf-8	cited_project_author_publisher_surface	false	false	reaction,days,zerocorr,subject		partial_semantic_terms:4/4	explicit_token_present	name_or_key_present	adapted-but-defensible	The source contains the model's distinctive response/predictor terms but not the exact catalog formula; the catalog expression is an adaptation.		text_offset=9318; matched_terms=days,deprivation,reaction,sleep,sleepstudy,slopes,subject; context_sha256=1a3843f3c5a56629	0f6390175fa9f0133ae9150f500ce5bdd3ee2e101849b0c5578fc10cbee8284e
323	mixed_models_jl/penicillin_crossed	mixed_models_jl	penicillin_crossed	true	Penicillin — Crossed Random Intercepts	penicillin	penicillin	diameter ~ 1 + (1 | plate) + (1 | sample)	gaussian		https://juliastats.org/MixedModels.jl/stable/constructors/	https://vincentarelbundock.github.io/Rdatasets/csv/lme4/Penicillin.csv	mixed_models_jl.jl			gaussian	explicit_metadata	2026-07-28T21:07:09.466472+00:00	200	0	https://juliastats.org/MixedModels.jl/stable/constructors/	text/html; charset=utf-8	cited_project_author_publisher_surface	false	true	diameter,plate,sample		exact_text_present	explicit_token_present	name_or_key_present	confirmed	The retrieved official/primary source contains the normalized claimed formula text.		text_offset=10643; matched_terms=crossed,diameter,penicillin,plate; context_sha256=c97be0ed39e6a549	0f6390175fa9f0133ae9150f500ce5bdd3ee2e101849b0c5578fc10cbee8284e
324	mixed_models_jl/pastes_nested	mixed_models_jl	pastes_nested	true	Pastes — Nested Random Effects	pastes	pastes	strength ~ 1 + (1 | batch/cask)	gaussian		https://juliastats.org/MixedModels.jl/stable/constructors/	https://vincentarelbundock.github.io/Rdatasets/csv/lme4/Pastes.csv	mixed_models_jl.jl			gaussian	explicit_metadata	2026-07-28T21:07:09.466472+00:00	200	0	https://juliastats.org/MixedModels.jl/stable/constructors/	text/html; charset=utf-8	cited_project_author_publisher_surface	false	true	strength,batch,cask		exact_text_present	explicit_token_present	name_or_key_present	confirmed	The retrieved official/primary source contains the normalized claimed formula text.		text_offset=11654; matched_terms=cask,pastes,strength; context_sha256=82c831b76ec3e771	0f6390175fa9f0133ae9150f500ce5bdd3ee2e101849b0c5578fc10cbee8284e
325	mixed_models_jl/verbagg_crossed	mixed_models_jl	verbagg_crossed	true	Verbal Aggression — Bernoulli GLMM, Crossed Random Effects	verbal_aggression	verbagg	r2 ~ 1 + Anger + Gender + btype + situ + (1 | id) + (1 | item)	bernoulli		https://juliastats.org/MixedModels.jl/stable/constructors/	https://vincentarelbundock.github.io/Rdatasets/csv/lme4/VerbAgg.csv	mixed_models_jl.jl			bernoulli	explicit_metadata	2026-07-28T21:07:09.466472+00:00	200	0	https://juliastats.org/MixedModels.jl/stable/constructors/	text/html; charset=utf-8	cited_project_author_publisher_surface	false	false	anger,gender,btype,situ,item		partial_semantic_terms:5/5	explicit_token_present	name_or_key_present	adapted-but-defensible	The source contains the model's distinctive response/predictor terms but not the exact catalog formula; the catalog expression is an adaptation.		text_offset=28977; matched_terms=anger,btype,gender,glmm,item,situ,verbagg; context_sha256=439e4bacca068de5	0f6390175fa9f0133ae9150f500ce5bdd3ee2e101849b0c5578fc10cbee8284e
326	mixed_models_jl/contraception_glmm	mixed_models_jl	contraception_glmm	true	Contraception — Bernoulli GLMM with Polynomial Age	contraception	contraception	use ~ 1 + age + abs2(age) + livch + urban + (1 | district)	bernoulli		https://juliastats.org/MixedModels.jl/stable/constructors/	https://vincentarelbundock.github.io/Rdatasets/csv/mlmRev/Contraception.csv	mixed_models_jl.jl			bernoulli	explicit_metadata	2026-07-28T21:07:09.466472+00:00	200	0	https://juliastats.org/MixedModels.jl/stable/constructors/	text/html; charset=utf-8	cited_project_author_publisher_surface	false	false	use,age,abs2,livch,urban	district	partial_semantic_terms:5/6	explicit_token_present	name_or_key_present	adapted-but-defensible	The source contains the model's distinctive response/predictor terms but not the exact catalog formula; the catalog expression is an adaptation.		text_offset=32755; matched_terms=abs2,contraception,livch,urban; context_sha256=87d0ffe0dbab7171	0f6390175fa9f0133ae9150f500ce5bdd3ee2e101849b0c5578fc10cbee8284e
327	inla/cement_lm	inla	cement_lm	true	Cement — Gaussian Linear Model (no random effects)	cement	cement	y ~ x1 + x2 + x3 + x4			https://becarioprecario.bitbucket.io/inla-gitbook/ch-INLA.html	https://vincentarelbundock.github.io/Rdatasets/csv/MASS/cement.csv	inla.jl			gaussian	CatalogServer_default_unsubstantiated	2026-07-28T21:07:08.640235+00:00	200	0	https://becarioprecario.bitbucket.io/inla-gitbook/ch-INLA.html	text/html	cited_project_author_publisher_surface	false	true			exact_text_present	not_claimed	name_or_key_present	confirmed	The retrieved official/primary source contains the normalized claimed formula text.		text_offset=671; matched_terms=effects,linear,model,random; context_sha256=f403faea660e1a5a	195fcd448f4afaee7f1d238d80a182debe2a6d24a636cfc0a0977046733eec25
328	inla/penicillin_iid	inla	penicillin_iid	true	Penicillin — Gaussian GLMM with IID Random Intercept	penicillin	penicillin	diameter ~ 1 + sample + f(plate_id, model = 'iid')			https://becarioprecario.bitbucket.io/inla-gitbook/ch-multilevel.html	https://vincentarelbundock.github.io/Rdatasets/csv/lme4/Penicillin.csv	inla.jl			gaussian	CatalogServer_default_unsubstantiated	2026-07-28T21:07:08.641594+00:00	200	0	https://becarioprecario.bitbucket.io/inla-gitbook/ch-multilevel.html	text/html	cited_project_author_publisher_surface	false	false	sample,model,iid	diameter,plate_id	partial_semantic_terms:3/5	not_claimed	name_or_key_present	adapted-but-defensible	The source contains the model's distinctive response/predictor terms but not the exact catalog formula; the catalog expression is an adaptation.		text_offset=1242; matched_terms=iid,random; context_sha256=7b88e92ad01fb98b	092a00599dd5202917f56382661fa06c92d1def7d7384e8626de66a37c8642cd
329	inla/sleepstudy_iid	inla	sleepstudy_iid	true	Sleep Deprivation — Gaussian GLMM with IID Random Intercept	sleepstudy	sleepstudy_inla	Reaction ~ 1 + Days + f(subject_id, model = 'iid')			https://becarioprecario.bitbucket.io/inla-gitbook/ch-multilevel.html	https://vincentarelbundock.github.io/Rdatasets/csv/lme4/sleepstudy.csv	inla.jl			gaussian	CatalogServer_default_unsubstantiated	2026-07-28T21:07:08.641594+00:00	200	0	https://becarioprecario.bitbucket.io/inla-gitbook/ch-multilevel.html	text/html	cited_project_author_publisher_surface	false	false	reaction,days,model,iid	subject_id	partial_semantic_terms:4/5	not_claimed	name_or_key_present	adapted-but-defensible	The source contains the model's distinctive response/predictor terms but not the exact catalog formula; the catalog expression is an adaptation.		text_offset=31852; matched_terms=days,deprivation,reaction,sleep; context_sha256=68a65c22db0cf44c	092a00599dd5202917f56382661fa06c92d1def7d7384e8626de66a37c8642cd
330	inla/sleepstudy_slopes	inla	sleepstudy_slopes	true	Sleep Deprivation — Gaussian GLMM with IID Random Slopes	sleepstudy	sleepstudy_inla	Reaction ~ 1 + f(subject_id, Days, model = 'iid')			https://becarioprecario.bitbucket.io/inla-gitbook/ch-multilevel.html	https://vincentarelbundock.github.io/Rdatasets/csv/lme4/sleepstudy.csv	inla.jl			gaussian	CatalogServer_default_unsubstantiated	2026-07-28T21:07:08.641594+00:00	200	0	https://becarioprecario.bitbucket.io/inla-gitbook/ch-multilevel.html	text/html	cited_project_author_publisher_surface	false	false	reaction,days,model,iid	subject_id	partial_semantic_terms:4/5	not_claimed	name_or_key_present	adapted-but-defensible	The source contains the model's distinctive response/predictor terms but not the exact catalog formula; the catalog expression is an adaptation.		text_offset=31852; matched_terms=days,deprivation,reaction,sleep; context_sha256=68a65c22db0cf44c	092a00599dd5202917f56382661fa06c92d1def7d7384e8626de66a37c8642cd
331	inla/airp_rw1	inla	airp_rw1	true	Airline Passengers — Random Walk (RW1) Temporal Smoothing	airpassengers_temporal	airpassengers	log_y ~ 0 + f(t, model = 'rw1')			https://becarioprecario.bitbucket.io/inla-gitbook/ch-temporal.html	synthetic	inla.jl			gaussian	CatalogServer_default_unsubstantiated	2026-07-28T21:07:08.656916+00:00	200	0	https://becarioprecario.bitbucket.io/inla-gitbook/ch-temporal.html	text/html	cited_project_author_publisher_surface	false	false	model,rw1	log_y	partial_semantic_terms:2/3	not_claimed	name_or_key_present	adapted-but-defensible	The source contains the model's distinctive response/predictor terms but not the exact catalog formula; the catalog expression is an adaptation.		text_offset=1598; matched_terms=random,rw1,walk; context_sha256=aa89acbafed374b4	a3faa1dd1b298c23c52ebeffbe232fc9b36e1889710ab3b0b93fd8e0e9ffa4ab
332	inla/airp_rw2	inla	airp_rw2	true	Airline Passengers — Random Walk (RW2) Temporal Smoothing	airpassengers_temporal	airpassengers	log_y ~ 0 + f(t, model = 'rw2')			https://becarioprecario.bitbucket.io/inla-gitbook/ch-temporal.html	synthetic	inla.jl			gaussian	CatalogServer_default_unsubstantiated	2026-07-28T21:07:08.656916+00:00	200	0	https://becarioprecario.bitbucket.io/inla-gitbook/ch-temporal.html	text/html	cited_project_author_publisher_surface	false	false	model,rw2	log_y	partial_semantic_terms:2/3	not_claimed	name_or_key_present	adapted-but-defensible	The source contains the model's distinctive response/predictor terms but not the exact catalog formula; the catalog expression is an adaptation.		text_offset=1606; matched_terms=random,rw2,walk; context_sha256=54472cdc853695ac	a3faa1dd1b298c23c52ebeffbe232fc9b36e1889710ab3b0b93fd8e0e9ffa4ab
333	inla/airp_ar1	inla	airp_ar1	true	Airline Passengers — AR(1) Temporal Process	airpassengers_temporal	airpassengers	log_y ~ 0 + f(t, model = 'ar1')			https://becarioprecario.bitbucket.io/inla-gitbook/ch-temporal.html	synthetic	inla.jl			gaussian	CatalogServer_default_unsubstantiated	2026-07-28T21:07:08.656916+00:00	200	0	https://becarioprecario.bitbucket.io/inla-gitbook/ch-temporal.html	text/html	cited_project_author_publisher_surface	false	false	model,ar1	log_y	partial_semantic_terms:2/3	not_claimed	name_or_key_present	adapted-but-defensible	The source contains the model's distinctive response/predictor terms but not the exact catalog formula; the catalog expression is an adaptation.		text_offset=19; matched_terms=model,temporal; context_sha256=33dd507626d8773e	a3faa1dd1b298c23c52ebeffbe232fc9b36e1889710ab3b0b93fd8e0e9ffa4ab
334	inla/airp_seasonal	inla	airp_seasonal	true	Airline Passengers — Seasonal Latent Field	airpassengers_temporal	airpassengers	log_y ~ 0 + f(t, model = 'seasonal', season.length = 12)			https://becarioprecario.bitbucket.io/inla-gitbook/ch-temporal.html	synthetic	inla.jl			gaussian	CatalogServer_default_unsubstantiated	2026-07-28T21:07:08.656916+00:00	200	0	https://becarioprecario.bitbucket.io/inla-gitbook/ch-temporal.html	text/html	cited_project_author_publisher_surface	false	false	model,seasonal,length	log_y,season	partial_semantic_terms:3/5	not_claimed	name_or_key_present	adapted-but-defensible	The source contains the model's distinctive response/predictor terms but not the exact catalog formula; the catalog expression is an adaptation.		text_offset=1625; matched_terms=latent,seasonal; context_sha256=cf8dbbf6057fb5b0	a3faa1dd1b298c23c52ebeffbe232fc9b36e1889710ab3b0b93fd8e0e9ffa4ab
335	inla/veteran_weibull	inla	veteran_weibull	true	VA Lung Cancer — Weibull Survival Model	veteran_survival	veteran	inla.surv(time, status) ~ trt + celltype + karno + diagtime + age + prior			https://becarioprecario.bitbucket.io/inla-gitbook/ch-survival.html	https://vincentarelbundock.github.io/Rdatasets/csv/survival/veteran.csv	inla.jl			gaussian	CatalogServer_default_unsubstantiated	2026-07-28T21:07:08.655105+00:00	200	0	https://becarioprecario.bitbucket.io/inla-gitbook/ch-survival.html	text/html	cited_project_author_publisher_surface	false	false	inla,surv,time,status,trt,celltype,karno,diagtime,age,prior		partial_semantic_terms:10/10	not_claimed	name_or_key_present	adapted-but-defensible	The source contains the model's distinctive response/predictor terms but not the exact catalog formula; the catalog expression is an adaptation.		text_offset=9145; matched_terms=cancer,celltype,diagtime,karno,lung,trt,veteran; context_sha256=c8b91fc677693e54	26e578fc88e00d1a6704c396767828a934d547123b00fb24774d4fc7e1cdc6f6
336	inla/lidar_rw2	inla	lidar_rw2	true	LIDAR — Nonparametric Regression via RW2	lidar_smooth	lidar	logratio ~ -1 + f(range, model = 'rw2', constr = FALSE)			https://becarioprecario.bitbucket.io/inla-gitbook/ch-smoothing.html	https://vincentarelbundock.github.io/Rdatasets/csv/SemiPar/lidar.csv	inla.jl			gaussian	CatalogServer_default_unsubstantiated	2026-07-28T21:07:08.642013+00:00	200	0	https://becarioprecario.bitbucket.io/inla-gitbook/ch-smoothing.html	text/html	cited_project_author_publisher_surface	false	true	logratio,range,model,rw2,constr		exact_text_present	not_claimed	name_or_key_present	confirmed	The retrieved official/primary source contains the normalized claimed formula text.		text_offset=1600; matched_terms=constr,rw2; context_sha256=54472cdc853695ac	233ab3291ffb3588cdd58e8771e0f79d1f924765c67c5f7fdbef96d2a1331e88
337	inla/surg_binomial	inla	surg_binomial	true	Hospital Mortality — Binomial IID Overdispersion	surg_mortality	surg	r ~ f(hospital, model = 'iid')			https://becarioprecario.bitbucket.io/inla-gitbook/ch-INLA.html	synthetic	inla.jl			gaussian	CatalogServer_default_unsubstantiated	2026-07-28T21:07:08.640235+00:00	200	0	https://becarioprecario.bitbucket.io/inla-gitbook/ch-INLA.html	text/html	cited_project_author_publisher_surface	false	false	model,iid	hospital	partial_semantic_terms:2/3	not_claimed	name_or_key_present	adapted-but-defensible	The source contains the model's distinctive response/predictor terms but not the exact catalog formula; the catalog expression is an adaptation.		text_offset=714; matched_terms=iid,model; context_sha256=414fcb0db663d221	195fcd448f4afaee7f1d238d80a182debe2a6d24a636cfc0a0977046733eec25
338	inla/boston_besag	inla	boston_besag	true	Boston Housing — Gaussian Spatial (ICAR / Besag)	boston_spatial	boston_housing	log(medv) ~ crim + zn + indus + chas + nox + rm + age + dis + rad + tax + ptratio + black + lstat + f(id, model = 'besag', graph = W)			https://becarioprecario.bitbucket.io/inla-gitbook/ch-spatial.html	https://vincentarelbundock.github.io/Rdatasets/csv/MASS/Boston.csv	inla.jl			gaussian	CatalogServer_default_unsubstantiated	2026-07-28T21:07:08.653672+00:00	200	0	https://becarioprecario.bitbucket.io/inla-gitbook/ch-spatial.html	text/html	cited_project_author_publisher_surface	false	false	crim,indus,chas,nox,age,dis,rad,tax,ptratio,black,lstat,model,besag,graph	medv	partial_semantic_terms:14/15	not_claimed	name_or_key_present	adapted-but-defensible	The source contains the model's distinctive response/predictor terms but not the exact catalog formula; the catalog expression is an adaptation.		text_offset=19917; matched_terms=black,boston,crim,indus,lstat,nox,ptratio,tax; context_sha256=9fea9ee584b10f98	709f3842be5848fd9e662ff2751525d86da4f4c287d32844e601557c371ca894
339	mcmcglmm/plodia_iid	mcmcglmm	plodia_iid	true	Phenoloxidase — Gaussian GLMM with Full-Sib Family Random Effect	plodiaPO_iid	plodiaPO	fixed: PO ~ 1; random: ~FSfamily			https://cran.r-project.org/web/packages/MCMCglmm/vignettes/Overview.pdf	https://vincentarelbundock.github.io/Rdatasets/csv/MCMCglmm/PlodiaPO.csv	mcmcglmm.jl			gaussian	CatalogServer_default_unsubstantiated	2026-07-28T21:07:08.667139+00:00	404	0	https://cran.r-project.org/web/packages/MCMCglmm/vignettes/Overview.pdf	text/html; charset=utf-8	cited_project_author_publisher_surface	false	false		fixed,random,fsfamily	not_evaluable	not_evaluable	not_evaluable	dead-source	Citation retrieval failed (HTTP 404, curl 0).	Dead vignette path has a reachable official package manual (HTTP 200 checked 2026-07-28): https://stat.ethz.ch/CRAN/web/packages/MCMCglmm/MCMCglmm.pdf		6b008b843616a692e0e3906902fe414ebce338a54b6dad5cd863a5bd2cd03cb2
340	mcmcglmm/btdata_iid	mcmcglmm	btdata_iid	true	Blue Tit Tarsus — Gaussian GLMM with Foster-Nest Random Intercept	btdata_iid	btdata	fixed: tarsus ~ sex + hatchdate; random: ~fosternest			https://jarrodhadfield.github.io/MCMCglmm/course-notes/	https://vincentarelbundock.github.io/Rdatasets/csv/MCMCglmm/BTdata.csv	mcmcglmm.jl			gaussian	CatalogServer_default_unsubstantiated	2026-07-28T21:07:09.386943+00:00	404	0	https://jarrodhadfield.github.io/MCMCglmm/course-notes/	text/html; charset=utf-8	cited_surface_not_independently_authenticated	false	false		fixed,tarsus,sex,hatchdate,random,fosternest	not_evaluable	not_evaluable	not_evaluable	dead-source	Citation retrieval failed (HTTP 404, curl 0).	Dead GitHub Pages path has a reachable author/package replacement (HTTP 200 checked 2026-07-28): https://jarrodhadfield.r-universe.dev/articles/MCMCglmm/CourseNotes.html		89fc9f0b1c8d8f0783c493d8f9f011910e2daed613774e835fb370c41bcd06e7
341	mcmcglmm/btdata_animal	mcmcglmm	btdata_animal	true	Blue Tit Tarsus — Animal Model (Additive Genetic Variance)	btdata_animal	btdata	fixed: tarsus ~ sex + hatchdate; random: ~fosternest + animal			https://jarrodhadfield.github.io/MCMCglmm/course-notes/	https://vincentarelbundock.github.io/Rdatasets/csv/MCMCglmm/BTdata.csv	mcmcglmm.jl			gaussian	CatalogServer_default_unsubstantiated	2026-07-28T21:07:09.386943+00:00	404	0	https://jarrodhadfield.github.io/MCMCglmm/course-notes/	text/html; charset=utf-8	cited_surface_not_independently_authenticated	false	false		fixed,tarsus,sex,hatchdate,random,fosternest,animal	not_evaluable	not_evaluable	not_evaluable	dead-source	Citation retrieval failed (HTTP 404, curl 0).	Dead GitHub Pages path has a reachable author/package replacement (HTTP 200 checked 2026-07-28): https://jarrodhadfield.r-universe.dev/articles/MCMCglmm/CourseNotes.html		89fc9f0b1c8d8f0783c493d8f9f011910e2daed613774e835fb370c41bcd06e7
342	mcmcglmm/chickweight_rslope	mcmcglmm	chickweight_rslope	true	Chick Growth — Random Regression (Unstructured G-matrix)	chickweight_rslope	chickweight	fixed: weight ~ Time + I(Time^2) + Diet:Time; random: ~us(1 + Time):Chick			https://jarrodhadfield.github.io/MCMCglmm/course-notes/	https://vincentarelbundock.github.io/Rdatasets/csv/datasets/ChickWeight.csv	mcmcglmm.jl			gaussian	CatalogServer_default_unsubstantiated	2026-07-28T21:07:09.386943+00:00	404	0	https://jarrodhadfield.github.io/MCMCglmm/course-notes/	text/html; charset=utf-8	cited_surface_not_independently_authenticated	false	false		fixed,weight,time,diet,random,chick	not_evaluable	not_evaluable	not_evaluable	dead-source	Citation retrieval failed (HTTP 404, curl 0).	Dead GitHub Pages path has a reachable author/package replacement (HTTP 200 checked 2026-07-28): https://jarrodhadfield.r-universe.dev/articles/MCMCglmm/CourseNotes.html		89fc9f0b1c8d8f0783c493d8f9f011910e2daed613774e835fb370c41bcd06e7
343	mcmcglmm/btdata_bivariate	mcmcglmm	btdata_bivariate	true	Blue Tit Bivariate — Multivariate Gaussian Animal Model	btdata_bivariate	btdata	fixed: cbind(tarsus, back) ~ trait - 1 + trait:sex + trait:hatchdate; random: ~us(trait):fosternest + us(trait):animal; rcov: ~us(trait):units			https://jarrodhadfield.github.io/MCMCglmm/course-notes/	https://vincentarelbundock.github.io/Rdatasets/csv/MCMCglmm/BTdata.csv	mcmcglmm.jl			gaussian	CatalogServer_default_unsubstantiated	2026-07-28T21:07:09.386943+00:00	404	0	https://jarrodhadfield.github.io/MCMCglmm/course-notes/	text/html; charset=utf-8	cited_surface_not_independently_authenticated	false	false		fixed,cbind,tarsus,back,trait,sex,hatchdate,random,fosternest,animal,rcov,units	not_evaluable	not_evaluable	not_evaluable	dead-source	Citation retrieval failed (HTTP 404, curl 0).	Dead GitHub Pages path has a reachable author/package replacement (HTTP 200 checked 2026-07-28): https://jarrodhadfield.r-universe.dev/articles/MCMCglmm/CourseNotes.html		89fc9f0b1c8d8f0783c493d8f9f011910e2daed613774e835fb370c41bcd06e7
344	mcmcglmm/pbcseq_bivariate	mcmcglmm	pbcseq_bivariate	true	PBC — Bivariate Gaussian + Threshold Joint Model	pbcseq_bivariate	pbcseq	fixed: cbind(log_bili, ascites) ~ trait - 1 + trait:(age + sex); random: ~us(trait):id; rcov: ~us(trait):units			https://jarrodhadfield.github.io/MCMCglmm/course-notes/	https://vincentarelbundock.github.io/Rdatasets/csv/survival/pbcseq.csv	mcmcglmm.jl			gaussian	CatalogServer_default_unsubstantiated	2026-07-28T21:07:09.386943+00:00	404	0	https://jarrodhadfield.github.io/MCMCglmm/course-notes/	text/html; charset=utf-8	cited_surface_not_independently_authenticated	false	false		fixed,cbind,log_bili,ascites,trait,age,sex,random,rcov,units	not_evaluable	not_evaluable	not_evaluable	dead-source	Citation retrieval failed (HTTP 404, curl 0).	Dead GitHub Pages path has a reachable author/package replacement (HTTP 200 checked 2026-07-28): https://jarrodhadfield.r-universe.dev/articles/MCMCglmm/CourseNotes.html		89fc9f0b1c8d8f0783c493d8f9f011910e2daed613774e835fb370c41bcd06e7
345	mcmcglmm/sshorns_ordinal	mcmcglmm	sshorns_ordinal	true	Soay Sheep Horn Type — Ordinal Threshold Model	sshorns_ordinal	sshorns	fixed: horn ~ sex; random: ~id			https://jarrodhadfield.github.io/MCMCglmm/course-notes/	https://vincentarelbundock.github.io/Rdatasets/csv/MCMCglmm/SShorns.csv	mcmcglmm.jl			gaussian	CatalogServer_default_unsubstantiated	2026-07-28T21:07:09.386943+00:00	404	0	https://jarrodhadfield.github.io/MCMCglmm/course-notes/	text/html; charset=utf-8	cited_surface_not_independently_authenticated	false	false		fixed,horn,sex,random	not_evaluable	not_evaluable	not_evaluable	dead-source	Citation retrieval failed (HTTP 404, curl 0).	Dead GitHub Pages path has a reachable author/package replacement (HTTP 200 checked 2026-07-28): https://jarrodhadfield.r-universe.dev/articles/MCMCglmm/CourseNotes.html		89fc9f0b1c8d8f0783c493d8f9f011910e2daed613774e835fb370c41bcd06e7
346	glmmtmb/owls_zip	glmmtmb	owls_zip	true	Barn Owls — Zero-Inflated Poisson GLMM	owls_zi	owls	NCalls ~ (FT + ArrivalTime)*SexParent + offset(log_brood) + (1|Nest); zi: ~1			https://cran.r-project.org/web/packages/glmmTMB/vignettes/glmmTMB.html	https://vincentarelbundock.github.io/Rdatasets/csv/glmmTMB/Owls.csv	glmmtmb.jl			gaussian	CatalogServer_default_unsubstantiated	2026-07-28T21:07:08.670334+00:00	404	0	https://cran.r-project.org/web/packages/glmmTMB/vignettes/glmmTMB.html	text/html; charset=utf-8	cited_project_author_publisher_surface	false	false		ncalls,arrivaltime,sexparent,log_brood,nest	not_evaluable	not_evaluable	not_evaluable	dead-source	Citation retrieval failed (HTTP 404, curl 0).	Dead CRAN path has a reachable official replacement candidate (HTTP 200 checked 2026-07-28): https://glmmtmb.github.io/glmmTMB/articles/glmmTMB.html		6b008b843616a692e0e3906902fe414ebce338a54b6dad5cd863a5bd2cd03cb2
347	glmmtmb/owls_zinb2	glmmtmb	owls_zinb2	true	Barn Owls — Zero-Inflated Negative Binomial (NB2) GLMM	owls_zi	owls	NCalls ~ (FT + ArrivalTime)*SexParent + offset(log_brood) + (1|Nest); zi: ~1			https://cran.r-project.org/web/packages/glmmTMB/vignettes/glmmTMB.html	https://vincentarelbundock.github.io/Rdatasets/csv/glmmTMB/Owls.csv	glmmtmb.jl			gaussian	CatalogServer_default_unsubstantiated	2026-07-28T21:07:08.670334+00:00	404	0	https://cran.r-project.org/web/packages/glmmTMB/vignettes/glmmTMB.html	text/html; charset=utf-8	cited_project_author_publisher_surface	false	false		ncalls,arrivaltime,sexparent,log_brood,nest	not_evaluable	not_evaluable	not_evaluable	dead-source	Citation retrieval failed (HTTP 404, curl 0).	Dead CRAN path has a reachable official replacement candidate (HTTP 200 checked 2026-07-28): https://glmmtmb.github.io/glmmTMB/articles/glmmTMB.html		6b008b843616a692e0e3906902fe414ebce338a54b6dad5cd863a5bd2cd03cb2
348	glmmtmb/owls_zinb1	glmmtmb	owls_zinb1	true	Barn Owls — Zero-Inflated Negative Binomial (NB1) GLMM	owls_zi	owls	NCalls ~ (FT + ArrivalTime)*SexParent + BroodSize + (1|Nest); zi: ~1			https://cran.r-project.org/web/packages/glmmTMB/vignettes/glmmTMB.html	https://vincentarelbundock.github.io/Rdatasets/csv/glmmTMB/Owls.csv	glmmtmb.jl			gaussian	CatalogServer_default_unsubstantiated	2026-07-28T21:07:08.670334+00:00	404	0	https://cran.r-project.org/web/packages/glmmTMB/vignettes/glmmTMB.html	text/html; charset=utf-8	cited_project_author_publisher_surface	false	false		ncalls,arrivaltime,sexparent,broodsize,nest	not_evaluable	not_evaluable	not_evaluable	dead-source	Citation retrieval failed (HTTP 404, curl 0).	Dead CRAN path has a reachable official replacement candidate (HTTP 200 checked 2026-07-28): https://glmmtmb.github.io/glmmTMB/articles/glmmTMB.html		6b008b843616a692e0e3906902fe414ebce338a54b6dad5cd863a5bd2cd03cb2
349	glmmtmb/owls_hurdle	glmmtmb	owls_hurdle	true	Barn Owls — Hurdle NB1 GLMM	owls_zi	owls	NCalls ~ (FT + ArrivalTime)*SexParent + BroodSize + (1|Nest); zi: ~.			https://cran.r-project.org/web/packages/glmmTMB/vignettes/glmmTMB.html	https://vincentarelbundock.github.io/Rdatasets/csv/glmmTMB/Owls.csv	glmmtmb.jl			gaussian	CatalogServer_default_unsubstantiated	2026-07-28T21:07:08.670334+00:00	404	0	https://cran.r-project.org/web/packages/glmmTMB/vignettes/glmmTMB.html	text/html; charset=utf-8	cited_project_author_publisher_surface	false	false		ncalls,arrivaltime,sexparent,broodsize,nest	not_evaluable	not_evaluable	not_evaluable	dead-source	Citation retrieval failed (HTTP 404, curl 0).	Dead CRAN path has a reachable official replacement candidate (HTTP 200 checked 2026-07-28): https://glmmtmb.github.io/glmmTMB/articles/glmmTMB.html		6b008b843616a692e0e3906902fe414ebce338a54b6dad5cd863a5bd2cd03cb2
350	glmmtmb/salamanders_zinb2	glmmtmb	salamanders_zinb2	true	Salamanders — ZI NB2 with Species-Varying Zero-Inflation	salamanders_zi	salamanders	count ~ spp + (1|site); zi: ~spp			https://cran.r-project.org/web/packages/glmmTMB/vignettes/glmmTMB.html	https://vincentarelbundock.github.io/Rdatasets/csv/glmmTMB/Salamanders.csv	glmmtmb.jl			gaussian	CatalogServer_default_unsubstantiated	2026-07-28T21:07:08.670334+00:00	404	0	https://cran.r-project.org/web/packages/glmmTMB/vignettes/glmmTMB.html	text/html; charset=utf-8	cited_project_author_publisher_surface	false	false		count,spp,site	not_evaluable	not_evaluable	not_evaluable	dead-source	Citation retrieval failed (HTTP 404, curl 0).	Dead CRAN path has a reachable official replacement candidate (HTTP 200 checked 2026-07-28): https://glmmtmb.github.io/glmmTMB/articles/glmmTMB.html		6b008b843616a692e0e3906902fe414ebce338a54b6dad5cd863a5bd2cd03cb2
351	glmmtmb/salamanders_genpois	glmmtmb	salamanders_genpois	true	Salamanders — Generalised Poisson with ZI	salamanders_zi	salamanders	count ~ spp + mined + (1|site); zi: ~spp + mined			https://cran.r-project.org/web/packages/glmmTMB/vignettes/glmmTMB.html	https://vincentarelbundock.github.io/Rdatasets/csv/glmmTMB/Salamanders.csv	glmmtmb.jl			gaussian	CatalogServer_default_unsubstantiated	2026-07-28T21:07:08.670334+00:00	404	0	https://cran.r-project.org/web/packages/glmmTMB/vignettes/glmmTMB.html	text/html; charset=utf-8	cited_project_author_publisher_surface	false	false		count,spp,mined,site	not_evaluable	not_evaluable	not_evaluable	dead-source	Citation retrieval failed (HTTP 404, curl 0).	Dead CRAN path has a reachable official replacement candidate (HTTP 200 checked 2026-07-28): https://glmmtmb.github.io/glmmTMB/articles/glmmTMB.html		6b008b843616a692e0e3906902fe414ebce338a54b6dad5cd863a5bd2cd03cb2
352	glmmtmb/beta_disp	glmmtmb	beta_disp	true	Beta Regression — Dispersion as Function of Predictor	beta_disp	beta_sim	y ~ x; disp: ~x			https://cran.r-project.org/web/packages/glmmTMB/vignettes/glmmTMB.html	synthetic	glmmtmb.jl			gaussian	CatalogServer_default_unsubstantiated	2026-07-28T21:07:08.670334+00:00	404	0	https://cran.r-project.org/web/packages/glmmTMB/vignettes/glmmTMB.html	text/html; charset=utf-8	cited_project_author_publisher_surface	false	false		disp	not_evaluable	not_evaluable	not_evaluable	dead-source	Citation retrieval failed (HTTP 404, curl 0).	Dead CRAN path has a reachable official replacement candidate (HTTP 200 checked 2026-07-28): https://glmmtmb.github.io/glmmTMB/articles/glmmTMB.html		6b008b843616a692e0e3906902fe414ebce338a54b6dad5cd863a5bd2cd03cb2
353	glmmtmb/ar1_covar	glmmtmb	ar1_covar	true	Grouped Time Series — AR(1) Random-Effect Covariance	ar1_covar	ar1_sim	y ~ ar1(times + 0 | group)			https://cran.r-project.org/web/packages/glmmTMB/vignettes/covstruct.html	synthetic	glmmtmb.jl			gaussian	CatalogServer_default_unsubstantiated	2026-07-28T21:07:08.667733+00:00	200	0	https://cran.r-project.org/web/packages/glmmTMB/vignettes/covstruct.html	text/html	cited_project_author_publisher_surface	false	true	ar1,times,group		exact_text_present	not_claimed	name_or_key_present	confirmed	The retrieved official/primary source contains the normalized claimed formula text.		text_offset=2993; matched_terms=group,series,time,times; context_sha256=31f0ecf387054a91	8a6b9148e65ec9ea3294dfea8d55899d9ad7bc7acd48a481c25629f826f5aada
354	glmmtmb/volcano_spatial	glmmtmb	volcano_spatial	true	Volcanic Topography — Spatial Exponential Covariance	volcano_spatial	volcano_spatial	z ~ 1 + exp(pos + 0 | group)			https://cran.r-project.org/web/packages/glmmTMB/vignettes/covstruct.html	synthetic	glmmtmb.jl			gaussian	CatalogServer_default_unsubstantiated	2026-07-28T21:07:08.667733+00:00	200	0	https://cran.r-project.org/web/packages/glmmTMB/vignettes/covstruct.html	text/html	cited_project_author_publisher_surface	false	true	pos,group		exact_text_present	not_claimed	name_or_key_present	confirmed	The retrieved official/primary source contains the normalized claimed formula text.		text_offset=371; matched_terms=covariance,exponential,pos,spatial; context_sha256=223affbae4d457c0	8a6b9148e65ec9ea3294dfea8d55899d9ad7bc7acd48a481c25629f826f5aada
355	glm_jl/dobson_poisson	glm_jl	dobson_poisson	true	Dobson Poisson — Log-Linear GLM	dobson_poisson	dobson_poisson	Counts ~ Outcome + Treatment	poisson		https://juliastats.org/GLM.jl/stable/examples/	synthetic	glm_jl.jl			poisson	explicit_metadata	2026-07-28T21:07:09.463977+00:00	200	0	https://juliastats.org/GLM.jl/stable/examples/	text/html; charset=utf-8	cited_project_author_publisher_surface	false	true	counts,outcome,treatment		exact_text_present	explicit_token_present	name_or_key_present	confirmed	The retrieved official/primary source contains the normalized claimed formula text.		text_offset=9226; matched_terms=counts,dobson,outcome,treatment; context_sha256=8df790dfd678bf4b	d523a82afe66b728d8a585fbebdbf0d1d0aa825933e80eb8b9fd0382b2e00939
356	glm_jl/quine_nb	glm_jl	quine_nb	true	Quine — Negative Binomial GLM	quine	quine	Days ~ Eth + Sex + Age + Lrn	negativebinomial		https://juliastats.org/GLM.jl/stable/examples/	https://vincentarelbundock.github.io/Rdatasets/csv/MASS/quine.csv	glm_jl.jl			negativebinomial	explicit_metadata	2026-07-28T21:07:09.463977+00:00	200	0	https://juliastats.org/GLM.jl/stable/examples/	text/html; charset=utf-8	cited_project_author_publisher_surface	false	true	days,eth,sex,age,lrn		exact_text_present	explicit_token_present	name_or_key_present	confirmed	The retrieved official/primary source contains the normalized claimed formula text.		text_offset=2826; matched_terms=age,days,eth,lrn,quine,sex; context_sha256=e26eea7b07a3fcd7	d523a82afe66b728d8a585fbebdbf0d1d0aa825933e80eb8b9fd0382b2e00939
357	glm_jl/quine_poisson	glm_jl	quine_poisson	true	Quine — Poisson GLM (vs. Negative Binomial)	quine	quine	Days ~ Eth + Sex + Age + Lrn	poisson		https://juliastats.org/GLM.jl/stable/examples/	https://vincentarelbundock.github.io/Rdatasets/csv/MASS/quine.csv	glm_jl.jl			poisson	explicit_metadata	2026-07-28T21:07:09.463977+00:00	200	0	https://juliastats.org/GLM.jl/stable/examples/	text/html; charset=utf-8	cited_project_author_publisher_surface	false	true	days,eth,sex,age,lrn		exact_text_present	explicit_token_present	name_or_key_present	confirmed	The retrieved official/primary source contains the normalized claimed formula text.		text_offset=2826; matched_terms=age,days,eth,lrn,quine,sex; context_sha256=e26eea7b07a3fcd7	d523a82afe66b728d8a585fbebdbf0d1d0aa825933e80eb8b9fd0382b2e00939
358	glm_jl/trees_lm	glm_jl	trees_lm	true	Trees — Gaussian GLM (OLS)	trees	trees	Volume ~ Height + Girth	gaussian		https://juliastats.org/GLM.jl/stable/	https://vincentarelbundock.github.io/Rdatasets/csv/datasets/trees.csv	glm_jl.jl			gaussian	explicit_metadata	2026-07-28T21:07:09.444117+00:00	200	0	https://juliastats.org/GLM.jl/stable/	text/html; charset=utf-8	cited_project_author_publisher_surface	false	false		volume,height,girth	insufficient_terms:0/3	not_observed	name_or_key_present	unverifiable	Retrieved source does not expose enough formula-specific evidence to confirm or refute the catalog claim conservatively.		text_offset=7; matched_terms=glm; context_sha256=42f93c971c469193	35b84b6f638f1f33a1e883e060b32634715336773a0594050f511a3c9e1f7e56
359	glm_jl/pima_logistic	glm_jl	pima_logistic	true	Pima Diabetes — Logistic Regression	pima_diabetes	pima_tr	type ~ npreg + glu + bp + bmi + ped + age	binomial		https://juliastats.org/GLM.jl/stable/	https://vincentarelbundock.github.io/Rdatasets/csv/MASS/Pima.tr.csv	glm_jl.jl			binomial	explicit_metadata	2026-07-28T21:07:09.444117+00:00	200	0	https://juliastats.org/GLM.jl/stable/	text/html; charset=utf-8	cited_project_author_publisher_surface	false	false	type	npreg,glu,bmi,ped,age	insufficient_terms:1/6	explicit_token_present	name_or_key_present	unverifiable	Retrieved source does not expose enough formula-specific evidence to confirm or refute the catalog claim conservatively.		text_offset=1687; matched_terms=regression,type; context_sha256=e6b15a3188779530	35b84b6f638f1f33a1e883e060b32634715336773a0594050f511a3c9e1f7e56
360	glm_jl/savings_ols	glm_jl	savings_ols	true	Life-Cycle Savings — Multiple Linear Regression	lifecycle_savings	lifecycle_savings	SR ~ Pop15 + Pop75 + DPI + DDPI	gaussian		https://juliastats.org/GLM.jl/stable/	https://vincentarelbundock.github.io/Rdatasets/csv/datasets/LifeCycleSavings.csv	glm_jl.jl			gaussian	explicit_metadata	2026-07-28T21:07:09.444117+00:00	200	0	https://juliastats.org/GLM.jl/stable/	text/html; charset=utf-8	cited_project_author_publisher_surface	false	false		pop15,pop75,dpi,ddpi	insufficient_terms:0/4	not_observed	name_or_key_present	unverifiable	Retrieved source does not expose enough formula-specific evidence to confirm or refute the catalog claim conservatively.		text_offset=249; matched_terms=linear; context_sha256=3e356054f539c110	35b84b6f638f1f33a1e883e060b32634715336773a0594050f511a3c9e1f7e56
