row_key	deployed	dataset	dataset_source_url	retrieved_at	http_status	curl_exit	final_url	content_type	dataset_receipt_status	evidence_anchor	body_sha256	model_support_boundary
bambi/escs	true	escs	https://ndownloader.figshare.com/files/28870722	2026-07-28T21:07:09.562166+00:00	200	0	https://s3-eu-west-1.amazonaws.com/pfigshare-u-files/28870722/ESCS.csv?X-Amz-Algorithm=AWS4-HMAC-SHA256&X-Amz-Credential=AKIAIYCQYOYV5JSSROOA/20260728/eu-west-1/s3/aws4_request&X-Amz-Date=20260728T210709Z&X-Amz-Expires=10&X-Amz-SignedHeaders=host&X-Amz-Signature=6359ae198d54ce36c590559a72cce33988dd6049e1baa0b55865162410d48d6b	text/csv	reachable-data-or-description		0195545797a4258de138a205a013a84022bbe23e7ff47782b179055c706300b6	Dataset receipt is not evidence for formula or family.
bambi/cherry_blossoms_explicit	true	cherry_blossoms	https://ndownloader.figshare.com/files/31072807	2026-07-28T21:07:09.680694+00:00	200	0	https://s3-eu-west-1.amazonaws.com/pfigshare-u-files/31072807/cherry_blossoms.csv?X-Amz-Algorithm=AWS4-HMAC-SHA256&X-Amz-Credential=AKIAIYCQYOYV5JSSROOA/20260728/eu-west-1/s3/aws4_request&X-Amz-Date=20260728T210709Z&X-Amz-Expires=10&X-Amz-SignedHeaders=host&X-Amz-Signature=356ad5eb27765709ac4cddf567d24a96f2df86db1a27f6c24504fb9ccff86b32	text/csv	reachable-data-or-description		b859dd4f64c231c76ecb80b78f26da71e2f92698c50e0ceb93be0399dee24f51	Dataset receipt is not evidence for formula or family.
bambi/cherry_blossoms_absorbed	true	cherry_blossoms	https://ndownloader.figshare.com/files/31072807	2026-07-28T21:07:09.680694+00:00	200	0	https://s3-eu-west-1.amazonaws.com/pfigshare-u-files/31072807/cherry_blossoms.csv?X-Amz-Algorithm=AWS4-HMAC-SHA256&X-Amz-Credential=AKIAIYCQYOYV5JSSROOA/20260728/eu-west-1/s3/aws4_request&X-Amz-Date=20260728T210709Z&X-Amz-Expires=10&X-Amz-SignedHeaders=host&X-Amz-Signature=356ad5eb27765709ac4cddf567d24a96f2df86db1a27f6c24504fb9ccff86b32	text/csv	reachable-data-or-description		b859dd4f64c231c76ecb80b78f26da71e2f92698c50e0ceb93be0399dee24f51	Dataset receipt is not evidence for formula or family.
bambi/dietox	true	dietox	https://vincentarelbundock.github.io/Rdatasets/csv/geepack/dietox.csv	2026-07-28T21:07:10.734757+00:00	200	0	https://vincentarelbundock.github.io/Rdatasets/csv/geepack/dietox.csv	text/csv; charset=utf-8	reachable-data-or-description	text_offset=9; matched_terms=pig; context_sha256=b1aa22a3dfaf4cc3	4d32f92a38aa031b20319dfd959f2503ca261ad6938060cdb809e7a679b2ba88	Dataset receipt is not evidence for formula or family.
bambi/sleepstudy	true	sleepstudy	https://ndownloader.figshare.com/files/31181002	2026-07-28T21:07:09.711988+00:00	200	0	https://s3-eu-west-1.amazonaws.com/pfigshare-u-files/31181002/sleepstudy.csv?X-Amz-Algorithm=AWS4-HMAC-SHA256&X-Amz-Credential=AKIAIYCQYOYV5JSSROOA/20260728/eu-west-1/s3/aws4_request&X-Amz-Date=20260728T210709Z&X-Amz-Expires=10&X-Amz-SignedHeaders=host&X-Amz-Signature=eee668faaad96c7baf3f0fbb737b09391e255a9f63803e70f399ca9e86fe5596	text/csv	reachable-data-or-description		0a002bec8be2fa9d40dbbf3d5038e614d113a4fd5bf8813f6f4271c3d6294675	Dataset receipt is not evidence for formula or family.
bambi/radon_pooled	true	radon	https://raw.githubusercontent.com/pymc-devs/pymc-examples/main/examples/data/srrs2.dat	2026-07-28T21:07:10.406679+00:00	200	0	https://raw.githubusercontent.com/pymc-devs/pymc-examples/main/examples/data/srrs2.dat	text/plain; charset=utf-8	reachable-data-or-description		241219ed05d4bf7dc171ca279c69db7f8d87ae666feae86161c973483a054877	Dataset receipt is not evidence for formula or family.
bambi/radon_nopooling	true	radon	https://raw.githubusercontent.com/pymc-devs/pymc-examples/main/examples/data/srrs2.dat	2026-07-28T21:07:10.406679+00:00	200	0	https://raw.githubusercontent.com/pymc-devs/pymc-examples/main/examples/data/srrs2.dat	text/plain; charset=utf-8	reachable-data-or-description		241219ed05d4bf7dc171ca279c69db7f8d87ae666feae86161c973483a054877	Dataset receipt is not evidence for formula or family.
bambi/radon_partial	true	radon	https://raw.githubusercontent.com/pymc-devs/pymc-examples/main/examples/data/srrs2.dat	2026-07-28T21:07:10.406679+00:00	200	0	https://raw.githubusercontent.com/pymc-devs/pymc-examples/main/examples/data/srrs2.dat	text/plain; charset=utf-8	reachable-data-or-description		241219ed05d4bf7dc171ca279c69db7f8d87ae666feae86161c973483a054877	Dataset receipt is not evidence for formula or family.
bambi/radon_floor	true	radon	https://raw.githubusercontent.com/pymc-devs/pymc-examples/main/examples/data/srrs2.dat	2026-07-28T21:07:10.406679+00:00	200	0	https://raw.githubusercontent.com/pymc-devs/pymc-examples/main/examples/data/srrs2.dat	text/plain; charset=utf-8	reachable-data-or-description	text_offset=46; matched_terms=floor; context_sha256=a414b42b3e224891	241219ed05d4bf7dc171ca279c69db7f8d87ae666feae86161c973483a054877	Dataset receipt is not evidence for formula or family.
bambi/radon_slopes	true	radon	https://raw.githubusercontent.com/pymc-devs/pymc-examples/main/examples/data/srrs2.dat	2026-07-28T21:07:10.406679+00:00	200	0	https://raw.githubusercontent.com/pymc-devs/pymc-examples/main/examples/data/srrs2.dat	text/plain; charset=utf-8	reachable-data-or-description		241219ed05d4bf7dc171ca279c69db7f8d87ae666feae86161c973483a054877	Dataset receipt is not evidence for formula or family.
bambi/radon_county_pred	true	radon	https://raw.githubusercontent.com/pymc-devs/pymc-examples/main/examples/data/srrs2.dat	2026-07-28T21:07:10.406679+00:00	200	0	https://raw.githubusercontent.com/pymc-devs/pymc-examples/main/examples/data/srrs2.dat	text/plain; charset=utf-8	reachable-data-or-description	text_offset=168; matched_terms=county; context_sha256=b2c637f0b37ec058	241219ed05d4bf7dc171ca279c69db7f8d87ae666feae86161c973483a054877	Dataset receipt is not evidence for formula or family.
bambi/strack_rrr_simple	true	strack_rrr	https://github.com/bambinos/bambi	2026-07-28T21:07:08.769611+00:00	200	0	https://github.com/bambinos/bambi	text/html; charset=utf-8	reachable-data-or-description	text_offset=4833; matched_terms=simple; context_sha256=424d5482c956525f	d4ab94711848bb1543dddfa25f57ea409203c8625298bb44b24c9b75712a24bb	Dataset receipt is not evidence for formula or family.
bambi/strack_rrr_full	true	strack_rrr	https://github.com/bambinos/bambi	2026-07-28T21:07:08.769611+00:00	200	0	https://github.com/bambinos/bambi	text/html; charset=utf-8	reachable-data-or-description	text_offset=6466; matched_terms=random; context_sha256=84653aa7b4773a47	d4ab94711848bb1543dddfa25f57ea409203c8625298bb44b24c9b75712a24bb	Dataset receipt is not evidence for formula or family.
bambi/shooter_rate_simple	true	shooter	https://raw.githubusercontent.com/bambinos/bambi/main/docs/notebooks/data/shooter.csv	2026-07-28T21:07:10.388144+00:00	200	0	https://raw.githubusercontent.com/bambinos/bambi/main/docs/notebooks/data/shooter.csv	text/plain; charset=utf-8	reachable-data-or-description	text_offset=11; matched_terms=target; context_sha256=f7dbff8a5a7df1b5	d5b085b3922f6a13964b7402cf29564c5e5f830b2104956734b0c17800337951	Dataset receipt is not evidence for formula or family.
bambi/shooter_rate_target	true	shooter	https://raw.githubusercontent.com/bambinos/bambi/main/docs/notebooks/data/shooter.csv	2026-07-28T21:07:10.388144+00:00	200	0	https://raw.githubusercontent.com/bambinos/bambi/main/docs/notebooks/data/shooter.csv	text/plain; charset=utf-8	reachable-data-or-description	text_offset=11; matched_terms=target; context_sha256=f7dbff8a5a7df1b5	d5b085b3922f6a13964b7402cf29564c5e5f830b2104956734b0c17800337951	Dataset receipt is not evidence for formula or family.
bambi/shooter_binary	true	shooter	https://raw.githubusercontent.com/bambinos/bambi/main/docs/notebooks/data/shooter.csv	2026-07-28T21:07:10.388144+00:00	200	0	https://raw.githubusercontent.com/bambinos/bambi/main/docs/notebooks/data/shooter.csv	text/plain; charset=utf-8	reachable-data-or-description		d5b085b3922f6a13964b7402cf29564c5e5f830b2104956734b0c17800337951	Dataset receipt is not evidence for formula or family.
bambi/fixed_random_naive	true	fixed_random	synthetic						synthetic-no-external-receipt			Dataset receipt is not evidence for formula or family.
bambi/fixed_random_fe	true	fixed_random	synthetic						synthetic-no-external-receipt			Dataset receipt is not evidence for formula or family.
bambi/fixed_random_re	true	fixed_random	synthetic						synthetic-no-external-receipt			Dataset receipt is not evidence for formula or family.
bambi/fixed_random_mundlak	true	fixed_random	synthetic						synthetic-no-external-receipt			Dataset receipt is not evidence for formula or family.
bambi/t_regression_gaussian	true	t_regression	synthetic						synthetic-no-external-receipt			Dataset receipt is not evidence for formula or family.
bambi/t_regression_t	true	t_regression	synthetic						synthetic-no-external-receipt			Dataset receipt is not evidence for formula or family.
bambi/predict_new_groups	true	predict_new_groups	https://gist.githubusercontent.com/ucals/2cf9d101992cb1b78c2cdd6e3bac6a4b/raw/43034c39052dcf97d4b894d2ec1bc3f90f3623d9/osic_pulmonary_fibrosis.csv	2026-07-28T21:07:08.688397+00:00	200	0	https://gist.githubusercontent.com/ucals/2cf9d101992cb1b78c2cdd6e3bac6a4b/raw/43034c39052dcf97d4b894d2ec1bc3f90f3623d9/osic_pulmonary_fibrosis.csv	text/plain; charset=utf-8	reachable-data-or-description		45aa8d255d4c26476d6ba1bd4ba38823752420a716b75cf3ec24f2fab93f7270	Dataset receipt is not evidence for formula or family.
bambi/poly_falling_explicit	true	poly_falling	synthetic						synthetic-no-external-receipt			Dataset receipt is not evidence for formula or family.
bambi/poly_falling_alt	true	poly_falling	synthetic						synthetic-no-external-receipt			Dataset receipt is not evidence for formula or family.
bambi/poly_falling_precomp	true	poly_falling	synthetic						synthetic-no-external-receipt			Dataset receipt is not evidence for formula or family.
bambi/poly_projectile_power	true	poly_projectile	synthetic						synthetic-no-external-receipt			Dataset receipt is not evidence for formula or family.
bambi/poly_projectile_poly	true	poly_projectile	synthetic						synthetic-no-external-receipt			Dataset receipt is not evidence for formula or family.
bambi/poly_planets	true	poly_planets	synthetic						synthetic-no-external-receipt			Dataset receipt is not evidence for formula or family.
bambi/logistic_anes	true	logistic_anes	https://ndownloader.figshare.com/files/28870740	2026-07-28T21:07:09.564049+00:00	200	0	https://s3-eu-west-1.amazonaws.com/pfigshare-u-files/28870740/ANES_2016_pilot.csv?X-Amz-Algorithm=AWS4-HMAC-SHA256&X-Amz-Credential=AKIAIYCQYOYV5JSSROOA/20260728/eu-west-1/s3/aws4_request&X-Amz-Date=20260728T210709Z&X-Amz-Expires=10&X-Amz-SignedHeaders=host&X-Amz-Signature=638a9438f0104fb9a49d298a6d7c3241f6ef60055d122068d1c7c30ddeced8fe	text/csv	reachable-data-or-description	text_offset=1; matched_terms=vote; context_sha256=cd8e4f41bda82fde	3106beb6ded5a592ea0405d23b868bd8e74c259d7a7f5242c907555692905772	Dataset receipt is not evidence for formula or family.
bambi/model_comparison_linear	true	model_comparison	https://ndownloader.figshare.com/files/28870743	2026-07-28T21:07:09.568135+00:00	200	0	https://s3-eu-west-1.amazonaws.com/pfigshare-u-files/28870743/adults.csv?X-Amz-Algorithm=AWS4-HMAC-SHA256&X-Amz-Credential=AKIAIYCQYOYV5JSSROOA/20260728/eu-west-1/s3/aws4_request&X-Amz-Date=20260728T210709Z&X-Amz-Expires=10&X-Amz-SignedHeaders=host&X-Amz-Signature=6e237a48de1a6b4b3c421239341eb89ebd3f47e1bebae1df8eb43f0f5abb9a55	text/csv	reachable-data-or-description		27a5270ba720125dfb24a7708cbee0218b2ead36248ae244813655d03320e43e	Dataset receipt is not evidence for formula or family.
bambi/model_comparison_quad	true	model_comparison	https://ndownloader.figshare.com/files/28870743	2026-07-28T21:07:09.568135+00:00	200	0	https://s3-eu-west-1.amazonaws.com/pfigshare-u-files/28870743/adults.csv?X-Amz-Algorithm=AWS4-HMAC-SHA256&X-Amz-Credential=AKIAIYCQYOYV5JSSROOA/20260728/eu-west-1/s3/aws4_request&X-Amz-Date=20260728T210709Z&X-Amz-Expires=10&X-Amz-SignedHeaders=host&X-Amz-Signature=6e237a48de1a6b4b3c421239341eb89ebd3f47e1bebae1df8eb43f0f5abb9a55	text/csv	reachable-data-or-description		27a5270ba720125dfb24a7708cbee0218b2ead36248ae244813655d03320e43e	Dataset receipt is not evidence for formula or family.
bambi/model_comparison_cubic	true	model_comparison	https://ndownloader.figshare.com/files/28870743	2026-07-28T21:07:09.568135+00:00	200	0	https://s3-eu-west-1.amazonaws.com/pfigshare-u-files/28870743/adults.csv?X-Amz-Algorithm=AWS4-HMAC-SHA256&X-Amz-Credential=AKIAIYCQYOYV5JSSROOA/20260728/eu-west-1/s3/aws4_request&X-Amz-Date=20260728T210709Z&X-Amz-Expires=10&X-Amz-SignedHeaders=host&X-Amz-Signature=6e237a48de1a6b4b3c421239341eb89ebd3f47e1bebae1df8eb43f0f5abb9a55	text/csv	reachable-data-or-description		27a5270ba720125dfb24a7708cbee0218b2ead36248ae244813655d03320e43e	Dataset receipt is not evidence for formula or family.
bambi/hierarchical_binomial_nopooling	true	hierarchical_binomial	https://ndownloader.figshare.com/files/29749140	2026-07-28T21:07:09.596560+00:00	200	0	https://s3-eu-west-1.amazonaws.com/pfigshare-u-files/29749140/Batting.csv?X-Amz-Algorithm=AWS4-HMAC-SHA256&X-Amz-Credential=AKIAIYCQYOYV5JSSROOA/20260728/eu-west-1/s3/aws4_request&X-Amz-Date=20260728T210709Z&X-Amz-Expires=10&X-Amz-SignedHeaders=host&X-Amz-Signature=a1ce4c275feb631ab06d6aeb86bfeda72985946b242bcaa72d07511fd7484ac3	text/csv	reachable-data-or-description		bbbc9459632c738a07bbe0877970a7bbd1f4c2448193979337fe5bc3a4ab0228	Dataset receipt is not evidence for formula or family.
bambi/hierarchical_binomial_partial	true	hierarchical_binomial	https://ndownloader.figshare.com/files/29749140	2026-07-28T21:07:09.596560+00:00	200	0	https://s3-eu-west-1.amazonaws.com/pfigshare-u-files/29749140/Batting.csv?X-Amz-Algorithm=AWS4-HMAC-SHA256&X-Amz-Credential=AKIAIYCQYOYV5JSSROOA/20260728/eu-west-1/s3/aws4_request&X-Amz-Date=20260728T210709Z&X-Amz-Expires=10&X-Amz-SignedHeaders=host&X-Amz-Signature=a1ce4c275feb631ab06d6aeb86bfeda72985946b242bcaa72d07511fd7484ac3	text/csv	reachable-data-or-description		bbbc9459632c738a07bbe0877970a7bbd1f4c2448193979337fe5bc3a4ab0228	Dataset receipt is not evidence for formula or family.
bambi/alternative_links_logit	true	alternative_links	synthetic						synthetic-no-external-receipt			Dataset receipt is not evidence for formula or family.
bambi/alternative_links_probit	true	alternative_links	synthetic						synthetic-no-external-receipt			Dataset receipt is not evidence for formula or family.
bambi/alternative_links_cloglog	true	alternative_links	synthetic						synthetic-no-external-receipt			Dataset receipt is not evidence for formula or family.
bambi/wald_gamma_wald	true	wald_gamma	https://ndownloader.figshare.com/files/28870713	2026-07-28T21:07:09.556073+00:00	200	0	https://s3-eu-west-1.amazonaws.com/pfigshare-u-files/28870713/carclaims.csv?X-Amz-Algorithm=AWS4-HMAC-SHA256&X-Amz-Credential=AKIAIYCQYOYV5JSSROOA/20260728/eu-west-1/s3/aws4_request&X-Amz-Date=20260728T210709Z&X-Amz-Expires=10&X-Amz-SignedHeaders=host&X-Amz-Signature=b88b98dd217d4aef4cb0dc90dbaa95c092557d76fb0e91caae7ce169734172e9	text/csv	reachable-data-or-description	text_offset=26; matched_terms=claims; context_sha256=e291c0cf81b5f7b9	74924bf5f0a6e5aa5453d87845cea05e6b41bb2052cf6f096d7f102235ae5cdf	Dataset receipt is not evidence for formula or family.
bambi/wald_gamma_gamma	true	wald_gamma	https://ndownloader.figshare.com/files/28870713	2026-07-28T21:07:09.556073+00:00	200	0	https://s3-eu-west-1.amazonaws.com/pfigshare-u-files/28870713/carclaims.csv?X-Amz-Algorithm=AWS4-HMAC-SHA256&X-Amz-Credential=AKIAIYCQYOYV5JSSROOA/20260728/eu-west-1/s3/aws4_request&X-Amz-Date=20260728T210709Z&X-Amz-Expires=10&X-Amz-SignedHeaders=host&X-Amz-Signature=b88b98dd217d4aef4cb0dc90dbaa95c092557d76fb0e91caae7ce169734172e9	text/csv	reachable-data-or-description	text_offset=26; matched_terms=claims; context_sha256=e291c0cf81b5f7b9	74924bf5f0a6e5aa5453d87845cea05e6b41bb2052cf6f096d7f102235ae5cdf	Dataset receipt is not evidence for formula or family.
bambi/negative_binomial_main	true	negative_binomial	https://stats.idre.ucla.edu/stat/stata/dae/nb_data.dta	2026-07-28T21:07:10.470958+00:00	200	0	https://stats.oarc.ucla.edu/stat/stata/dae/nb_data.dta	text/html; charset=iso-8859-1	reachable-data-or-description		66c285329eddb3d9ecc3f80b2876160cb091040df18fad0cd91fec11ec20bd78	Dataset receipt is not evidence for formula or family.
bambi/negative_binomial_interaction	true	negative_binomial	https://stats.idre.ucla.edu/stat/stata/dae/nb_data.dta	2026-07-28T21:07:10.470958+00:00	200	0	https://stats.oarc.ucla.edu/stat/stata/dae/nb_data.dta	text/html; charset=iso-8859-1	reachable-data-or-description		66c285329eddb3d9ecc3f80b2876160cb091040df18fad0cd91fec11ec20bd78	Dataset receipt is not evidence for formula or family.
bambi/count_roaches_poisson	true	count_roaches	https://raw.githubusercontent.com/bambinos/bambi/main/docs/notebooks/data/roaches.csv	2026-07-28T21:07:10.387279+00:00	200	0	https://raw.githubusercontent.com/bambinos/bambi/main/docs/notebooks/data/roaches.csv	text/plain; charset=utf-8	reachable-data-or-description		3359d9403d5eb1873264a05726f1fcb45dfd2914efac2c914e0863aedb56cc34	Dataset receipt is not evidence for formula or family.
bambi/count_roaches_nb	true	count_roaches	https://raw.githubusercontent.com/bambinos/bambi/main/docs/notebooks/data/roaches.csv	2026-07-28T21:07:10.387279+00:00	200	0	https://raw.githubusercontent.com/bambinos/bambi/main/docs/notebooks/data/roaches.csv	text/plain; charset=utf-8	reachable-data-or-description		3359d9403d5eb1873264a05726f1fcb45dfd2914efac2c914e0863aedb56cc34	Dataset receipt is not evidence for formula or family.
bambi/beta_probs_intercept	true	beta_probs	synthetic						synthetic-no-external-receipt			Dataset receipt is not evidence for formula or family.
bambi/beta_coin	true	beta_coin	synthetic						synthetic-no-external-receipt			Dataset receipt is not evidence for formula or family.
bambi/beta_batting_intercept	true	beta_batting	https://ndownloader.figshare.com/files/29749140	2026-07-28T21:07:09.596560+00:00	200	0	https://s3-eu-west-1.amazonaws.com/pfigshare-u-files/29749140/Batting.csv?X-Amz-Algorithm=AWS4-HMAC-SHA256&X-Amz-Credential=AKIAIYCQYOYV5JSSROOA/20260728/eu-west-1/s3/aws4_request&X-Amz-Date=20260728T210709Z&X-Amz-Expires=10&X-Amz-SignedHeaders=host&X-Amz-Signature=a1ce4c275feb631ab06d6aeb86bfeda72985946b242bcaa72d07511fd7484ac3	text/csv	reachable-data-or-description		bbbc9459632c738a07bbe0877970a7bbd1f4c2448193979337fe5bc3a4ab0228	Dataset receipt is not evidence for formula or family.
bambi/beta_batting_shift	true	beta_batting	https://ndownloader.figshare.com/files/29749140	2026-07-28T21:07:09.596560+00:00	200	0	https://s3-eu-west-1.amazonaws.com/pfigshare-u-files/29749140/Batting.csv?X-Amz-Algorithm=AWS4-HMAC-SHA256&X-Amz-Credential=AKIAIYCQYOYV5JSSROOA/20260728/eu-west-1/s3/aws4_request&X-Amz-Date=20260728T210709Z&X-Amz-Expires=10&X-Amz-SignedHeaders=host&X-Amz-Signature=a1ce4c275feb631ab06d6aeb86bfeda72985946b242bcaa72d07511fd7484ac3	text/csv	reachable-data-or-description	text_offset=42393; matched_terms=with; context_sha256=08674a6a7d39e011	bbbc9459632c738a07bbe0877970a7bbd1f4c2448193979337fe5bc3a4ab0228	Dataset receipt is not evidence for formula or family.
bambi/categorical_toy	true	categorical_toy	synthetic						synthetic-no-external-receipt			Dataset receipt is not evidence for formula or family.
bambi/categorical_iris	true	categorical_regression	https://vincentarelbundock.github.io/Rdatasets/csv/datasets/iris.csv	2026-07-28T21:07:10.721606+00:00	200	0	https://vincentarelbundock.github.io/Rdatasets/csv/datasets/iris.csv	text/csv; charset=utf-8	reachable-data-or-description	text_offset=59; matched_terms=species; context_sha256=1a4a317dd7c3cb7b	398fadb8f48750d386d670e0b15c65944919682373bcaba59650c33eb5474362	Dataset receipt is not evidence for formula or family.
bambi/categorical_alligator	true	categorical_alligator	synthetic						synthetic-no-external-receipt			Dataset receipt is not evidence for formula or family.
bambi/circular_vonmises	true	circular_regression	https://ndownloader.figshare.com/files/34446077	2026-07-28T21:07:09.761931+00:00	200	0	https://s3-eu-west-1.amazonaws.com/pfigshare-u-files/34446077/periwinkles.csv?X-Amz-Algorithm=AWS4-HMAC-SHA256&X-Amz-Credential=AKIAIYCQYOYV5JSSROOA/20260728/eu-west-1/s3/aws4_request&X-Amz-Date=20260728T210709Z&X-Amz-Expires=10&X-Amz-SignedHeaders=host&X-Amz-Signature=2d42f43ca88fbae7caeb4130d6f66591ce322a03f347c87fd327c05ff50ea940	text/csv	reachable-data-or-description		50da9791b7a66fbcc9ea4dd828dc7a3a66d5e067faf10f3bfd143af6c590923a	Dataset receipt is not evidence for formula or family.
bambi/circular_gaussian	true	circular_regression	https://ndownloader.figshare.com/files/34446077	2026-07-28T21:07:09.761931+00:00	200	0	https://s3-eu-west-1.amazonaws.com/pfigshare-u-files/34446077/periwinkles.csv?X-Amz-Algorithm=AWS4-HMAC-SHA256&X-Amz-Credential=AKIAIYCQYOYV5JSSROOA/20260728/eu-west-1/s3/aws4_request&X-Amz-Date=20260728T210709Z&X-Amz-Expires=10&X-Amz-SignedHeaders=host&X-Amz-Signature=2d42f43ca88fbae7caeb4130d6f66591ce322a03f347c87fd327c05ff50ea940	text/csv	reachable-data-or-description		50da9791b7a66fbcc9ea4dd828dc7a3a66d5e067faf10f3bfd143af6c590923a	Dataset receipt is not evidence for formula or family.
bambi/quantile_p10	true	quantile_regression	https://raw.githubusercontent.com/bambinos/bambi/main/docs/notebooks/data/bmi.csv	2026-07-28T21:07:10.343617+00:00	200	0	https://raw.githubusercontent.com/bambinos/bambi/main/docs/notebooks/data/bmi.csv	text/plain; charset=utf-8	reachable-data-or-description		b20596457146bd3944f5353b1bd1c7e3fda7be515c7dc57c5fc1ded5192c4a74	Dataset receipt is not evidence for formula or family.
bambi/quantile_p50	true	quantile_regression	https://raw.githubusercontent.com/bambinos/bambi/main/docs/notebooks/data/bmi.csv	2026-07-28T21:07:10.343617+00:00	200	0	https://raw.githubusercontent.com/bambinos/bambi/main/docs/notebooks/data/bmi.csv	text/plain; charset=utf-8	reachable-data-or-description		b20596457146bd3944f5353b1bd1c7e3fda7be515c7dc57c5fc1ded5192c4a74	Dataset receipt is not evidence for formula or family.
bambi/quantile_p90	true	quantile_regression	https://raw.githubusercontent.com/bambinos/bambi/main/docs/notebooks/data/bmi.csv	2026-07-28T21:07:10.343617+00:00	200	0	https://raw.githubusercontent.com/bambinos/bambi/main/docs/notebooks/data/bmi.csv	text/plain; charset=utf-8	reachable-data-or-description		b20596457146bd3944f5353b1bd1c7e3fda7be515c7dc57c5fc1ded5192c4a74	Dataset receipt is not evidence for formula or family.
bambi/quantile_gaussian	true	quantile_regression	https://raw.githubusercontent.com/bambinos/bambi/main/docs/notebooks/data/bmi.csv	2026-07-28T21:07:10.343617+00:00	200	0	https://raw.githubusercontent.com/bambinos/bambi/main/docs/notebooks/data/bmi.csv	text/plain; charset=utf-8	reachable-data-or-description		b20596457146bd3944f5353b1bd1c7e3fda7be515c7dc57c5fc1ded5192c4a74	Dataset receipt is not evidence for formula or family.
bambi/mister_p	true	mister_p	https://dataverse.harvard.edu/	2026-07-28T21:07:08.673883+00:00	202	0	https://dataverse.harvard.edu/	text/html; charset=UTF-8	reachable-data-or-description			Dataset receipt is not evidence for formula or family.
bambi/zip_mu	true	zero_inflated	https://stats.idre.ucla.edu/stat/data/fish.csv	2026-07-28T21:07:10.463276+00:00	200	0	https://stats.oarc.ucla.edu/stat/data/fish.csv	text/csv	reachable-data-or-description		0bfc779be1512d07f7cd9fabf9270b940e1cb49e7f330731680aa41a0cf75a60	Dataset receipt is not evidence for formula or family.
bambi/zip_psi	true	zero_inflated	https://stats.idre.ucla.edu/stat/data/fish.csv	2026-07-28T21:07:10.463276+00:00	200	0	https://stats.oarc.ucla.edu/stat/data/fish.csv	text/csv	reachable-data-or-description		0bfc779be1512d07f7cd9fabf9270b940e1cb49e7f330731680aa41a0cf75a60	Dataset receipt is not evidence for formula or family.
bambi/hurdle_mu	true	zero_inflated	https://stats.idre.ucla.edu/stat/data/fish.csv	2026-07-28T21:07:10.463276+00:00	200	0	https://stats.oarc.ucla.edu/stat/data/fish.csv	text/csv	reachable-data-or-description		0bfc779be1512d07f7cd9fabf9270b940e1cb49e7f330731680aa41a0cf75a60	Dataset receipt is not evidence for formula or family.
bambi/hurdle_psi	true	zero_inflated	https://stats.idre.ucla.edu/stat/data/fish.csv	2026-07-28T21:07:10.463276+00:00	200	0	https://stats.oarc.ucla.edu/stat/data/fish.csv	text/csv	reachable-data-or-description		0bfc779be1512d07f7cd9fabf9270b940e1cb49e7f330731680aa41a0cf75a60	Dataset receipt is not evidence for formula or family.
bambi/ordinal_trolley_intercept	true	ordinal_regression	https://raw.githubusercontent.com/rmcelreath/rethinking/master/data/Trolley.csv	2026-07-28T21:07:10.455385+00:00	200	0	https://raw.githubusercontent.com/rmcelreath/rethinking/master/data/Trolley.csv	text/plain; charset=utf-8	reachable-data-or-description		4255f05e188831a03cd43a7de78ebf65f3ff9c14cf3302a8abd69530e826a13a	Dataset receipt is not evidence for formula or family.
bambi/ordinal_trolley_effects	true	ordinal_regression	https://raw.githubusercontent.com/rmcelreath/rethinking/master/data/Trolley.csv	2026-07-28T21:07:10.455385+00:00	200	0	https://raw.githubusercontent.com/rmcelreath/rethinking/master/data/Trolley.csv	text/plain; charset=utf-8	reachable-data-or-description	text_offset=51; matched_terms=action,contact,intention; context_sha256=92e66053b1059d54	4255f05e188831a03cd43a7de78ebf65f3ff9c14cf3302a8abd69530e826a13a	Dataset receipt is not evidence for formula or family.
bambi/ordinal_hr_years	true	hr_attrition	https://raw.githubusercontent.com/bambinos/bambi/main/docs/notebooks/data/hr_employee_attrition.tsv.txt	2026-07-28T21:07:10.365357+00:00	200	0	https://raw.githubusercontent.com/bambinos/bambi/main/docs/notebooks/data/hr_employee_attrition.tsv.txt	text/plain; charset=utf-8	reachable-data-or-description	text_offset=390; matched_terms=company,years; context_sha256=3cae89a8f7646156	78d333e28def5ad6382c81cc55c485df2c66d36c259e8447b7fe2cdb17945efb	Dataset receipt is not evidence for formula or family.
bambi/distributional_const_alpha	true	distributional_synth	synthetic						synthetic-no-external-receipt			Dataset receipt is not evidence for formula or family.
bambi/distributional_var_alpha	true	distributional_synth	synthetic						synthetic-no-external-receipt			Dataset receipt is not evidence for formula or family.
bambi/distributional_bikes	true	distributional_models	https://ndownloader.figshare.com/files/38737026	2026-07-28T21:07:09.769465+00:00	200	0	https://s3-eu-west-1.amazonaws.com/pfigshare-u-files/38737026/bikes_hour.csv?X-Amz-Algorithm=AWS4-HMAC-SHA256&X-Amz-Credential=AKIAIYCQYOYV5JSSROOA/20260728/eu-west-1/s3/aws4_request&X-Amz-Date=20260728T210709Z&X-Amz-Expires=10&X-Amz-SignedHeaders=host&X-Amz-Signature=1237092384e292af6bf3ca1ea87bb5e9e4eeb6079d8fa6adcdd24687066af349	text/csv	reachable-data-or-description		3e1844b6da435f910b10899e18188568f7d789c715a286c9c6c2ca23833ee7ac	Dataset receipt is not evidence for formula or family.
bambi/hsgp_1d_basic	true	hsgp_1d	synthetic						synthetic-no-external-receipt			Dataset receipt is not evidence for formula or family.
bambi/hsgp_1d_centered	true	hsgp_1d	synthetic						synthetic-no-external-receipt			Dataset receipt is not evidence for formula or family.
bambi/hsgp_1d_by_group	true	gam_data	https://raw.githubusercontent.com/bambinos/bambi/main/docs/notebooks/data/gam_data.csv	2026-07-28T21:07:10.364747+00:00	200	0	https://raw.githubusercontent.com/bambinos/bambi/main/docs/notebooks/data/gam_data.csv	text/plain; charset=utf-8	reachable-data-or-description		35f4661c97471bb341ad0afd3fda3a15f2c5d57585e06c83b154fe9b5489e09c	Dataset receipt is not evidence for formula or family.
bambi/hsgp_1d_nocov	true	gam_data	https://raw.githubusercontent.com/bambinos/bambi/main/docs/notebooks/data/gam_data.csv	2026-07-28T21:07:10.364747+00:00	200	0	https://raw.githubusercontent.com/bambinos/bambi/main/docs/notebooks/data/gam_data.csv	text/plain; charset=utf-8	reachable-data-or-description		35f4661c97471bb341ad0afd3fda3a15f2c5d57585e06c83b154fe9b5489e09c	Dataset receipt is not evidence for formula or family.
bambi/hsgp_2d_iso	true	hsgp_2d	synthetic						synthetic-no-external-receipt			Dataset receipt is not evidence for formula or family.
bambi/hsgp_2d_by_group	true	hsgp_2d	synthetic						synthetic-no-external-receipt			Dataset receipt is not evidence for formula or family.
bambi/hsgp_2d_nocov	true	hsgp_2d	synthetic						synthetic-no-external-receipt			Dataset receipt is not evidence for formula or family.
bambi/hsgp_2d_aniso	true	hsgp_2d	synthetic						synthetic-no-external-receipt			Dataset receipt is not evidence for formula or family.
bambi/hsgp_2d_poisson	true	poisson_data	https://raw.githubusercontent.com/bambinos/bambi/main/docs/notebooks/data/poisson_data.csv	2026-07-28T21:07:10.370544+00:00	200	0	https://raw.githubusercontent.com/bambinos/bambi/main/docs/notebooks/data/poisson_data.csv	text/plain; charset=utf-8	reachable-data-or-description	text_offset=5; matched_terms=count; context_sha256=91df196aa84c6592	27011447ec3e5a9e315532fc18ed49969a37b81ba918f126b56e82f36c7a9ac1	Dataset receipt is not evidence for formula or family.
bambi/survival_intercept	true	survival_model	https://raw.githubusercontent.com/rmcelreath/rethinking/master/data/AustinCats.csv	2026-07-28T21:07:10.408943+00:00	200	0	https://raw.githubusercontent.com/rmcelreath/rethinking/master/data/AustinCats.csv	text/plain; charset=utf-8	reachable-data-or-description		66e1019848e011e13053e0e7e8be3c5e33b0d3b9cc308dad595dd8e164138fbc	Dataset receipt is not evidence for formula or family.
bambi/survival_color	true	survival_model	https://raw.githubusercontent.com/rmcelreath/rethinking/master/data/AustinCats.csv	2026-07-28T21:07:10.408943+00:00	200	0	https://raw.githubusercontent.com/rmcelreath/rethinking/master/data/AustinCats.csv	text/plain; charset=utf-8	reachable-data-or-description	text_offset=74; matched_terms=color; context_sha256=5e1c55e00c6ac4a9	66e1019848e011e13053e0e7e8be3c5e33b0d3b9cc308dad595dd8e164138fbc	Dataset receipt is not evidence for formula or family.
bambi/survival_disc_sim	true	survival_discrete_time	synthetic						synthetic-no-external-receipt			Dataset receipt is not evidence for formula or family.
bambi/survival_disc_binomial	true	child_mortality	https://raw.githubusercontent.com/bambinos/bambi/main/docs/notebooks/data/child.csv	2026-07-28T21:07:10.360005+00:00	200	0	https://raw.githubusercontent.com/bambinos/bambi/main/docs/notebooks/data/child.csv	text/plain; charset=utf-8	reachable-data-or-description		036537b2e5013081b9e8164f669e1eb17c6ad7e4bc95ce6fa967c8d9aafb1402	Dataset receipt is not evidence for formula or family.
bambi/survival_disc_spline	true	child_mortality	https://raw.githubusercontent.com/bambinos/bambi/main/docs/notebooks/data/child.csv	2026-07-28T21:07:10.360005+00:00	200	0	https://raw.githubusercontent.com/bambinos/bambi/main/docs/notebooks/data/child.csv	text/plain; charset=utf-8	reachable-data-or-description		036537b2e5013081b9e8164f669e1eb17c6ad7e4bc95ce6fa967c8d9aafb1402	Dataset receipt is not evidence for formula or family.
bambi/survival_disc_poisson	true	child_mortality	https://raw.githubusercontent.com/bambinos/bambi/main/docs/notebooks/data/child.csv	2026-07-28T21:07:10.360005+00:00	200	0	https://raw.githubusercontent.com/bambinos/bambi/main/docs/notebooks/data/child.csv	text/plain; charset=utf-8	reachable-data-or-description		036537b2e5013081b9e8164f669e1eb17c6ad7e4bc95ce6fa967c8d9aafb1402	Dataset receipt is not evidence for formula or family.
bambi/survival_cont_weibull	true	survival_continuous_time	synthetic						synthetic-no-external-receipt			Dataset receipt is not evidence for formula or family.
bambi/survival_cont_retention_fe	true	retention	https://raw.githubusercontent.com/bambinos/bambi/main/docs/notebooks/data/retention.csv	2026-07-28T21:07:10.385186+00:00	200	0	https://raw.githubusercontent.com/bambinos/bambi/main/docs/notebooks/data/retention.csv	text/plain; charset=utf-8	reachable-data-or-description	text_offset=22; matched_terms=time; context_sha256=51d974b01d73f29c	4c68e7979e4167d04cee307359cd35c1fa1681fe8dbfe50151ec675bb19ec84a	Dataset receipt is not evidence for formula or family.
bambi/survival_cont_retention_re	true	retention	https://raw.githubusercontent.com/bambinos/bambi/main/docs/notebooks/data/retention.csv	2026-07-28T21:07:10.385186+00:00	200	0	https://raw.githubusercontent.com/bambinos/bambi/main/docs/notebooks/data/retention.csv	text/plain; charset=utf-8	reachable-data-or-description	text_offset=22; matched_terms=time; context_sha256=51d974b01d73f29c	4c68e7979e4167d04cee307359cd35c1fa1681fe8dbfe50151ec675bb19ec84a	Dataset receipt is not evidence for formula or family.
bambi/orthopoly_explicit	true	orthopoly_projectile	synthetic						synthetic-no-external-receipt			Dataset receipt is not evidence for formula or family.
bambi/orthopoly_poly	true	orthopoly_projectile	synthetic						synthetic-no-external-receipt			Dataset receipt is not evidence for formula or family.
bambi/orthopoly_linear	true	orthogonal_polynomial	https://raw.githubusercontent.com/mwaskom/seaborn-data/master/mpg.csv	2026-07-28T21:07:10.392717+00:00	200	0	https://raw.githubusercontent.com/mwaskom/seaborn-data/master/mpg.csv	text/plain; charset=utf-8	reachable-data-or-description	text_offset=0; matched_terms=mpg; context_sha256=9ca94b01cd90de44	c14b8b855ea7ee86cb9736bf8caaf281c4685ca08826f3eb2acaccaaf40f0d5a	Dataset receipt is not evidence for formula or family.
bambi/orthopoly_quad	true	orthogonal_polynomial	https://raw.githubusercontent.com/mwaskom/seaborn-data/master/mpg.csv	2026-07-28T21:07:10.392717+00:00	200	0	https://raw.githubusercontent.com/mwaskom/seaborn-data/master/mpg.csv	text/plain; charset=utf-8	reachable-data-or-description	text_offset=0; matched_terms=mpg; context_sha256=9ca94b01cd90de44	c14b8b855ea7ee86cb9736bf8caaf281c4685ca08826f3eb2acaccaaf40f0d5a	Dataset receipt is not evidence for formula or family.
bambi/orthopoly_compare	true	orthogonal_polynomial	https://raw.githubusercontent.com/mwaskom/seaborn-data/master/mpg.csv	2026-07-28T21:07:10.392717+00:00	200	0	https://raw.githubusercontent.com/mwaskom/seaborn-data/master/mpg.csv	text/plain; charset=utf-8	reachable-data-or-description	text_offset=0; matched_terms=mpg; context_sha256=9ca94b01cd90de44	c14b8b855ea7ee86cb9736bf8caaf281c4685ca08826f3eb2acaccaaf40f0d5a	Dataset receipt is not evidence for formula or family.
bambi/plot_pred_linear	true	plot_predictions	https://ndownloader.figshare.com/files/40208785	2026-07-28T21:07:09.779760+00:00	200	0	https://s3-eu-west-1.amazonaws.com/pfigshare-u-files/40208785/mtcars.csv?X-Amz-Algorithm=AWS4-HMAC-SHA256&X-Amz-Credential=AKIAIYCQYOYV5JSSROOA/20260728/eu-west-1/s3/aws4_request&X-Amz-Date=20260728T210709Z&X-Amz-Expires=10&X-Amz-SignedHeaders=host&X-Amz-Signature=a5a1ffffa87f705284664222b3fecb000282ad2e7f4800c4ad3855ec59d9d1b1	text/csv	reachable-data-or-description		c802190c43e02246da9c6c9c3f13a58f076cc6b77922f4d9766a3c6bdb1b52bd	Dataset receipt is not evidence for formula or family.
bambi/plot_pred_nb	true	negative_binomial	https://stats.idre.ucla.edu/stat/stata/dae/nb_data.dta	2026-07-28T21:07:10.470958+00:00	200	0	https://stats.oarc.ucla.edu/stat/stata/dae/nb_data.dta	text/html; charset=iso-8859-1	reachable-data-or-description		66c285329eddb3d9ecc3f80b2876160cb091040df18fad0cd91fec11ec20bd78	Dataset receipt is not evidence for formula or family.
bambi/plot_pred_logistic	true	plot_pred_movies	https://vincentarelbundock.github.io/Rdatasets/csv/ggplot2movies/movies.csv	2026-07-28T21:07:10.739396+00:00	200	0	https://vincentarelbundock.github.io/Rdatasets/csv/ggplot2movies/movies.csv	text/csv; charset=utf-8	reachable-data-or-description	text_offset=1023215; matched_terms=plot; context_sha256=709bb409202e5384	3b98576b924c6df8ffd010e689a45319b5dbcb36818ed977fc514eb98a9467d6	Dataset receipt is not evidence for formula or family.
bambi/plot_pred_distr	true	distributional_synth	synthetic						synthetic-no-external-receipt			Dataset receipt is not evidence for formula or family.
bambi/plot_comp_zip	true	plot_comparisons	https://stats.idre.ucla.edu/stat/data/fish.csv	2026-07-28T21:07:10.463276+00:00	200	0	https://stats.oarc.ucla.edu/stat/data/fish.csv	text/csv	reachable-data-or-description	text_offset=3; matched_terms=count,fish; context_sha256=8ba3784c2a6bb4b4	0bfc779be1512d07f7cd9fabf9270b940e1cb49e7f330731680aa41a0cf75a60	Dataset receipt is not evidence for formula or family.
bambi/plot_comp_logistic	true	titanic	https://vincentarelbundock.github.io/Rdatasets/csv/Stat2Data/Titanic.csv	2026-07-28T21:07:10.698464+00:00	200	0	https://vincentarelbundock.github.io/Rdatasets/csv/Stat2Data/Titanic.csv	text/csv; charset=utf-8	reachable-data-or-description	text_offset=53636; matched_terms=plot; context_sha256=8fcd462c50b649b7	d52382da265ccfc481fcf606cd9b6feb5e371aac15921c0069f446a4fc870d5c	Dataset receipt is not evidence for formula or family.
bambi/plot_slopes_main	true	plot_slopes	https://vincentarelbundock.github.io/Rdatasets/csv/carData/Wells.csv	2026-07-28T21:07:10.703673+00:00	200	0	https://vincentarelbundock.github.io/Rdatasets/csv/carData/Wells.csv	text/csv; charset=utf-8	reachable-data-or-description		decba46a3dd49284fe7ced9af9af4d7f16421f926c98ccdc18150931b27ca698	Dataset receipt is not evidence for formula or family.
bambi/plot_slopes_interaction	true	plot_slopes	https://vincentarelbundock.github.io/Rdatasets/csv/carData/Wells.csv	2026-07-28T21:07:10.703673+00:00	200	0	https://vincentarelbundock.github.io/Rdatasets/csv/carData/Wells.csv	text/csv; charset=utf-8	reachable-data-or-description		decba46a3dd49284fe7ced9af9af4d7f16421f926c98ccdc18150931b27ca698	Dataset receipt is not evidence for formula or family.
bambi/alternative_samplers	true	alternative_samplers	synthetic						synthetic-no-external-receipt			Dataset receipt is not evidence for formula or family.
brms/cbpp_binomial	true	cbpp	https://vincentarelbundock.github.io/Rdatasets/csv/lme4/cbpp.csv	2026-07-28T21:07:10.829114+00:00	200	0	https://vincentarelbundock.github.io/Rdatasets/csv/lme4/cbpp.csv	text/csv; charset=utf-8	reachable-data-or-description		8919ad586aabfa75fa3b3ece7ad7b398c7b31bf17467f17c304cbec86afa910a	Dataset receipt is not evidence for formula or family.
brms/cbpp_beta_binomial	true	cbpp	https://vincentarelbundock.github.io/Rdatasets/csv/lme4/cbpp.csv	2026-07-28T21:07:10.829114+00:00	200	0	https://vincentarelbundock.github.io/Rdatasets/csv/lme4/cbpp.csv	text/csv; charset=utf-8	reachable-data-or-description		8919ad586aabfa75fa3b3ece7ad7b398c7b31bf17467f17c304cbec86afa910a	Dataset receipt is not evidence for formula or family.
brms/distreg_normal	true	distreg_dat1	synthetic						synthetic-no-external-receipt			Dataset receipt is not evidence for formula or family.
brms/distreg_nb	true	distreg_fish	http://paulbuerkner.com/data/fish.csv	2026-07-28T21:07:08.539083+00:00	200	0	http://paulbuerkner.com/data/fish.csv	text/csv; charset=utf-8	reachable-data-or-description		3d730b6756e8020b9c131ba96f6f6639f3ab31f89f9fccf9bc9bad714b2223f2	Dataset receipt is not evidence for formula or family.
brms/distreg_zip	true	distreg_fish	http://paulbuerkner.com/data/fish.csv	2026-07-28T21:07:08.539083+00:00	200	0	http://paulbuerkner.com/data/fish.csv	text/csv; charset=utf-8	reachable-data-or-description		3d730b6756e8020b9c131ba96f6f6639f3ab31f89f9fccf9bc9bad714b2223f2	Dataset receipt is not evidence for formula or family.
brms/distreg_gam	true	distreg_gam	synthetic						synthetic-no-external-receipt			Dataset receipt is not evidence for formula or family.
brms/nhanes_imputed	true	nhanes	https://vincentarelbundock.github.io/Rdatasets/csv/mice/nhanes.csv	2026-07-28T21:07:10.845103+00:00	404	0	https://vincentarelbundock.github.io/Rdatasets/csv/mice/nhanes.csv	text/html; charset=utf-8	dead-source		c8d3f50462ddb77ac44b5e6146cf67ba38a960a3aeec506f3abdca98716fa854	Dataset receipt is not evidence for formula or family.
brms/nhanes_joint	true	nhanes	https://vincentarelbundock.github.io/Rdatasets/csv/mice/nhanes.csv	2026-07-28T21:07:10.845103+00:00	404	0	https://vincentarelbundock.github.io/Rdatasets/csv/mice/nhanes.csv	text/html; charset=utf-8	dead-source		c8d3f50462ddb77ac44b5e6146cf67ba38a960a3aeec506f3abdca98716fa854	Dataset receipt is not evidence for formula or family.
brms/nhanes_error	true	nhanes	https://vincentarelbundock.github.io/Rdatasets/csv/mice/nhanes.csv	2026-07-28T21:07:10.845103+00:00	404	0	https://vincentarelbundock.github.io/Rdatasets/csv/mice/nhanes.csv	text/html; charset=utf-8	dead-source		c8d3f50462ddb77ac44b5e6146cf67ba38a960a3aeec506f3abdca98716fa854	Dataset receipt is not evidence for formula or family.
brms/income_mo	true	income	synthetic						synthetic-no-external-receipt			Dataset receipt is not evidence for formula or family.
brms/income_num	true	income	synthetic						synthetic-no-external-receipt			Dataset receipt is not evidence for formula or family.
brms/income_nominal	true	income	synthetic						synthetic-no-external-receipt			Dataset receipt is not evidence for formula or family.
brms/income_mo_age	true	income	synthetic						synthetic-no-external-receipt			Dataset receipt is not evidence for formula or family.
brms/income_mo_city	true	income	synthetic						synthetic-no-external-receipt			Dataset receipt is not evidence for formula or family.
brms/btdata_compact	true	btdata	https://vincentarelbundock.github.io/Rdatasets/csv/MCMCglmm/BTdata.csv	2026-07-28T21:07:10.636004+00:00	404	0	https://vincentarelbundock.github.io/Rdatasets/csv/MCMCglmm/BTdata.csv	text/html; charset=utf-8	dead-source		c8d3f50462ddb77ac44b5e6146cf67ba38a960a3aeec506f3abdca98716fa854	Dataset receipt is not evidence for formula or family.
brms/btdata_explicit	true	btdata	https://vincentarelbundock.github.io/Rdatasets/csv/MCMCglmm/BTdata.csv	2026-07-28T21:07:10.636004+00:00	404	0	https://vincentarelbundock.github.io/Rdatasets/csv/MCMCglmm/BTdata.csv	text/html; charset=utf-8	dead-source		c8d3f50462ddb77ac44b5e6146cf67ba38a960a3aeec506f3abdca98716fa854	Dataset receipt is not evidence for formula or family.
brms/btdata_spline	true	btdata	https://vincentarelbundock.github.io/Rdatasets/csv/MCMCglmm/BTdata.csv	2026-07-28T21:07:10.636004+00:00	404	0	https://vincentarelbundock.github.io/Rdatasets/csv/MCMCglmm/BTdata.csv	text/html; charset=utf-8	dead-source	text_offset=213; matched_terms=with; context_sha256=77eb88a6f2444524	c8d3f50462ddb77ac44b5e6146cf67ba38a960a3aeec506f3abdca98716fa854	Dataset receipt is not evidence for formula or family.
brms/nonlinear_exp	true	nonlinear_dat	synthetic						synthetic-no-external-receipt			Dataset receipt is not evidence for formula or family.
brms/nonlinear_linear	true	nonlinear_dat	synthetic						synthetic-no-external-receipt			Dataset receipt is not evidence for formula or family.
brms/nonlinear_loss	true	loss	synthetic						synthetic-no-external-receipt			Dataset receipt is not evidence for formula or family.
brms/phylo_simple_re	true	phylo_simple	http://paulbuerkner.com/data/data_simple.txt	2026-07-28T21:07:08.538701+00:00	200	0	http://paulbuerkner.com/data/data_simple.txt	text/plain; charset=utf-8	reachable-data-or-description		c83ab1ff9cb21dfb2afbf1faf9f76207f9f663a075e90613ce34044b110ab138	Dataset receipt is not evidence for formula or family.
brms/phylo_simple_resid	true	phylo_simple	http://paulbuerkner.com/data/data_simple.txt	2026-07-28T21:07:08.538701+00:00	200	0	http://paulbuerkner.com/data/data_simple.txt	text/plain; charset=utf-8	reachable-data-or-description		c83ab1ff9cb21dfb2afbf1faf9f76207f9f663a075e90613ce34044b110ab138	Dataset receipt is not evidence for formula or family.
brms/phylo_repeat_re	true	phylo_repeat	http://paulbuerkner.com/data/data_repeat.txt	2026-07-28T21:07:08.538457+00:00	200	0	http://paulbuerkner.com/data/data_repeat.txt	text/plain; charset=utf-8	reachable-data-or-description		94f99c06c6b9dc355173a208842ddbd38d26cb5c34661d736c84a7778c6f0425	Dataset receipt is not evidence for formula or family.
brms/phylo_effect	true	phylo_effect	http://paulbuerkner.com/data/data_effect.txt	2026-07-28T21:07:08.537912+00:00	200	0	http://paulbuerkner.com/data/data_effect.txt	text/plain; charset=utf-8	reachable-data-or-description		c11cc78afd8b17c1fcbc814d09454734dacc3486b682ad12938c9159cccb99b6	Dataset receipt is not evidence for formula or family.
brms/phylo_pois	true	phylo_pois	http://paulbuerkner.com/data/data_pois.txt	2026-07-28T21:07:08.538285+00:00	200	0	http://paulbuerkner.com/data/data_pois.txt	text/plain; charset=utf-8	reachable-data-or-description		bd30ed1406421c48be96275a2c9b049e4a894b1769310c1979ff8820be2afc48	Dataset receipt is not evidence for formula or family.
mcelreath/globe	true	globe	synthetic						synthetic-no-external-receipt			Dataset receipt is not evidence for formula or family.
mcelreath/howell1_intercept	true	howell1	https://github.com/rmcelreath/rethinking/blob/master/data/Howell1.csv	2026-07-28T21:07:08.791120+00:00	200	0	https://github.com/rmcelreath/rethinking/blob/master/data/Howell1.csv	text/html; charset=utf-8	reachable-data-or-description	text_offset=16; matched_terms=and,howell1; context_sha256=632344e52fe7cdfd	b71bdfb560983f7c706f90cfac747d850e3f6cd47540aedf6cf7032502fd50e7	Dataset receipt is not evidence for formula or family.
mcelreath/howell1_linear	true	howell1	https://github.com/rmcelreath/rethinking/blob/master/data/Howell1.csv	2026-07-28T21:07:08.791120+00:00	200	0	https://github.com/rmcelreath/rethinking/blob/master/data/Howell1.csv	text/html; charset=utf-8	reachable-data-or-description	text_offset=16; matched_terms=and,howell1; context_sha256=632344e52fe7cdfd	b71bdfb560983f7c706f90cfac747d850e3f6cd47540aedf6cf7032502fd50e7	Dataset receipt is not evidence for formula or family.
mcelreath/howell1_quad	true	howell1	https://github.com/rmcelreath/rethinking/blob/master/data/Howell1.csv	2026-07-28T21:07:08.791120+00:00	200	0	https://github.com/rmcelreath/rethinking/blob/master/data/Howell1.csv	text/html; charset=utf-8	reachable-data-or-description	text_offset=16; matched_terms=and,howell1; context_sha256=632344e52fe7cdfd	b71bdfb560983f7c706f90cfac747d850e3f6cd47540aedf6cf7032502fd50e7	Dataset receipt is not evidence for formula or family.
mcelreath/howell1_cubic	true	howell1	https://github.com/rmcelreath/rethinking/blob/master/data/Howell1.csv	2026-07-28T21:07:08.791120+00:00	200	0	https://github.com/rmcelreath/rethinking/blob/master/data/Howell1.csv	text/html; charset=utf-8	reachable-data-or-description	text_offset=16; matched_terms=and,howell1; context_sha256=632344e52fe7cdfd	b71bdfb560983f7c706f90cfac747d850e3f6cd47540aedf6cf7032502fd50e7	Dataset receipt is not evidence for formula or family.
mcelreath/howell1_nl	true	howell1	https://github.com/rmcelreath/rethinking/blob/master/data/Howell1.csv	2026-07-28T21:07:08.791120+00:00	200	0	https://github.com/rmcelreath/rethinking/blob/master/data/Howell1.csv	text/html; charset=utf-8	reachable-data-or-description	text_offset=16; matched_terms=and,howell1; context_sha256=632344e52fe7cdfd	b71bdfb560983f7c706f90cfac747d850e3f6cd47540aedf6cf7032502fd50e7	Dataset receipt is not evidence for formula or family.
mcelreath/howell1_volume	true	howell1	https://github.com/rmcelreath/rethinking/blob/master/data/Howell1.csv	2026-07-28T21:07:08.791120+00:00	200	0	https://github.com/rmcelreath/rethinking/blob/master/data/Howell1.csv	text/html; charset=utf-8	reachable-data-or-description	text_offset=16; matched_terms=and,howell1; context_sha256=632344e52fe7cdfd	b71bdfb560983f7c706f90cfac747d850e3f6cd47540aedf6cf7032502fd50e7	Dataset receipt is not evidence for formula or family.
mcelreath/cherry_blossoms	true	cherry_blossoms	https://github.com/rmcelreath/rethinking/blob/master/data/cherry_blossoms.csv	2026-07-28T21:07:09.212176+00:00	200	0	https://github.com/rmcelreath/rethinking/blob/master/data/cherry_blossoms.csv	text/html; charset=utf-8	reachable-data-or-description	text_offset=16; matched_terms=blossoms,cherry,cherry_blossoms; context_sha256=04edcdb4b41ed34b	6289dcbf4163e079715b9fe9adcf0d2dcefd5a8128382845504faf3df27cdf86	Dataset receipt is not evidence for formula or family.
mcelreath/waffle_divorce_a	true	waffle_divorce	https://github.com/rmcelreath/rethinking/blob/master/data/WaffleDivorce.csv	2026-07-28T21:07:09.209014+00:00	200	0	https://github.com/rmcelreath/rethinking/blob/master/data/WaffleDivorce.csv	text/html; charset=utf-8	reachable-data-or-description	text_offset=16; matched_terms=age,divorce,waffle; context_sha256=160636ce03bb2dfe	167844c595c3f1cd1c8c3d7bf34f49555f148f8a145643aa69150158d47d0fd4	Dataset receipt is not evidence for formula or family.
mcelreath/waffle_divorce_m	true	waffle_divorce	https://github.com/rmcelreath/rethinking/blob/master/data/WaffleDivorce.csv	2026-07-28T21:07:09.209014+00:00	200	0	https://github.com/rmcelreath/rethinking/blob/master/data/WaffleDivorce.csv	text/html; charset=utf-8	reachable-data-or-description	text_offset=16; matched_terms=divorce,rate,waffle; context_sha256=160636ce03bb2dfe	167844c595c3f1cd1c8c3d7bf34f49555f148f8a145643aa69150158d47d0fd4	Dataset receipt is not evidence for formula or family.
mcelreath/waffle_divorce_am	true	waffle_divorce	https://github.com/rmcelreath/rethinking/blob/master/data/WaffleDivorce.csv	2026-07-28T21:07:09.209014+00:00	200	0	https://github.com/rmcelreath/rethinking/blob/master/data/WaffleDivorce.csv	text/html; charset=utf-8	reachable-data-or-description	text_offset=16; matched_terms=divorce,waffle; context_sha256=160636ce03bb2dfe	167844c595c3f1cd1c8c3d7bf34f49555f148f8a145643aa69150158d47d0fd4	Dataset receipt is not evidence for formula or family.
mcelreath/waffle_divorce_mediator	true	waffle_divorce	https://github.com/rmcelreath/rethinking/blob/master/data/WaffleDivorce.csv	2026-07-28T21:07:09.209014+00:00	200	0	https://github.com/rmcelreath/rethinking/blob/master/data/WaffleDivorce.csv	text/html; charset=utf-8	reachable-data-or-description	text_offset=16; matched_terms=divorce,waffle; context_sha256=160636ce03bb2dfe	167844c595c3f1cd1c8c3d7bf34f49555f148f8a145643aa69150158d47d0fd4	Dataset receipt is not evidence for formula or family.
mcelreath/waffle_divorce_multivariate	true	waffle_divorce	https://github.com/rmcelreath/rethinking/blob/master/data/WaffleDivorce.csv	2026-07-28T21:07:09.209014+00:00	200	0	https://github.com/rmcelreath/rethinking/blob/master/data/WaffleDivorce.csv	text/html; charset=utf-8	reachable-data-or-description	text_offset=16; matched_terms=divorce,waffle; context_sha256=160636ce03bb2dfe	167844c595c3f1cd1c8c3d7bf34f49555f148f8a145643aa69150158d47d0fd4	Dataset receipt is not evidence for formula or family.
mcelreath/waffle_divorce_meas_err	true	waffle_divorce	https://github.com/rmcelreath/rethinking/blob/master/data/WaffleDivorce.csv	2026-07-28T21:07:09.209014+00:00	200	0	https://github.com/rmcelreath/rethinking/blob/master/data/WaffleDivorce.csv	text/html; charset=utf-8	reachable-data-or-description	text_offset=16; matched_terms=divorce,waffle; context_sha256=160636ce03bb2dfe	167844c595c3f1cd1c8c3d7bf34f49555f148f8a145643aa69150158d47d0fd4	Dataset receipt is not evidence for formula or family.
mcelreath/milk_neo	true	milk	https://github.com/rmcelreath/rethinking/blob/master/data/milk.csv	2026-07-28T21:07:09.303216+00:00	200	0	https://github.com/rmcelreath/rethinking/blob/master/data/milk.csv	text/html; charset=utf-8	reachable-data-or-description	text_offset=16; matched_terms=milk; context_sha256=d37e6c5d94b0c33b	fbab77b9fefe7b76e6e31f064a01dd7b1dbafd5884dd5d4e06bcbc1c6d15880c	Dataset receipt is not evidence for formula or family.
mcelreath/milk_mass	true	milk	https://github.com/rmcelreath/rethinking/blob/master/data/milk.csv	2026-07-28T21:07:09.303216+00:00	200	0	https://github.com/rmcelreath/rethinking/blob/master/data/milk.csv	text/html; charset=utf-8	reachable-data-or-description	text_offset=16; matched_terms=milk; context_sha256=d37e6c5d94b0c33b	fbab77b9fefe7b76e6e31f064a01dd7b1dbafd5884dd5d4e06bcbc1c6d15880c	Dataset receipt is not evidence for formula or family.
mcelreath/milk_both	true	milk	https://github.com/rmcelreath/rethinking/blob/master/data/milk.csv	2026-07-28T21:07:09.303216+00:00	200	0	https://github.com/rmcelreath/rethinking/blob/master/data/milk.csv	text/html; charset=utf-8	reachable-data-or-description	text_offset=16; matched_terms=and,milk; context_sha256=d37e6c5d94b0c33b	fbab77b9fefe7b76e6e31f064a01dd7b1dbafd5884dd5d4e06bcbc1c6d15880c	Dataset receipt is not evidence for formula or family.
mcelreath/milk_clade	true	milk	https://github.com/rmcelreath/rethinking/blob/master/data/milk.csv	2026-07-28T21:07:09.303216+00:00	200	0	https://github.com/rmcelreath/rethinking/blob/master/data/milk.csv	text/html; charset=utf-8	reachable-data-or-description	text_offset=16; matched_terms=milk; context_sha256=d37e6c5d94b0c33b	fbab77b9fefe7b76e6e31f064a01dd7b1dbafd5884dd5d4e06bcbc1c6d15880c	Dataset receipt is not evidence for formula or family.
mcelreath/milk_mi	true	milk	https://github.com/rmcelreath/rethinking/blob/master/data/milk.csv	2026-07-28T21:07:09.303216+00:00	200	0	https://github.com/rmcelreath/rethinking/blob/master/data/milk.csv	text/html; charset=utf-8	reachable-data-or-description	text_offset=16; matched_terms=data,milk; context_sha256=d37e6c5d94b0c33b	fbab77b9fefe7b76e6e31f064a01dd7b1dbafd5884dd5d4e06bcbc1c6d15880c	Dataset receipt is not evidence for formula or family.
mcelreath/plant_growth_baseline	true	plant_growth	synthetic						synthetic-no-external-receipt			Dataset receipt is not evidence for formula or family.
mcelreath/plant_growth_biased	true	plant_growth	synthetic						synthetic-no-external-receipt			Dataset receipt is not evidence for formula or family.
mcelreath/plant_growth_causal	true	plant_growth	synthetic						synthetic-no-external-receipt			Dataset receipt is not evidence for formula or family.
mcelreath/happiness_collider	true	happiness	synthetic						synthetic-no-external-receipt			Dataset receipt is not evidence for formula or family.
mcelreath/happiness_causal	true	happiness	synthetic						synthetic-no-external-receipt			Dataset receipt is not evidence for formula or family.
mcelreath/rugged_pooled	true	rugged	https://github.com/rmcelreath/rethinking/blob/master/data/rugged.csv	2026-07-28T21:07:09.338519+00:00	200	0	https://github.com/rmcelreath/rethinking/blob/master/data/rugged.csv	text/html; charset=utf-8	reachable-data-or-description	text_offset=16; matched_terms=rugged; context_sha256=220092ae6a1d60c7	d2da37d896ba1c70eda2a6b8c79dc4ce5b3d965080922875998004341dc3bc65	Dataset receipt is not evidence for formula or family.
mcelreath/rugged_continent	true	rugged	https://github.com/rmcelreath/rethinking/blob/master/data/rugged.csv	2026-07-28T21:07:09.338519+00:00	200	0	https://github.com/rmcelreath/rethinking/blob/master/data/rugged.csv	text/html; charset=utf-8	reachable-data-or-description	text_offset=16; matched_terms=rugged; context_sha256=220092ae6a1d60c7	d2da37d896ba1c70eda2a6b8c79dc4ce5b3d965080922875998004341dc3bc65	Dataset receipt is not evidence for formula or family.
mcelreath/rugged_nl	true	rugged	https://github.com/rmcelreath/rethinking/blob/master/data/rugged.csv	2026-07-28T21:07:09.338519+00:00	200	0	https://github.com/rmcelreath/rethinking/blob/master/data/rugged.csv	text/html; charset=utf-8	reachable-data-or-description	text_offset=16; matched_terms=rugged; context_sha256=220092ae6a1d60c7	d2da37d896ba1c70eda2a6b8c79dc4ce5b3d965080922875998004341dc3bc65	Dataset receipt is not evidence for formula or family.
mcelreath/tulips_additive	true	tulips	https://github.com/rmcelreath/rethinking/blob/master/data/tulips.csv	2026-07-28T21:07:09.351203+00:00	200	0	https://github.com/rmcelreath/rethinking/blob/master/data/tulips.csv	text/html; charset=utf-8	reachable-data-or-description	text_offset=16; matched_terms=and,tulips; context_sha256=481c5c729ff117e4	dd536e93c430fd72cd142adb61026299ab537b320e8fe143f255828c4ffd9cb3	Dataset receipt is not evidence for formula or family.
mcelreath/tulips_interaction	true	tulips	https://github.com/rmcelreath/rethinking/blob/master/data/tulips.csv	2026-07-28T21:07:09.351203+00:00	200	0	https://github.com/rmcelreath/rethinking/blob/master/data/tulips.csv	text/html; charset=utf-8	reachable-data-or-description	text_offset=16; matched_terms=tulips; context_sha256=481c5c729ff117e4	dd536e93c430fd72cd142adb61026299ab537b320e8fe143f255828c4ffd9cb3	Dataset receipt is not evidence for formula or family.
mcelreath/hetero	true	hetero	synthetic						synthetic-no-external-receipt			Dataset receipt is not evidence for formula or family.
mcelreath/chimpanzees_intercept	true	chimpanzees	https://github.com/rmcelreath/rethinking/blob/master/data/chimpanzees.csv	2026-07-28T21:07:09.276703+00:00	200	0	https://github.com/rmcelreath/rethinking/blob/master/data/chimpanzees.csv	text/html; charset=utf-8	reachable-data-or-description	text_offset=16; matched_terms=chimpanzees; context_sha256=b5705e9daad7244d	4df9b5dd105ba7ee8e5377db84f3fa6268c70421af4ccb4073afa1175b604a81	Dataset receipt is not evidence for formula or family.
mcelreath/chimpanzees_actors	true	chimpanzees	https://github.com/rmcelreath/rethinking/blob/master/data/chimpanzees.csv	2026-07-28T21:07:09.276703+00:00	200	0	https://github.com/rmcelreath/rethinking/blob/master/data/chimpanzees.csv	text/html; charset=utf-8	reachable-data-or-description	text_offset=16; matched_terms=and,chimpanzees; context_sha256=b5705e9daad7244d	4df9b5dd105ba7ee8e5377db84f3fa6268c70421af4ccb4073afa1175b604a81	Dataset receipt is not evidence for formula or family.
mcelreath/chimpanzees_multilevel	true	chimpanzees	https://github.com/rmcelreath/rethinking/blob/master/data/chimpanzees.csv	2026-07-28T21:07:09.276703+00:00	200	0	https://github.com/rmcelreath/rethinking/blob/master/data/chimpanzees.csv	text/html; charset=utf-8	reachable-data-or-description	text_offset=16; matched_terms=chimpanzees; context_sha256=b5705e9daad7244d	4df9b5dd105ba7ee8e5377db84f3fa6268c70421af4ccb4073afa1175b604a81	Dataset receipt is not evidence for formula or family.
mcelreath/chimpanzees_slopes	true	chimpanzees	https://github.com/rmcelreath/rethinking/blob/master/data/chimpanzees.csv	2026-07-28T21:07:09.276703+00:00	200	0	https://github.com/rmcelreath/rethinking/blob/master/data/chimpanzees.csv	text/html; charset=utf-8	reachable-data-or-description	text_offset=16; matched_terms=chimpanzees; context_sha256=b5705e9daad7244d	4df9b5dd105ba7ee8e5377db84f3fa6268c70421af4ccb4073afa1175b604a81	Dataset receipt is not evidence for formula or family.
mcelreath/ucbadmit_gender	true	ucbadmit	https://github.com/rmcelreath/rethinking/blob/master/data/UCBadmit.csv	2026-07-28T21:07:09.085885+00:00	200	0	https://github.com/rmcelreath/rethinking/blob/master/data/UCBadmit.csv	text/html; charset=utf-8	reachable-data-or-description	text_offset=16; matched_terms=ucbadmit; context_sha256=e78aa5438f77db3a	204381d39961a280a21dceb618682a7543c26617d875fd765bdcd583b547b4a9	Dataset receipt is not evidence for formula or family.
mcelreath/ucbadmit_dept	true	ucbadmit	https://github.com/rmcelreath/rethinking/blob/master/data/UCBadmit.csv	2026-07-28T21:07:09.085885+00:00	200	0	https://github.com/rmcelreath/rethinking/blob/master/data/UCBadmit.csv	text/html; charset=utf-8	reachable-data-or-description	text_offset=16; matched_terms=ucbadmit; context_sha256=e78aa5438f77db3a	204381d39961a280a21dceb618682a7543c26617d875fd765bdcd583b547b4a9	Dataset receipt is not evidence for formula or family.
mcelreath/ucbadmit_beta_binomial	true	ucbadmit	https://github.com/rmcelreath/rethinking/blob/master/data/UCBadmit.csv	2026-07-28T21:07:09.085885+00:00	200	0	https://github.com/rmcelreath/rethinking/blob/master/data/UCBadmit.csv	text/html; charset=utf-8	reachable-data-or-description	text_offset=16; matched_terms=ucbadmit; context_sha256=e78aa5438f77db3a	204381d39961a280a21dceb618682a7543c26617d875fd765bdcd583b547b4a9	Dataset receipt is not evidence for formula or family.
mcelreath/kline_intercept	true	kline	https://github.com/rmcelreath/rethinking/blob/master/data/Kline.csv	2026-07-28T21:07:08.805646+00:00	200	0	https://github.com/rmcelreath/rethinking/blob/master/data/Kline.csv	text/html; charset=utf-8	reachable-data-or-description	text_offset=16; matched_terms=kline; context_sha256=ed2e1b6cd73a873a	4181ae11a26a394e5090460fdf5b3bd4f0e867b2f442d3252d15baef52e253dc	Dataset receipt is not evidence for formula or family.
mcelreath/kline_contact	true	kline	https://github.com/rmcelreath/rethinking/blob/master/data/Kline.csv	2026-07-28T21:07:08.805646+00:00	200	0	https://github.com/rmcelreath/rethinking/blob/master/data/Kline.csv	text/html; charset=utf-8	reachable-data-or-description	text_offset=16; matched_terms=and,kline; context_sha256=ed2e1b6cd73a873a	4181ae11a26a394e5090460fdf5b3bd4f0e867b2f442d3252d15baef52e253dc	Dataset receipt is not evidence for formula or family.
mcelreath/kline_power	true	kline	https://github.com/rmcelreath/rethinking/blob/master/data/Kline.csv	2026-07-28T21:07:08.805646+00:00	200	0	https://github.com/rmcelreath/rethinking/blob/master/data/Kline.csv	text/html; charset=utf-8	reachable-data-or-description	text_offset=16; matched_terms=kline; context_sha256=ed2e1b6cd73a873a	4181ae11a26a394e5090460fdf5b3bd4f0e867b2f442d3252d15baef52e253dc	Dataset receipt is not evidence for formula or family.
mcelreath/kline2	true	kline2	https://github.com/rmcelreath/rethinking/blob/master/data/Kline2.csv	2026-07-28T21:07:08.823422+00:00	200	0	https://github.com/rmcelreath/rethinking/blob/master/data/Kline2.csv	text/html; charset=utf-8	reachable-data-or-description	text_offset=16; matched_terms=kline,kline2; context_sha256=d037f95f3aa9501f	6c4f69e1bacd4afd55210150548230c35066a87ceb7ab91d5630c371b8d91b01	Dataset receipt is not evidence for formula or family.
mcelreath/trolley_intercept	true	trolley	https://github.com/rmcelreath/rethinking/blob/master/data/Trolley.csv	2026-07-28T21:07:09.060798+00:00	200	0	https://github.com/rmcelreath/rethinking/blob/master/data/Trolley.csv	text/html; charset=utf-8	reachable-data-or-description	text_offset=16; matched_terms=trolley; context_sha256=76f44321385d2a02	bbe2404bf859581e30ec96173a876dc58b0945753404effd3fbb4b3a15ea8e7b	Dataset receipt is not evidence for formula or family.
mcelreath/trolley_effects	true	trolley	https://github.com/rmcelreath/rethinking/blob/master/data/Trolley.csv	2026-07-28T21:07:09.060798+00:00	200	0	https://github.com/rmcelreath/rethinking/blob/master/data/Trolley.csv	text/html; charset=utf-8	reachable-data-or-description	text_offset=16; matched_terms=action,and,trolley; context_sha256=76f44321385d2a02	bbe2404bf859581e30ec96173a876dc58b0945753404effd3fbb4b3a15ea8e7b	Dataset receipt is not evidence for formula or family.
mcelreath/trolley_edu	true	trolley	https://github.com/rmcelreath/rethinking/blob/master/data/Trolley.csv	2026-07-28T21:07:09.060798+00:00	200	0	https://github.com/rmcelreath/rethinking/blob/master/data/Trolley.csv	text/html; charset=utf-8	reachable-data-or-description	text_offset=16; matched_terms=trolley; context_sha256=76f44321385d2a02	bbe2404bf859581e30ec96173a876dc58b0945753404effd3fbb4b3a15ea8e7b	Dataset receipt is not evidence for formula or family.
mcelreath/reedfrogs_nopooling	true	reedfrogs	https://github.com/rmcelreath/rethinking/blob/master/data/reedfrogs.csv	2026-07-28T21:07:09.323884+00:00	200	0	https://github.com/rmcelreath/rethinking/blob/master/data/reedfrogs.csv	text/html; charset=utf-8	reachable-data-or-description	text_offset=16; matched_terms=frogs,reed,reedfrogs; context_sha256=ac29c29e7390b0ee	626ee205610b0b1cab7d9cd59b5732e21ee5e623a2f9747847d7dc1f7ef7f6a4	Dataset receipt is not evidence for formula or family.
mcelreath/reedfrogs_partial	true	reedfrogs	https://github.com/rmcelreath/rethinking/blob/master/data/reedfrogs.csv	2026-07-28T21:07:09.323884+00:00	200	0	https://github.com/rmcelreath/rethinking/blob/master/data/reedfrogs.csv	text/html; charset=utf-8	reachable-data-or-description	text_offset=16; matched_terms=frogs,reed,reedfrogs; context_sha256=ac29c29e7390b0ee	626ee205610b0b1cab7d9cd59b5732e21ee5e623a2f9747847d7dc1f7ef7f6a4	Dataset receipt is not evidence for formula or family.
mcelreath/cafe	true	cafe	synthetic						synthetic-no-external-receipt			Dataset receipt is not evidence for formula or family.
mcelreath/primates301_ols	true	primates301	https://github.com/rmcelreath/rethinking/blob/master/data/Primates301.csv	2026-07-28T21:07:09.045987+00:00	200	0	https://github.com/rmcelreath/rethinking/blob/master/data/Primates301.csv	text/html; charset=utf-8	reachable-data-or-description	text_offset=16; matched_terms=ols,primates,primates301; context_sha256=bc0314b59a95d091	d3835fd6679855ad4dc4ad2ff987d78bef8cdf5c081814eec4ac93fb2d93e9c7	Dataset receipt is not evidence for formula or family.
mcelreath/primates301_phylo	true	primates301	https://github.com/rmcelreath/rethinking/blob/master/data/Primates301.csv	2026-07-28T21:07:09.045987+00:00	200	0	https://github.com/rmcelreath/rethinking/blob/master/data/Primates301.csv	text/html; charset=utf-8	reachable-data-or-description	text_offset=16; matched_terms=primates,primates301; context_sha256=bc0314b59a95d091	d3835fd6679855ad4dc4ad2ff987d78bef8cdf5c081814eec4ac93fb2d93e9c7	Dataset receipt is not evidence for formula or family.
mcelreath/moralizing_gods	true	moralizing_gods	https://github.com/rmcelreath/rethinking/blob/master/data/Moralizing_gods.csv	2026-07-28T21:07:08.871433+00:00	200	0	https://github.com/rmcelreath/rethinking/blob/master/data/Moralizing_gods.csv	text/html; charset=utf-8	reachable-data-or-description	text_offset=16; matched_terms=data,gods,moralizing,moralizing_gods; context_sha256=c5111e593a929a96	5cc3c887852cb6c79bfe209f8ae33fe6d63db37407ce374991a619649efdf9bb	Dataset receipt is not evidence for formula or family.
mcelreath/panda_nuts	true	panda_nuts	https://github.com/rmcelreath/rethinking/blob/master/data/Panda_nuts.csv	2026-07-28T21:07:09.037331+00:00	200	0	https://github.com/rmcelreath/rethinking/blob/master/data/Panda_nuts.csv	text/html; charset=utf-8	reachable-data-or-description	text_offset=16; matched_terms=nuts,panda,panda_nuts; context_sha256=e2f5f554829f1915	40bf314403b9542c47f100ec80acf0cba2a243b0c47e68ab609cc274ee033042	Dataset receipt is not evidence for formula or family.
mcelreath/lynx_hare_ar	true	lynx_hare	https://github.com/rmcelreath/rethinking/blob/master/data/Lynx_Hare.csv	2026-07-28T21:07:08.858582+00:00	200	0	https://github.com/rmcelreath/rethinking/blob/master/data/Lynx_Hare.csv	text/html; charset=utf-8	reachable-data-or-description	text_offset=16; matched_terms=and,hare,lynx,lynx_hare; context_sha256=21fb141c4214aff9	6aba449e6ee0db1a9523f83ab67bf6c865ba08a5e4e31c40ab834a2e4054c07f	Dataset receipt is not evidence for formula or family.
mcelreath/lynx_hare_lag	true	lynx_hare	https://github.com/rmcelreath/rethinking/blob/master/data/Lynx_Hare.csv	2026-07-28T21:07:08.858582+00:00	200	0	https://github.com/rmcelreath/rethinking/blob/master/data/Lynx_Hare.csv	text/html; charset=utf-8	reachable-data-or-description	text_offset=16; matched_terms=and,hare,lynx,lynx_hare; context_sha256=21fb141c4214aff9	6aba449e6ee0db1a9523f83ab67bf6c865ba08a5e4e31c40ab834a2e4054c07f	Dataset receipt is not evidence for formula or family.
mcelreath/lynx_hare_mi	true	lynx_hare	https://github.com/rmcelreath/rethinking/blob/master/data/Lynx_Hare.csv	2026-07-28T21:07:08.858582+00:00	200	0	https://github.com/rmcelreath/rethinking/blob/master/data/Lynx_Hare.csv	text/html; charset=utf-8	reachable-data-or-description	text_offset=16; matched_terms=and,data,for,hare,lynx,lynx_hare; context_sha256=21fb141c4214aff9	6aba449e6ee0db1a9523f83ab67bf6c865ba08a5e4e31c40ab834a2e4054c07f	Dataset receipt is not evidence for formula or family.
mcelreath/lynx_hare_var	true	lynx_hare	https://github.com/rmcelreath/rethinking/blob/master/data/Lynx_Hare.csv	2026-07-28T21:07:08.858582+00:00	200	0	https://github.com/rmcelreath/rethinking/blob/master/data/Lynx_Hare.csv	text/html; charset=utf-8	reachable-data-or-description	text_offset=16; matched_terms=and,hare,lynx,lynx_hare; context_sha256=21fb141c4214aff9	6aba449e6ee0db1a9523f83ab67bf6c865ba08a5e4e31c40ab834a2e4054c07f	Dataset receipt is not evidence for formula or family.
mcelreath/mcelreath_btdata_intercept	true	btdata	https://vincentarelbundock.github.io/Rdatasets/csv/MCMCglmm/BTdata.csv	2026-07-28T21:07:10.636004+00:00	404	0	https://vincentarelbundock.github.io/Rdatasets/csv/MCMCglmm/BTdata.csv	text/html; charset=utf-8	dead-source		c8d3f50462ddb77ac44b5e6146cf67ba38a960a3aeec506f3abdca98716fa854	Dataset receipt is not evidence for formula or family.
mcelreath/mcelreath_btdata_full	true	btdata	https://vincentarelbundock.github.io/Rdatasets/csv/MCMCglmm/BTdata.csv	2026-07-28T21:07:10.636004+00:00	404	0	https://vincentarelbundock.github.io/Rdatasets/csv/MCMCglmm/BTdata.csv	text/html; charset=utf-8	dead-source		c8d3f50462ddb77ac44b5e6146cf67ba38a960a3aeec506f3abdca98716fa854	Dataset receipt is not evidence for formula or family.
mcelreath/mcelreath_btdata_interaction	true	btdata	https://vincentarelbundock.github.io/Rdatasets/csv/MCMCglmm/BTdata.csv	2026-07-28T21:07:10.636004+00:00	404	0	https://vincentarelbundock.github.io/Rdatasets/csv/MCMCglmm/BTdata.csv	text/html; charset=utf-8	dead-source		c8d3f50462ddb77ac44b5e6146cf67ba38a960a3aeec506f3abdca98716fa854	Dataset receipt is not evidence for formula or family.
kruschke/z15n50	true	z15n50	synthetic						synthetic-no-external-receipt			Dataset receipt is not evidence for formula or family.
kruschke/z6n8z2n7	true	z6n8z2n7	synthetic						synthetic-no-external-receipt			Dataset receipt is not evidence for formula or family.
kruschke/therapeutic_touch	true	therapeutic_touch	https://raw.githubusercontent.com/ASKurz/Doing-Bayesian-Data-Analysis-in-brms-and-the-tidyverse/master/data.R/TherapeuticTouchData.csv	2026-07-28T21:07:10.332865+00:00	200	0	https://raw.githubusercontent.com/ASKurz/Doing-Bayesian-Data-Analysis-in-brms-and-the-tidyverse/master/data.R/TherapeuticTouchData.csv	text/plain; charset=utf-8	reachable-data-or-description		8c196a3e124a649fe2df5e5446db1331b5af0c6041dfed4db8557c1f2267c64a	Dataset receipt is not evidence for formula or family.
kruschke/batting_average	true	batting_average	https://raw.githubusercontent.com/ASKurz/Doing-Bayesian-Data-Analysis-in-brms-and-the-tidyverse/master/data.R/BattingAverage.csv	2026-07-28T21:07:09.965699+00:00	200	0	https://raw.githubusercontent.com/ASKurz/Doing-Bayesian-Data-Analysis-in-brms-and-the-tidyverse/master/data.R/BattingAverage.csv	text/plain; charset=utf-8	reachable-data-or-description		7ead4594f4ec61e672966bfd5399a8435fc88fd1a0bb329a29d23e5daf6c8c71	Dataset receipt is not evidence for formula or family.
kruschke/recall_conditions	true	recall	synthetic						synthetic-no-external-receipt			Dataset receipt is not evidence for formula or family.
kruschke/recall_pooled	true	recall	synthetic						synthetic-no-external-receipt			Dataset receipt is not evidence for formula or family.
kruschke/two_group_iq_baseline	true	two_group_iq	https://raw.githubusercontent.com/ASKurz/Doing-Bayesian-Data-Analysis-in-brms-and-the-tidyverse/master/data.R/TwoGroupIQ.csv	2026-07-28T21:07:10.339080+00:00	200	0	https://raw.githubusercontent.com/ASKurz/Doing-Bayesian-Data-Analysis-in-brms-and-the-tidyverse/master/data.R/TwoGroupIQ.csv	text/plain; charset=utf-8	reachable-data-or-description	text_offset=9; matched_terms=group; context_sha256=adb0d0c353d7f84f	70f71d94b7a074a644e7e35edb9d4c0afc472d98e91aace317282ca9122d3ace	Dataset receipt is not evidence for formula or family.
kruschke/two_group_iq_hetero	true	two_group_iq	https://raw.githubusercontent.com/ASKurz/Doing-Bayesian-Data-Analysis-in-brms-and-the-tidyverse/master/data.R/TwoGroupIQ.csv	2026-07-28T21:07:10.339080+00:00	200	0	https://raw.githubusercontent.com/ASKurz/Doing-Bayesian-Data-Analysis-in-brms-and-the-tidyverse/master/data.R/TwoGroupIQ.csv	text/plain; charset=utf-8	reachable-data-or-description	text_offset=9; matched_terms=group; context_sha256=adb0d0c353d7f84f	70f71d94b7a074a644e7e35edb9d4c0afc472d98e91aace317282ca9122d3ace	Dataset receipt is not evidence for formula or family.
kruschke/calcium	true	calcium	https://jse.amstat.org/datasets/calcium.dat.txt	2026-07-28T21:07:09.408742+00:00	200	0	https://jse.amstat.org/datasets/calcium.dat.txt	text/plain	reachable-data-or-description		e14c797dd5bd58155e8c73c1cf593d839ef24eef9582a9b2b434349a7c4d69f0	Dataset receipt is not evidence for formula or family.
kruschke/htwt	true	htwt	https://raw.githubusercontent.com/ASKurz/Doing-Bayesian-Data-Analysis-in-brms-and-the-tidyverse/master/data.R/HtWtData300.csv	2026-07-28T21:07:10.160342+00:00	200	0	https://raw.githubusercontent.com/ASKurz/Doing-Bayesian-Data-Analysis-in-brms-and-the-tidyverse/master/data.R/HtWtData300.csv	text/plain; charset=utf-8	reachable-data-or-description	text_offset=8; matched_terms=height,weight; context_sha256=845a7b139d2f0091	318d00661b7cadb3154f0cbbb9b8fc88db5d86107d22fcb5e72e221246e6767a	Dataset receipt is not evidence for formula or family.
kruschke/hier_linreg	true	hier_linreg	https://raw.githubusercontent.com/ASKurz/Doing-Bayesian-Data-Analysis-in-brms-and-the-tidyverse/master/data.R/HierLinRegressData.csv	2026-07-28T21:07:10.109685+00:00	200	0	https://raw.githubusercontent.com/ASKurz/Doing-Bayesian-Data-Analysis-in-brms-and-the-tidyverse/master/data.R/HierLinRegressData.csv	text/plain; charset=utf-8	reachable-data-or-description		f4a51d469ebb1d67aef279d9165253eda9b41214045f5ceb141255472525b30f	Dataset receipt is not evidence for formula or family.
kruschke/income_famsize	true	income_famsize	https://raw.githubusercontent.com/ASKurz/Doing-Bayesian-Data-Analysis-in-brms-and-the-tidyverse/master/data.R/IncomeFamszState3yr.csv	2026-07-28T21:07:10.162378+00:00	200	0	https://raw.githubusercontent.com/ASKurz/Doing-Bayesian-Data-Analysis-in-brms-and-the-tidyverse/master/data.R/IncomeFamszState3yr.csv	text/plain; charset=utf-8	reachable-data-or-description	text_offset=33; matched_terms=income,size; context_sha256=1705863e0e3622cd	88f508e44c65442cebc8b07cf24d9708968a29880c789abbdae66931b2705c83	Dataset receipt is not evidence for formula or family.
kruschke/guber1999_base	true	guber1999	https://raw.githubusercontent.com/ASKurz/Doing-Bayesian-Data-Analysis-in-brms-and-the-tidyverse/master/data.R/Guber1999data.csv	2026-07-28T21:07:10.007548+00:00	200	0	https://raw.githubusercontent.com/ASKurz/Doing-Bayesian-Data-Analysis-in-brms-and-the-tidyverse/master/data.R/Guber1999data.csv	text/plain; charset=utf-8	reachable-data-or-description		b312ecb8cee1a9ddf956e55aa478992826e05e03e54509212f599e8d4362dd19	Dataset receipt is not evidence for formula or family.
kruschke/guber1999_complement	true	guber1999	https://raw.githubusercontent.com/ASKurz/Doing-Bayesian-Data-Analysis-in-brms-and-the-tidyverse/master/data.R/Guber1999data.csv	2026-07-28T21:07:10.007548+00:00	200	0	https://raw.githubusercontent.com/ASKurz/Doing-Bayesian-Data-Analysis-in-brms-and-the-tidyverse/master/data.R/Guber1999data.csv	text/plain; charset=utf-8	reachable-data-or-description		b312ecb8cee1a9ddf956e55aa478992826e05e03e54509212f599e8d4362dd19	Dataset receipt is not evidence for formula or family.
kruschke/guber1999_interaction	true	guber1999	https://raw.githubusercontent.com/ASKurz/Doing-Bayesian-Data-Analysis-in-brms-and-the-tidyverse/master/data.R/Guber1999data.csv	2026-07-28T21:07:10.007548+00:00	200	0	https://raw.githubusercontent.com/ASKurz/Doing-Bayesian-Data-Analysis-in-brms-and-the-tidyverse/master/data.R/Guber1999data.csv	text/plain; charset=utf-8	reachable-data-or-description		b312ecb8cee1a9ddf956e55aa478992826e05e03e54509212f599e8d4362dd19	Dataset receipt is not evidence for formula or family.
kruschke/fruitfly_hierarchical	true	fruitfly	https://raw.githubusercontent.com/ASKurz/Doing-Bayesian-Data-Analysis-in-brms-and-the-tidyverse/master/data.R/FruitflyDataReduced.csv	2026-07-28T21:07:09.985423+00:00	200	0	https://raw.githubusercontent.com/ASKurz/Doing-Bayesian-Data-Analysis-in-brms-and-the-tidyverse/master/data.R/FruitflyDataReduced.csv	text/plain; charset=utf-8	reachable-data-or-description	text_offset=484; matched_terms=one; context_sha256=4bad4b52c4db734f	8d9575b76856558b1f244348d63080da3a0bd1d57d3fd3ff05c12f51ef51699e	Dataset receipt is not evidence for formula or family.
kruschke/fruitfly_pooled	true	fruitfly	https://raw.githubusercontent.com/ASKurz/Doing-Bayesian-Data-Analysis-in-brms-and-the-tidyverse/master/data.R/FruitflyDataReduced.csv	2026-07-28T21:07:09.985423+00:00	200	0	https://raw.githubusercontent.com/ASKurz/Doing-Bayesian-Data-Analysis-in-brms-and-the-tidyverse/master/data.R/FruitflyDataReduced.csv	text/plain; charset=utf-8	reachable-data-or-description		8d9575b76856558b1f244348d63080da3a0bd1d57d3fd3ff05c12f51ef51699e	Dataset receipt is not evidence for formula or family.
kruschke/fruitfly_robust	true	fruitfly	https://raw.githubusercontent.com/ASKurz/Doing-Bayesian-Data-Analysis-in-brms-and-the-tidyverse/master/data.R/FruitflyDataReduced.csv	2026-07-28T21:07:09.985423+00:00	200	0	https://raw.githubusercontent.com/ASKurz/Doing-Bayesian-Data-Analysis-in-brms-and-the-tidyverse/master/data.R/FruitflyDataReduced.csv	text/plain; charset=utf-8	reachable-data-or-description		8d9575b76856558b1f244348d63080da3a0bd1d57d3fd3ff05c12f51ef51699e	Dataset receipt is not evidence for formula or family.
kruschke/fruitfly_ancova	true	fruitfly	https://raw.githubusercontent.com/ASKurz/Doing-Bayesian-Data-Analysis-in-brms-and-the-tidyverse/master/data.R/FruitflyDataReduced.csv	2026-07-28T21:07:09.985423+00:00	200	0	https://raw.githubusercontent.com/ASKurz/Doing-Bayesian-Data-Analysis-in-brms-and-the-tidyverse/master/data.R/FruitflyDataReduced.csv	text/plain; charset=utf-8	reachable-data-or-description	text_offset=26; matched_terms=thorax; context_sha256=c590a6dcf7a426d9	8d9575b76856558b1f244348d63080da3a0bd1d57d3fd3ff05c12f51ef51699e	Dataset receipt is not evidence for formula or family.
kruschke/fruitfly_anhecova	true	fruitfly	https://raw.githubusercontent.com/ASKurz/Doing-Bayesian-Data-Analysis-in-brms-and-the-tidyverse/master/data.R/FruitflyDataReduced.csv	2026-07-28T21:07:09.985423+00:00	200	0	https://raw.githubusercontent.com/ASKurz/Doing-Bayesian-Data-Analysis-in-brms-and-the-tidyverse/master/data.R/FruitflyDataReduced.csv	text/plain; charset=utf-8	reachable-data-or-description	text_offset=26; matched_terms=thorax; context_sha256=c590a6dcf7a426d9	8d9575b76856558b1f244348d63080da3a0bd1d57d3fd3ff05c12f51ef51699e	Dataset receipt is not evidence for formula or family.
kruschke/salary_anova	true	salary	https://raw.githubusercontent.com/ASKurz/Doing-Bayesian-Data-Analysis-in-brms-and-the-tidyverse/master/data.R/Salary.csv	2026-07-28T21:07:10.187978+00:00	200	0	https://raw.githubusercontent.com/ASKurz/Doing-Bayesian-Data-Analysis-in-brms-and-the-tidyverse/master/data.R/Salary.csv	text/plain; charset=utf-8	reachable-data-or-description	text_offset=38; matched_terms=salary; context_sha256=21df16d2d4f4c1c5	ce8a8abd352b9d86ca51c35735979269870ff7c529130a4922e1d61bda9b9c0e	Dataset receipt is not evidence for formula or family.
kruschke/salary_robust	true	salary	https://raw.githubusercontent.com/ASKurz/Doing-Bayesian-Data-Analysis-in-brms-and-the-tidyverse/master/data.R/Salary.csv	2026-07-28T21:07:10.187978+00:00	200	0	https://raw.githubusercontent.com/ASKurz/Doing-Bayesian-Data-Analysis-in-brms-and-the-tidyverse/master/data.R/Salary.csv	text/plain; charset=utf-8	reachable-data-or-description	text_offset=38; matched_terms=salary; context_sha256=21df16d2d4f4c1c5	ce8a8abd352b9d86ca51c35735979269870ff7c529130a4922e1d61bda9b9c0e	Dataset receipt is not evidence for formula or family.
kruschke/splitplot_field	true	splitplot	https://raw.githubusercontent.com/ASKurz/Doing-Bayesian-Data-Analysis-in-brms-and-the-tidyverse/master/data.R/SplitPlotAgriData.csv	2026-07-28T21:07:10.281330+00:00	200	0	https://raw.githubusercontent.com/ASKurz/Doing-Bayesian-Data-Analysis-in-brms-and-the-tidyverse/master/data.R/SplitPlotAgriData.csv	text/plain; charset=utf-8	reachable-data-or-description	text_offset=1; matched_terms=field; context_sha256=7212e8df20e3ce5d	57796f7dabaeb5aceb77965af55317517d9fcd8ad4dd9c1e1ec4e57ac6feb397	Dataset receipt is not evidence for formula or family.
kruschke/splitplot_nofield	true	splitplot	https://raw.githubusercontent.com/ASKurz/Doing-Bayesian-Data-Analysis-in-brms-and-the-tidyverse/master/data.R/SplitPlotAgriData.csv	2026-07-28T21:07:10.281330+00:00	200	0	https://raw.githubusercontent.com/ASKurz/Doing-Bayesian-Data-Analysis-in-brms-and-the-tidyverse/master/data.R/SplitPlotAgriData.csv	text/plain; charset=utf-8	reachable-data-or-description	text_offset=1; matched_terms=field; context_sha256=7212e8df20e3ce5d	57796f7dabaeb5aceb77965af55317517d9fcd8ad4dd9c1e1ec4e57ac6feb397	Dataset receipt is not evidence for formula or family.
kruschke/htwt110_single	true	htwt110	https://raw.githubusercontent.com/ASKurz/Doing-Bayesian-Data-Analysis-in-brms-and-the-tidyverse/master/data.R/HtWtData110.csv	2026-07-28T21:07:10.155256+00:00	200	0	https://raw.githubusercontent.com/ASKurz/Doing-Bayesian-Data-Analysis-in-brms-and-the-tidyverse/master/data.R/HtWtData110.csv	text/plain; charset=utf-8	reachable-data-or-description	text_offset=17; matched_terms=weight; context_sha256=c56cf755888c515c	5e92e84f20b1948e3ef853e7165f9bbbd7b1f0a98b0a2d007008fb014afeacbe	Dataset receipt is not evidence for formula or family.
kruschke/htwt110_two_pred	true	htwt110	https://raw.githubusercontent.com/ASKurz/Doing-Bayesian-Data-Analysis-in-brms-and-the-tidyverse/master/data.R/HtWtData110.csv	2026-07-28T21:07:10.155256+00:00	200	0	https://raw.githubusercontent.com/ASKurz/Doing-Bayesian-Data-Analysis-in-brms-and-the-tidyverse/master/data.R/HtWtData110.csv	text/plain; charset=utf-8	reachable-data-or-description	text_offset=17; matched_terms=height,weight; context_sha256=c56cf755888c515c	5e92e84f20b1948e3ef853e7165f9bbbd7b1f0a98b0a2d007008fb014afeacbe	Dataset receipt is not evidence for formula or family.
kruschke/htwt110_robust	true	htwt110	https://raw.githubusercontent.com/ASKurz/Doing-Bayesian-Data-Analysis-in-brms-and-the-tidyverse/master/data.R/HtWtData110.csv	2026-07-28T21:07:10.155256+00:00	200	0	https://raw.githubusercontent.com/ASKurz/Doing-Bayesian-Data-Analysis-in-brms-and-the-tidyverse/master/data.R/HtWtData110.csv	text/plain; charset=utf-8	reachable-data-or-description		5e92e84f20b1948e3ef853e7165f9bbbd7b1f0a98b0a2d007008fb014afeacbe	Dataset receipt is not evidence for formula or family.
kruschke/softmax_categorical	true	softmax1	https://raw.githubusercontent.com/ASKurz/Doing-Bayesian-Data-Analysis-in-brms-and-the-tidyverse/master/data.R/SoftmaxRegData1.csv	2026-07-28T21:07:10.191100+00:00	200	0	https://raw.githubusercontent.com/ASKurz/Doing-Bayesian-Data-Analysis-in-brms-and-the-tidyverse/master/data.R/SoftmaxRegData1.csv	text/plain; charset=utf-8	reachable-data-or-description		2379a4153441611caa1fa0c15ad3825e22e7f241aed9c1b7d8b677cdeb801beb	Dataset receipt is not evidence for formula or family.
kruschke/softmax_baseline	true	softmax1	https://raw.githubusercontent.com/ASKurz/Doing-Bayesian-Data-Analysis-in-brms-and-the-tidyverse/master/data.R/SoftmaxRegData1.csv	2026-07-28T21:07:10.191100+00:00	200	0	https://raw.githubusercontent.com/ASKurz/Doing-Bayesian-Data-Analysis-in-brms-and-the-tidyverse/master/data.R/SoftmaxRegData1.csv	text/plain; charset=utf-8	reachable-data-or-description		2379a4153441611caa1fa0c15ad3825e22e7f241aed9c1b7d8b677cdeb801beb	Dataset receipt is not evidence for formula or family.
kruschke/condlog1_ordinal	true	condlog1	https://raw.githubusercontent.com/ASKurz/Doing-Bayesian-Data-Analysis-in-brms-and-the-tidyverse/master/data.R/CondLogistRegData1.csv	2026-07-28T21:07:09.982748+00:00	200	0	https://raw.githubusercontent.com/ASKurz/Doing-Bayesian-Data-Analysis-in-brms-and-the-tidyverse/master/data.R/CondLogistRegData1.csv	text/plain; charset=utf-8	reachable-data-or-description		670192f3f6b071b4973efb73e703a7d1556bc79e98f7d157c9d38fd65a8e85ac	Dataset receipt is not evidence for formula or family.
kruschke/condlog2_ordinal	true	condlog2	https://raw.githubusercontent.com/ASKurz/Doing-Bayesian-Data-Analysis-in-brms-and-the-tidyverse/master/data.R/CondLogistRegData2.csv	2026-07-28T21:07:09.983253+00:00	200	0	https://raw.githubusercontent.com/ASKurz/Doing-Bayesian-Data-Analysis-in-brms-and-the-tidyverse/master/data.R/CondLogistRegData2.csv	text/plain; charset=utf-8	reachable-data-or-description		e45f5db58f237e25665a4e2437e4f761f998a230cfa35dfdca7871ea5b2d0b0d	Dataset receipt is not evidence for formula or family.
kruschke/ordinal_probit_intercept	true	ordinal_probit	https://raw.githubusercontent.com/ASKurz/Doing-Bayesian-Data-Analysis-in-brms-and-the-tidyverse/master/data.R/OrdinalProbitData1.csv	2026-07-28T21:07:10.183653+00:00	200	0	https://raw.githubusercontent.com/ASKurz/Doing-Bayesian-Data-Analysis-in-brms-and-the-tidyverse/master/data.R/OrdinalProbitData1.csv	text/plain; charset=utf-8	reachable-data-or-description		8784ec1578398216646404186442a8c6ca982c746b48e2ee65e645c4adc4a144	Dataset receipt is not evidence for formula or family.
kruschke/ordinal_probit_disc	true	ordinal_probit	https://raw.githubusercontent.com/ASKurz/Doing-Bayesian-Data-Analysis-in-brms-and-the-tidyverse/master/data.R/OrdinalProbitData1.csv	2026-07-28T21:07:10.183653+00:00	200	0	https://raw.githubusercontent.com/ASKurz/Doing-Bayesian-Data-Analysis-in-brms-and-the-tidyverse/master/data.R/OrdinalProbitData1.csv	text/plain; charset=utf-8	reachable-data-or-description		8784ec1578398216646404186442a8c6ca982c746b48e2ee65e645c4adc4a144	Dataset receipt is not evidence for formula or family.
kruschke/ordinal_probit_hetero	true	ordinal_probit	https://raw.githubusercontent.com/ASKurz/Doing-Bayesian-Data-Analysis-in-brms-and-the-tidyverse/master/data.R/OrdinalProbitData1.csv	2026-07-28T21:07:10.183653+00:00	200	0	https://raw.githubusercontent.com/ASKurz/Doing-Bayesian-Data-Analysis-in-brms-and-the-tidyverse/master/data.R/OrdinalProbitData1.csv	text/plain; charset=utf-8	reachable-data-or-description		8784ec1578398216646404186442a8c6ca982c746b48e2ee65e645c4adc4a144	Dataset receipt is not evidence for formula or family.
kruschke/happiness_assets	true	happiness_assets	https://raw.githubusercontent.com/ASKurz/Doing-Bayesian-Data-Analysis-in-brms-and-the-tidyverse/master/data.R/HappinessAssetsDebt.csv	2026-07-28T21:07:10.014834+00:00	200	0	https://raw.githubusercontent.com/ASKurz/Doing-Bayesian-Data-Analysis-in-brms-and-the-tidyverse/master/data.R/HappinessAssetsDebt.csv	text/plain; charset=utf-8	reachable-data-or-description	text_offset=1; matched_terms=assets,happiness; context_sha256=bd6bf8ad0da2ca4a	9ec06f4a16d976b4d39a4ef801080696ef9336d9f67302bd0f0d12151c570051	Dataset receipt is not evidence for formula or family.
kruschke/movies	true	movies	https://raw.githubusercontent.com/ASKurz/Doing-Bayesian-Data-Analysis-in-brms-and-the-tidyverse/master/data.R/Movies.csv	2026-07-28T21:07:10.164408+00:00	200	0	https://raw.githubusercontent.com/ASKurz/Doing-Bayesian-Data-Analysis-in-brms-and-the-tidyverse/master/data.R/Movies.csv	text/plain; charset=utf-8	reachable-data-or-description		133165b6ff33a95fd0136803646d0f2fb85f0e124b2944351b9190773d59129c	Dataset receipt is not evidence for formula or family.
kruschke/haireye_poisson	true	haireye	https://raw.githubusercontent.com/ASKurz/Doing-Bayesian-Data-Analysis-in-brms-and-the-tidyverse/master/data.R/HairEyeColor.csv	2026-07-28T21:07:10.010587+00:00	200	0	https://raw.githubusercontent.com/ASKurz/Doing-Bayesian-Data-Analysis-in-brms-and-the-tidyverse/master/data.R/HairEyeColor.csv	text/plain; charset=utf-8	reachable-data-or-description	text_offset=0; matched_terms=eye,hair; context_sha256=97719b33587fed7a	e405c295c6aeafef9ba0c84bcc6880c16c4cf56614724410e8e158493a6ce44f	Dataset receipt is not evidence for formula or family.
kruschke/haireye_binomial	true	haireye	https://raw.githubusercontent.com/ASKurz/Doing-Bayesian-Data-Analysis-in-brms-and-the-tidyverse/master/data.R/HairEyeColor.csv	2026-07-28T21:07:10.010587+00:00	200	0	https://raw.githubusercontent.com/ASKurz/Doing-Bayesian-Data-Analysis-in-brms-and-the-tidyverse/master/data.R/HairEyeColor.csv	text/plain; charset=utf-8	reachable-data-or-description	text_offset=0; matched_terms=eye,hair; context_sha256=97719b33587fed7a	e405c295c6aeafef9ba0c84bcc6880c16c4cf56614724410e8e158493a6ce44f	Dataset receipt is not evidence for formula or family.
kruschke/censored_missing	true	censored	synthetic						synthetic-no-external-receipt			Dataset receipt is not evidence for formula or family.
kruschke/censored_lr	true	censored	synthetic						synthetic-no-external-receipt			Dataset receipt is not evidence for formula or family.
kruschke/censored_interval	true	censored	synthetic						synthetic-no-external-receipt			Dataset receipt is not evidence for formula or family.
burkner_papers/epilepsy_base	true	epilepsy	https://vincentarelbundock.github.io/Rdatasets/csv/MASS/epil.csv	2026-07-28T21:07:10.588068+00:00	200	0	https://vincentarelbundock.github.io/Rdatasets/csv/MASS/epil.csv	text/csv; charset=utf-8	reachable-data-or-description		6d4aded9dda1c8cd051d370ce77816264c972e773417e62cfad3d061d3083a99	Dataset receipt is not evidence for formula or family.
burkner_papers/epilepsy_trunc	true	epilepsy	https://vincentarelbundock.github.io/Rdatasets/csv/MASS/epil.csv	2026-07-28T21:07:10.588068+00:00	200	0	https://vincentarelbundock.github.io/Rdatasets/csv/MASS/epil.csv	text/csv; charset=utf-8	reachable-data-or-description		6d4aded9dda1c8cd051d370ce77816264c972e773417e62cfad3d061d3083a99	Dataset receipt is not evidence for formula or family.
burkner_papers/epilepsy_simple	true	epilepsy	https://vincentarelbundock.github.io/Rdatasets/csv/MASS/epil.csv	2026-07-28T21:07:10.588068+00:00	200	0	https://vincentarelbundock.github.io/Rdatasets/csv/MASS/epil.csv	text/csv; charset=utf-8	reachable-data-or-description		6d4aded9dda1c8cd051d370ce77816264c972e773417e62cfad3d061d3083a99	Dataset receipt is not evidence for formula or family.
burkner_papers/inhaler	true	inhaler	synthetic						synthetic-no-external-receipt			Dataset receipt is not evidence for formula or family.
burkner_papers/kidney	true	kidney	synthetic						synthetic-no-external-receipt			Dataset receipt is not evidence for formula or family.
burkner_papers/hetero_jss_sigma	true	hetero_jss	synthetic						synthetic-no-external-receipt			Dataset receipt is not evidence for formula or family.
burkner_papers/hetero_jss_quantile	true	hetero_jss	synthetic						synthetic-no-external-receipt			Dataset receipt is not evidence for formula or family.
burkner_papers/fish_rj_poisson	true	fish_rj	http://paulbuerkner.com/data/fish.csv	2026-07-28T21:07:08.539083+00:00	200	0	http://paulbuerkner.com/data/fish.csv	text/csv; charset=utf-8	reachable-data-or-description	text_offset=3; matched_terms=fish; context_sha256=23d11b08bd5a2ff7	3d730b6756e8020b9c131ba96f6f6639f3ab31f89f9fccf9bc9bad714b2223f2	Dataset receipt is not evidence for formula or family.
burkner_papers/fish_rj_zip	true	fish_rj	http://paulbuerkner.com/data/fish.csv	2026-07-28T21:07:08.539083+00:00	200	0	http://paulbuerkner.com/data/fish.csv	text/csv; charset=utf-8	reachable-data-or-description	text_offset=3; matched_terms=fish; context_sha256=23d11b08bd5a2ff7	3d730b6756e8020b9c131ba96f6f6639f3ab31f89f9fccf9bc9bad714b2223f2	Dataset receipt is not evidence for formula or family.
burkner_papers/rent99_spline	true	rent99	synthetic						synthetic-no-external-receipt			Dataset receipt is not evidence for formula or family.
burkner_papers/rent99_distr	true	rent99	synthetic						synthetic-no-external-receipt			Dataset receipt is not evidence for formula or family.
burkner_papers/loss_rj	true	loss_rj	synthetic						synthetic-no-external-receipt			Dataset receipt is not evidence for formula or family.
burkner_papers/multi_member_equal	true	multi_member	synthetic						synthetic-no-external-receipt			Dataset receipt is not evidence for formula or family.
burkner_papers/multi_member_weighted	true	multi_member	synthetic						synthetic-no-external-receipt			Dataset receipt is not evidence for formula or family.
action_models/rw_jget_lr	true	jget_sub	https://github.com/ComputationalPsychiatry/ActionModels.jl/tree/main/docs/example_data/JGET	2026-07-28T21:07:08.702538+00:00	200	0	https://github.com/ComputationalPsychiatry/ActionModels.jl/tree/main/docs/example_data/JGET	text/html; charset=utf-8	reachable-data-or-description	text_offset=34; matched_terms=jget,rate; context_sha256=9cc4f6a0fa338795	8fc41697b68e44f026d85a27d350e0886e3f0dc41d48908b652ce5f49c4d9ed3	Dataset receipt is not evidence for formula or family.
action_models/rw_jget_noise	true	jget_sub	https://github.com/ComputationalPsychiatry/ActionModels.jl/tree/main/docs/example_data/JGET	2026-07-28T21:07:08.702538+00:00	200	0	https://github.com/ComputationalPsychiatry/ActionModels.jl/tree/main/docs/example_data/JGET	text/html; charset=utf-8	reachable-data-or-description	text_offset=34; matched_terms=action,jget; context_sha256=9cc4f6a0fa338795	8fc41697b68e44f026d85a27d350e0886e3f0dc41d48908b652ce5f49c4d9ed3	Dataset receipt is not evidence for formula or family.
action_models/pvl_igt_lr	true	ahn_igt	https://github.com/ComputationalPsychiatry/ActionModels.jl/tree/main/docs/example_data/ahn_et_al_2014	2026-07-28T21:07:08.769325+00:00	200	0	https://github.com/ComputationalPsychiatry/ActionModels.jl/tree/main/docs/example_data/ahn_et_al_2014	text/html; charset=utf-8	reachable-data-or-description	text_offset=3304; matched_terms=group,igt,learning; context_sha256=38f9a05367337d4c	6804f9cc502cce292ac82ef4f1329dda6d73d3147ef65d38dcff8e63b8189299	Dataset receipt is not evidence for formula or family.
action_models/pvl_igt_reward	true	ahn_igt	https://github.com/ComputationalPsychiatry/ActionModels.jl/tree/main/docs/example_data/ahn_et_al_2014	2026-07-28T21:07:08.769325+00:00	200	0	https://github.com/ComputationalPsychiatry/ActionModels.jl/tree/main/docs/example_data/ahn_et_al_2014	text/html; charset=utf-8	reachable-data-or-description	text_offset=3304; matched_terms=group,igt; context_sha256=38f9a05367337d4c	6804f9cc502cce292ac82ef4f1329dda6d73d3147ef65d38dcff8e63b8189299	Dataset receipt is not evidence for formula or family.
action_models/pvl_igt_loss	true	ahn_igt	https://github.com/ComputationalPsychiatry/ActionModels.jl/tree/main/docs/example_data/ahn_et_al_2014	2026-07-28T21:07:08.769325+00:00	200	0	https://github.com/ComputationalPsychiatry/ActionModels.jl/tree/main/docs/example_data/ahn_et_al_2014	text/html; charset=utf-8	reachable-data-or-description	text_offset=3304; matched_terms=group,igt,loss; context_sha256=38f9a05367337d4c	6804f9cc502cce292ac82ef4f1329dda6d73d3147ef65d38dcff8e63b8189299	Dataset receipt is not evidence for formula or family.
action_models/pvl_igt_noise	true	ahn_igt	https://github.com/ComputationalPsychiatry/ActionModels.jl/tree/main/docs/example_data/ahn_et_al_2014	2026-07-28T21:07:08.769325+00:00	200	0	https://github.com/ComputationalPsychiatry/ActionModels.jl/tree/main/docs/example_data/ahn_et_al_2014	text/html; charset=utf-8	reachable-data-or-description	text_offset=3304; matched_terms=group,igt; context_sha256=38f9a05367337d4c	6804f9cc502cce292ac82ef4f1329dda6d73d3147ef65d38dcff8e63b8189299	Dataset receipt is not evidence for formula or family.
epidist/delay_naive	true	outbreak_aggregated	synthetic						synthetic-no-external-receipt			Dataset receipt is not evidence for formula or family.
epidist/delay_marginal	true	outbreak_aggregated	synthetic						synthetic-no-external-receipt			Dataset receipt is not evidence for formula or family.
epinowcast/enw_basic	true	hosp_triangle	synthetic						synthetic-no-external-receipt			Dataset receipt is not evidence for formula or family.
epinowcast/enw_report_dow	true	hosp_triangle	synthetic						synthetic-no-external-receipt			Dataset receipt is not evidence for formula or family.
epinowcast/enw_np_reference	true	hosp_triangle	synthetic						synthetic-no-external-receipt			Dataset receipt is not evidence for formula or family.
epinowcast/enw_age_reference	true	hosp_triangle_age	synthetic						synthetic-no-external-receipt			Dataset receipt is not evidence for formula or family.
epinowcast/enw_age_week_reference	true	hosp_triangle_age	synthetic						synthetic-no-external-receipt			Dataset receipt is not evidence for formula or family.
epinowcast/enw_rt_renewal	true	hosp_triangle	synthetic						synthetic-no-external-receipt			Dataset receipt is not evidence for formula or family.
epinowcast/bnc_empirical	false	hosp_triangle	synthetic						synthetic-no-external-receipt			Dataset receipt is not evidence for formula or family.
rstanarm/mtcars_lm	true	mtcars	https://vincentarelbundock.github.io/Rdatasets/csv/datasets/mtcars.csv	2026-07-28T21:07:10.727929+00:00	200	0	https://vincentarelbundock.github.io/Rdatasets/csv/datasets/mtcars.csv	text/csv; charset=utf-8	reachable-data-or-description		4d6dfa9b029dbcc15333a6e3598803fae8ae7c4d08605040b1706e6367695058	Dataset receipt is not evidence for formula or family.
rstanarm/clouds_lm	true	clouds	https://vincentarelbundock.github.io/Rdatasets/csv/HSAUR/clouds.csv	2026-07-28T21:07:10.528069+00:00	200	0	https://vincentarelbundock.github.io/Rdatasets/csv/HSAUR/clouds.csv	text/csv; charset=utf-8	reachable-data-or-description	text_offset=26; matched_terms=cloud,seeding; context_sha256=f2e2737361a7f9fb	584224522af472e8d7f8132529a6750191c7827fde0102cdd0e41e0d5e1499fd	Dataset receipt is not evidence for formula or family.
rstanarm/womensrole_logit	true	womensrole	https://vincentarelbundock.github.io/Rdatasets/csv/HSAUR/womensrole.csv	2026-07-28T21:07:10.548396+00:00	200	0	https://vincentarelbundock.github.io/Rdatasets/csv/HSAUR/womensrole.csv	text/csv; charset=utf-8	reachable-data-or-description		b1e689d9eeb8922c850dac405395b330235f478bb176ced5dc7bb14621e07b77	Dataset receipt is not evidence for formula or family.
rstanarm/womensrole_quad	true	womensrole	https://vincentarelbundock.github.io/Rdatasets/csv/HSAUR/womensrole.csv	2026-07-28T21:07:10.548396+00:00	200	0	https://vincentarelbundock.github.io/Rdatasets/csv/HSAUR/womensrole.csv	text/csv; charset=utf-8	reachable-data-or-description	text_offset=9; matched_terms=education; context_sha256=7faba96071166f5a	b1e689d9eeb8922c850dac405395b330235f478bb176ced5dc7bb14621e07b77	Dataset receipt is not evidence for formula or family.
rstanarm/kidiq_hs	true	kidiq	https://vincentarelbundock.github.io/Rdatasets/csv/rstanarm/kidiq.csv	2026-07-28T21:07:10.852274+00:00	404	0	https://vincentarelbundock.github.io/Rdatasets/csv/rstanarm/kidiq.csv	text/html; charset=utf-8	dead-source		c8d3f50462ddb77ac44b5e6146cf67ba38a960a3aeec506f3abdca98716fa854	Dataset receipt is not evidence for formula or family.
rstanarm/kidiq_iq	true	kidiq	https://vincentarelbundock.github.io/Rdatasets/csv/rstanarm/kidiq.csv	2026-07-28T21:07:10.852274+00:00	404	0	https://vincentarelbundock.github.io/Rdatasets/csv/rstanarm/kidiq.csv	text/html; charset=utf-8	dead-source		c8d3f50462ddb77ac44b5e6146cf67ba38a960a3aeec506f3abdca98716fa854	Dataset receipt is not evidence for formula or family.
rstanarm/kidiq_both	true	kidiq	https://vincentarelbundock.github.io/Rdatasets/csv/rstanarm/kidiq.csv	2026-07-28T21:07:10.852274+00:00	404	0	https://vincentarelbundock.github.io/Rdatasets/csv/rstanarm/kidiq.csv	text/html; charset=utf-8	dead-source		c8d3f50462ddb77ac44b5e6146cf67ba38a960a3aeec506f3abdca98716fa854	Dataset receipt is not evidence for formula or family.
rstanarm/kidiq_interaction	true	kidiq	https://vincentarelbundock.github.io/Rdatasets/csv/rstanarm/kidiq.csv	2026-07-28T21:07:10.852274+00:00	404	0	https://vincentarelbundock.github.io/Rdatasets/csv/rstanarm/kidiq.csv	text/html; charset=utf-8	dead-source		c8d3f50462ddb77ac44b5e6146cf67ba38a960a3aeec506f3abdca98716fa854	Dataset receipt is not evidence for formula or family.
rstanarm/clotting_gamma	true	clotting	synthetic						synthetic-no-external-receipt			Dataset receipt is not evidence for formula or family.
rstanarm/wells_dist	true	wells	https://vincentarelbundock.github.io/Rdatasets/csv/rstanarm/wells.csv	2026-07-28T21:07:10.870693+00:00	404	0	https://vincentarelbundock.github.io/Rdatasets/csv/rstanarm/wells.csv	text/html; charset=utf-8	dead-source		c8d3f50462ddb77ac44b5e6146cf67ba38a960a3aeec506f3abdca98716fa854	Dataset receipt is not evidence for formula or family.
rstanarm/wells_both	true	wells	https://vincentarelbundock.github.io/Rdatasets/csv/rstanarm/wells.csv	2026-07-28T21:07:10.870693+00:00	404	0	https://vincentarelbundock.github.io/Rdatasets/csv/rstanarm/wells.csv	text/html; charset=utf-8	dead-source		c8d3f50462ddb77ac44b5e6146cf67ba38a960a3aeec506f3abdca98716fa854	Dataset receipt is not evidence for formula or family.
rstanarm/roaches_poisson	true	roaches	https://vincentarelbundock.github.io/Rdatasets/csv/rstanarm/roaches.csv	2026-07-28T21:07:10.868265+00:00	404	0	https://vincentarelbundock.github.io/Rdatasets/csv/rstanarm/roaches.csv	text/html; charset=utf-8	dead-source		c8d3f50462ddb77ac44b5e6146cf67ba38a960a3aeec506f3abdca98716fa854	Dataset receipt is not evidence for formula or family.
rstanarm/roaches_nb	true	roaches	https://vincentarelbundock.github.io/Rdatasets/csv/rstanarm/roaches.csv	2026-07-28T21:07:10.868265+00:00	404	0	https://vincentarelbundock.github.io/Rdatasets/csv/rstanarm/roaches.csv	text/html; charset=utf-8	dead-source		c8d3f50462ddb77ac44b5e6146cf67ba38a960a3aeec506f3abdca98716fa854	Dataset receipt is not evidence for formula or family.
rstanarm/weightgain_anova	true	weightgain	https://vincentarelbundock.github.io/Rdatasets/csv/HSAUR/weightgain.csv	2026-07-28T21:07:10.536845+00:00	200	0	https://vincentarelbundock.github.io/Rdatasets/csv/HSAUR/weightgain.csv	text/csv; charset=utf-8	reachable-data-or-description	text_offset=21; matched_terms=gain,weight,weightgain; context_sha256=1fe5e2b29d58b680	ec7eee22c3312a2feee967c11a6c67a04cc5fed35571dc9f5e19ceb2caf6212a	Dataset receipt is not evidence for formula or family.
rstanarm/weightgain_re	true	weightgain	https://vincentarelbundock.github.io/Rdatasets/csv/HSAUR/weightgain.csv	2026-07-28T21:07:10.536845+00:00	200	0	https://vincentarelbundock.github.io/Rdatasets/csv/HSAUR/weightgain.csv	text/csv; charset=utf-8	reachable-data-or-description	text_offset=21; matched_terms=gain,weight,weightgain; context_sha256=1fe5e2b29d58b680	ec7eee22c3312a2feee967c11a6c67a04cc5fed35571dc9f5e19ceb2caf6212a	Dataset receipt is not evidence for formula or family.
rstanarm/esoph_polr	true	esoph	https://vincentarelbundock.github.io/Rdatasets/csv/datasets/esoph.csv	2026-07-28T21:07:10.716066+00:00	200	0	https://vincentarelbundock.github.io/Rdatasets/csv/datasets/esoph.csv	text/csv; charset=utf-8	reachable-data-or-description		140e94cc9beca332888a19eddcb99fabccb380cf1862d025641643a4cae6349d	Dataset receipt is not evidence for formula or family.
rstanarm/gasoline_beta	true	gasoline_yield	https://vincentarelbundock.github.io/Rdatasets/csv/betareg/GasolineYield.csv	2026-07-28T21:07:10.699664+00:00	200	0	https://vincentarelbundock.github.io/Rdatasets/csv/betareg/GasolineYield.csv	text/csv; charset=utf-8	reachable-data-or-description	text_offset=9; matched_terms=yield; context_sha256=57fbe2bfe8cc69ba	2bd78e096a64794e26b9f15846410328ad08dd3bc4956fb3f883b628295e14c9	Dataset receipt is not evidence for formula or family.
rstanarm/gasoline_beta_distr	true	gasoline_yield	https://vincentarelbundock.github.io/Rdatasets/csv/betareg/GasolineYield.csv	2026-07-28T21:07:10.699664+00:00	200	0	https://vincentarelbundock.github.io/Rdatasets/csv/betareg/GasolineYield.csv	text/csv; charset=utf-8	reachable-data-or-description	text_offset=9; matched_terms=yield; context_sha256=57fbe2bfe8cc69ba	2bd78e096a64794e26b9f15846410328ad08dd3bc4956fb3f883b628295e14c9	Dataset receipt is not evidence for formula or family.
rstanarm/cbpp_glmm	true	cbpp_rs	https://vincentarelbundock.github.io/Rdatasets/csv/lme4/cbpp.csv	2026-07-28T21:07:10.829114+00:00	200	0	https://vincentarelbundock.github.io/Rdatasets/csv/lme4/cbpp.csv	text/csv; charset=utf-8	reachable-data-or-description		8919ad586aabfa75fa3b3ece7ad7b398c7b31bf17467f17c304cbec86afa910a	Dataset receipt is not evidence for formula or family.
rstanarm/bball_pooled	true	bball1970	https://vincentarelbundock.github.io/Rdatasets/csv/rstanarm/bball1970.csv	2026-07-28T21:07:10.848173+00:00	404	0	https://vincentarelbundock.github.io/Rdatasets/csv/rstanarm/bball1970.csv	text/html; charset=utf-8	dead-source		c8d3f50462ddb77ac44b5e6146cf67ba38a960a3aeec506f3abdca98716fa854	Dataset receipt is not evidence for formula or family.
rstanarm/bball_nopooling	true	bball1970	https://vincentarelbundock.github.io/Rdatasets/csv/rstanarm/bball1970.csv	2026-07-28T21:07:10.848173+00:00	404	0	https://vincentarelbundock.github.io/Rdatasets/csv/rstanarm/bball1970.csv	text/html; charset=utf-8	dead-source		c8d3f50462ddb77ac44b5e6146cf67ba38a960a3aeec506f3abdca98716fa854	Dataset receipt is not evidence for formula or family.
rstanarm/bball_partial	true	bball1970	https://vincentarelbundock.github.io/Rdatasets/csv/rstanarm/bball1970.csv	2026-07-28T21:07:10.848173+00:00	404	0	https://vincentarelbundock.github.io/Rdatasets/csv/rstanarm/bball1970.csv	text/html; charset=utf-8	dead-source		c8d3f50462ddb77ac44b5e6146cf67ba38a960a3aeec506f3abdca98716fa854	Dataset receipt is not evidence for formula or family.
vasishth/pupil	true	pupil	https://osf.io/z43dz/?action=download	2026-07-28T21:07:09.849757+00:00	200	63	https://storage.googleapis.com/cos-osf-prod-files-us-east1/6905a48340a7d05d0672684335f0162e8537601e2a117f649bde1546266b2a14?response-content-disposition=attachment%3B%20filename%3D%22PLOS_raw_pupildata_controlexperiment.csv%22%3B%20filename%2A%3DUTF-8%27%27PLOS_raw_pupildata_controlexperiment.csv&GoogleAccessId=files-us%40cos-osf-prod.iam.gserviceaccount.com&Expires=1785272891&Signature=gUZSY4JVoThwGvk9oITNct3gl5t8%2ByEFyX3WEF3Bpy8%2Bpxi%2BD6oX9RMFZTh0i3xV6P9ln09FwbjmgR79yd9qsMUuD5J4F8T97EQgV9Ga5BZPRy4ux7rP5h1GqkG2d175n5HJQoyMtU6UISmH%2FYyt%2BItQ4%2Bv%2BcGNowNiMp%2B0UGln5GGYk6wQ5uFdAb84KjJ2CAUPl8g9Lyp2de9YG%2FOJMVOjHjSRYuJiwmVCuOMGVIwKcwDvooQ3SrRn%2BzgOrlasPx5JEHfNHmnTWCsQh5fqIluJthEzyXY6csp1ACe6jh%2BpcGgMmqH3V0AumE2odsqiT87XXK7E4A3%2FJCeFZHbpZEg%3D%3D	application/octet-stream	reachable-body-exceeded-8MB-audit-bound			Dataset receipt is not evidence for formula or family.
vasishth/spacebar	true	spacebar	synthetic						synthetic-no-external-receipt			Dataset receipt is not evidence for formula or family.
vasishth/recall_wm	true	recall_wm	https://osf.io/6r9ka/?action=download	2026-07-28T21:07:09.819938+00:00	200	0	https://storage.googleapis.com/cos-osf-prod-files-de-1/ec0f12e7c3f1a201dbd59324e0ae6e765fbb9444eb708bee56ea271dfd8ff2d9?response-content-disposition=attachment%3B%20filename%3D%22PairsRSS1_all.dat%22%3B%20filename%2A%3DUTF-8%27%27PairsRSS1_all.dat&GoogleAccessId=files-de-1%40cos-osf-prod.iam.gserviceaccount.com&Expires=1785272891&Signature=EHfMSEoc4bkLHfROzQJh6lRbFiXHG7Kb6VLRXZCn41EdfSnSXOqQd3Ei9W9XmKqiJWxQVLdKMONVMJ6NeZN3H9srVaRTRcbsER2g9J9h39ggwFT2ksrwm5W28zaGjFhUQyqhMOtpK36mjaeoiv%2FtzhJwcYLT%2B9cXQwiiZaHa0jTO8M6LYlf7nzR6AvoNpaL072E8gSK3W58ZghogPqriP32bv2YGzxo%2FQsS5dHYUt5WAo30VNehmththYDD%2BKykVLcb8XAxQXCEqTBRU6RQvgubA6ZrK3krEVUdbyyz7%2F4V2i1%2F2sySXo7LTIIZBn7mieUHQS1bw%2B9TVZ5VpgawAdA%3D%3D	application/octet-stream	reachable-data-or-description		ec0f12e7c3f1a201dbd59324e0ae6e765fbb9444eb708bee56ea271dfd8ff2d9	Dataset receipt is not evidence for formula or family.
vasishth/n400_uncorr	true	n400	https://osf.io/q7dsk/?action=download	2026-07-28T21:07:09.840288+00:00	200	0	https://storage.googleapis.com/cos-osf-prod-files-us-east1/c5a023fa9cf6a8d30ab6877a7e220aa8dbf7a03d89339c80440c711fa348fb38?response-content-disposition=attachment%3B%20filename%3D%22public_noun_data.txt%22%3B%20filename%2A%3DUTF-8%27%27public_noun_data.txt&GoogleAccessId=files-us%40cos-osf-prod.iam.gserviceaccount.com&Expires=1785272891&Signature=fADZTAB2bIFLVUgNjDD7JOSWNRfdEaaICtgKMeiV0w1jT4zGmb3oax6ljwkYYX%2F5MocmFgvecOJRtt2wP3tpz0%2BiW1o%2BZ1DVULNT35Cp17rZdLQHYcHBO3XaPuzSowHNphessMBASMRpCXbQ1B6np60WupNKeaRt%2B8qiBVetT2LIhWBI4tUZI6f4OPZgpX2VljQF2maHSDG9CcSKvJTJvhg22yaxU9CPlRLjgl%2FY5VzeBwWUhmu3StfcklLQ5keo5OwzE%2Fr9ZXGPjZ8fBpZeULNBvLS1q5DNCVE7PQrtcmbA%2BiMlCGTb3BV9LncS4sJ49123dZErwOdnEE3YxkXbLQ%3D%3D	application/octet-stream	reachable-data-or-description	text_offset=31; matched_terms=n400; context_sha256=db6a07dd7b3bcab3	c5a023fa9cf6a8d30ab6877a7e220aa8dbf7a03d89339c80440c711fa348fb38	Dataset receipt is not evidence for formula or family.
vasishth/n400_corr	true	n400	https://osf.io/q7dsk/?action=download	2026-07-28T21:07:09.840288+00:00	200	0	https://storage.googleapis.com/cos-osf-prod-files-us-east1/c5a023fa9cf6a8d30ab6877a7e220aa8dbf7a03d89339c80440c711fa348fb38?response-content-disposition=attachment%3B%20filename%3D%22public_noun_data.txt%22%3B%20filename%2A%3DUTF-8%27%27public_noun_data.txt&GoogleAccessId=files-us%40cos-osf-prod.iam.gserviceaccount.com&Expires=1785272891&Signature=fADZTAB2bIFLVUgNjDD7JOSWNRfdEaaICtgKMeiV0w1jT4zGmb3oax6ljwkYYX%2F5MocmFgvecOJRtt2wP3tpz0%2BiW1o%2BZ1DVULNT35Cp17rZdLQHYcHBO3XaPuzSowHNphessMBASMRpCXbQ1B6np60WupNKeaRt%2B8qiBVetT2LIhWBI4tUZI6f4OPZgpX2VljQF2maHSDG9CcSKvJTJvhg22yaxU9CPlRLjgl%2FY5VzeBwWUhmu3StfcklLQ5keo5OwzE%2Fr9ZXGPjZ8fBpZeULNBvLS1q5DNCVE7PQrtcmbA%2BiMlCGTb3BV9LncS4sJ49123dZErwOdnEE3YxkXbLQ%3D%3D	application/octet-stream	reachable-data-or-description	text_offset=31; matched_terms=n400; context_sha256=db6a07dd7b3bcab3	c5a023fa9cf6a8d30ab6877a7e220aa8dbf7a03d89339c80440c711fa348fb38	Dataset receipt is not evidence for formula or family.
vasishth/n400_crossed	true	n400	https://osf.io/q7dsk/?action=download	2026-07-28T21:07:09.840288+00:00	200	0	https://storage.googleapis.com/cos-osf-prod-files-us-east1/c5a023fa9cf6a8d30ab6877a7e220aa8dbf7a03d89339c80440c711fa348fb38?response-content-disposition=attachment%3B%20filename%3D%22public_noun_data.txt%22%3B%20filename%2A%3DUTF-8%27%27public_noun_data.txt&GoogleAccessId=files-us%40cos-osf-prod.iam.gserviceaccount.com&Expires=1785272891&Signature=fADZTAB2bIFLVUgNjDD7JOSWNRfdEaaICtgKMeiV0w1jT4zGmb3oax6ljwkYYX%2F5MocmFgvecOJRtt2wP3tpz0%2BiW1o%2BZ1DVULNT35Cp17rZdLQHYcHBO3XaPuzSowHNphessMBASMRpCXbQ1B6np60WupNKeaRt%2B8qiBVetT2LIhWBI4tUZI6f4OPZgpX2VljQF2maHSDG9CcSKvJTJvhg22yaxU9CPlRLjgl%2FY5VzeBwWUhmu3StfcklLQ5keo5OwzE%2Fr9ZXGPjZ8fBpZeULNBvLS1q5DNCVE7PQrtcmbA%2BiMlCGTb3BV9LncS4sJ49123dZErwOdnEE3YxkXbLQ%3D%3D	application/octet-stream	reachable-data-or-description	text_offset=31; matched_terms=n400; context_sha256=db6a07dd7b3bcab3	c5a023fa9cf6a8d30ab6877a7e220aa8dbf7a03d89339c80440c711fa348fb38	Dataset receipt is not evidence for formula or family.
vasishth/n400_distr	true	n400	https://osf.io/q7dsk/?action=download	2026-07-28T21:07:09.840288+00:00	200	0	https://storage.googleapis.com/cos-osf-prod-files-us-east1/c5a023fa9cf6a8d30ab6877a7e220aa8dbf7a03d89339c80440c711fa348fb38?response-content-disposition=attachment%3B%20filename%3D%22public_noun_data.txt%22%3B%20filename%2A%3DUTF-8%27%27public_noun_data.txt&GoogleAccessId=files-us%40cos-osf-prod.iam.gserviceaccount.com&Expires=1785272891&Signature=fADZTAB2bIFLVUgNjDD7JOSWNRfdEaaICtgKMeiV0w1jT4zGmb3oax6ljwkYYX%2F5MocmFgvecOJRtt2wP3tpz0%2BiW1o%2BZ1DVULNT35Cp17rZdLQHYcHBO3XaPuzSowHNphessMBASMRpCXbQ1B6np60WupNKeaRt%2B8qiBVetT2LIhWBI4tUZI6f4OPZgpX2VljQF2maHSDG9CcSKvJTJvhg22yaxU9CPlRLjgl%2FY5VzeBwWUhmu3StfcklLQ5keo5OwzE%2Fr9ZXGPjZ8fBpZeULNBvLS1q5DNCVE7PQrtcmbA%2BiMlCGTb3BV9LncS4sJ49123dZErwOdnEE3YxkXbLQ%3D%3D	application/octet-stream	reachable-data-or-description	text_offset=31; matched_terms=n400; context_sha256=db6a07dd7b3bcab3	c5a023fa9cf6a8d30ab6877a7e220aa8dbf7a03d89339c80440c711fa348fb38	Dataset receipt is not evidence for formula or family.
vasishth/stroop	true	stroop	https://osf.io/n8xa7/?action=download	2026-07-28T21:07:09.839209+00:00	200	0	https://storage.googleapis.com/cos-osf-prod-files-us-east1/6217694a8f668e147396784100cd549ddf9d1ac98030c61f1cb507cdcb622f42?response-content-disposition=attachment%3B%20filename%3D%22ML3%20Stroop%20Raw%20Reaction%20Times.csv.zip%22%3B%20filename%2A%3DUTF-8%27%27ML3%2520Stroop%2520Raw%2520Reaction%2520Times.csv.zip&GoogleAccessId=files-us%40cos-osf-prod.iam.gserviceaccount.com&Expires=1785272891&Signature=eYoLTcw2bdW2LZb4RMyHAROa%2B%2FhERplEcJzyYYQENbOalGOcN%2B0DMsctAjPBPWY%2FrH2%2BWlwF238HgYfvnLQTnKHPT2KhsUo9gR2oZxc%2F4EgTikQDRsQATR4I9iN28wSBaqGyO%2F6XBU2%2B9cK%2FX1Z1ZX7nbypp80x0qkBHUOu9Mbrx4Q1BGosifalkR%2BhHMdprzUlK5Yi5loHGoOpgy2IExhLaoWYrlBLox3pNAD5EtfntCgBW4Q186ipg2BRWk%2B22mmeYlW3%2BaAJve4WQ%2Fe1%2BJYs6Msv8eS7ucGNy6wF%2BLDBcV8C5csiAjz2x2wK%2Bx4LCJpAAskM9xlli%2BDKQ1eotSQ%3D%3D	application/octet-stream	reachable-data-or-description	text_offset=30; matched_terms=stroop; context_sha256=19f41a1b7ff8302c	6217694a8f668e147396784100cd549ddf9d1ac98030c61f1cb507cdcb622f42	Dataset receipt is not evidence for formula or family.
vasishth/pooling_partial	true	pooling	synthetic						synthetic-no-external-receipt			Dataset receipt is not evidence for formula or family.
vasishth/pooling_complete	true	pooling	synthetic						synthetic-no-external-receipt			Dataset receipt is not evidence for formula or family.
vasishth/pooling_none	true	pooling	synthetic						synthetic-no-external-receipt			Dataset receipt is not evidence for formula or family.
vasishth/contrasts1_treatment	true	contrasts1	synthetic						synthetic-no-external-receipt			Dataset receipt is not evidence for formula or family.
vasishth/contrasts1_cellmeans	true	contrasts1	synthetic						synthetic-no-external-receipt			Dataset receipt is not evidence for formula or family.
vasishth/contrasts1_monotonic	true	contrasts1	synthetic						synthetic-no-external-receipt			Dataset receipt is not evidence for formula or family.
vasishth/contrasts2x2_factorial	true	contrasts2x2	synthetic						synthetic-no-external-receipt			Dataset receipt is not evidence for formula or family.
vasishth/contrasts2x2_nested	true	contrasts2x2	synthetic						synthetic-no-external-receipt			Dataset receipt is not evidence for formula or family.
vasishth/contrasts2x2_logistic	true	contrasts2x2	synthetic						synthetic-no-external-receipt			Dataset receipt is not evidence for formula or family.
vasishth/meta_sbi	true	meta_sbi	https://osf.io/du3qp/?action=download	2026-07-28T21:07:09.836503+00:00	200	0	https://files.osf.io/v1/resources/dcbfz/providers/github/data/MetaAnalysisData.csv	text/csv	reachable-data-or-description		f4d3c311dd4dc3c418f2c76cceeacb3289e0a4637b6951333fa91737aa49eacf	Dataset receipt is not evidence for formula or family.
vasishth/indiv_diff_naive	true	indiv_diff	https://osf.io/du3qp/?action=download	2026-07-28T21:07:09.836503+00:00	200	0	https://files.osf.io/v1/resources/dcbfz/providers/github/data/MetaAnalysisData.csv	text/csv	reachable-data-or-description		f4d3c311dd4dc3c418f2c76cceeacb3289e0a4637b6951333fa91737aa49eacf	Dataset receipt is not evidence for formula or family.
vasishth/indiv_diff_me	true	indiv_diff	https://osf.io/du3qp/?action=download	2026-07-28T21:07:09.836503+00:00	200	0	https://files.osf.io/v1/resources/dcbfz/providers/github/data/MetaAnalysisData.csv	text/csv	reachable-data-or-description		f4d3c311dd4dc3c418f2c76cceeacb3289e0a4637b6951333fa91737aa49eacf	Dataset receipt is not evidence for formula or family.
bmm/mixture2p_setsize	true	bays2009_synth	synthetic						synthetic-no-external-receipt			Dataset receipt is not evidence for formula or family.
bmm/mixture3p_setsize	true	bays2009_synth	synthetic						synthetic-no-external-receipt			Dataset receipt is not evidence for formula or family.
bmm/sdm_condition	true	sdm_synth	synthetic						synthetic-no-external-receipt			Dataset receipt is not evidence for formula or family.
bmm/imm_full_condition	true	imm_synth	synthetic						synthetic-no-external-receipt			Dataset receipt is not evidence for formula or family.
flocker/single_season_repvarying	true	fd_rep_varying	synthetic						synthetic-no-external-receipt			Dataset receipt is not evidence for formula or family.
flocker/single_season_repconstant	true	fd_rep_varying	synthetic						synthetic-no-external-receipt			Dataset receipt is not evidence for formula or family.
flocker/colex_explicit	true	fd_multi	synthetic						synthetic-no-external-receipt			Dataset receipt is not evidence for formula or family.
flocker/colex_equilibrium	true	fd_multi	synthetic						synthetic-no-external-receipt			Dataset receipt is not evidence for formula or family.
flocker/autologistic_equilibrium	true	fd_multi	synthetic						synthetic-no-external-receipt			Dataset receipt is not evidence for formula or family.
flocker/augmented_multispecies	true	fd_augmented	synthetic						synthetic-no-external-receipt			Dataset receipt is not evidence for formula or family.
mvgam/portal_glm_re	true	portal_synth	synthetic						synthetic-no-external-receipt			Dataset receipt is not evidence for formula or family.
mvgam/portal_ar_ndvi	true	portal_synth	synthetic						synthetic-no-external-receipt			Dataset receipt is not evidence for formula or family.
mvgam/portal_shared_trend	true	portal_synth	synthetic						synthetic-no-external-receipt			Dataset receipt is not evidence for formula or family.
mvgam/plankton_var	true	plankton_synth	synthetic						synthetic-no-external-receipt			Dataset receipt is not evidence for formula or family.
mvgam/salmon_beta_ar	true	salmon_synth	synthetic						synthetic-no-external-receipt			Dataset receipt is not evidence for formula or family.
mvgam/nmix_detection	true	nmix_synth	synthetic						synthetic-no-external-receipt			Dataset receipt is not evidence for formula or family.
lme4/sleepstudy_slope	true	sleepstudy	https://vincentarelbundock.github.io/Rdatasets/csv/lme4/sleepstudy.csv	2026-07-28T21:07:10.842846+00:00	200	0	https://vincentarelbundock.github.io/Rdatasets/csv/lme4/sleepstudy.csv	text/csv; charset=utf-8	reachable-data-or-description		20922ddc87d538bf2344f73d49000eeb2d7e14934b6191a3e071fefc329942c4	Dataset receipt is not evidence for formula or family.
lme4/sleepstudy_uncorr	true	sleepstudy	https://vincentarelbundock.github.io/Rdatasets/csv/lme4/sleepstudy.csv	2026-07-28T21:07:10.842846+00:00	200	0	https://vincentarelbundock.github.io/Rdatasets/csv/lme4/sleepstudy.csv	text/csv; charset=utf-8	reachable-data-or-description		20922ddc87d538bf2344f73d49000eeb2d7e14934b6191a3e071fefc329942c4	Dataset receipt is not evidence for formula or family.
lme4/dyestuff_re	true	dyestuff	https://vincentarelbundock.github.io/Rdatasets/csv/lme4/Dyestuff.csv	2026-07-28T21:07:10.748365+00:00	200	0	https://vincentarelbundock.github.io/Rdatasets/csv/lme4/Dyestuff.csv	text/csv; charset=utf-8	reachable-data-or-description		7a0c76e36c68aad3bddeff58811b89a07fb7a88cbf9ccf5d2b6fa6c30f6ca578	Dataset receipt is not evidence for formula or family.
lme4/lme4_cbpp_glmm	true	lme4_cbpp	https://vincentarelbundock.github.io/Rdatasets/csv/lme4/cbpp.csv	2026-07-28T21:07:10.829114+00:00	200	0	https://vincentarelbundock.github.io/Rdatasets/csv/lme4/cbpp.csv	text/csv; charset=utf-8	reachable-data-or-description		8919ad586aabfa75fa3b3ece7ad7b398c7b31bf17467f17c304cbec86afa910a	Dataset receipt is not evidence for formula or family.
lme4/penicillin_crossed	true	penicillin	https://vincentarelbundock.github.io/Rdatasets/csv/lme4/Penicillin.csv	2026-07-28T21:07:10.767112+00:00	200	0	https://vincentarelbundock.github.io/Rdatasets/csv/lme4/Penicillin.csv	text/csv; charset=utf-8	reachable-data-or-description		0caff3b1bf332fcb8cc0e410ce3f5e49c390b3bc10beda1bc4587fee1c3a466d	Dataset receipt is not evidence for formula or family.
lme4/pastes_nested	true	pastes	https://vincentarelbundock.github.io/Rdatasets/csv/lme4/Pastes.csv	2026-07-28T21:07:10.762670+00:00	200	0	https://vincentarelbundock.github.io/Rdatasets/csv/lme4/Pastes.csv	text/csv; charset=utf-8	reachable-data-or-description		5b18e90d073850c572f4bb080a397f60b9e8b292d26038d547296c99d87a6e25	Dataset receipt is not evidence for formula or family.
lme4/verbagg_crossed	true	verbagg	https://vincentarelbundock.github.io/Rdatasets/csv/lme4/VerbAgg.csv	2026-07-28T21:07:10.792742+00:00	200	0	https://vincentarelbundock.github.io/Rdatasets/csv/lme4/VerbAgg.csv	text/csv; charset=utf-8	reachable-data-or-description		4d3c3a0c4497e5a87b873038996a9878136b188ec5bef3b873dcb4858c18b75b	Dataset receipt is not evidence for formula or family.
lme4/contraception_urban	true	contraception	https://vincentarelbundock.github.io/Rdatasets/csv/mlmRev/Contraception.csv	2026-07-28T21:07:10.845600+00:00	200	0	https://vincentarelbundock.github.io/Rdatasets/csv/mlmRev/Contraception.csv	text/csv; charset=utf-8	reachable-data-or-description		dd76de5f4f1fb57081b01ef0f81581cd928ad545d13feb8bf7d337d71e690034	Dataset receipt is not evidence for formula or family.
mixed_models_jl/dyestuff_re	true	dyestuff	https://vincentarelbundock.github.io/Rdatasets/csv/lme4/Dyestuff.csv	2026-07-28T21:07:10.748365+00:00	200	0	https://vincentarelbundock.github.io/Rdatasets/csv/lme4/Dyestuff.csv	text/csv; charset=utf-8	reachable-data-or-description		7a0c76e36c68aad3bddeff58811b89a07fb7a88cbf9ccf5d2b6fa6c30f6ca578	Dataset receipt is not evidence for formula or family.
mixed_models_jl/sleepstudy_slope	true	sleepstudy	https://vincentarelbundock.github.io/Rdatasets/csv/lme4/sleepstudy.csv	2026-07-28T21:07:10.842846+00:00	200	0	https://vincentarelbundock.github.io/Rdatasets/csv/lme4/sleepstudy.csv	text/csv; charset=utf-8	reachable-data-or-description		20922ddc87d538bf2344f73d49000eeb2d7e14934b6191a3e071fefc329942c4	Dataset receipt is not evidence for formula or family.
mixed_models_jl/sleepstudy_zerocorr	true	sleepstudy	https://vincentarelbundock.github.io/Rdatasets/csv/lme4/sleepstudy.csv	2026-07-28T21:07:10.842846+00:00	200	0	https://vincentarelbundock.github.io/Rdatasets/csv/lme4/sleepstudy.csv	text/csv; charset=utf-8	reachable-data-or-description		20922ddc87d538bf2344f73d49000eeb2d7e14934b6191a3e071fefc329942c4	Dataset receipt is not evidence for formula or family.
mixed_models_jl/penicillin_crossed	true	penicillin	https://vincentarelbundock.github.io/Rdatasets/csv/lme4/Penicillin.csv	2026-07-28T21:07:10.767112+00:00	200	0	https://vincentarelbundock.github.io/Rdatasets/csv/lme4/Penicillin.csv	text/csv; charset=utf-8	reachable-data-or-description		0caff3b1bf332fcb8cc0e410ce3f5e49c390b3bc10beda1bc4587fee1c3a466d	Dataset receipt is not evidence for formula or family.
mixed_models_jl/pastes_nested	true	pastes	https://vincentarelbundock.github.io/Rdatasets/csv/lme4/Pastes.csv	2026-07-28T21:07:10.762670+00:00	200	0	https://vincentarelbundock.github.io/Rdatasets/csv/lme4/Pastes.csv	text/csv; charset=utf-8	reachable-data-or-description		5b18e90d073850c572f4bb080a397f60b9e8b292d26038d547296c99d87a6e25	Dataset receipt is not evidence for formula or family.
mixed_models_jl/verbagg_crossed	true	verbagg	https://vincentarelbundock.github.io/Rdatasets/csv/lme4/VerbAgg.csv	2026-07-28T21:07:10.792742+00:00	200	0	https://vincentarelbundock.github.io/Rdatasets/csv/lme4/VerbAgg.csv	text/csv; charset=utf-8	reachable-data-or-description		4d3c3a0c4497e5a87b873038996a9878136b188ec5bef3b873dcb4858c18b75b	Dataset receipt is not evidence for formula or family.
mixed_models_jl/contraception_glmm	true	contraception	https://vincentarelbundock.github.io/Rdatasets/csv/mlmRev/Contraception.csv	2026-07-28T21:07:10.845600+00:00	200	0	https://vincentarelbundock.github.io/Rdatasets/csv/mlmRev/Contraception.csv	text/csv; charset=utf-8	reachable-data-or-description	text_offset=34; matched_terms=age; context_sha256=8b16d7cf5f6276a6	dd76de5f4f1fb57081b01ef0f81581cd928ad545d13feb8bf7d337d71e690034	Dataset receipt is not evidence for formula or family.
inla/cement_lm	true	cement	https://vincentarelbundock.github.io/Rdatasets/csv/MASS/cement.csv	2026-07-28T21:07:10.570260+00:00	200	0	https://vincentarelbundock.github.io/Rdatasets/csv/MASS/cement.csv	text/csv; charset=utf-8	reachable-data-or-description		1b91e175e9776f9ebda7bdd32b060bf661ce5cd33841c9f81033b56daafc6997	Dataset receipt is not evidence for formula or family.
inla/penicillin_iid	true	penicillin	https://vincentarelbundock.github.io/Rdatasets/csv/lme4/Penicillin.csv	2026-07-28T21:07:10.767112+00:00	200	0	https://vincentarelbundock.github.io/Rdatasets/csv/lme4/Penicillin.csv	text/csv; charset=utf-8	reachable-data-or-description		0caff3b1bf332fcb8cc0e410ce3f5e49c390b3bc10beda1bc4587fee1c3a466d	Dataset receipt is not evidence for formula or family.
inla/sleepstudy_iid	true	sleepstudy_inla	https://vincentarelbundock.github.io/Rdatasets/csv/lme4/sleepstudy.csv	2026-07-28T21:07:10.842846+00:00	200	0	https://vincentarelbundock.github.io/Rdatasets/csv/lme4/sleepstudy.csv	text/csv; charset=utf-8	reachable-data-or-description		20922ddc87d538bf2344f73d49000eeb2d7e14934b6191a3e071fefc329942c4	Dataset receipt is not evidence for formula or family.
inla/sleepstudy_slopes	true	sleepstudy_inla	https://vincentarelbundock.github.io/Rdatasets/csv/lme4/sleepstudy.csv	2026-07-28T21:07:10.842846+00:00	200	0	https://vincentarelbundock.github.io/Rdatasets/csv/lme4/sleepstudy.csv	text/csv; charset=utf-8	reachable-data-or-description		20922ddc87d538bf2344f73d49000eeb2d7e14934b6191a3e071fefc329942c4	Dataset receipt is not evidence for formula or family.
inla/airp_rw1	true	airpassengers	synthetic						synthetic-no-external-receipt			Dataset receipt is not evidence for formula or family.
inla/airp_rw2	true	airpassengers	synthetic						synthetic-no-external-receipt			Dataset receipt is not evidence for formula or family.
inla/airp_ar1	true	airpassengers	synthetic						synthetic-no-external-receipt			Dataset receipt is not evidence for formula or family.
inla/airp_seasonal	true	airpassengers	synthetic						synthetic-no-external-receipt			Dataset receipt is not evidence for formula or family.
inla/veteran_weibull	true	veteran	https://vincentarelbundock.github.io/Rdatasets/csv/survival/veteran.csv	2026-07-28T21:07:10.873272+00:00	200	0	https://vincentarelbundock.github.io/Rdatasets/csv/survival/veteran.csv	text/csv; charset=utf-8	reachable-data-or-description		3fba5cb9b15a10ab94d54e28b54d2c39d95c27b0fcff1c57aee0eb7edfd93950	Dataset receipt is not evidence for formula or family.
inla/lidar_rw2	true	lidar	https://vincentarelbundock.github.io/Rdatasets/csv/SemiPar/lidar.csv	2026-07-28T21:07:10.696185+00:00	404	0	https://vincentarelbundock.github.io/Rdatasets/csv/SemiPar/lidar.csv	text/html; charset=utf-8	dead-source		c8d3f50462ddb77ac44b5e6146cf67ba38a960a3aeec506f3abdca98716fa854	Dataset receipt is not evidence for formula or family.
inla/surg_binomial	true	surg	synthetic						synthetic-no-external-receipt			Dataset receipt is not evidence for formula or family.
inla/boston_besag	true	boston_housing	https://vincentarelbundock.github.io/Rdatasets/csv/MASS/Boston.csv	2026-07-28T21:07:10.561158+00:00	200	0	https://vincentarelbundock.github.io/Rdatasets/csv/MASS/Boston.csv	text/csv; charset=utf-8	reachable-data-or-description		654ae93c04416defb2b3752951a7f4357d5951c84c02371b80b48a4492337f86	Dataset receipt is not evidence for formula or family.
mcmcglmm/plodia_iid	true	plodiaPO	https://vincentarelbundock.github.io/Rdatasets/csv/MCMCglmm/PlodiaPO.csv	2026-07-28T21:07:10.677045+00:00	404	0	https://vincentarelbundock.github.io/Rdatasets/csv/MCMCglmm/PlodiaPO.csv	text/html; charset=utf-8	dead-source	text_offset=213; matched_terms=with; context_sha256=77eb88a6f2444524	c8d3f50462ddb77ac44b5e6146cf67ba38a960a3aeec506f3abdca98716fa854	Dataset receipt is not evidence for formula or family.
mcmcglmm/btdata_iid	true	btdata	https://vincentarelbundock.github.io/Rdatasets/csv/MCMCglmm/BTdata.csv	2026-07-28T21:07:10.636004+00:00	404	0	https://vincentarelbundock.github.io/Rdatasets/csv/MCMCglmm/BTdata.csv	text/html; charset=utf-8	dead-source	text_offset=213; matched_terms=with; context_sha256=77eb88a6f2444524	c8d3f50462ddb77ac44b5e6146cf67ba38a960a3aeec506f3abdca98716fa854	Dataset receipt is not evidence for formula or family.
mcmcglmm/btdata_animal	true	btdata	https://vincentarelbundock.github.io/Rdatasets/csv/MCMCglmm/BTdata.csv	2026-07-28T21:07:10.636004+00:00	404	0	https://vincentarelbundock.github.io/Rdatasets/csv/MCMCglmm/BTdata.csv	text/html; charset=utf-8	dead-source		c8d3f50462ddb77ac44b5e6146cf67ba38a960a3aeec506f3abdca98716fa854	Dataset receipt is not evidence for formula or family.
mcmcglmm/chickweight_rslope	true	chickweight	https://vincentarelbundock.github.io/Rdatasets/csv/datasets/ChickWeight.csv	2026-07-28T21:07:10.709871+00:00	200	0	https://vincentarelbundock.github.io/Rdatasets/csv/datasets/ChickWeight.csv	text/csv; charset=utf-8	reachable-data-or-description	text_offset=21; matched_terms=chick; context_sha256=224ca3b36eed7053	db0256706f76174732c06a29547ba3247debbbaacef488ccc255ba54fac2d703	Dataset receipt is not evidence for formula or family.
mcmcglmm/btdata_bivariate	true	btdata	https://vincentarelbundock.github.io/Rdatasets/csv/MCMCglmm/BTdata.csv	2026-07-28T21:07:10.636004+00:00	404	0	https://vincentarelbundock.github.io/Rdatasets/csv/MCMCglmm/BTdata.csv	text/html; charset=utf-8	dead-source		c8d3f50462ddb77ac44b5e6146cf67ba38a960a3aeec506f3abdca98716fa854	Dataset receipt is not evidence for formula or family.
mcmcglmm/pbcseq_bivariate	true	pbcseq	https://vincentarelbundock.github.io/Rdatasets/csv/survival/pbcseq.csv	2026-07-28T21:07:10.872837+00:00	200	0	https://vincentarelbundock.github.io/Rdatasets/csv/survival/pbcseq.csv	text/csv; charset=utf-8	reachable-data-or-description		03aca2f2e449c388b14ec130383654a09d91240f85f935ce364d206c8e848aed	Dataset receipt is not evidence for formula or family.
mcmcglmm/sshorns_ordinal	true	sshorns	https://vincentarelbundock.github.io/Rdatasets/csv/MCMCglmm/SShorns.csv	2026-07-28T21:07:10.689678+00:00	404	0	https://vincentarelbundock.github.io/Rdatasets/csv/MCMCglmm/SShorns.csv	text/html; charset=utf-8	dead-source		c8d3f50462ddb77ac44b5e6146cf67ba38a960a3aeec506f3abdca98716fa854	Dataset receipt is not evidence for formula or family.
glmmtmb/owls_zip	true	owls	https://vincentarelbundock.github.io/Rdatasets/csv/glmmTMB/Owls.csv	2026-07-28T21:07:10.742281+00:00	404	0	https://vincentarelbundock.github.io/Rdatasets/csv/glmmTMB/Owls.csv	text/html; charset=utf-8	dead-source		c8d3f50462ddb77ac44b5e6146cf67ba38a960a3aeec506f3abdca98716fa854	Dataset receipt is not evidence for formula or family.
glmmtmb/owls_zinb2	true	owls	https://vincentarelbundock.github.io/Rdatasets/csv/glmmTMB/Owls.csv	2026-07-28T21:07:10.742281+00:00	404	0	https://vincentarelbundock.github.io/Rdatasets/csv/glmmTMB/Owls.csv	text/html; charset=utf-8	dead-source		c8d3f50462ddb77ac44b5e6146cf67ba38a960a3aeec506f3abdca98716fa854	Dataset receipt is not evidence for formula or family.
glmmtmb/owls_zinb1	true	owls	https://vincentarelbundock.github.io/Rdatasets/csv/glmmTMB/Owls.csv	2026-07-28T21:07:10.742281+00:00	404	0	https://vincentarelbundock.github.io/Rdatasets/csv/glmmTMB/Owls.csv	text/html; charset=utf-8	dead-source		c8d3f50462ddb77ac44b5e6146cf67ba38a960a3aeec506f3abdca98716fa854	Dataset receipt is not evidence for formula or family.
glmmtmb/owls_hurdle	true	owls	https://vincentarelbundock.github.io/Rdatasets/csv/glmmTMB/Owls.csv	2026-07-28T21:07:10.742281+00:00	404	0	https://vincentarelbundock.github.io/Rdatasets/csv/glmmTMB/Owls.csv	text/html; charset=utf-8	dead-source		c8d3f50462ddb77ac44b5e6146cf67ba38a960a3aeec506f3abdca98716fa854	Dataset receipt is not evidence for formula or family.
glmmtmb/salamanders_zinb2	true	salamanders	https://vincentarelbundock.github.io/Rdatasets/csv/glmmTMB/Salamanders.csv	2026-07-28T21:07:10.747215+00:00	404	0	https://vincentarelbundock.github.io/Rdatasets/csv/glmmTMB/Salamanders.csv	text/html; charset=utf-8	dead-source	text_offset=213; matched_terms=with; context_sha256=77eb88a6f2444524	c8d3f50462ddb77ac44b5e6146cf67ba38a960a3aeec506f3abdca98716fa854	Dataset receipt is not evidence for formula or family.
glmmtmb/salamanders_genpois	true	salamanders	https://vincentarelbundock.github.io/Rdatasets/csv/glmmTMB/Salamanders.csv	2026-07-28T21:07:10.747215+00:00	404	0	https://vincentarelbundock.github.io/Rdatasets/csv/glmmTMB/Salamanders.csv	text/html; charset=utf-8	dead-source	text_offset=213; matched_terms=with; context_sha256=77eb88a6f2444524	c8d3f50462ddb77ac44b5e6146cf67ba38a960a3aeec506f3abdca98716fa854	Dataset receipt is not evidence for formula or family.
glmmtmb/beta_disp	true	beta_sim	synthetic						synthetic-no-external-receipt			Dataset receipt is not evidence for formula or family.
glmmtmb/ar1_covar	true	ar1_sim	synthetic						synthetic-no-external-receipt			Dataset receipt is not evidence for formula or family.
glmmtmb/volcano_spatial	true	volcano_spatial	synthetic						synthetic-no-external-receipt			Dataset receipt is not evidence for formula or family.
glm_jl/dobson_poisson	true	dobson_poisson	synthetic						synthetic-no-external-receipt			Dataset receipt is not evidence for formula or family.
glm_jl/quine_nb	true	quine	https://vincentarelbundock.github.io/Rdatasets/csv/MASS/quine.csv	2026-07-28T21:07:10.595691+00:00	200	0	https://vincentarelbundock.github.io/Rdatasets/csv/MASS/quine.csv	text/csv; charset=utf-8	reachable-data-or-description		1f6d8accbc0df2cba87894c37e605dea4f3e72c87bfa4225ba35c2df8c65e1dd	Dataset receipt is not evidence for formula or family.
glm_jl/quine_poisson	true	quine	https://vincentarelbundock.github.io/Rdatasets/csv/MASS/quine.csv	2026-07-28T21:07:10.595691+00:00	200	0	https://vincentarelbundock.github.io/Rdatasets/csv/MASS/quine.csv	text/csv; charset=utf-8	reachable-data-or-description		1f6d8accbc0df2cba87894c37e605dea4f3e72c87bfa4225ba35c2df8c65e1dd	Dataset receipt is not evidence for formula or family.
glm_jl/trees_lm	true	trees	https://vincentarelbundock.github.io/Rdatasets/csv/datasets/trees.csv	2026-07-28T21:07:10.728760+00:00	200	0	https://vincentarelbundock.github.io/Rdatasets/csv/datasets/trees.csv	text/csv; charset=utf-8	reachable-data-or-description		7547a8a919872cf39d2e77db7a2945e1abe258e0c40e3f2482586103fa2f7948	Dataset receipt is not evidence for formula or family.
glm_jl/pima_logistic	true	pima_tr	https://vincentarelbundock.github.io/Rdatasets/csv/MASS/Pima.tr.csv	2026-07-28T21:07:10.565897+00:00	200	0	https://vincentarelbundock.github.io/Rdatasets/csv/MASS/Pima.tr.csv	text/csv; charset=utf-8	reachable-data-or-description		78e6284c75bf81eaae97815f7d0dd2992a119629ec6622de7918258311c32a7a	Dataset receipt is not evidence for formula or family.
glm_jl/savings_ols	true	lifecycle_savings	https://vincentarelbundock.github.io/Rdatasets/csv/datasets/LifeCycleSavings.csv	2026-07-28T21:07:10.712218+00:00	200	0	https://vincentarelbundock.github.io/Rdatasets/csv/datasets/LifeCycleSavings.csv	text/csv; charset=utf-8	reachable-data-or-description		753e6c00ad8550b03cdaf93057f2e9ad7b0a11b50e465fdbbc1c009fd71fe2ad	Dataset receipt is not evidence for formula or family.
